[0.163s] DEBUG:colcon:Command line arguments: ['/usr/bin/colcon', 'build', '--packages-select', 'lightning_sim', '--symlink-install', '--parallel-workers', '1']
[0.163s] DEBUG:colcon:Parsed command line arguments: Namespace(log_base=None, log_level=None, verb_name='build', build_base='build', install_base='install', merge_install=False, symlink_install=True, test_result_base=None, continue_on_error=False, executor='parallel', parallel_workers=1, event_handlers=None, ignore_user_meta=False, metas=['./colcon.meta'], base_paths=['.'], packages_ignore=None, packages_ignore_regex=None, paths=None, packages_up_to=None, packages_up_to_regex=None, packages_above=None, packages_above_and_dependencies=None, packages_above_depth=None, packages_select_by_dep=None, packages_skip_by_dep=None, packages_skip_up_to=None, packages_select_build_failed=False, packages_skip_build_finished=False, packages_select_test_failures=False, packages_skip_test_passed=False, packages_select=['lightning_sim'], packages_skip=None, packages_select_regex=None, packages_skip_regex=None, packages_start=None, packages_end=None, allow_overriding=[], cmake_args=None, cmake_target=None, cmake_target_skip_unavailable=False, cmake_clean_cache=False, cmake_clean_first=False, cmake_force_configure=False, ament_cmake_args=None, catkin_cmake_args=None, catkin_skip_building_tests=False, verb_parser=<colcon_defaults.argument_parser.defaults.DefaultArgumentsDecorator object at 0x7b09a49583d0>, verb_extension=<colcon_core.verb.build.BuildVerb object at 0x7b09a492be80>, main=<bound method BuildVerb.main of <colcon_core.verb.build.BuildVerb object at 0x7b09a492be80>>)
[0.411s] Level 1:colcon.colcon_core.package_discovery:discover_packages(colcon_meta) check parameters
[0.411s] Level 1:colcon.colcon_core.package_discovery:discover_packages(recursive) check parameters
[0.411s] Level 1:colcon.colcon_core.package_discovery:discover_packages(ignore) check parameters
[0.411s] Level 1:colcon.colcon_core.package_discovery:discover_packages(path) check parameters
[0.411s] Level 1:colcon.colcon_core.package_discovery:discover_packages(colcon_meta) discover
[0.412s] Level 1:colcon.colcon_core.package_discovery:discover_packages(recursive) discover
[0.412s] INFO:colcon.colcon_core.package_discovery:Crawling recursively for packages in '/home/kepler/Documents/Codex/2026-08-14/microsoft-visual-studio-code-stable-vs/outputs/lightning_lm_ws'
[0.412s] Level 1:colcon.colcon_core.package_identification:_identify(.) by extensions ['ignore', 'ignore_ament_install']
[0.412s] Level 1:colcon.colcon_core.package_identification:_identify(.) by extension 'ignore'
[0.412s] Level 1:colcon.colcon_core.package_identification:_identify(.) by extension 'ignore_ament_install'
[0.412s] Level 1:colcon.colcon_core.package_identification:_identify(.) by extensions ['colcon_pkg']
[0.412s] Level 1:colcon.colcon_core.package_identification:_identify(.) by extension 'colcon_pkg'
[0.412s] Level 1:colcon.colcon_core.package_identification:_identify(.) by extensions ['colcon_meta']
[0.412s] Level 1:colcon.colcon_core.package_identification:_identify(.) by extension 'colcon_meta'
[0.412s] Level 1:colcon.colcon_core.package_identification:_identify(.) by extensions ['ros']
[0.412s] Level 1:colcon.colcon_core.package_identification:_identify(.) by extension 'ros'
[0.430s] Level 1:colcon.colcon_core.package_identification:_identify(.) by extensions ['cmake', 'python']
[0.430s] Level 1:colcon.colcon_core.package_identification:_identify(.) by extension 'cmake'
[0.430s] Level 1:colcon.colcon_core.package_identification:_identify(.) by extension 'python'
[0.430s] Level 1:colcon.colcon_core.package_identification:_identify(.) by extensions ['python_setup_py']
[0.430s] Level 1:colcon.colcon_core.package_identification:_identify(.) by extension 'python_setup_py'
[0.430s] Level 1:colcon.colcon_core.package_identification:_identify(bags) by extensions ['ignore', 'ignore_ament_install']
[0.430s] Level 1:colcon.colcon_core.package_identification:_identify(bags) by extension 'ignore'
[0.430s] Level 1:colcon.colcon_core.package_identification:_identify(bags) by extension 'ignore_ament_install'
[0.431s] Level 1:colcon.colcon_core.package_identification:_identify(bags) by extensions ['colcon_pkg']
[0.431s] Level 1:colcon.colcon_core.package_identification:_identify(bags) by extension 'colcon_pkg'
[0.431s] Level 1:colcon.colcon_core.package_identification:_identify(bags) by extensions ['colcon_meta']
[0.431s] Level 1:colcon.colcon_core.package_identification:_identify(bags) by extension 'colcon_meta'
[0.431s] Level 1:colcon.colcon_core.package_identification:_identify(bags) by extensions ['ros']
[0.431s] Level 1:colcon.colcon_core.package_identification:_identify(bags) by extension 'ros'
[0.431s] Level 1:colcon.colcon_core.package_identification:_identify(bags) by extensions ['cmake', 'python']
[0.431s] Level 1:colcon.colcon_core.package_identification:_identify(bags) by extension 'cmake'
[0.431s] Level 1:colcon.colcon_core.package_identification:_identify(bags) by extension 'python'
[0.431s] Level 1:colcon.colcon_core.package_identification:_identify(bags) by extensions ['python_setup_py']
[0.431s] Level 1:colcon.colcon_core.package_identification:_identify(bags) by extension 'python_setup_py'
[0.431s] Level 1:colcon.colcon_core.package_identification:_identify(bags/lightning_sim) by extensions ['ignore', 'ignore_ament_install']
[0.431s] Level 1:colcon.colcon_core.package_identification:_identify(bags/lightning_sim) by extension 'ignore'
[0.431s] Level 1:colcon.colcon_core.package_identification:_identify(bags/lightning_sim) by extension 'ignore_ament_install'
[0.431s] Level 1:colcon.colcon_core.package_identification:_identify(bags/lightning_sim) by extensions ['colcon_pkg']
[0.431s] Level 1:colcon.colcon_core.package_identification:_identify(bags/lightning_sim) by extension 'colcon_pkg'
[0.431s] Level 1:colcon.colcon_core.package_identification:_identify(bags/lightning_sim) by extensions ['colcon_meta']
[0.432s] Level 1:colcon.colcon_core.package_identification:_identify(bags/lightning_sim) by extension 'colcon_meta'
[0.432s] Level 1:colcon.colcon_core.package_identification:_identify(bags/lightning_sim) by extensions ['ros']
[0.432s] Level 1:colcon.colcon_core.package_identification:_identify(bags/lightning_sim) by extension 'ros'
[0.432s] Level 1:colcon.colcon_core.package_identification:_identify(bags/lightning_sim) by extensions ['cmake', 'python']
[0.432s] Level 1:colcon.colcon_core.package_identification:_identify(bags/lightning_sim) by extension 'cmake'
[0.432s] Level 1:colcon.colcon_core.package_identification:_identify(bags/lightning_sim) by extension 'python'
[0.432s] Level 1:colcon.colcon_core.package_identification:_identify(bags/lightning_sim) by extensions ['python_setup_py']
[0.432s] Level 1:colcon.colcon_core.package_identification:_identify(bags/lightning_sim) by extension 'python_setup_py'
[0.432s] Level 1:colcon.colcon_core.package_identification:_identify(bags/lightning_sim/sim-20260814-111258) by extensions ['ignore', 'ignore_ament_install']
[0.432s] Level 1:colcon.colcon_core.package_identification:_identify(bags/lightning_sim/sim-20260814-111258) by extension 'ignore'
[0.432s] Level 1:colcon.colcon_core.package_identification:_identify(bags/lightning_sim/sim-20260814-111258) by extension 'ignore_ament_install'
[0.432s] Level 1:colcon.colcon_core.package_identification:_identify(bags/lightning_sim/sim-20260814-111258) by extensions ['colcon_pkg']
[0.432s] Level 1:colcon.colcon_core.package_identification:_identify(bags/lightning_sim/sim-20260814-111258) by extension 'colcon_pkg'
[0.432s] Level 1:colcon.colcon_core.package_identification:_identify(bags/lightning_sim/sim-20260814-111258) by extensions ['colcon_meta']
[0.432s] Level 1:colcon.colcon_core.package_identification:_identify(bags/lightning_sim/sim-20260814-111258) by extension 'colcon_meta'
[0.433s] Level 1:colcon.colcon_core.package_identification:_identify(bags/lightning_sim/sim-20260814-111258) by extensions ['ros']
[0.433s] Level 1:colcon.colcon_core.package_identification:_identify(bags/lightning_sim/sim-20260814-111258) by extension 'ros'
[0.433s] Level 1:colcon.colcon_core.package_identification:_identify(bags/lightning_sim/sim-20260814-111258) by extensions ['cmake', 'python']
[0.433s] Level 1:colcon.colcon_core.package_identification:_identify(bags/lightning_sim/sim-20260814-111258) by extension 'cmake'
[0.433s] Level 1:colcon.colcon_core.package_identification:_identify(bags/lightning_sim/sim-20260814-111258) by extension 'python'
[0.433s] Level 1:colcon.colcon_core.package_identification:_identify(bags/lightning_sim/sim-20260814-111258) by extensions ['python_setup_py']
[0.433s] Level 1:colcon.colcon_core.package_identification:_identify(bags/lightning_sim/sim-20260814-111258) by extension 'python_setup_py'
[0.433s] Level 1:colcon.colcon_core.package_identification:_identify(bags/real_mid360) by extensions ['ignore', 'ignore_ament_install']
[0.434s] Level 1:colcon.colcon_core.package_identification:_identify(bags/real_mid360) by extension 'ignore'
[0.434s] Level 1:colcon.colcon_core.package_identification:_identify(bags/real_mid360) by extension 'ignore_ament_install'
[0.434s] Level 1:colcon.colcon_core.package_identification:_identify(bags/real_mid360) by extensions ['colcon_pkg']
[0.434s] Level 1:colcon.colcon_core.package_identification:_identify(bags/real_mid360) by extension 'colcon_pkg'
[0.434s] Level 1:colcon.colcon_core.package_identification:_identify(bags/real_mid360) by extensions ['colcon_meta']
[0.434s] Level 1:colcon.colcon_core.package_identification:_identify(bags/real_mid360) by extension 'colcon_meta'
[0.434s] Level 1:colcon.colcon_core.package_identification:_identify(bags/real_mid360) by extensions ['ros']
[0.434s] Level 1:colcon.colcon_core.package_identification:_identify(bags/real_mid360) by extension 'ros'
[0.434s] Level 1:colcon.colcon_core.package_identification:_identify(bags/real_mid360) by extensions ['cmake', 'python']
[0.434s] Level 1:colcon.colcon_core.package_identification:_identify(bags/real_mid360) by extension 'cmake'
[0.434s] Level 1:colcon.colcon_core.package_identification:_identify(bags/real_mid360) by extension 'python'
[0.434s] Level 1:colcon.colcon_core.package_identification:_identify(bags/real_mid360) by extensions ['python_setup_py']
[0.434s] Level 1:colcon.colcon_core.package_identification:_identify(bags/real_mid360) by extension 'python_setup_py'
[0.435s] Level 1:colcon.colcon_core.package_identification:_identify(bags/real_mid360/dynamic) by extensions ['ignore', 'ignore_ament_install']
[0.435s] Level 1:colcon.colcon_core.package_identification:_identify(bags/real_mid360/dynamic) by extension 'ignore'
[0.435s] Level 1:colcon.colcon_core.package_identification:_identify(bags/real_mid360/dynamic) by extension 'ignore_ament_install'
[0.435s] Level 1:colcon.colcon_core.package_identification:_identify(bags/real_mid360/dynamic) by extensions ['colcon_pkg']
[0.435s] Level 1:colcon.colcon_core.package_identification:_identify(bags/real_mid360/dynamic) by extension 'colcon_pkg'
[0.435s] Level 1:colcon.colcon_core.package_identification:_identify(bags/real_mid360/dynamic) by extensions ['colcon_meta']
[0.435s] Level 1:colcon.colcon_core.package_identification:_identify(bags/real_mid360/dynamic) by extension 'colcon_meta'
[0.435s] Level 1:colcon.colcon_core.package_identification:_identify(bags/real_mid360/dynamic) by extensions ['ros']
[0.435s] Level 1:colcon.colcon_core.package_identification:_identify(bags/real_mid360/dynamic) by extension 'ros'
[0.435s] Level 1:colcon.colcon_core.package_identification:_identify(bags/real_mid360/dynamic) by extensions ['cmake', 'python']
[0.435s] Level 1:colcon.colcon_core.package_identification:_identify(bags/real_mid360/dynamic) by extension 'cmake'
[0.435s] Level 1:colcon.colcon_core.package_identification:_identify(bags/real_mid360/dynamic) by extension 'python'
[0.435s] Level 1:colcon.colcon_core.package_identification:_identify(bags/real_mid360/dynamic) by extensions ['python_setup_py']
[0.435s] Level 1:colcon.colcon_core.package_identification:_identify(bags/real_mid360/dynamic) by extension 'python_setup_py'
[0.436s] Level 1:colcon.colcon_core.package_identification:_identify(bags/real_mid360/dynamic/mid360-dynamic-20260814-175320) by extensions ['ignore', 'ignore_ament_install']
[0.436s] Level 1:colcon.colcon_core.package_identification:_identify(bags/real_mid360/dynamic/mid360-dynamic-20260814-175320) by extension 'ignore'
[0.436s] Level 1:colcon.colcon_core.package_identification:_identify(bags/real_mid360/dynamic/mid360-dynamic-20260814-175320) by extension 'ignore_ament_install'
[0.436s] Level 1:colcon.colcon_core.package_identification:_identify(bags/real_mid360/dynamic/mid360-dynamic-20260814-175320) by extensions ['colcon_pkg']
[0.436s] Level 1:colcon.colcon_core.package_identification:_identify(bags/real_mid360/dynamic/mid360-dynamic-20260814-175320) by extension 'colcon_pkg'
[0.436s] Level 1:colcon.colcon_core.package_identification:_identify(bags/real_mid360/dynamic/mid360-dynamic-20260814-175320) by extensions ['colcon_meta']
[0.436s] Level 1:colcon.colcon_core.package_identification:_identify(bags/real_mid360/dynamic/mid360-dynamic-20260814-175320) by extension 'colcon_meta'
[0.436s] Level 1:colcon.colcon_core.package_identification:_identify(bags/real_mid360/dynamic/mid360-dynamic-20260814-175320) by extensions ['ros']
[0.436s] Level 1:colcon.colcon_core.package_identification:_identify(bags/real_mid360/dynamic/mid360-dynamic-20260814-175320) by extension 'ros'
[0.436s] Level 1:colcon.colcon_core.package_identification:_identify(bags/real_mid360/dynamic/mid360-dynamic-20260814-175320) by extensions ['cmake', 'python']
[0.436s] Level 1:colcon.colcon_core.package_identification:_identify(bags/real_mid360/dynamic/mid360-dynamic-20260814-175320) by extension 'cmake'
[0.436s] Level 1:colcon.colcon_core.package_identification:_identify(bags/real_mid360/dynamic/mid360-dynamic-20260814-175320) by extension 'python'
[0.436s] Level 1:colcon.colcon_core.package_identification:_identify(bags/real_mid360/dynamic/mid360-dynamic-20260814-175320) by extensions ['python_setup_py']
[0.436s] Level 1:colcon.colcon_core.package_identification:_identify(bags/real_mid360/dynamic/mid360-dynamic-20260814-175320) by extension 'python_setup_py'
[0.437s] Level 1:colcon.colcon_core.package_identification:_identify(bags/real_mid360/dynamic/mid360-loop-20260814-180225) by extensions ['ignore', 'ignore_ament_install']
[0.437s] Level 1:colcon.colcon_core.package_identification:_identify(bags/real_mid360/dynamic/mid360-loop-20260814-180225) by extension 'ignore'
[0.437s] Level 1:colcon.colcon_core.package_identification:_identify(bags/real_mid360/dynamic/mid360-loop-20260814-180225) by extension 'ignore_ament_install'
[0.437s] Level 1:colcon.colcon_core.package_identification:_identify(bags/real_mid360/dynamic/mid360-loop-20260814-180225) by extensions ['colcon_pkg']
[0.437s] Level 1:colcon.colcon_core.package_identification:_identify(bags/real_mid360/dynamic/mid360-loop-20260814-180225) by extension 'colcon_pkg'
[0.437s] Level 1:colcon.colcon_core.package_identification:_identify(bags/real_mid360/dynamic/mid360-loop-20260814-180225) by extensions ['colcon_meta']
[0.437s] Level 1:colcon.colcon_core.package_identification:_identify(bags/real_mid360/dynamic/mid360-loop-20260814-180225) by extension 'colcon_meta'
[0.437s] Level 1:colcon.colcon_core.package_identification:_identify(bags/real_mid360/dynamic/mid360-loop-20260814-180225) by extensions ['ros']
[0.437s] Level 1:colcon.colcon_core.package_identification:_identify(bags/real_mid360/dynamic/mid360-loop-20260814-180225) by extension 'ros'
[0.437s] Level 1:colcon.colcon_core.package_identification:_identify(bags/real_mid360/dynamic/mid360-loop-20260814-180225) by extensions ['cmake', 'python']
[0.437s] Level 1:colcon.colcon_core.package_identification:_identify(bags/real_mid360/dynamic/mid360-loop-20260814-180225) by extension 'cmake'
[0.437s] Level 1:colcon.colcon_core.package_identification:_identify(bags/real_mid360/dynamic/mid360-loop-20260814-180225) by extension 'python'
[0.437s] Level 1:colcon.colcon_core.package_identification:_identify(bags/real_mid360/dynamic/mid360-loop-20260814-180225) by extensions ['python_setup_py']
[0.437s] Level 1:colcon.colcon_core.package_identification:_identify(bags/real_mid360/dynamic/mid360-loop-20260814-180225) by extension 'python_setup_py'
[0.438s] Level 1:colcon.colcon_core.package_identification:_identify(bags/real_mid360/nav_costmap) by extensions ['ignore', 'ignore_ament_install']
[0.438s] Level 1:colcon.colcon_core.package_identification:_identify(bags/real_mid360/nav_costmap) by extension 'ignore'
[0.438s] Level 1:colcon.colcon_core.package_identification:_identify(bags/real_mid360/nav_costmap) by extension 'ignore_ament_install'
[0.438s] Level 1:colcon.colcon_core.package_identification:_identify(bags/real_mid360/nav_costmap) by extensions ['colcon_pkg']
[0.438s] Level 1:colcon.colcon_core.package_identification:_identify(bags/real_mid360/nav_costmap) by extension 'colcon_pkg'
[0.438s] Level 1:colcon.colcon_core.package_identification:_identify(bags/real_mid360/nav_costmap) by extensions ['colcon_meta']
[0.438s] Level 1:colcon.colcon_core.package_identification:_identify(bags/real_mid360/nav_costmap) by extension 'colcon_meta'
[0.438s] Level 1:colcon.colcon_core.package_identification:_identify(bags/real_mid360/nav_costmap) by extensions ['ros']
[0.438s] Level 1:colcon.colcon_core.package_identification:_identify(bags/real_mid360/nav_costmap) by extension 'ros'
[0.438s] Level 1:colcon.colcon_core.package_identification:_identify(bags/real_mid360/nav_costmap) by extensions ['cmake', 'python']
[0.438s] Level 1:colcon.colcon_core.package_identification:_identify(bags/real_mid360/nav_costmap) by extension 'cmake'
[0.438s] Level 1:colcon.colcon_core.package_identification:_identify(bags/real_mid360/nav_costmap) by extension 'python'
[0.438s] Level 1:colcon.colcon_core.package_identification:_identify(bags/real_mid360/nav_costmap) by extensions ['python_setup_py']
[0.438s] Level 1:colcon.colcon_core.package_identification:_identify(bags/real_mid360/nav_costmap) by extension 'python_setup_py'
[0.438s] Level 1:colcon.colcon_core.package_identification:_identify(bags/real_mid360/nav_costmap/box-full-20260817-144610) by extensions ['ignore', 'ignore_ament_install']
[0.439s] Level 1:colcon.colcon_core.package_identification:_identify(bags/real_mid360/nav_costmap/box-full-20260817-144610) by extension 'ignore'
[0.439s] Level 1:colcon.colcon_core.package_identification:_identify(bags/real_mid360/nav_costmap/box-full-20260817-144610) by extension 'ignore_ament_install'
[0.439s] Level 1:colcon.colcon_core.package_identification:_identify(bags/real_mid360/nav_costmap/box-full-20260817-144610) by extensions ['colcon_pkg']
[0.439s] Level 1:colcon.colcon_core.package_identification:_identify(bags/real_mid360/nav_costmap/box-full-20260817-144610) by extension 'colcon_pkg'
[0.439s] Level 1:colcon.colcon_core.package_identification:_identify(bags/real_mid360/nav_costmap/box-full-20260817-144610) by extensions ['colcon_meta']
[0.439s] Level 1:colcon.colcon_core.package_identification:_identify(bags/real_mid360/nav_costmap/box-full-20260817-144610) by extension 'colcon_meta'
[0.439s] Level 1:colcon.colcon_core.package_identification:_identify(bags/real_mid360/nav_costmap/box-full-20260817-144610) by extensions ['ros']
[0.439s] Level 1:colcon.colcon_core.package_identification:_identify(bags/real_mid360/nav_costmap/box-full-20260817-144610) by extension 'ros'
[0.439s] Level 1:colcon.colcon_core.package_identification:_identify(bags/real_mid360/nav_costmap/box-full-20260817-144610) by extensions ['cmake', 'python']
[0.439s] Level 1:colcon.colcon_core.package_identification:_identify(bags/real_mid360/nav_costmap/box-full-20260817-144610) by extension 'cmake'
[0.439s] Level 1:colcon.colcon_core.package_identification:_identify(bags/real_mid360/nav_costmap/box-full-20260817-144610) by extension 'python'
[0.439s] Level 1:colcon.colcon_core.package_identification:_identify(bags/real_mid360/nav_costmap/box-full-20260817-144610) by extensions ['python_setup_py']
[0.439s] Level 1:colcon.colcon_core.package_identification:_identify(bags/real_mid360/nav_costmap/box-full-20260817-144610) by extension 'python_setup_py'
[0.439s] Level 1:colcon.colcon_core.package_identification:_identify(bags/real_mid360/navigation) by extensions ['ignore', 'ignore_ament_install']
[0.439s] Level 1:colcon.colcon_core.package_identification:_identify(bags/real_mid360/navigation) by extension 'ignore'
[0.439s] Level 1:colcon.colcon_core.package_identification:_identify(bags/real_mid360/navigation) by extension 'ignore_ament_install'
[0.440s] Level 1:colcon.colcon_core.package_identification:_identify(bags/real_mid360/navigation) by extensions ['colcon_pkg']
[0.440s] Level 1:colcon.colcon_core.package_identification:_identify(bags/real_mid360/navigation) by extension 'colcon_pkg'
[0.440s] Level 1:colcon.colcon_core.package_identification:_identify(bags/real_mid360/navigation) by extensions ['colcon_meta']
[0.440s] Level 1:colcon.colcon_core.package_identification:_identify(bags/real_mid360/navigation) by extension 'colcon_meta'
[0.440s] Level 1:colcon.colcon_core.package_identification:_identify(bags/real_mid360/navigation) by extensions ['ros']
[0.440s] Level 1:colcon.colcon_core.package_identification:_identify(bags/real_mid360/navigation) by extension 'ros'
[0.440s] Level 1:colcon.colcon_core.package_identification:_identify(bags/real_mid360/navigation) by extensions ['cmake', 'python']
[0.440s] Level 1:colcon.colcon_core.package_identification:_identify(bags/real_mid360/navigation) by extension 'cmake'
[0.440s] Level 1:colcon.colcon_core.package_identification:_identify(bags/real_mid360/navigation) by extension 'python'
[0.440s] Level 1:colcon.colcon_core.package_identification:_identify(bags/real_mid360/navigation) by extensions ['python_setup_py']
[0.440s] Level 1:colcon.colcon_core.package_identification:_identify(bags/real_mid360/navigation) by extension 'python_setup_py'
[0.440s] Level 1:colcon.colcon_core.package_identification:_identify(bags/real_mid360/navigation/box-20260817-135841) by extensions ['ignore', 'ignore_ament_install']
[0.440s] Level 1:colcon.colcon_core.package_identification:_identify(bags/real_mid360/navigation/box-20260817-135841) by extension 'ignore'
[0.440s] Level 1:colcon.colcon_core.package_identification:_identify(bags/real_mid360/navigation/box-20260817-135841) by extension 'ignore_ament_install'
[0.440s] Level 1:colcon.colcon_core.package_identification:_identify(bags/real_mid360/navigation/box-20260817-135841) by extensions ['colcon_pkg']
[0.440s] Level 1:colcon.colcon_core.package_identification:_identify(bags/real_mid360/navigation/box-20260817-135841) by extension 'colcon_pkg'
[0.440s] Level 1:colcon.colcon_core.package_identification:_identify(bags/real_mid360/navigation/box-20260817-135841) by extensions ['colcon_meta']
[0.440s] Level 1:colcon.colcon_core.package_identification:_identify(bags/real_mid360/navigation/box-20260817-135841) by extension 'colcon_meta'
[0.441s] Level 1:colcon.colcon_core.package_identification:_identify(bags/real_mid360/navigation/box-20260817-135841) by extensions ['ros']
[0.441s] Level 1:colcon.colcon_core.package_identification:_identify(bags/real_mid360/navigation/box-20260817-135841) by extension 'ros'
[0.441s] Level 1:colcon.colcon_core.package_identification:_identify(bags/real_mid360/navigation/box-20260817-135841) by extensions ['cmake', 'python']
[0.441s] Level 1:colcon.colcon_core.package_identification:_identify(bags/real_mid360/navigation/box-20260817-135841) by extension 'cmake'
[0.441s] Level 1:colcon.colcon_core.package_identification:_identify(bags/real_mid360/navigation/box-20260817-135841) by extension 'python'
[0.441s] Level 1:colcon.colcon_core.package_identification:_identify(bags/real_mid360/navigation/box-20260817-135841) by extensions ['python_setup_py']
[0.441s] Level 1:colcon.colcon_core.package_identification:_identify(bags/real_mid360/navigation/box-20260817-135841) by extension 'python_setup_py'
[0.441s] Level 1:colcon.colcon_core.package_identification:_identify(bags/real_mid360/static) by extensions ['ignore', 'ignore_ament_install']
[0.441s] Level 1:colcon.colcon_core.package_identification:_identify(bags/real_mid360/static) by extension 'ignore'
[0.441s] Level 1:colcon.colcon_core.package_identification:_identify(bags/real_mid360/static) by extension 'ignore_ament_install'
[0.441s] Level 1:colcon.colcon_core.package_identification:_identify(bags/real_mid360/static) by extensions ['colcon_pkg']
[0.441s] Level 1:colcon.colcon_core.package_identification:_identify(bags/real_mid360/static) by extension 'colcon_pkg'
[0.441s] Level 1:colcon.colcon_core.package_identification:_identify(bags/real_mid360/static) by extensions ['colcon_meta']
[0.441s] Level 1:colcon.colcon_core.package_identification:_identify(bags/real_mid360/static) by extension 'colcon_meta'
[0.441s] Level 1:colcon.colcon_core.package_identification:_identify(bags/real_mid360/static) by extensions ['ros']
[0.441s] Level 1:colcon.colcon_core.package_identification:_identify(bags/real_mid360/static) by extension 'ros'
[0.441s] Level 1:colcon.colcon_core.package_identification:_identify(bags/real_mid360/static) by extensions ['cmake', 'python']
[0.441s] Level 1:colcon.colcon_core.package_identification:_identify(bags/real_mid360/static) by extension 'cmake'
[0.442s] Level 1:colcon.colcon_core.package_identification:_identify(bags/real_mid360/static) by extension 'python'
[0.442s] Level 1:colcon.colcon_core.package_identification:_identify(bags/real_mid360/static) by extensions ['python_setup_py']
[0.442s] Level 1:colcon.colcon_core.package_identification:_identify(bags/real_mid360/static) by extension 'python_setup_py'
[0.442s] Level 1:colcon.colcon_core.package_identification:_identify(bags/real_mid360/static/mid360-static-20260814-145850) by extensions ['ignore', 'ignore_ament_install']
[0.442s] Level 1:colcon.colcon_core.package_identification:_identify(bags/real_mid360/static/mid360-static-20260814-145850) by extension 'ignore'
[0.442s] Level 1:colcon.colcon_core.package_identification:_identify(bags/real_mid360/static/mid360-static-20260814-145850) by extension 'ignore_ament_install'
[0.442s] Level 1:colcon.colcon_core.package_identification:_identify(bags/real_mid360/static/mid360-static-20260814-145850) by extensions ['colcon_pkg']
[0.442s] Level 1:colcon.colcon_core.package_identification:_identify(bags/real_mid360/static/mid360-static-20260814-145850) by extension 'colcon_pkg'
[0.442s] Level 1:colcon.colcon_core.package_identification:_identify(bags/real_mid360/static/mid360-static-20260814-145850) by extensions ['colcon_meta']
[0.442s] Level 1:colcon.colcon_core.package_identification:_identify(bags/real_mid360/static/mid360-static-20260814-145850) by extension 'colcon_meta'
[0.442s] Level 1:colcon.colcon_core.package_identification:_identify(bags/real_mid360/static/mid360-static-20260814-145850) by extensions ['ros']
[0.442s] Level 1:colcon.colcon_core.package_identification:_identify(bags/real_mid360/static/mid360-static-20260814-145850) by extension 'ros'
[0.442s] Level 1:colcon.colcon_core.package_identification:_identify(bags/real_mid360/static/mid360-static-20260814-145850) by extensions ['cmake', 'python']
[0.442s] Level 1:colcon.colcon_core.package_identification:_identify(bags/real_mid360/static/mid360-static-20260814-145850) by extension 'cmake'
[0.442s] Level 1:colcon.colcon_core.package_identification:_identify(bags/real_mid360/static/mid360-static-20260814-145850) by extension 'python'
[0.442s] Level 1:colcon.colcon_core.package_identification:_identify(bags/real_mid360/static/mid360-static-20260814-145850) by extensions ['python_setup_py']
[0.442s] Level 1:colcon.colcon_core.package_identification:_identify(bags/real_mid360/static/mid360-static-20260814-145850) by extension 'python_setup_py'
[0.443s] Level 1:colcon.colcon_core.package_identification:_identify(bags/real_mid360/static_tests) by extensions ['ignore', 'ignore_ament_install']
[0.443s] Level 1:colcon.colcon_core.package_identification:_identify(bags/real_mid360/static_tests) by extension 'ignore'
[0.443s] Level 1:colcon.colcon_core.package_identification:_identify(bags/real_mid360/static_tests) by extension 'ignore_ament_install'
[0.443s] Level 1:colcon.colcon_core.package_identification:_identify(bags/real_mid360/static_tests) by extensions ['colcon_pkg']
[0.443s] Level 1:colcon.colcon_core.package_identification:_identify(bags/real_mid360/static_tests) by extension 'colcon_pkg'
[0.443s] Level 1:colcon.colcon_core.package_identification:_identify(bags/real_mid360/static_tests) by extensions ['colcon_meta']
[0.443s] Level 1:colcon.colcon_core.package_identification:_identify(bags/real_mid360/static_tests) by extension 'colcon_meta'
[0.443s] Level 1:colcon.colcon_core.package_identification:_identify(bags/real_mid360/static_tests) by extensions ['ros']
[0.443s] Level 1:colcon.colcon_core.package_identification:_identify(bags/real_mid360/static_tests) by extension 'ros'
[0.443s] Level 1:colcon.colcon_core.package_identification:_identify(bags/real_mid360/static_tests) by extensions ['cmake', 'python']
[0.443s] Level 1:colcon.colcon_core.package_identification:_identify(bags/real_mid360/static_tests) by extension 'cmake'
[0.443s] Level 1:colcon.colcon_core.package_identification:_identify(bags/real_mid360/static_tests) by extension 'python'
[0.443s] Level 1:colcon.colcon_core.package_identification:_identify(bags/real_mid360/static_tests) by extensions ['python_setup_py']
[0.443s] Level 1:colcon.colcon_core.package_identification:_identify(bags/real_mid360/static_tests) by extension 'python_setup_py'
[0.444s] Level 1:colcon.colcon_core.package_identification:_identify(bags/real_mid360/static_tests/mid360-static-75s-20260817-110208) by extensions ['ignore', 'ignore_ament_install']
[0.444s] Level 1:colcon.colcon_core.package_identification:_identify(bags/real_mid360/static_tests/mid360-static-75s-20260817-110208) by extension 'ignore'
[0.444s] Level 1:colcon.colcon_core.package_identification:_identify(bags/real_mid360/static_tests/mid360-static-75s-20260817-110208) by extension 'ignore_ament_install'
[0.444s] Level 1:colcon.colcon_core.package_identification:_identify(bags/real_mid360/static_tests/mid360-static-75s-20260817-110208) by extensions ['colcon_pkg']
[0.444s] Level 1:colcon.colcon_core.package_identification:_identify(bags/real_mid360/static_tests/mid360-static-75s-20260817-110208) by extension 'colcon_pkg'
[0.444s] Level 1:colcon.colcon_core.package_identification:_identify(bags/real_mid360/static_tests/mid360-static-75s-20260817-110208) by extensions ['colcon_meta']
[0.444s] Level 1:colcon.colcon_core.package_identification:_identify(bags/real_mid360/static_tests/mid360-static-75s-20260817-110208) by extension 'colcon_meta'
[0.444s] Level 1:colcon.colcon_core.package_identification:_identify(bags/real_mid360/static_tests/mid360-static-75s-20260817-110208) by extensions ['ros']
[0.444s] Level 1:colcon.colcon_core.package_identification:_identify(bags/real_mid360/static_tests/mid360-static-75s-20260817-110208) by extension 'ros'
[0.444s] Level 1:colcon.colcon_core.package_identification:_identify(bags/real_mid360/static_tests/mid360-static-75s-20260817-110208) by extensions ['cmake', 'python']
[0.444s] Level 1:colcon.colcon_core.package_identification:_identify(bags/real_mid360/static_tests/mid360-static-75s-20260817-110208) by extension 'cmake'
[0.444s] Level 1:colcon.colcon_core.package_identification:_identify(bags/real_mid360/static_tests/mid360-static-75s-20260817-110208) by extension 'python'
[0.444s] Level 1:colcon.colcon_core.package_identification:_identify(bags/real_mid360/static_tests/mid360-static-75s-20260817-110208) by extensions ['python_setup_py']
[0.444s] Level 1:colcon.colcon_core.package_identification:_identify(bags/real_mid360/static_tests/mid360-static-75s-20260817-110208) by extension 'python_setup_py'
[0.445s] Level 1:colcon.colcon_core.package_identification:_identify(build) by extensions ['ignore', 'ignore_ament_install']
[0.445s] Level 1:colcon.colcon_core.package_identification:_identify(build) by extension 'ignore'
[0.445s] Level 1:colcon.colcon_core.package_identification:_identify(build) ignored
[0.445s] Level 1:colcon.colcon_core.package_identification:_identify(install) by extensions ['ignore', 'ignore_ament_install']
[0.445s] Level 1:colcon.colcon_core.package_identification:_identify(install) by extension 'ignore'
[0.445s] Level 1:colcon.colcon_core.package_identification:_identify(install) ignored
[0.445s] Level 1:colcon.colcon_core.package_identification:_identify(log) by extensions ['ignore', 'ignore_ament_install']
[0.445s] Level 1:colcon.colcon_core.package_identification:_identify(log) by extension 'ignore'
[0.445s] Level 1:colcon.colcon_core.package_identification:_identify(log) ignored
[0.446s] Level 1:colcon.colcon_core.package_identification:_identify(review_materials) by extensions ['ignore', 'ignore_ament_install']
[0.446s] Level 1:colcon.colcon_core.package_identification:_identify(review_materials) by extension 'ignore'
[0.446s] Level 1:colcon.colcon_core.package_identification:_identify(review_materials) by extension 'ignore_ament_install'
[0.446s] Level 1:colcon.colcon_core.package_identification:_identify(review_materials) by extensions ['colcon_pkg']
[0.446s] Level 1:colcon.colcon_core.package_identification:_identify(review_materials) by extension 'colcon_pkg'
[0.446s] Level 1:colcon.colcon_core.package_identification:_identify(review_materials) by extensions ['colcon_meta']
[0.446s] Level 1:colcon.colcon_core.package_identification:_identify(review_materials) by extension 'colcon_meta'
[0.446s] Level 1:colcon.colcon_core.package_identification:_identify(review_materials) by extensions ['ros']
[0.446s] Level 1:colcon.colcon_core.package_identification:_identify(review_materials) by extension 'ros'
[0.446s] Level 1:colcon.colcon_core.package_identification:_identify(review_materials) by extensions ['cmake', 'python']
[0.446s] Level 1:colcon.colcon_core.package_identification:_identify(review_materials) by extension 'cmake'
[0.446s] Level 1:colcon.colcon_core.package_identification:_identify(review_materials) by extension 'python'
[0.446s] Level 1:colcon.colcon_core.package_identification:_identify(review_materials) by extensions ['python_setup_py']
[0.446s] Level 1:colcon.colcon_core.package_identification:_identify(review_materials) by extension 'python_setup_py'
[0.446s] Level 1:colcon.colcon_core.package_identification:_identify(review_materials/extracted_media) by extensions ['ignore', 'ignore_ament_install']
[0.447s] Level 1:colcon.colcon_core.package_identification:_identify(review_materials/extracted_media) by extension 'ignore'
[0.447s] Level 1:colcon.colcon_core.package_identification:_identify(review_materials/extracted_media) by extension 'ignore_ament_install'
[0.447s] Level 1:colcon.colcon_core.package_identification:_identify(review_materials/extracted_media) by extensions ['colcon_pkg']
[0.447s] Level 1:colcon.colcon_core.package_identification:_identify(review_materials/extracted_media) by extension 'colcon_pkg'
[0.447s] Level 1:colcon.colcon_core.package_identification:_identify(review_materials/extracted_media) by extensions ['colcon_meta']
[0.447s] Level 1:colcon.colcon_core.package_identification:_identify(review_materials/extracted_media) by extension 'colcon_meta'
[0.447s] Level 1:colcon.colcon_core.package_identification:_identify(review_materials/extracted_media) by extensions ['ros']
[0.447s] Level 1:colcon.colcon_core.package_identification:_identify(review_materials/extracted_media) by extension 'ros'
[0.447s] Level 1:colcon.colcon_core.package_identification:_identify(review_materials/extracted_media) by extensions ['cmake', 'python']
[0.447s] Level 1:colcon.colcon_core.package_identification:_identify(review_materials/extracted_media) by extension 'cmake'
[0.447s] Level 1:colcon.colcon_core.package_identification:_identify(review_materials/extracted_media) by extension 'python'
[0.447s] Level 1:colcon.colcon_core.package_identification:_identify(review_materials/extracted_media) by extensions ['python_setup_py']
[0.447s] Level 1:colcon.colcon_core.package_identification:_identify(review_materials/extracted_media) by extension 'python_setup_py'
[0.447s] Level 1:colcon.colcon_core.package_identification:_identify(review_materials/qa) by extensions ['ignore', 'ignore_ament_install']
[0.447s] Level 1:colcon.colcon_core.package_identification:_identify(review_materials/qa) by extension 'ignore'
[0.447s] Level 1:colcon.colcon_core.package_identification:_identify(review_materials/qa) by extension 'ignore_ament_install'
[0.448s] Level 1:colcon.colcon_core.package_identification:_identify(review_materials/qa) by extensions ['colcon_pkg']
[0.448s] Level 1:colcon.colcon_core.package_identification:_identify(review_materials/qa) by extension 'colcon_pkg'
[0.448s] Level 1:colcon.colcon_core.package_identification:_identify(review_materials/qa) by extensions ['colcon_meta']
[0.448s] Level 1:colcon.colcon_core.package_identification:_identify(review_materials/qa) by extension 'colcon_meta'
[0.448s] Level 1:colcon.colcon_core.package_identification:_identify(review_materials/qa) by extensions ['ros']
[0.448s] Level 1:colcon.colcon_core.package_identification:_identify(review_materials/qa) by extension 'ros'
[0.448s] Level 1:colcon.colcon_core.package_identification:_identify(review_materials/qa) by extensions ['cmake', 'python']
[0.448s] Level 1:colcon.colcon_core.package_identification:_identify(review_materials/qa) by extension 'cmake'
[0.448s] Level 1:colcon.colcon_core.package_identification:_identify(review_materials/qa) by extension 'python'
[0.448s] Level 1:colcon.colcon_core.package_identification:_identify(review_materials/qa) by extensions ['python_setup_py']
[0.448s] Level 1:colcon.colcon_core.package_identification:_identify(review_materials/qa) by extension 'python_setup_py'
[0.448s] Level 1:colcon.colcon_core.package_identification:_identify(runs) by extensions ['ignore', 'ignore_ament_install']
[0.448s] Level 1:colcon.colcon_core.package_identification:_identify(runs) by extension 'ignore'
[0.448s] Level 1:colcon.colcon_core.package_identification:_identify(runs) by extension 'ignore_ament_install'
[0.448s] Level 1:colcon.colcon_core.package_identification:_identify(runs) by extensions ['colcon_pkg']
[0.448s] Level 1:colcon.colcon_core.package_identification:_identify(runs) by extension 'colcon_pkg'
[0.448s] Level 1:colcon.colcon_core.package_identification:_identify(runs) by extensions ['colcon_meta']
[0.448s] Level 1:colcon.colcon_core.package_identification:_identify(runs) by extension 'colcon_meta'
[0.449s] Level 1:colcon.colcon_core.package_identification:_identify(runs) by extensions ['ros']
[0.449s] Level 1:colcon.colcon_core.package_identification:_identify(runs) by extension 'ros'
[0.449s] Level 1:colcon.colcon_core.package_identification:_identify(runs) by extensions ['cmake', 'python']
[0.449s] Level 1:colcon.colcon_core.package_identification:_identify(runs) by extension 'cmake'
[0.449s] Level 1:colcon.colcon_core.package_identification:_identify(runs) by extension 'python'
[0.449s] Level 1:colcon.colcon_core.package_identification:_identify(runs) by extensions ['python_setup_py']
[0.449s] Level 1:colcon.colcon_core.package_identification:_identify(runs) by extension 'python_setup_py'
[0.449s] Level 1:colcon.colcon_core.package_identification:_identify(runs/lightning_sim) by extensions ['ignore', 'ignore_ament_install']
[0.449s] Level 1:colcon.colcon_core.package_identification:_identify(runs/lightning_sim) by extension 'ignore'
[0.449s] Level 1:colcon.colcon_core.package_identification:_identify(runs/lightning_sim) by extension 'ignore_ament_install'
[0.449s] Level 1:colcon.colcon_core.package_identification:_identify(runs/lightning_sim) by extensions ['colcon_pkg']
[0.449s] Level 1:colcon.colcon_core.package_identification:_identify(runs/lightning_sim) by extension 'colcon_pkg'
[0.449s] Level 1:colcon.colcon_core.package_identification:_identify(runs/lightning_sim) by extensions ['colcon_meta']
[0.449s] Level 1:colcon.colcon_core.package_identification:_identify(runs/lightning_sim) by extension 'colcon_meta'
[0.449s] Level 1:colcon.colcon_core.package_identification:_identify(runs/lightning_sim) by extensions ['ros']
[0.449s] Level 1:colcon.colcon_core.package_identification:_identify(runs/lightning_sim) by extension 'ros'
[0.449s] Level 1:colcon.colcon_core.package_identification:_identify(runs/lightning_sim) by extensions ['cmake', 'python']
[0.450s] Level 1:colcon.colcon_core.package_identification:_identify(runs/lightning_sim) by extension 'cmake'
[0.450s] Level 1:colcon.colcon_core.package_identification:_identify(runs/lightning_sim) by extension 'python'
[0.450s] Level 1:colcon.colcon_core.package_identification:_identify(runs/lightning_sim) by extensions ['python_setup_py']
[0.450s] Level 1:colcon.colcon_core.package_identification:_identify(runs/lightning_sim) by extension 'python_setup_py'
[0.450s] Level 1:colcon.colcon_core.package_identification:_identify(runs/lightning_sim/offline-sim-20260814-111258-20260814-111944) by extensions ['ignore', 'ignore_ament_install']
[0.450s] Level 1:colcon.colcon_core.package_identification:_identify(runs/lightning_sim/offline-sim-20260814-111258-20260814-111944) by extension 'ignore'
[0.450s] Level 1:colcon.colcon_core.package_identification:_identify(runs/lightning_sim/offline-sim-20260814-111258-20260814-111944) by extension 'ignore_ament_install'
[0.450s] Level 1:colcon.colcon_core.package_identification:_identify(runs/lightning_sim/offline-sim-20260814-111258-20260814-111944) by extensions ['colcon_pkg']
[0.450s] Level 1:colcon.colcon_core.package_identification:_identify(runs/lightning_sim/offline-sim-20260814-111258-20260814-111944) by extension 'colcon_pkg'
[0.450s] Level 1:colcon.colcon_core.package_identification:_identify(runs/lightning_sim/offline-sim-20260814-111258-20260814-111944) by extensions ['colcon_meta']
[0.450s] Level 1:colcon.colcon_core.package_identification:_identify(runs/lightning_sim/offline-sim-20260814-111258-20260814-111944) by extension 'colcon_meta'
[0.450s] Level 1:colcon.colcon_core.package_identification:_identify(runs/lightning_sim/offline-sim-20260814-111258-20260814-111944) by extensions ['ros']
[0.450s] Level 1:colcon.colcon_core.package_identification:_identify(runs/lightning_sim/offline-sim-20260814-111258-20260814-111944) by extension 'ros'
[0.450s] Level 1:colcon.colcon_core.package_identification:_identify(runs/lightning_sim/offline-sim-20260814-111258-20260814-111944) by extensions ['cmake', 'python']
[0.450s] Level 1:colcon.colcon_core.package_identification:_identify(runs/lightning_sim/offline-sim-20260814-111258-20260814-111944) by extension 'cmake'
[0.450s] Level 1:colcon.colcon_core.package_identification:_identify(runs/lightning_sim/offline-sim-20260814-111258-20260814-111944) by extension 'python'
[0.450s] Level 1:colcon.colcon_core.package_identification:_identify(runs/lightning_sim/offline-sim-20260814-111258-20260814-111944) by extensions ['python_setup_py']
[0.450s] Level 1:colcon.colcon_core.package_identification:_identify(runs/lightning_sim/offline-sim-20260814-111258-20260814-111944) by extension 'python_setup_py'
[0.451s] Level 1:colcon.colcon_core.package_identification:_identify(runs/lightning_sim/offline-sim-20260814-111258-20260814-111944/data) by extensions ['ignore', 'ignore_ament_install']
[0.451s] Level 1:colcon.colcon_core.package_identification:_identify(runs/lightning_sim/offline-sim-20260814-111258-20260814-111944/data) by extension 'ignore'
[0.451s] Level 1:colcon.colcon_core.package_identification:_identify(runs/lightning_sim/offline-sim-20260814-111258-20260814-111944/data) by extension 'ignore_ament_install'
[0.451s] Level 1:colcon.colcon_core.package_identification:_identify(runs/lightning_sim/offline-sim-20260814-111258-20260814-111944/data) by extensions ['colcon_pkg']
[0.451s] Level 1:colcon.colcon_core.package_identification:_identify(runs/lightning_sim/offline-sim-20260814-111258-20260814-111944/data) by extension 'colcon_pkg'
[0.451s] Level 1:colcon.colcon_core.package_identification:_identify(runs/lightning_sim/offline-sim-20260814-111258-20260814-111944/data) by extensions ['colcon_meta']
[0.451s] Level 1:colcon.colcon_core.package_identification:_identify(runs/lightning_sim/offline-sim-20260814-111258-20260814-111944/data) by extension 'colcon_meta'
[0.451s] Level 1:colcon.colcon_core.package_identification:_identify(runs/lightning_sim/offline-sim-20260814-111258-20260814-111944/data) by extensions ['ros']
[0.451s] Level 1:colcon.colcon_core.package_identification:_identify(runs/lightning_sim/offline-sim-20260814-111258-20260814-111944/data) by extension 'ros'
[0.451s] Level 1:colcon.colcon_core.package_identification:_identify(runs/lightning_sim/offline-sim-20260814-111258-20260814-111944/data) by extensions ['cmake', 'python']
[0.451s] Level 1:colcon.colcon_core.package_identification:_identify(runs/lightning_sim/offline-sim-20260814-111258-20260814-111944/data) by extension 'cmake'
[0.451s] Level 1:colcon.colcon_core.package_identification:_identify(runs/lightning_sim/offline-sim-20260814-111258-20260814-111944/data) by extension 'python'
[0.451s] Level 1:colcon.colcon_core.package_identification:_identify(runs/lightning_sim/offline-sim-20260814-111258-20260814-111944/data) by extensions ['python_setup_py']
[0.451s] Level 1:colcon.colcon_core.package_identification:_identify(runs/lightning_sim/offline-sim-20260814-111258-20260814-111944/data) by extension 'python_setup_py'
[0.452s] Level 1:colcon.colcon_core.package_identification:_identify(runs/lightning_sim/offline-sim-20260814-111258-20260814-111944/data/new_map) by extensions ['ignore', 'ignore_ament_install']
[0.452s] Level 1:colcon.colcon_core.package_identification:_identify(runs/lightning_sim/offline-sim-20260814-111258-20260814-111944/data/new_map) by extension 'ignore'
[0.452s] Level 1:colcon.colcon_core.package_identification:_identify(runs/lightning_sim/offline-sim-20260814-111258-20260814-111944/data/new_map) by extension 'ignore_ament_install'
[0.452s] Level 1:colcon.colcon_core.package_identification:_identify(runs/lightning_sim/offline-sim-20260814-111258-20260814-111944/data/new_map) by extensions ['colcon_pkg']
[0.452s] Level 1:colcon.colcon_core.package_identification:_identify(runs/lightning_sim/offline-sim-20260814-111258-20260814-111944/data/new_map) by extension 'colcon_pkg'
[0.452s] Level 1:colcon.colcon_core.package_identification:_identify(runs/lightning_sim/offline-sim-20260814-111258-20260814-111944/data/new_map) by extensions ['colcon_meta']
[0.452s] Level 1:colcon.colcon_core.package_identification:_identify(runs/lightning_sim/offline-sim-20260814-111258-20260814-111944/data/new_map) by extension 'colcon_meta'
[0.452s] Level 1:colcon.colcon_core.package_identification:_identify(runs/lightning_sim/offline-sim-20260814-111258-20260814-111944/data/new_map) by extensions ['ros']
[0.452s] Level 1:colcon.colcon_core.package_identification:_identify(runs/lightning_sim/offline-sim-20260814-111258-20260814-111944/data/new_map) by extension 'ros'
[0.452s] Level 1:colcon.colcon_core.package_identification:_identify(runs/lightning_sim/offline-sim-20260814-111258-20260814-111944/data/new_map) by extensions ['cmake', 'python']
[0.452s] Level 1:colcon.colcon_core.package_identification:_identify(runs/lightning_sim/offline-sim-20260814-111258-20260814-111944/data/new_map) by extension 'cmake'
[0.452s] Level 1:colcon.colcon_core.package_identification:_identify(runs/lightning_sim/offline-sim-20260814-111258-20260814-111944/data/new_map) by extension 'python'
[0.452s] Level 1:colcon.colcon_core.package_identification:_identify(runs/lightning_sim/offline-sim-20260814-111258-20260814-111944/data/new_map) by extensions ['python_setup_py']
[0.452s] Level 1:colcon.colcon_core.package_identification:_identify(runs/lightning_sim/offline-sim-20260814-111258-20260814-111944/data/new_map) by extension 'python_setup_py'
[0.452s] Level 1:colcon.colcon_core.package_identification:_identify(runs/lightning_sim/offline-sim-20260814-111258-20260818-130149) by extensions ['ignore', 'ignore_ament_install']
[0.452s] Level 1:colcon.colcon_core.package_identification:_identify(runs/lightning_sim/offline-sim-20260814-111258-20260818-130149) by extension 'ignore'
[0.453s] Level 1:colcon.colcon_core.package_identification:_identify(runs/lightning_sim/offline-sim-20260814-111258-20260818-130149) by extension 'ignore_ament_install'
[0.453s] Level 1:colcon.colcon_core.package_identification:_identify(runs/lightning_sim/offline-sim-20260814-111258-20260818-130149) by extensions ['colcon_pkg']
[0.453s] Level 1:colcon.colcon_core.package_identification:_identify(runs/lightning_sim/offline-sim-20260814-111258-20260818-130149) by extension 'colcon_pkg'
[0.453s] Level 1:colcon.colcon_core.package_identification:_identify(runs/lightning_sim/offline-sim-20260814-111258-20260818-130149) by extensions ['colcon_meta']
[0.453s] Level 1:colcon.colcon_core.package_identification:_identify(runs/lightning_sim/offline-sim-20260814-111258-20260818-130149) by extension 'colcon_meta'
[0.453s] Level 1:colcon.colcon_core.package_identification:_identify(runs/lightning_sim/offline-sim-20260814-111258-20260818-130149) by extensions ['ros']
[0.453s] Level 1:colcon.colcon_core.package_identification:_identify(runs/lightning_sim/offline-sim-20260814-111258-20260818-130149) by extension 'ros'
[0.453s] Level 1:colcon.colcon_core.package_identification:_identify(runs/lightning_sim/offline-sim-20260814-111258-20260818-130149) by extensions ['cmake', 'python']
[0.453s] Level 1:colcon.colcon_core.package_identification:_identify(runs/lightning_sim/offline-sim-20260814-111258-20260818-130149) by extension 'cmake'
[0.453s] Level 1:colcon.colcon_core.package_identification:_identify(runs/lightning_sim/offline-sim-20260814-111258-20260818-130149) by extension 'python'
[0.453s] Level 1:colcon.colcon_core.package_identification:_identify(runs/lightning_sim/offline-sim-20260814-111258-20260818-130149) by extensions ['python_setup_py']
[0.453s] Level 1:colcon.colcon_core.package_identification:_identify(runs/lightning_sim/offline-sim-20260814-111258-20260818-130149) by extension 'python_setup_py'
[0.453s] Level 1:colcon.colcon_core.package_identification:_identify(runs/lightning_sim/offline-sim-20260814-111258-20260818-130149/data) by extensions ['ignore', 'ignore_ament_install']
[0.453s] Level 1:colcon.colcon_core.package_identification:_identify(runs/lightning_sim/offline-sim-20260814-111258-20260818-130149/data) by extension 'ignore'
[0.453s] Level 1:colcon.colcon_core.package_identification:_identify(runs/lightning_sim/offline-sim-20260814-111258-20260818-130149/data) by extension 'ignore_ament_install'
[0.453s] Level 1:colcon.colcon_core.package_identification:_identify(runs/lightning_sim/offline-sim-20260814-111258-20260818-130149/data) by extensions ['colcon_pkg']
[0.453s] Level 1:colcon.colcon_core.package_identification:_identify(runs/lightning_sim/offline-sim-20260814-111258-20260818-130149/data) by extension 'colcon_pkg'
[0.453s] Level 1:colcon.colcon_core.package_identification:_identify(runs/lightning_sim/offline-sim-20260814-111258-20260818-130149/data) by extensions ['colcon_meta']
[0.454s] Level 1:colcon.colcon_core.package_identification:_identify(runs/lightning_sim/offline-sim-20260814-111258-20260818-130149/data) by extension 'colcon_meta'
[0.454s] Level 1:colcon.colcon_core.package_identification:_identify(runs/lightning_sim/offline-sim-20260814-111258-20260818-130149/data) by extensions ['ros']
[0.454s] Level 1:colcon.colcon_core.package_identification:_identify(runs/lightning_sim/offline-sim-20260814-111258-20260818-130149/data) by extension 'ros'
[0.454s] Level 1:colcon.colcon_core.package_identification:_identify(runs/lightning_sim/offline-sim-20260814-111258-20260818-130149/data) by extensions ['cmake', 'python']
[0.454s] Level 1:colcon.colcon_core.package_identification:_identify(runs/lightning_sim/offline-sim-20260814-111258-20260818-130149/data) by extension 'cmake'
[0.454s] Level 1:colcon.colcon_core.package_identification:_identify(runs/lightning_sim/offline-sim-20260814-111258-20260818-130149/data) by extension 'python'
[0.454s] Level 1:colcon.colcon_core.package_identification:_identify(runs/lightning_sim/offline-sim-20260814-111258-20260818-130149/data) by extensions ['python_setup_py']
[0.454s] Level 1:colcon.colcon_core.package_identification:_identify(runs/lightning_sim/offline-sim-20260814-111258-20260818-130149/data) by extension 'python_setup_py'
[0.454s] Level 1:colcon.colcon_core.package_identification:_identify(runs/lightning_sim/offline-sim-20260814-111258-20260818-130149/data/new_map) by extensions ['ignore', 'ignore_ament_install']
[0.454s] Level 1:colcon.colcon_core.package_identification:_identify(runs/lightning_sim/offline-sim-20260814-111258-20260818-130149/data/new_map) by extension 'ignore'
[0.454s] Level 1:colcon.colcon_core.package_identification:_identify(runs/lightning_sim/offline-sim-20260814-111258-20260818-130149/data/new_map) by extension 'ignore_ament_install'
[0.454s] Level 1:colcon.colcon_core.package_identification:_identify(runs/lightning_sim/offline-sim-20260814-111258-20260818-130149/data/new_map) by extensions ['colcon_pkg']
[0.454s] Level 1:colcon.colcon_core.package_identification:_identify(runs/lightning_sim/offline-sim-20260814-111258-20260818-130149/data/new_map) by extension 'colcon_pkg'
[0.454s] Level 1:colcon.colcon_core.package_identification:_identify(runs/lightning_sim/offline-sim-20260814-111258-20260818-130149/data/new_map) by extensions ['colcon_meta']
[0.454s] Level 1:colcon.colcon_core.package_identification:_identify(runs/lightning_sim/offline-sim-20260814-111258-20260818-130149/data/new_map) by extension 'colcon_meta'
[0.454s] Level 1:colcon.colcon_core.package_identification:_identify(runs/lightning_sim/offline-sim-20260814-111258-20260818-130149/data/new_map) by extensions ['ros']
[0.454s] Level 1:colcon.colcon_core.package_identification:_identify(runs/lightning_sim/offline-sim-20260814-111258-20260818-130149/data/new_map) by extension 'ros'
[0.455s] Level 1:colcon.colcon_core.package_identification:_identify(runs/lightning_sim/offline-sim-20260814-111258-20260818-130149/data/new_map) by extensions ['cmake', 'python']
[0.455s] Level 1:colcon.colcon_core.package_identification:_identify(runs/lightning_sim/offline-sim-20260814-111258-20260818-130149/data/new_map) by extension 'cmake'
[0.455s] Level 1:colcon.colcon_core.package_identification:_identify(runs/lightning_sim/offline-sim-20260814-111258-20260818-130149/data/new_map) by extension 'python'
[0.455s] Level 1:colcon.colcon_core.package_identification:_identify(runs/lightning_sim/offline-sim-20260814-111258-20260818-130149/data/new_map) by extensions ['python_setup_py']
[0.455s] Level 1:colcon.colcon_core.package_identification:_identify(runs/lightning_sim/offline-sim-20260814-111258-20260818-130149/data/new_map) by extension 'python_setup_py'
[0.455s] Level 1:colcon.colcon_core.package_identification:_identify(runs/lightning_sim/offline-sim-20260814-111258-20260818-131712) by extensions ['ignore', 'ignore_ament_install']
[0.455s] Level 1:colcon.colcon_core.package_identification:_identify(runs/lightning_sim/offline-sim-20260814-111258-20260818-131712) by extension 'ignore'
[0.455s] Level 1:colcon.colcon_core.package_identification:_identify(runs/lightning_sim/offline-sim-20260814-111258-20260818-131712) by extension 'ignore_ament_install'
[0.455s] Level 1:colcon.colcon_core.package_identification:_identify(runs/lightning_sim/offline-sim-20260814-111258-20260818-131712) by extensions ['colcon_pkg']
[0.455s] Level 1:colcon.colcon_core.package_identification:_identify(runs/lightning_sim/offline-sim-20260814-111258-20260818-131712) by extension 'colcon_pkg'
[0.455s] Level 1:colcon.colcon_core.package_identification:_identify(runs/lightning_sim/offline-sim-20260814-111258-20260818-131712) by extensions ['colcon_meta']
[0.455s] Level 1:colcon.colcon_core.package_identification:_identify(runs/lightning_sim/offline-sim-20260814-111258-20260818-131712) by extension 'colcon_meta'
[0.455s] Level 1:colcon.colcon_core.package_identification:_identify(runs/lightning_sim/offline-sim-20260814-111258-20260818-131712) by extensions ['ros']
[0.455s] Level 1:colcon.colcon_core.package_identification:_identify(runs/lightning_sim/offline-sim-20260814-111258-20260818-131712) by extension 'ros'
[0.455s] Level 1:colcon.colcon_core.package_identification:_identify(runs/lightning_sim/offline-sim-20260814-111258-20260818-131712) by extensions ['cmake', 'python']
[0.455s] Level 1:colcon.colcon_core.package_identification:_identify(runs/lightning_sim/offline-sim-20260814-111258-20260818-131712) by extension 'cmake'
[0.455s] Level 1:colcon.colcon_core.package_identification:_identify(runs/lightning_sim/offline-sim-20260814-111258-20260818-131712) by extension 'python'
[0.455s] Level 1:colcon.colcon_core.package_identification:_identify(runs/lightning_sim/offline-sim-20260814-111258-20260818-131712) by extensions ['python_setup_py']
[0.456s] Level 1:colcon.colcon_core.package_identification:_identify(runs/lightning_sim/offline-sim-20260814-111258-20260818-131712) by extension 'python_setup_py'
[0.456s] Level 1:colcon.colcon_core.package_identification:_identify(runs/real_mid360) by extensions ['ignore', 'ignore_ament_install']
[0.456s] Level 1:colcon.colcon_core.package_identification:_identify(runs/real_mid360) by extension 'ignore'
[0.456s] Level 1:colcon.colcon_core.package_identification:_identify(runs/real_mid360) by extension 'ignore_ament_install'
[0.456s] Level 1:colcon.colcon_core.package_identification:_identify(runs/real_mid360) by extensions ['colcon_pkg']
[0.456s] Level 1:colcon.colcon_core.package_identification:_identify(runs/real_mid360) by extension 'colcon_pkg'
[0.456s] Level 1:colcon.colcon_core.package_identification:_identify(runs/real_mid360) by extensions ['colcon_meta']
[0.456s] Level 1:colcon.colcon_core.package_identification:_identify(runs/real_mid360) by extension 'colcon_meta'
[0.456s] Level 1:colcon.colcon_core.package_identification:_identify(runs/real_mid360) by extensions ['ros']
[0.456s] Level 1:colcon.colcon_core.package_identification:_identify(runs/real_mid360) by extension 'ros'
[0.456s] Level 1:colcon.colcon_core.package_identification:_identify(runs/real_mid360) by extensions ['cmake', 'python']
[0.456s] Level 1:colcon.colcon_core.package_identification:_identify(runs/real_mid360) by extension 'cmake'
[0.456s] Level 1:colcon.colcon_core.package_identification:_identify(runs/real_mid360) by extension 'python'
[0.456s] Level 1:colcon.colcon_core.package_identification:_identify(runs/real_mid360) by extensions ['python_setup_py']
[0.456s] Level 1:colcon.colcon_core.package_identification:_identify(runs/real_mid360) by extension 'python_setup_py'
[0.457s] Level 1:colcon.colcon_core.package_identification:_identify(runs/real_mid360/inspection) by extensions ['ignore', 'ignore_ament_install']
[0.457s] Level 1:colcon.colcon_core.package_identification:_identify(runs/real_mid360/inspection) by extension 'ignore'
[0.457s] Level 1:colcon.colcon_core.package_identification:_identify(runs/real_mid360/inspection) by extension 'ignore_ament_install'
[0.457s] Level 1:colcon.colcon_core.package_identification:_identify(runs/real_mid360/inspection) by extensions ['colcon_pkg']
[0.457s] Level 1:colcon.colcon_core.package_identification:_identify(runs/real_mid360/inspection) by extension 'colcon_pkg'
[0.457s] Level 1:colcon.colcon_core.package_identification:_identify(runs/real_mid360/inspection) by extensions ['colcon_meta']
[0.457s] Level 1:colcon.colcon_core.package_identification:_identify(runs/real_mid360/inspection) by extension 'colcon_meta'
[0.457s] Level 1:colcon.colcon_core.package_identification:_identify(runs/real_mid360/inspection) by extensions ['ros']
[0.457s] Level 1:colcon.colcon_core.package_identification:_identify(runs/real_mid360/inspection) by extension 'ros'
[0.457s] Level 1:colcon.colcon_core.package_identification:_identify(runs/real_mid360/inspection) by extensions ['cmake', 'python']
[0.457s] Level 1:colcon.colcon_core.package_identification:_identify(runs/real_mid360/inspection) by extension 'cmake'
[0.457s] Level 1:colcon.colcon_core.package_identification:_identify(runs/real_mid360/inspection) by extension 'python'
[0.457s] Level 1:colcon.colcon_core.package_identification:_identify(runs/real_mid360/inspection) by extensions ['python_setup_py']
[0.457s] Level 1:colcon.colcon_core.package_identification:_identify(runs/real_mid360/inspection) by extension 'python_setup_py'
[0.457s] Level 1:colcon.colcon_core.package_identification:_identify(runs/real_mid360/localization_tests) by extensions ['ignore', 'ignore_ament_install']
[0.457s] Level 1:colcon.colcon_core.package_identification:_identify(runs/real_mid360/localization_tests) by extension 'ignore'
[0.458s] Level 1:colcon.colcon_core.package_identification:_identify(runs/real_mid360/localization_tests) by extension 'ignore_ament_install'
[0.458s] Level 1:colcon.colcon_core.package_identification:_identify(runs/real_mid360/localization_tests) by extensions ['colcon_pkg']
[0.458s] Level 1:colcon.colcon_core.package_identification:_identify(runs/real_mid360/localization_tests) by extension 'colcon_pkg'
[0.458s] Level 1:colcon.colcon_core.package_identification:_identify(runs/real_mid360/localization_tests) by extensions ['colcon_meta']
[0.458s] Level 1:colcon.colcon_core.package_identification:_identify(runs/real_mid360/localization_tests) by extension 'colcon_meta'
[0.458s] Level 1:colcon.colcon_core.package_identification:_identify(runs/real_mid360/localization_tests) by extensions ['ros']
[0.458s] Level 1:colcon.colcon_core.package_identification:_identify(runs/real_mid360/localization_tests) by extension 'ros'
[0.458s] Level 1:colcon.colcon_core.package_identification:_identify(runs/real_mid360/localization_tests) by extensions ['cmake', 'python']
[0.458s] Level 1:colcon.colcon_core.package_identification:_identify(runs/real_mid360/localization_tests) by extension 'cmake'
[0.458s] Level 1:colcon.colcon_core.package_identification:_identify(runs/real_mid360/localization_tests) by extension 'python'
[0.458s] Level 1:colcon.colcon_core.package_identification:_identify(runs/real_mid360/localization_tests) by extensions ['python_setup_py']
[0.458s] Level 1:colcon.colcon_core.package_identification:_identify(runs/real_mid360/localization_tests) by extension 'python_setup_py'
[0.458s] Level 1:colcon.colcon_core.package_identification:_identify(runs/real_mid360/localization_tests/figures) by extensions ['ignore', 'ignore_ament_install']
[0.458s] Level 1:colcon.colcon_core.package_identification:_identify(runs/real_mid360/localization_tests/figures) by extension 'ignore'
[0.458s] Level 1:colcon.colcon_core.package_identification:_identify(runs/real_mid360/localization_tests/figures) by extension 'ignore_ament_install'
[0.458s] Level 1:colcon.colcon_core.package_identification:_identify(runs/real_mid360/localization_tests/figures) by extensions ['colcon_pkg']
[0.458s] Level 1:colcon.colcon_core.package_identification:_identify(runs/real_mid360/localization_tests/figures) by extension 'colcon_pkg'
[0.458s] Level 1:colcon.colcon_core.package_identification:_identify(runs/real_mid360/localization_tests/figures) by extensions ['colcon_meta']
[0.458s] Level 1:colcon.colcon_core.package_identification:_identify(runs/real_mid360/localization_tests/figures) by extension 'colcon_meta'
[0.459s] Level 1:colcon.colcon_core.package_identification:_identify(runs/real_mid360/localization_tests/figures) by extensions ['ros']
[0.459s] Level 1:colcon.colcon_core.package_identification:_identify(runs/real_mid360/localization_tests/figures) by extension 'ros'
[0.459s] Level 1:colcon.colcon_core.package_identification:_identify(runs/real_mid360/localization_tests/figures) by extensions ['cmake', 'python']
[0.459s] Level 1:colcon.colcon_core.package_identification:_identify(runs/real_mid360/localization_tests/figures) by extension 'cmake'
[0.459s] Level 1:colcon.colcon_core.package_identification:_identify(runs/real_mid360/localization_tests/figures) by extension 'python'
[0.459s] Level 1:colcon.colcon_core.package_identification:_identify(runs/real_mid360/localization_tests/figures) by extensions ['python_setup_py']
[0.459s] Level 1:colcon.colcon_core.package_identification:_identify(runs/real_mid360/localization_tests/figures) by extension 'python_setup_py'
[0.459s] Level 1:colcon.colcon_core.package_identification:_identify(runs/real_mid360/offline-mid360-dynamic-20260814-175320-20260814-175948) by extensions ['ignore', 'ignore_ament_install']
[0.459s] Level 1:colcon.colcon_core.package_identification:_identify(runs/real_mid360/offline-mid360-dynamic-20260814-175320-20260814-175948) by extension 'ignore'
[0.459s] Level 1:colcon.colcon_core.package_identification:_identify(runs/real_mid360/offline-mid360-dynamic-20260814-175320-20260814-175948) by extension 'ignore_ament_install'
[0.459s] Level 1:colcon.colcon_core.package_identification:_identify(runs/real_mid360/offline-mid360-dynamic-20260814-175320-20260814-175948) by extensions ['colcon_pkg']
[0.459s] Level 1:colcon.colcon_core.package_identification:_identify(runs/real_mid360/offline-mid360-dynamic-20260814-175320-20260814-175948) by extension 'colcon_pkg'
[0.459s] Level 1:colcon.colcon_core.package_identification:_identify(runs/real_mid360/offline-mid360-dynamic-20260814-175320-20260814-175948) by extensions ['colcon_meta']
[0.459s] Level 1:colcon.colcon_core.package_identification:_identify(runs/real_mid360/offline-mid360-dynamic-20260814-175320-20260814-175948) by extension 'colcon_meta'
[0.459s] Level 1:colcon.colcon_core.package_identification:_identify(runs/real_mid360/offline-mid360-dynamic-20260814-175320-20260814-175948) by extensions ['ros']
[0.459s] Level 1:colcon.colcon_core.package_identification:_identify(runs/real_mid360/offline-mid360-dynamic-20260814-175320-20260814-175948) by extension 'ros'
[0.460s] Level 1:colcon.colcon_core.package_identification:_identify(runs/real_mid360/offline-mid360-dynamic-20260814-175320-20260814-175948) by extensions ['cmake', 'python']
[0.460s] Level 1:colcon.colcon_core.package_identification:_identify(runs/real_mid360/offline-mid360-dynamic-20260814-175320-20260814-175948) by extension 'cmake'
[0.460s] Level 1:colcon.colcon_core.package_identification:_identify(runs/real_mid360/offline-mid360-dynamic-20260814-175320-20260814-175948) by extension 'python'
[0.460s] Level 1:colcon.colcon_core.package_identification:_identify(runs/real_mid360/offline-mid360-dynamic-20260814-175320-20260814-175948) by extensions ['python_setup_py']
[0.460s] Level 1:colcon.colcon_core.package_identification:_identify(runs/real_mid360/offline-mid360-dynamic-20260814-175320-20260814-175948) by extension 'python_setup_py'
[0.460s] Level 1:colcon.colcon_core.package_identification:_identify(runs/real_mid360/offline-mid360-dynamic-20260814-175320-20260814-175948/data) by extensions ['ignore', 'ignore_ament_install']
[0.460s] Level 1:colcon.colcon_core.package_identification:_identify(runs/real_mid360/offline-mid360-dynamic-20260814-175320-20260814-175948/data) by extension 'ignore'
[0.460s] Level 1:colcon.colcon_core.package_identification:_identify(runs/real_mid360/offline-mid360-dynamic-20260814-175320-20260814-175948/data) by extension 'ignore_ament_install'
[0.460s] Level 1:colcon.colcon_core.package_identification:_identify(runs/real_mid360/offline-mid360-dynamic-20260814-175320-20260814-175948/data) by extensions ['colcon_pkg']
[0.460s] Level 1:colcon.colcon_core.package_identification:_identify(runs/real_mid360/offline-mid360-dynamic-20260814-175320-20260814-175948/data) by extension 'colcon_pkg'
[0.460s] Level 1:colcon.colcon_core.package_identification:_identify(runs/real_mid360/offline-mid360-dynamic-20260814-175320-20260814-175948/data) by extensions ['colcon_meta']
[0.460s] Level 1:colcon.colcon_core.package_identification:_identify(runs/real_mid360/offline-mid360-dynamic-20260814-175320-20260814-175948/data) by extension 'colcon_meta'
[0.460s] Level 1:colcon.colcon_core.package_identification:_identify(runs/real_mid360/offline-mid360-dynamic-20260814-175320-20260814-175948/data) by extensions ['ros']
[0.460s] Level 1:colcon.colcon_core.package_identification:_identify(runs/real_mid360/offline-mid360-dynamic-20260814-175320-20260814-175948/data) by extension 'ros'
[0.460s] Level 1:colcon.colcon_core.package_identification:_identify(runs/real_mid360/offline-mid360-dynamic-20260814-175320-20260814-175948/data) by extensions ['cmake', 'python']
[0.460s] Level 1:colcon.colcon_core.package_identification:_identify(runs/real_mid360/offline-mid360-dynamic-20260814-175320-20260814-175948/data) by extension 'cmake'
[0.460s] Level 1:colcon.colcon_core.package_identification:_identify(runs/real_mid360/offline-mid360-dynamic-20260814-175320-20260814-175948/data) by extension 'python'
[0.460s] Level 1:colcon.colcon_core.package_identification:_identify(runs/real_mid360/offline-mid360-dynamic-20260814-175320-20260814-175948/data) by extensions ['python_setup_py']
[0.461s] Level 1:colcon.colcon_core.package_identification:_identify(runs/real_mid360/offline-mid360-dynamic-20260814-175320-20260814-175948/data) by extension 'python_setup_py'
[0.461s] Level 1:colcon.colcon_core.package_identification:_identify(runs/real_mid360/offline-mid360-dynamic-20260814-175320-20260814-175948/data/new_map) by extensions ['ignore', 'ignore_ament_install']
[0.461s] Level 1:colcon.colcon_core.package_identification:_identify(runs/real_mid360/offline-mid360-dynamic-20260814-175320-20260814-175948/data/new_map) by extension 'ignore'
[0.461s] Level 1:colcon.colcon_core.package_identification:_identify(runs/real_mid360/offline-mid360-dynamic-20260814-175320-20260814-175948/data/new_map) by extension 'ignore_ament_install'
[0.461s] Level 1:colcon.colcon_core.package_identification:_identify(runs/real_mid360/offline-mid360-dynamic-20260814-175320-20260814-175948/data/new_map) by extensions ['colcon_pkg']
[0.461s] Level 1:colcon.colcon_core.package_identification:_identify(runs/real_mid360/offline-mid360-dynamic-20260814-175320-20260814-175948/data/new_map) by extension 'colcon_pkg'
[0.461s] Level 1:colcon.colcon_core.package_identification:_identify(runs/real_mid360/offline-mid360-dynamic-20260814-175320-20260814-175948/data/new_map) by extensions ['colcon_meta']
[0.461s] Level 1:colcon.colcon_core.package_identification:_identify(runs/real_mid360/offline-mid360-dynamic-20260814-175320-20260814-175948/data/new_map) by extension 'colcon_meta'
[0.461s] Level 1:colcon.colcon_core.package_identification:_identify(runs/real_mid360/offline-mid360-dynamic-20260814-175320-20260814-175948/data/new_map) by extensions ['ros']
[0.461s] Level 1:colcon.colcon_core.package_identification:_identify(runs/real_mid360/offline-mid360-dynamic-20260814-175320-20260814-175948/data/new_map) by extension 'ros'
[0.461s] Level 1:colcon.colcon_core.package_identification:_identify(runs/real_mid360/offline-mid360-dynamic-20260814-175320-20260814-175948/data/new_map) by extensions ['cmake', 'python']
[0.461s] Level 1:colcon.colcon_core.package_identification:_identify(runs/real_mid360/offline-mid360-dynamic-20260814-175320-20260814-175948/data/new_map) by extension 'cmake'
[0.461s] Level 1:colcon.colcon_core.package_identification:_identify(runs/real_mid360/offline-mid360-dynamic-20260814-175320-20260814-175948/data/new_map) by extension 'python'
[0.461s] Level 1:colcon.colcon_core.package_identification:_identify(runs/real_mid360/offline-mid360-dynamic-20260814-175320-20260814-175948/data/new_map) by extensions ['python_setup_py']
[0.461s] Level 1:colcon.colcon_core.package_identification:_identify(runs/real_mid360/offline-mid360-dynamic-20260814-175320-20260814-175948/data/new_map) by extension 'python_setup_py'
[0.462s] Level 1:colcon.colcon_core.package_identification:_identify(runs/real_mid360/offline-mid360-loop-20260814-180225-20260814-180903) by extensions ['ignore', 'ignore_ament_install']
[0.462s] Level 1:colcon.colcon_core.package_identification:_identify(runs/real_mid360/offline-mid360-loop-20260814-180225-20260814-180903) by extension 'ignore'
[0.462s] Level 1:colcon.colcon_core.package_identification:_identify(runs/real_mid360/offline-mid360-loop-20260814-180225-20260814-180903) by extension 'ignore_ament_install'
[0.462s] Level 1:colcon.colcon_core.package_identification:_identify(runs/real_mid360/offline-mid360-loop-20260814-180225-20260814-180903) by extensions ['colcon_pkg']
[0.462s] Level 1:colcon.colcon_core.package_identification:_identify(runs/real_mid360/offline-mid360-loop-20260814-180225-20260814-180903) by extension 'colcon_pkg'
[0.462s] Level 1:colcon.colcon_core.package_identification:_identify(runs/real_mid360/offline-mid360-loop-20260814-180225-20260814-180903) by extensions ['colcon_meta']
[0.462s] Level 1:colcon.colcon_core.package_identification:_identify(runs/real_mid360/offline-mid360-loop-20260814-180225-20260814-180903) by extension 'colcon_meta'
[0.462s] Level 1:colcon.colcon_core.package_identification:_identify(runs/real_mid360/offline-mid360-loop-20260814-180225-20260814-180903) by extensions ['ros']
[0.462s] Level 1:colcon.colcon_core.package_identification:_identify(runs/real_mid360/offline-mid360-loop-20260814-180225-20260814-180903) by extension 'ros'
[0.462s] Level 1:colcon.colcon_core.package_identification:_identify(runs/real_mid360/offline-mid360-loop-20260814-180225-20260814-180903) by extensions ['cmake', 'python']
[0.462s] Level 1:colcon.colcon_core.package_identification:_identify(runs/real_mid360/offline-mid360-loop-20260814-180225-20260814-180903) by extension 'cmake'
[0.462s] Level 1:colcon.colcon_core.package_identification:_identify(runs/real_mid360/offline-mid360-loop-20260814-180225-20260814-180903) by extension 'python'
[0.462s] Level 1:colcon.colcon_core.package_identification:_identify(runs/real_mid360/offline-mid360-loop-20260814-180225-20260814-180903) by extensions ['python_setup_py']
[0.462s] Level 1:colcon.colcon_core.package_identification:_identify(runs/real_mid360/offline-mid360-loop-20260814-180225-20260814-180903) by extension 'python_setup_py'
[0.462s] Level 1:colcon.colcon_core.package_identification:_identify(runs/real_mid360/offline-mid360-loop-20260814-180225-20260814-180903/data) by extensions ['ignore', 'ignore_ament_install']
[0.462s] Level 1:colcon.colcon_core.package_identification:_identify(runs/real_mid360/offline-mid360-loop-20260814-180225-20260814-180903/data) by extension 'ignore'
[0.463s] Level 1:colcon.colcon_core.package_identification:_identify(runs/real_mid360/offline-mid360-loop-20260814-180225-20260814-180903/data) by extension 'ignore_ament_install'
[0.463s] Level 1:colcon.colcon_core.package_identification:_identify(runs/real_mid360/offline-mid360-loop-20260814-180225-20260814-180903/data) by extensions ['colcon_pkg']
[0.463s] Level 1:colcon.colcon_core.package_identification:_identify(runs/real_mid360/offline-mid360-loop-20260814-180225-20260814-180903/data) by extension 'colcon_pkg'
[0.463s] Level 1:colcon.colcon_core.package_identification:_identify(runs/real_mid360/offline-mid360-loop-20260814-180225-20260814-180903/data) by extensions ['colcon_meta']
[0.463s] Level 1:colcon.colcon_core.package_identification:_identify(runs/real_mid360/offline-mid360-loop-20260814-180225-20260814-180903/data) by extension 'colcon_meta'
[0.463s] Level 1:colcon.colcon_core.package_identification:_identify(runs/real_mid360/offline-mid360-loop-20260814-180225-20260814-180903/data) by extensions ['ros']
[0.463s] Level 1:colcon.colcon_core.package_identification:_identify(runs/real_mid360/offline-mid360-loop-20260814-180225-20260814-180903/data) by extension 'ros'
[0.463s] Level 1:colcon.colcon_core.package_identification:_identify(runs/real_mid360/offline-mid360-loop-20260814-180225-20260814-180903/data) by extensions ['cmake', 'python']
[0.463s] Level 1:colcon.colcon_core.package_identification:_identify(runs/real_mid360/offline-mid360-loop-20260814-180225-20260814-180903/data) by extension 'cmake'
[0.463s] Level 1:colcon.colcon_core.package_identification:_identify(runs/real_mid360/offline-mid360-loop-20260814-180225-20260814-180903/data) by extension 'python'
[0.463s] Level 1:colcon.colcon_core.package_identification:_identify(runs/real_mid360/offline-mid360-loop-20260814-180225-20260814-180903/data) by extensions ['python_setup_py']
[0.463s] Level 1:colcon.colcon_core.package_identification:_identify(runs/real_mid360/offline-mid360-loop-20260814-180225-20260814-180903/data) by extension 'python_setup_py'
[0.463s] Level 1:colcon.colcon_core.package_identification:_identify(runs/real_mid360/offline-mid360-loop-20260814-180225-20260814-180903/data/new_map) by extensions ['ignore', 'ignore_ament_install']
[0.463s] Level 1:colcon.colcon_core.package_identification:_identify(runs/real_mid360/offline-mid360-loop-20260814-180225-20260814-180903/data/new_map) by extension 'ignore'
[0.463s] Level 1:colcon.colcon_core.package_identification:_identify(runs/real_mid360/offline-mid360-loop-20260814-180225-20260814-180903/data/new_map) by extension 'ignore_ament_install'
[0.463s] Level 1:colcon.colcon_core.package_identification:_identify(runs/real_mid360/offline-mid360-loop-20260814-180225-20260814-180903/data/new_map) by extensions ['colcon_pkg']
[0.463s] Level 1:colcon.colcon_core.package_identification:_identify(runs/real_mid360/offline-mid360-loop-20260814-180225-20260814-180903/data/new_map) by extension 'colcon_pkg'
[0.464s] Level 1:colcon.colcon_core.package_identification:_identify(runs/real_mid360/offline-mid360-loop-20260814-180225-20260814-180903/data/new_map) by extensions ['colcon_meta']
[0.464s] Level 1:colcon.colcon_core.package_identification:_identify(runs/real_mid360/offline-mid360-loop-20260814-180225-20260814-180903/data/new_map) by extension 'colcon_meta'
[0.464s] Level 1:colcon.colcon_core.package_identification:_identify(runs/real_mid360/offline-mid360-loop-20260814-180225-20260814-180903/data/new_map) by extensions ['ros']
[0.464s] Level 1:colcon.colcon_core.package_identification:_identify(runs/real_mid360/offline-mid360-loop-20260814-180225-20260814-180903/data/new_map) by extension 'ros'
[0.464s] Level 1:colcon.colcon_core.package_identification:_identify(runs/real_mid360/offline-mid360-loop-20260814-180225-20260814-180903/data/new_map) by extensions ['cmake', 'python']
[0.464s] Level 1:colcon.colcon_core.package_identification:_identify(runs/real_mid360/offline-mid360-loop-20260814-180225-20260814-180903/data/new_map) by extension 'cmake'
[0.464s] Level 1:colcon.colcon_core.package_identification:_identify(runs/real_mid360/offline-mid360-loop-20260814-180225-20260814-180903/data/new_map) by extension 'python'
[0.464s] Level 1:colcon.colcon_core.package_identification:_identify(runs/real_mid360/offline-mid360-loop-20260814-180225-20260814-180903/data/new_map) by extensions ['python_setup_py']
[0.464s] Level 1:colcon.colcon_core.package_identification:_identify(runs/real_mid360/offline-mid360-loop-20260814-180225-20260814-180903/data/new_map) by extension 'python_setup_py'
[0.464s] Level 1:colcon.colcon_core.package_identification:_identify(scripts) by extensions ['ignore', 'ignore_ament_install']
[0.464s] Level 1:colcon.colcon_core.package_identification:_identify(scripts) by extension 'ignore'
[0.464s] Level 1:colcon.colcon_core.package_identification:_identify(scripts) by extension 'ignore_ament_install'
[0.464s] Level 1:colcon.colcon_core.package_identification:_identify(scripts) by extensions ['colcon_pkg']
[0.464s] Level 1:colcon.colcon_core.package_identification:_identify(scripts) by extension 'colcon_pkg'
[0.464s] Level 1:colcon.colcon_core.package_identification:_identify(scripts) by extensions ['colcon_meta']
[0.464s] Level 1:colcon.colcon_core.package_identification:_identify(scripts) by extension 'colcon_meta'
[0.464s] Level 1:colcon.colcon_core.package_identification:_identify(scripts) by extensions ['ros']
[0.465s] Level 1:colcon.colcon_core.package_identification:_identify(scripts) by extension 'ros'
[0.465s] Level 1:colcon.colcon_core.package_identification:_identify(scripts) by extensions ['cmake', 'python']
[0.465s] Level 1:colcon.colcon_core.package_identification:_identify(scripts) by extension 'cmake'
[0.465s] Level 1:colcon.colcon_core.package_identification:_identify(scripts) by extension 'python'
[0.465s] Level 1:colcon.colcon_core.package_identification:_identify(scripts) by extensions ['python_setup_py']
[0.465s] Level 1:colcon.colcon_core.package_identification:_identify(scripts) by extension 'python_setup_py'
[0.465s] Level 1:colcon.colcon_core.package_identification:_identify(src) by extensions ['ignore', 'ignore_ament_install']
[0.465s] Level 1:colcon.colcon_core.package_identification:_identify(src) by extension 'ignore'
[0.465s] Level 1:colcon.colcon_core.package_identification:_identify(src) by extension 'ignore_ament_install'
[0.465s] Level 1:colcon.colcon_core.package_identification:_identify(src) by extensions ['colcon_pkg']
[0.465s] Level 1:colcon.colcon_core.package_identification:_identify(src) by extension 'colcon_pkg'
[0.465s] Level 1:colcon.colcon_core.package_identification:_identify(src) by extensions ['colcon_meta']
[0.465s] Level 1:colcon.colcon_core.package_identification:_identify(src) by extension 'colcon_meta'
[0.465s] Level 1:colcon.colcon_core.package_identification:_identify(src) by extensions ['ros']
[0.465s] Level 1:colcon.colcon_core.package_identification:_identify(src) by extension 'ros'
[0.465s] Level 1:colcon.colcon_core.package_identification:_identify(src) by extensions ['cmake', 'python']
[0.465s] Level 1:colcon.colcon_core.package_identification:_identify(src) by extension 'cmake'
[0.465s] Level 1:colcon.colcon_core.package_identification:_identify(src) by extension 'python'
[0.465s] Level 1:colcon.colcon_core.package_identification:_identify(src) by extensions ['python_setup_py']
[0.466s] Level 1:colcon.colcon_core.package_identification:_identify(src) by extension 'python_setup_py'
[0.466s] Level 1:colcon.colcon_core.package_identification:_identify(src/lightning-lm) by extensions ['ignore', 'ignore_ament_install']
[0.466s] Level 1:colcon.colcon_core.package_identification:_identify(src/lightning-lm) by extension 'ignore'
[0.466s] Level 1:colcon.colcon_core.package_identification:_identify(src/lightning-lm) by extension 'ignore_ament_install'
[0.466s] Level 1:colcon.colcon_core.package_identification:_identify(src/lightning-lm) by extensions ['colcon_pkg']
[0.466s] Level 1:colcon.colcon_core.package_identification:_identify(src/lightning-lm) by extension 'colcon_pkg'
[0.466s] Level 1:colcon.colcon_core.package_identification:_identify(src/lightning-lm) by extensions ['colcon_meta']
[0.466s] Level 1:colcon.colcon_core.package_identification:_identify(src/lightning-lm) by extension 'colcon_meta'
[0.466s] Level 1:colcon.colcon_core.package_identification:_identify(src/lightning-lm) by extensions ['ros']
[0.466s] Level 1:colcon.colcon_core.package_identification:_identify(src/lightning-lm) by extension 'ros'
[0.471s] DEBUG:colcon.colcon_core.package_identification:Package 'src/lightning-lm' with type 'ros.ament_cmake' and name 'lightning'
[0.472s] Level 1:colcon.colcon_core.package_identification:_identify(src/lightning_real) by extensions ['ignore', 'ignore_ament_install']
[0.472s] Level 1:colcon.colcon_core.package_identification:_identify(src/lightning_real) by extension 'ignore'
[0.472s] Level 1:colcon.colcon_core.package_identification:_identify(src/lightning_real) by extension 'ignore_ament_install'
[0.472s] Level 1:colcon.colcon_core.package_identification:_identify(src/lightning_real) by extensions ['colcon_pkg']
[0.472s] Level 1:colcon.colcon_core.package_identification:_identify(src/lightning_real) by extension 'colcon_pkg'
[0.472s] Level 1:colcon.colcon_core.package_identification:_identify(src/lightning_real) by extensions ['colcon_meta']
[0.472s] Level 1:colcon.colcon_core.package_identification:_identify(src/lightning_real) by extension 'colcon_meta'
[0.472s] Level 1:colcon.colcon_core.package_identification:_identify(src/lightning_real) by extensions ['ros']
[0.472s] Level 1:colcon.colcon_core.package_identification:_identify(src/lightning_real) by extension 'ros'
[0.473s] DEBUG:colcon.colcon_core.package_identification:Package 'src/lightning_real' with type 'ros.ament_cmake' and name 'lightning_real'
[0.473s] Level 1:colcon.colcon_core.package_identification:_identify(src/lightning_sim) by extensions ['ignore', 'ignore_ament_install']
[0.473s] Level 1:colcon.colcon_core.package_identification:_identify(src/lightning_sim) by extension 'ignore'
[0.474s] Level 1:colcon.colcon_core.package_identification:_identify(src/lightning_sim) by extension 'ignore_ament_install'
[0.474s] Level 1:colcon.colcon_core.package_identification:_identify(src/lightning_sim) by extensions ['colcon_pkg']
[0.474s] Level 1:colcon.colcon_core.package_identification:_identify(src/lightning_sim) by extension 'colcon_pkg'
[0.474s] Level 1:colcon.colcon_core.package_identification:_identify(src/lightning_sim) by extensions ['colcon_meta']
[0.474s] Level 1:colcon.colcon_core.package_identification:_identify(src/lightning_sim) by extension 'colcon_meta'
[0.474s] Level 1:colcon.colcon_core.package_identification:_identify(src/lightning_sim) by extensions ['ros']
[0.474s] Level 1:colcon.colcon_core.package_identification:_identify(src/lightning_sim) by extension 'ros'
[0.475s] DEBUG:colcon.colcon_core.package_identification:Package 'src/lightning_sim' with type 'ros.ament_cmake' and name 'lightning_sim'
[0.475s] Level 1:colcon.colcon_core.package_identification:_identify(src/livox_ros_driver2) by extensions ['ignore', 'ignore_ament_install']
[0.475s] Level 1:colcon.colcon_core.package_identification:_identify(src/livox_ros_driver2) by extension 'ignore'
[0.475s] Level 1:colcon.colcon_core.package_identification:_identify(src/livox_ros_driver2) by extension 'ignore_ament_install'
[0.475s] Level 1:colcon.colcon_core.package_identification:_identify(src/livox_ros_driver2) by extensions ['colcon_pkg']
[0.476s] Level 1:colcon.colcon_core.package_identification:_identify(src/livox_ros_driver2) by extension 'colcon_pkg'
[0.476s] Level 1:colcon.colcon_core.package_identification:_identify(src/livox_ros_driver2) by extensions ['colcon_meta']
[0.476s] Level 1:colcon.colcon_core.package_identification:_identify(src/livox_ros_driver2) by extension 'colcon_meta'
[0.476s] Level 1:colcon.colcon_core.package_identification:_identify(src/livox_ros_driver2) by extensions ['ros']
[0.476s] Level 1:colcon.colcon_core.package_identification:_identify(src/livox_ros_driver2) by extension 'ros'
[0.478s] DEBUG:colcon.colcon_core.package_identification:Package 'src/livox_ros_driver2' with type 'ros.ament_cmake' and name 'livox_ros_driver2'
[0.478s] Level 1:colcon.colcon_core.package_identification:_identify(src/log) by extensions ['ignore', 'ignore_ament_install']
[0.478s] Level 1:colcon.colcon_core.package_identification:_identify(src/log) by extension 'ignore'
[0.478s] Level 1:colcon.colcon_core.package_identification:_identify(src/log) ignored
[0.479s] Level 1:colcon.colcon_core.package_identification:_identify(src/xyp_mid360_navigation) by extensions ['ignore', 'ignore_ament_install']
[0.479s] Level 1:colcon.colcon_core.package_identification:_identify(src/xyp_mid360_navigation) by extension 'ignore'
[0.479s] Level 1:colcon.colcon_core.package_identification:_identify(src/xyp_mid360_navigation) by extension 'ignore_ament_install'
[0.479s] Level 1:colcon.colcon_core.package_identification:_identify(src/xyp_mid360_navigation) by extensions ['colcon_pkg']
[0.479s] Level 1:colcon.colcon_core.package_identification:_identify(src/xyp_mid360_navigation) by extension 'colcon_pkg'
[0.479s] Level 1:colcon.colcon_core.package_identification:_identify(src/xyp_mid360_navigation) by extensions ['colcon_meta']
[0.479s] Level 1:colcon.colcon_core.package_identification:_identify(src/xyp_mid360_navigation) by extension 'colcon_meta'
[0.479s] Level 1:colcon.colcon_core.package_identification:_identify(src/xyp_mid360_navigation) by extensions ['ros']
[0.479s] Level 1:colcon.colcon_core.package_identification:_identify(src/xyp_mid360_navigation) by extension 'ros'
[0.480s] DEBUG:colcon.colcon_core.package_identification:Package 'src/xyp_mid360_navigation' with type 'ros.ament_cmake' and name 'xyp_mid360_navigation'
[0.480s] Level 1:colcon.colcon_core.package_identification:_identify(work) by extensions ['ignore', 'ignore_ament_install']
[0.480s] Level 1:colcon.colcon_core.package_identification:_identify(work) by extension 'ignore'
[0.481s] Level 1:colcon.colcon_core.package_identification:_identify(work) by extension 'ignore_ament_install'
[0.481s] Level 1:colcon.colcon_core.package_identification:_identify(work) by extensions ['colcon_pkg']
[0.481s] Level 1:colcon.colcon_core.package_identification:_identify(work) by extension 'colcon_pkg'
[0.481s] Level 1:colcon.colcon_core.package_identification:_identify(work) by extensions ['colcon_meta']
[0.481s] Level 1:colcon.colcon_core.package_identification:_identify(work) by extension 'colcon_meta'
[0.481s] Level 1:colcon.colcon_core.package_identification:_identify(work) by extensions ['ros']
[0.481s] Level 1:colcon.colcon_core.package_identification:_identify(work) by extension 'ros'
[0.481s] Level 1:colcon.colcon_core.package_identification:_identify(work) by extensions ['cmake', 'python']
[0.481s] Level 1:colcon.colcon_core.package_identification:_identify(work) by extension 'cmake'
[0.481s] Level 1:colcon.colcon_core.package_identification:_identify(work) by extension 'python'
[0.481s] Level 1:colcon.colcon_core.package_identification:_identify(work) by extensions ['python_setup_py']
[0.481s] Level 1:colcon.colcon_core.package_identification:_identify(work) by extension 'python_setup_py'
[0.481s] Level 1:colcon.colcon_core.package_identification:_identify(work/runtime_home) by extensions ['ignore', 'ignore_ament_install']
[0.481s] Level 1:colcon.colcon_core.package_identification:_identify(work/runtime_home) by extension 'ignore'
[0.481s] Level 1:colcon.colcon_core.package_identification:_identify(work/runtime_home) by extension 'ignore_ament_install'
[0.482s] Level 1:colcon.colcon_core.package_identification:_identify(work/runtime_home) by extensions ['colcon_pkg']
[0.482s] Level 1:colcon.colcon_core.package_identification:_identify(work/runtime_home) by extension 'colcon_pkg'
[0.482s] Level 1:colcon.colcon_core.package_identification:_identify(work/runtime_home) by extensions ['colcon_meta']
[0.482s] Level 1:colcon.colcon_core.package_identification:_identify(work/runtime_home) by extension 'colcon_meta'
[0.482s] Level 1:colcon.colcon_core.package_identification:_identify(work/runtime_home) by extensions ['ros']
[0.482s] Level 1:colcon.colcon_core.package_identification:_identify(work/runtime_home) by extension 'ros'
[0.482s] Level 1:colcon.colcon_core.package_identification:_identify(work/runtime_home) by extensions ['cmake', 'python']
[0.482s] Level 1:colcon.colcon_core.package_identification:_identify(work/runtime_home) by extension 'cmake'
[0.482s] Level 1:colcon.colcon_core.package_identification:_identify(work/runtime_home) by extension 'python'
[0.482s] Level 1:colcon.colcon_core.package_identification:_identify(work/runtime_home) by extensions ['python_setup_py']
[0.482s] Level 1:colcon.colcon_core.package_identification:_identify(work/runtime_home) by extension 'python_setup_py'
[0.482s] Level 1:colcon.colcon_core.package_discovery:discover_packages(recursive) using defaults
[0.482s] Level 1:colcon.colcon_core.package_discovery:discover_packages(ignore) discover
[0.482s] Level 1:colcon.colcon_core.package_discovery:discover_packages(ignore) using defaults
[0.482s] Level 1:colcon.colcon_core.package_discovery:discover_packages(path) discover
[0.482s] Level 1:colcon.colcon_core.package_discovery:discover_packages(path) using defaults
[0.526s] INFO:colcon.colcon_core.package_selection:Skipping not selected package 'lightning' in 'src/lightning-lm'
[0.526s] INFO:colcon.colcon_core.package_selection:Skipping not selected package 'livox_ros_driver2' in 'src/livox_ros_driver2'
[0.526s] INFO:colcon.colcon_core.package_selection:Skipping not selected package 'xyp_mid360_navigation' in 'src/xyp_mid360_navigation'
[0.526s] INFO:colcon.colcon_core.package_selection:Skipping not selected package 'lightning_real' in 'src/lightning_real'
[0.526s] Level 1:colcon.colcon_core.package_discovery:discover_packages(prefix_path) check parameters
[0.527s] Level 1:colcon.colcon_core.package_discovery:discover_packages(prefix_path) discover
[0.531s] DEBUG:colcon.colcon_installed_package_information.package_discovery:Found 291 installed packages in /opt/ros/humble
[0.533s] Level 1:colcon.colcon_core.package_discovery:discover_packages(prefix_path) using defaults
[0.583s] Level 5:colcon.colcon_core.verb:set package 'lightning_sim' build argument 'cmake_args' from command line to 'None'
[0.583s] Level 5:colcon.colcon_core.verb:set package 'lightning_sim' build argument 'cmake_target' from command line to 'None'
[0.583s] Level 5:colcon.colcon_core.verb:set package 'lightning_sim' build argument 'cmake_target_skip_unavailable' from command line to 'False'
[0.583s] Level 5:colcon.colcon_core.verb:set package 'lightning_sim' build argument 'cmake_clean_cache' from command line to 'False'
[0.583s] Level 5:colcon.colcon_core.verb:set package 'lightning_sim' build argument 'cmake_clean_first' from command line to 'False'
[0.583s] Level 5:colcon.colcon_core.verb:set package 'lightning_sim' build argument 'cmake_force_configure' from command line to 'False'
[0.583s] Level 5:colcon.colcon_core.verb:set package 'lightning_sim' build argument 'ament_cmake_args' from command line to 'None'
[0.583s] Level 5:colcon.colcon_core.verb:set package 'lightning_sim' build argument 'catkin_cmake_args' from command line to 'None'
[0.583s] Level 5:colcon.colcon_core.verb:set package 'lightning_sim' build argument 'catkin_skip_building_tests' from command line to 'False'
[0.583s] DEBUG:colcon.colcon_core.verb:Building package 'lightning_sim' with the following arguments: {'ament_cmake_args': None, 'build_base': '/home/kepler/Documents/Codex/2026-08-14/microsoft-visual-studio-code-stable-vs/outputs/lightning_lm_ws/build/lightning_sim', 'catkin_cmake_args': None, 'catkin_skip_building_tests': False, 'cmake_args': None, 'cmake_clean_cache': False, 'cmake_clean_first': False, 'cmake_force_configure': False, 'cmake_target': None, 'cmake_target_skip_unavailable': False, 'install_base': '/home/kepler/Documents/Codex/2026-08-14/microsoft-visual-studio-code-stable-vs/outputs/lightning_lm_ws/install/lightning_sim', 'merge_install': False, 'path': '/home/kepler/Documents/Codex/2026-08-14/microsoft-visual-studio-code-stable-vs/outputs/lightning_lm_ws/src/lightning_sim', 'symlink_install': True, 'test_result_base': None}
[0.583s] INFO:colcon.colcon_core.executor:Executing jobs using 'parallel' executor
[0.585s] DEBUG:colcon.colcon_parallel_executor.executor.parallel:run_until_complete
[0.585s] INFO:colcon.colcon_ros.task.ament_cmake.build:Building ROS package in '/home/kepler/Documents/Codex/2026-08-14/microsoft-visual-studio-code-stable-vs/outputs/lightning_lm_ws/src/lightning_sim' with build type 'ament_cmake'
[0.585s] INFO:colcon.colcon_cmake.task.cmake.build:Building CMake package in '/home/kepler/Documents/Codex/2026-08-14/microsoft-visual-studio-code-stable-vs/outputs/lightning_lm_ws/src/lightning_sim'
[0.588s] INFO:colcon.colcon_core.plugin_system:Skipping extension 'colcon_core.shell.bat': Not used on non-Windows systems
[0.588s] INFO:colcon.colcon_core.shell:Skip shell extension 'powershell' for command environment: Not usable outside of PowerShell
[0.588s] DEBUG:colcon.colcon_core.shell:Skip shell extension 'dsv' for command environment
[0.606s] DEBUG:colcon.colcon_core.event_handler.log_command:Invoking command in '/home/kepler/Documents/Codex/2026-08-14/microsoft-visual-studio-code-stable-vs/outputs/lightning_lm_ws/build/lightning_sim': AMENT_PREFIX_PATH=/home/kepler/Documents/Codex/2026-08-14/microsoft-visual-studio-code-stable-vs/outputs/lightning_lm_ws/install/lightning:${AMENT_PREFIX_PATH} CMAKE_PREFIX_PATH=/home/kepler/Documents/Codex/2026-08-14/microsoft-visual-studio-code-stable-vs/outputs/lightning_lm_ws/install/lightning:/opt/ros/humble LD_LIBRARY_PATH=/home/kepler/Documents/Codex/2026-08-14/microsoft-visual-studio-code-stable-vs/outputs/lightning_lm_ws/install/lightning/lib:${LD_LIBRARY_PATH} PYTHONPATH=/home/kepler/Documents/Codex/2026-08-14/microsoft-visual-studio-code-stable-vs/outputs/lightning_lm_ws/install/lightning/local/lib/python3.10/dist-packages:${PYTHONPATH} /usr/bin/cmake --build /home/kepler/Documents/Codex/2026-08-14/microsoft-visual-studio-code-stable-vs/outputs/lightning_lm_ws/build/lightning_sim -- -j28 -l28
[0.715s] DEBUG:colcon.colcon_core.event_handler.log_command:Invoked command in '/home/kepler/Documents/Codex/2026-08-14/microsoft-visual-studio-code-stable-vs/outputs/lightning_lm_ws/build/lightning_sim' returned '0': AMENT_PREFIX_PATH=/home/kepler/Documents/Codex/2026-08-14/microsoft-visual-studio-code-stable-vs/outputs/lightning_lm_ws/install/lightning:${AMENT_PREFIX_PATH} CMAKE_PREFIX_PATH=/home/kepler/Documents/Codex/2026-08-14/microsoft-visual-studio-code-stable-vs/outputs/lightning_lm_ws/install/lightning:/opt/ros/humble LD_LIBRARY_PATH=/home/kepler/Documents/Codex/2026-08-14/microsoft-visual-studio-code-stable-vs/outputs/lightning_lm_ws/install/lightning/lib:${LD_LIBRARY_PATH} PYTHONPATH=/home/kepler/Documents/Codex/2026-08-14/microsoft-visual-studio-code-stable-vs/outputs/lightning_lm_ws/install/lightning/local/lib/python3.10/dist-packages:${PYTHONPATH} /usr/bin/cmake --build /home/kepler/Documents/Codex/2026-08-14/microsoft-visual-studio-code-stable-vs/outputs/lightning_lm_ws/build/lightning_sim -- -j28 -l28
[0.730s] DEBUG:colcon.colcon_core.event_handler.log_command:Invoking command in '/home/kepler/Documents/Codex/2026-08-14/microsoft-visual-studio-code-stable-vs/outputs/lightning_lm_ws/build/lightning_sim': AMENT_PREFIX_PATH=/home/kepler/Documents/Codex/2026-08-14/microsoft-visual-studio-code-stable-vs/outputs/lightning_lm_ws/install/lightning:${AMENT_PREFIX_PATH} CMAKE_PREFIX_PATH=/home/kepler/Documents/Codex/2026-08-14/microsoft-visual-studio-code-stable-vs/outputs/lightning_lm_ws/install/lightning:/opt/ros/humble LD_LIBRARY_PATH=/home/kepler/Documents/Codex/2026-08-14/microsoft-visual-studio-code-stable-vs/outputs/lightning_lm_ws/install/lightning/lib:${LD_LIBRARY_PATH} PYTHONPATH=/home/kepler/Documents/Codex/2026-08-14/microsoft-visual-studio-code-stable-vs/outputs/lightning_lm_ws/install/lightning/local/lib/python3.10/dist-packages:${PYTHONPATH} /usr/bin/cmake --install /home/kepler/Documents/Codex/2026-08-14/microsoft-visual-studio-code-stable-vs/outputs/lightning_lm_ws/build/lightning_sim
[0.793s] Level 1:colcon.colcon_core.environment:create_environment_scripts_only(lightning_sim)
[0.794s] DEBUG:colcon.colcon_core.event_handler.log_command:Invoked command in '/home/kepler/Documents/Codex/2026-08-14/microsoft-visual-studio-code-stable-vs/outputs/lightning_lm_ws/build/lightning_sim' returned '0': AMENT_PREFIX_PATH=/home/kepler/Documents/Codex/2026-08-14/microsoft-visual-studio-code-stable-vs/outputs/lightning_lm_ws/install/lightning:${AMENT_PREFIX_PATH} CMAKE_PREFIX_PATH=/home/kepler/Documents/Codex/2026-08-14/microsoft-visual-studio-code-stable-vs/outputs/lightning_lm_ws/install/lightning:/opt/ros/humble LD_LIBRARY_PATH=/home/kepler/Documents/Codex/2026-08-14/microsoft-visual-studio-code-stable-vs/outputs/lightning_lm_ws/install/lightning/lib:${LD_LIBRARY_PATH} PYTHONPATH=/home/kepler/Documents/Codex/2026-08-14/microsoft-visual-studio-code-stable-vs/outputs/lightning_lm_ws/install/lightning/local/lib/python3.10/dist-packages:${PYTHONPATH} /usr/bin/cmake --install /home/kepler/Documents/Codex/2026-08-14/microsoft-visual-studio-code-stable-vs/outputs/lightning_lm_ws/build/lightning_sim
[0.797s] Level 1:colcon.colcon_core.environment:checking '/home/kepler/Documents/Codex/2026-08-14/microsoft-visual-studio-code-stable-vs/outputs/lightning_lm_ws/install/lightning_sim' for CMake module files
[0.798s] Level 1:colcon.colcon_core.environment:checking '/home/kepler/Documents/Codex/2026-08-14/microsoft-visual-studio-code-stable-vs/outputs/lightning_lm_ws/install/lightning_sim' for CMake config files
[0.799s] Level 1:colcon.colcon_core.shell:create_environment_hook('lightning_sim', 'cmake_prefix_path')
[0.799s] INFO:colcon.colcon_core.shell:Creating environment hook '/home/kepler/Documents/Codex/2026-08-14/microsoft-visual-studio-code-stable-vs/outputs/lightning_lm_ws/install/lightning_sim/share/lightning_sim/hook/cmake_prefix_path.ps1'
[0.800s] INFO:colcon.colcon_core.shell:Creating environment descriptor '/home/kepler/Documents/Codex/2026-08-14/microsoft-visual-studio-code-stable-vs/outputs/lightning_lm_ws/install/lightning_sim/share/lightning_sim/hook/cmake_prefix_path.dsv'
[0.801s] INFO:colcon.colcon_core.shell:Creating environment hook '/home/kepler/Documents/Codex/2026-08-14/microsoft-visual-studio-code-stable-vs/outputs/lightning_lm_ws/install/lightning_sim/share/lightning_sim/hook/cmake_prefix_path.sh'
[0.802s] Level 1:colcon.colcon_core.environment:checking '/home/kepler/Documents/Codex/2026-08-14/microsoft-visual-studio-code-stable-vs/outputs/lightning_lm_ws/install/lightning_sim/lib'
[0.802s] Level 1:colcon.colcon_core.environment:checking '/home/kepler/Documents/Codex/2026-08-14/microsoft-visual-studio-code-stable-vs/outputs/lightning_lm_ws/install/lightning_sim/bin'
[0.802s] Level 1:colcon.colcon_core.environment:checking '/home/kepler/Documents/Codex/2026-08-14/microsoft-visual-studio-code-stable-vs/outputs/lightning_lm_ws/install/lightning_sim/lib/pkgconfig/lightning_sim.pc'
[0.803s] Level 1:colcon.colcon_core.environment:checking '/home/kepler/Documents/Codex/2026-08-14/microsoft-visual-studio-code-stable-vs/outputs/lightning_lm_ws/install/lightning_sim/lib/python3.10/site-packages'
[0.803s] Level 1:colcon.colcon_core.environment:checking '/home/kepler/Documents/Codex/2026-08-14/microsoft-visual-studio-code-stable-vs/outputs/lightning_lm_ws/install/lightning_sim/bin'
[0.804s] INFO:colcon.colcon_core.shell:Creating package script '/home/kepler/Documents/Codex/2026-08-14/microsoft-visual-studio-code-stable-vs/outputs/lightning_lm_ws/install/lightning_sim/share/lightning_sim/package.ps1'
[0.805s] INFO:colcon.colcon_core.shell:Creating package descriptor '/home/kepler/Documents/Codex/2026-08-14/microsoft-visual-studio-code-stable-vs/outputs/lightning_lm_ws/install/lightning_sim/share/lightning_sim/package.dsv'
[0.806s] INFO:colcon.colcon_core.shell:Creating package script '/home/kepler/Documents/Codex/2026-08-14/microsoft-visual-studio-code-stable-vs/outputs/lightning_lm_ws/install/lightning_sim/share/lightning_sim/package.sh'
[0.807s] INFO:colcon.colcon_core.shell:Creating package script '/home/kepler/Documents/Codex/2026-08-14/microsoft-visual-studio-code-stable-vs/outputs/lightning_lm_ws/install/lightning_sim/share/lightning_sim/package.bash'
[0.808s] INFO:colcon.colcon_core.shell:Creating package script '/home/kepler/Documents/Codex/2026-08-14/microsoft-visual-studio-code-stable-vs/outputs/lightning_lm_ws/install/lightning_sim/share/lightning_sim/package.zsh'
[0.809s] Level 1:colcon.colcon_core.environment:create_file_with_runtime_dependencies(/home/kepler/Documents/Codex/2026-08-14/microsoft-visual-studio-code-stable-vs/outputs/lightning_lm_ws/install/lightning_sim/share/colcon-core/packages/lightning_sim)
[0.810s] Level 1:colcon.colcon_core.environment:create_environment_scripts_only(lightning_sim)
[0.810s] Level 1:colcon.colcon_core.environment:checking '/home/kepler/Documents/Codex/2026-08-14/microsoft-visual-studio-code-stable-vs/outputs/lightning_lm_ws/install/lightning_sim' for CMake module files
[0.811s] Level 1:colcon.colcon_core.environment:checking '/home/kepler/Documents/Codex/2026-08-14/microsoft-visual-studio-code-stable-vs/outputs/lightning_lm_ws/install/lightning_sim' for CMake config files
[0.811s] Level 1:colcon.colcon_core.shell:create_environment_hook('lightning_sim', 'cmake_prefix_path')
[0.811s] INFO:colcon.colcon_core.shell:Creating environment hook '/home/kepler/Documents/Codex/2026-08-14/microsoft-visual-studio-code-stable-vs/outputs/lightning_lm_ws/install/lightning_sim/share/lightning_sim/hook/cmake_prefix_path.ps1'
[0.812s] INFO:colcon.colcon_core.shell:Creating environment descriptor '/home/kepler/Documents/Codex/2026-08-14/microsoft-visual-studio-code-stable-vs/outputs/lightning_lm_ws/install/lightning_sim/share/lightning_sim/hook/cmake_prefix_path.dsv'
[0.812s] INFO:colcon.colcon_core.shell:Creating environment hook '/home/kepler/Documents/Codex/2026-08-14/microsoft-visual-studio-code-stable-vs/outputs/lightning_lm_ws/install/lightning_sim/share/lightning_sim/hook/cmake_prefix_path.sh'
[0.813s] Level 1:colcon.colcon_core.environment:checking '/home/kepler/Documents/Codex/2026-08-14/microsoft-visual-studio-code-stable-vs/outputs/lightning_lm_ws/install/lightning_sim/lib'
[0.813s] Level 1:colcon.colcon_core.environment:checking '/home/kepler/Documents/Codex/2026-08-14/microsoft-visual-studio-code-stable-vs/outputs/lightning_lm_ws/install/lightning_sim/bin'
[0.813s] Level 1:colcon.colcon_core.environment:checking '/home/kepler/Documents/Codex/2026-08-14/microsoft-visual-studio-code-stable-vs/outputs/lightning_lm_ws/install/lightning_sim/lib/pkgconfig/lightning_sim.pc'
[0.814s] Level 1:colcon.colcon_core.environment:checking '/home/kepler/Documents/Codex/2026-08-14/microsoft-visual-studio-code-stable-vs/outputs/lightning_lm_ws/install/lightning_sim/lib/python3.10/site-packages'
[0.814s] Level 1:colcon.colcon_core.environment:checking '/home/kepler/Documents/Codex/2026-08-14/microsoft-visual-studio-code-stable-vs/outputs/lightning_lm_ws/install/lightning_sim/bin'
[0.814s] INFO:colcon.colcon_core.shell:Creating package script '/home/kepler/Documents/Codex/2026-08-14/microsoft-visual-studio-code-stable-vs/outputs/lightning_lm_ws/install/lightning_sim/share/lightning_sim/package.ps1'
[0.815s] INFO:colcon.colcon_core.shell:Creating package descriptor '/home/kepler/Documents/Codex/2026-08-14/microsoft-visual-studio-code-stable-vs/outputs/lightning_lm_ws/install/lightning_sim/share/lightning_sim/package.dsv'
[0.816s] INFO:colcon.colcon_core.shell:Creating package script '/home/kepler/Documents/Codex/2026-08-14/microsoft-visual-studio-code-stable-vs/outputs/lightning_lm_ws/install/lightning_sim/share/lightning_sim/package.sh'
[0.816s] INFO:colcon.colcon_core.shell:Creating package script '/home/kepler/Documents/Codex/2026-08-14/microsoft-visual-studio-code-stable-vs/outputs/lightning_lm_ws/install/lightning_sim/share/lightning_sim/package.bash'
[0.817s] INFO:colcon.colcon_core.shell:Creating package script '/home/kepler/Documents/Codex/2026-08-14/microsoft-visual-studio-code-stable-vs/outputs/lightning_lm_ws/install/lightning_sim/share/lightning_sim/package.zsh'
[0.817s] Level 1:colcon.colcon_core.environment:create_file_with_runtime_dependencies(/home/kepler/Documents/Codex/2026-08-14/microsoft-visual-studio-code-stable-vs/outputs/lightning_lm_ws/install/lightning_sim/share/colcon-core/packages/lightning_sim)
[0.818s] DEBUG:colcon.colcon_parallel_executor.executor.parallel:closing loop
[0.818s] DEBUG:colcon.colcon_parallel_executor.executor.parallel:loop closed
[0.819s] DEBUG:colcon.colcon_parallel_executor.executor.parallel:run_until_complete finished with '0'
[0.819s] DEBUG:colcon.colcon_core.event_reactor:joining thread
[0.827s] INFO:colcon.colcon_core.plugin_system:Skipping extension 'colcon_notification.desktop_notification.terminal_notifier': Not used on non-Darwin systems
[0.827s] INFO:colcon.colcon_core.plugin_system:Skipping extension 'colcon_notification.desktop_notification.win32': Not used on non-Windows systems
[0.827s] INFO:colcon.colcon_notification.desktop_notification:Sending desktop notification using 'notify2'
[0.827s] DEBUG:colcon.colcon_notification.desktop_notification.notify2:Failed to initialize notify2: org.freedesktop.DBus.Error.AccessDenied: Failed to connect to socket /run/user/1000/bus: Operation not permitted
[0.827s] DEBUG:colcon.colcon_core.event_reactor:joined thread
[0.828s] INFO:colcon.colcon_core.shell:Creating prefix script '/home/kepler/Documents/Codex/2026-08-14/microsoft-visual-studio-code-stable-vs/outputs/lightning_lm_ws/install/local_setup.ps1'
[0.830s] INFO:colcon.colcon_core.shell:Creating prefix util module '/home/kepler/Documents/Codex/2026-08-14/microsoft-visual-studio-code-stable-vs/outputs/lightning_lm_ws/install/_local_setup_util_ps1.py'
[0.833s] INFO:colcon.colcon_core.shell:Creating prefix chain script '/home/kepler/Documents/Codex/2026-08-14/microsoft-visual-studio-code-stable-vs/outputs/lightning_lm_ws/install/setup.ps1'
[0.835s] INFO:colcon.colcon_core.shell:Creating prefix script '/home/kepler/Documents/Codex/2026-08-14/microsoft-visual-studio-code-stable-vs/outputs/lightning_lm_ws/install/local_setup.sh'
[0.836s] INFO:colcon.colcon_core.shell:Creating prefix util module '/home/kepler/Documents/Codex/2026-08-14/microsoft-visual-studio-code-stable-vs/outputs/lightning_lm_ws/install/_local_setup_util_sh.py'
[0.837s] INFO:colcon.colcon_core.shell:Creating prefix chain script '/home/kepler/Documents/Codex/2026-08-14/microsoft-visual-studio-code-stable-vs/outputs/lightning_lm_ws/install/setup.sh'
[0.839s] INFO:colcon.colcon_core.shell:Creating prefix script '/home/kepler/Documents/Codex/2026-08-14/microsoft-visual-studio-code-stable-vs/outputs/lightning_lm_ws/install/local_setup.bash'
[0.839s] INFO:colcon.colcon_core.shell:Creating prefix chain script '/home/kepler/Documents/Codex/2026-08-14/microsoft-visual-studio-code-stable-vs/outputs/lightning_lm_ws/install/setup.bash'
[0.841s] INFO:colcon.colcon_core.shell:Creating prefix script '/home/kepler/Documents/Codex/2026-08-14/microsoft-visual-studio-code-stable-vs/outputs/lightning_lm_ws/install/local_setup.zsh'
[0.842s] INFO:colcon.colcon_core.shell:Creating prefix chain script '/home/kepler/Documents/Codex/2026-08-14/microsoft-visual-studio-code-stable-vs/outputs/lightning_lm_ws/install/setup.zsh'
