[0.000000] (-) TimerEvent: {}
[0.000406] (-) JobUnselected: {'identifier': 'livox_ros_driver2'}
[0.000479] (lightning) JobQueued: {'identifier': 'lightning', 'dependencies': OrderedDict()}
[0.000503] (lightning) JobStarted: {'identifier': 'lightning'}
[0.005986] (lightning) JobProgress: {'identifier': 'lightning', 'progress': 'cmake'}
[0.008283] (lightning) JobProgress: {'identifier': 'lightning', 'progress': 'build'}
[0.008325] (lightning) Command: {'cmd': ['/usr/bin/cmake', '--build', '/home/kepler/Documents/Codex/2026-08-14/microsoft-visual-studio-code-stable-vs/outputs/lightning_lm_ws/build/lightning'], 'cwd': '/home/kepler/Documents/Codex/2026-08-14/microsoft-visual-studio-code-stable-vs/outputs/lightning_lm_ws/build/lightning', 'env': OrderedDict([('GJS_DEBUG_TOPICS', 'JS ERROR;JS LOG'), ('LESSOPEN', '| /usr/bin/lesspipe %s'), ('CMAKE_BUILD_PARALLEL_LEVEL', '1'), ('LANGUAGE', 'en_US:en'), ('USER', 'kepler'), ('LC_TIME', 'zh_CN.UTF-8'), ('XDG_SESSION_TYPE', 'wayland'), ('SHLVL', '1'), ('LD_LIBRARY_PATH', '/opt/ros/humble/opt/rviz_ogre_vendor/lib:/opt/ros/humble/lib/x86_64-linux-gnu:/opt/ros/humble/lib'), ('HOME', '/home/kepler'), ('OLDPWD', '/home/kepler'), ('DESKTOP_SESSION', 'ubuntu'), ('GIO_LAUNCHED_DESKTOP_FILE', '/usr/share/applications/terminator.desktop'), ('ROS_PYTHON_VERSION', '3'), ('GNOME_SHELL_SESSION_MODE', 'ubuntu'), ('GTK_MODULES', 'gail:atk-bridge'), ('LC_MONETARY', 'zh_CN.UTF-8'), ('MANAGERPID', '1319'), ('SYSTEMD_EXEC_PID', '1695'), ('MAKEFLAGS', '-j1'), ('DBUS_SESSION_BUS_ADDRESS', 'unix:path=/run/user/1000/bus'), ('COLORTERM', 'truecolor'), ('TERMINATOR_DBUS_NAME', 'net.tenshu.Terminator25ef4b219e3b005583550f2b0f9f990c3'), ('GIO_LAUNCHED_DESKTOP_FILE_PID', '30968'), ('IM_CONFIG_PHASE', '1'), ('WAYLAND_DISPLAY', 'wayland-0'), ('ROS_DISTRO', 'humble'), ('LOGNAME', 'kepler'), ('JOURNAL_STREAM', '8:5678'), ('_', '/usr/bin/colcon'), ('ROS_VERSION', '2'), ('XDG_SESSION_CLASS', 'user'), ('USERNAME', 'kepler'), ('TERM', 'xterm-256color'), ('GNOME_DESKTOP_SESSION_ID', 'this-is-deprecated'), ('ROS_LOCALHOST_ONLY', '0'), ('PATH', '/opt/ros/humble/bin:/usr/local/sbin:/usr/local/bin:/usr/sbin:/usr/bin:/sbin:/bin:/usr/games:/usr/local/games:/snap/bin:/snap/bin'), ('SESSION_MANAGER', 'local/KPLNB151:@/tmp/.ICE-unix/1671,unix/KPLNB151:/tmp/.ICE-unix/1671'), ('INVOCATION_ID', '08e038dd9b564bc1a1c69d6c854f79e8'), ('XDG_MENU_PREFIX', 'gnome-'), ('LC_ADDRESS', 'zh_CN.UTF-8'), ('GNOME_SETUP_DISPLAY', ':1'), ('XDG_RUNTIME_DIR', '/run/user/1000'), ('DISPLAY', ':0'), ('TERMINATOR_DBUS_PATH', '/net/tenshu/Terminator2'), ('LANG', 'en_US.UTF-8'), ('XDG_CURRENT_DESKTOP', 'ubuntu:GNOME'), ('IBUS_DISABLE_SNOOPER', '1'), ('LC_TELEPHONE', 'zh_CN.UTF-8'), ('XMODIFIERS', '@im=ibus'), ('XDG_SESSION_DESKTOP', 'ubuntu'), ('XAUTHORITY', '/run/user/1000/.mutter-Xwaylandauth.QUXZT3'), ('LS_COLORS', 'rs=0:di=01;34:ln=01;36:mh=00:pi=40;33:so=01;35:do=01;35:bd=40;33;01:cd=40;33;01:or=40;31;01:mi=00:su=37;41:sg=30;43:ca=30;41:tw=30;42:ow=34;42:st=37;44:ex=01;32:*.tar=01;31:*.tgz=01;31:*.arc=01;31:*.arj=01;31:*.taz=01;31:*.lha=01;31:*.lz4=01;31:*.lzh=01;31:*.lzma=01;31:*.tlz=01;31:*.txz=01;31:*.tzo=01;31:*.t7z=01;31:*.zip=01;31:*.z=01;31:*.dz=01;31:*.gz=01;31:*.lrz=01;31:*.lz=01;31:*.lzo=01;31:*.xz=01;31:*.zst=01;31:*.tzst=01;31:*.bz2=01;31:*.bz=01;31:*.tbz=01;31:*.tbz2=01;31:*.tz=01;31:*.deb=01;31:*.rpm=01;31:*.jar=01;31:*.war=01;31:*.ear=01;31:*.sar=01;31:*.rar=01;31:*.alz=01;31:*.ace=01;31:*.zoo=01;31:*.cpio=01;31:*.7z=01;31:*.rz=01;31:*.cab=01;31:*.wim=01;31:*.swm=01;31:*.dwm=01;31:*.esd=01;31:*.jpg=01;35:*.jpeg=01;35:*.mjpg=01;35:*.mjpeg=01;35:*.gif=01;35:*.bmp=01;35:*.pbm=01;35:*.pgm=01;35:*.ppm=01;35:*.tga=01;35:*.xbm=01;35:*.xpm=01;35:*.tif=01;35:*.tiff=01;35:*.png=01;35:*.svg=01;35:*.svgz=01;35:*.mng=01;35:*.pcx=01;35:*.mov=01;35:*.mpg=01;35:*.mpeg=01;35:*.m2v=01;35:*.mkv=01;35:*.webm=01;35:*.webp=01;35:*.ogm=01;35:*.mp4=01;35:*.m4v=01;35:*.mp4v=01;35:*.vob=01;35:*.qt=01;35:*.nuv=01;35:*.wmv=01;35:*.asf=01;35:*.rm=01;35:*.rmvb=01;35:*.flc=01;35:*.avi=01;35:*.fli=01;35:*.flv=01;35:*.gl=01;35:*.dl=01;35:*.xcf=01;35:*.xwd=01;35:*.yuv=01;35:*.cgm=01;35:*.emf=01;35:*.ogv=01;35:*.ogx=01;35:*.aac=00;36:*.au=00;36:*.flac=00;36:*.m4a=00;36:*.mid=00;36:*.midi=00;36:*.mka=00;36:*.mp3=00;36:*.mpc=00;36:*.ogg=00;36:*.ra=00;36:*.wav=00;36:*.oga=00;36:*.opus=00;36:*.spx=00;36:*.xspf=00;36:'), ('SSH_AGENT_LAUNCHER', 'gnome-keyring'), ('SSH_AUTH_SOCK', '/run/user/1000/keyring/ssh'), ('AMENT_PREFIX_PATH', '/opt/ros/humble'), ('SHELL', '/bin/bash'), ('LC_NAME', 'zh_CN.UTF-8'), ('TERMINATOR_UUID', 'urn:uuid:b86bba3a-1334-41a8-8474-87f2497b53a7'), ('QT_ACCESSIBILITY', '1'), ('GDMSESSION', 'ubuntu'), ('LESSCLOSE', '/usr/bin/lesspipe %s %s'), ('LC_MEASUREMENT', 'zh_CN.UTF-8'), ('GJS_DEBUG_OUTPUT', 'stderr'), ('LC_IDENTIFICATION', 'zh_CN.UTF-8'), ('QT_IM_MODULE', 'ibus'), ('PWD', '/home/kepler/Documents/Codex/2026-08-14/microsoft-visual-studio-code-stable-vs/outputs/lightning_lm_ws/build/lightning'), ('LC_ALL', 'en_US.UTF-8'), ('XDG_CONFIG_DIRS', '/etc/xdg/xdg-ubuntu:/etc/xdg'), ('XDG_DATA_DIRS', '/usr/share/ubuntu:/usr/local/share/:/usr/share/:/var/lib/snapd/desktop'), ('PYTHONPATH', '/opt/ros/humble/lib/python3.10/site-packages:/opt/ros/humble/local/lib/python3.10/dist-packages'), ('LC_NUMERIC', 'zh_CN.UTF-8'), ('LC_PAPER', 'zh_CN.UTF-8'), ('COLCON', '1'), ('VTE_VERSION', '6800'), ('CMAKE_PREFIX_PATH', '/opt/ros/humble')]), 'shell': False}
[0.099951] (-) TimerEvent: {}
[0.109056] (lightning) StdoutLine: {'line': b'[  1%] Built target lightning__rs\n'}
[0.138188] (lightning) StdoutLine: {'line': b'[  4%] Built target lightning__rosidl_generator_c\n'}
[0.168656] (lightning) StdoutLine: {'line': b'[  7%] Built target lightning__rosidl_typesupport_fastrtps_c\n'}
[0.187821] (lightning) StdoutLine: {'line': b'[  8%] Built target lightning__cpp\n'}
[0.200136] (-) TimerEvent: {}
[0.216390] (lightning) StdoutLine: {'line': b'[ 11%] Built target lightning__rosidl_typesupport_fastrtps_cpp\n'}
[0.239831] (lightning) StdoutLine: {'line': b'[ 14%] Built target lightning__rosidl_typesupport_introspection_c\n'}
[0.265147] (lightning) StdoutLine: {'line': b'[ 17%] Built target lightning__rosidl_typesupport_c\n'}
[0.292872] (lightning) StdoutLine: {'line': b'[ 20%] Built target lightning__rosidl_typesupport_introspection_cpp\n'}
[0.300321] (-) TimerEvent: {}
[0.321765] (lightning) StdoutLine: {'line': b'[ 23%] Built target lightning__rosidl_typesupport_cpp\n'}
[0.339621] (lightning) StdoutLine: {'line': b'[ 23%] Built target lightning\n'}
[0.366046] (lightning) StdoutLine: {'line': b'[ 23%] Built target ament_cmake_python_symlink_lightning\n'}
[0.400409] (-) TimerEvent: {}
[0.500716] (-) TimerEvent: {}
[0.515019] (lightning) StdoutLine: {'line': b'running egg_info\n'}
[0.515419] (lightning) StdoutLine: {'line': b'writing lightning.egg-info/PKG-INFO\n'}
[0.515507] (lightning) StdoutLine: {'line': b'writing dependency_links to lightning.egg-info/dependency_links.txt\n'}
[0.515673] (lightning) StdoutLine: {'line': b'writing top-level names to lightning.egg-info/top_level.txt\n'}
[0.517249] (lightning) StdoutLine: {'line': b"reading manifest file 'lightning.egg-info/SOURCES.txt'\n"}
[0.517606] (lightning) StdoutLine: {'line': b"writing manifest file 'lightning.egg-info/SOURCES.txt'\n"}
[0.535711] (lightning) StdoutLine: {'line': b'[ 23%] Built target ament_cmake_python_build_lightning_egg\n'}
[0.558765] (lightning) StdoutLine: {'line': b'[ 24%] Built target lightning__py\n'}
[0.590049] (lightning) StdoutLine: {'line': b'[ 26%] Built target lightning__rosidl_generator_py\n'}
[0.600831] (-) TimerEvent: {}
[0.617402] (lightning) StdoutLine: {'line': b'[ 27%] Built target lightning__rosidl_typesupport_fastrtps_c__pyext\n'}
[0.645125] (lightning) StdoutLine: {'line': b'[ 28%] Built target lightning__rosidl_typesupport_introspection_c__pyext\n'}
[0.674231] (lightning) StdoutLine: {'line': b'[ 29%] Built target lightning__rosidl_typesupport_c__pyext\n'}
[0.699645] (lightning) StdoutLine: {'line': b'[ 29%] Built target livox_interfaces2__rs\n'}
[0.700960] (-) TimerEvent: {}
[0.727447] (lightning) StdoutLine: {'line': b'[ 32%] Built target livox_interfaces2__rosidl_generator_c\n'}
[0.755002] (lightning) StdoutLine: {'line': b'[ 35%] Built target livox_interfaces2__rosidl_typesupport_fastrtps_c\n'}
[0.779663] (lightning) StdoutLine: {'line': b'[ 36%] Built target livox_interfaces2__cpp\n'}
[0.801128] (-) TimerEvent: {}
[0.809247] (lightning) StdoutLine: {'line': b'[ 39%] Built target livox_interfaces2__rosidl_typesupport_fastrtps_cpp\n'}
[0.836413] (lightning) StdoutLine: {'line': b'[ 42%] Built target livox_interfaces2__rosidl_typesupport_introspection_c\n'}
[0.864563] (lightning) StdoutLine: {'line': b'[ 45%] Built target livox_interfaces2__rosidl_typesupport_c\n'}
[0.892510] (lightning) StdoutLine: {'line': b'[ 48%] Built target livox_interfaces2__rosidl_typesupport_introspection_cpp\n'}
[0.901236] (-) TimerEvent: {}
[0.919306] (lightning) StdoutLine: {'line': b'[ 51%] Built target livox_interfaces2__rosidl_typesupport_cpp\n'}
[0.942341] (lightning) StdoutLine: {'line': b'[ 51%] Built target livox_interfaces2\n'}
[0.978076] (lightning) StdoutLine: {'line': b'[ 51%] Built target ament_cmake_python_symlink_livox_ros_driver2\n'}
[1.001372] (-) TimerEvent: {}
[1.101776] (-) TimerEvent: {}
[1.133438] (lightning) StderrLine: {'line': b"/usr/lib/python3/dist-packages/setuptools/dist.py:507: UserWarning: The version specified ('') is an invalid version, this may not work as expected with newer versions of setuptools, pip, and PyPI. Please see PEP 440 for more details.\n"}
[1.133609] (lightning) StderrLine: {'line': b'  warnings.warn(\n'}
[1.134737] (lightning) StdoutLine: {'line': b'running egg_info\n'}
[1.135226] (lightning) StdoutLine: {'line': b'writing livox_ros_driver2.egg-info/PKG-INFO\n'}
[1.135374] (lightning) StdoutLine: {'line': b'writing dependency_links to livox_ros_driver2.egg-info/dependency_links.txt\n'}
[1.135537] (lightning) StdoutLine: {'line': b'writing top-level names to livox_ros_driver2.egg-info/top_level.txt\n'}
[1.136662] (lightning) StdoutLine: {'line': b"reading manifest file 'livox_ros_driver2.egg-info/SOURCES.txt'\n"}
[1.137160] (lightning) StdoutLine: {'line': b"writing manifest file 'livox_ros_driver2.egg-info/SOURCES.txt'\n"}
[1.155230] (lightning) StdoutLine: {'line': b'[ 51%] Built target ament_cmake_python_build_livox_ros_driver2_egg\n'}
[1.175736] (lightning) StdoutLine: {'line': b'[ 51%] Built target livox_interfaces2__py\n'}
[1.201965] (-) TimerEvent: {}
[1.203631] (lightning) StdoutLine: {'line': b'[ 53%] Built target livox_interfaces2__rosidl_generator_py\n'}
[1.230519] (lightning) StdoutLine: {'line': b'[ 54%] Built target livox_ros_driver2__rosidl_typesupport_fastrtps_c__pyext\n'}
[1.258016] (lightning) StdoutLine: {'line': b'[ 56%] Built target livox_ros_driver2__rosidl_typesupport_introspection_c__pyext\n'}
[1.286440] (lightning) StdoutLine: {'line': b'[ 58%] Built target livox_ros_driver2__rosidl_typesupport_c__pyext\n'}
[1.302144] (-) TimerEvent: {}
[1.321440] (lightning) StdoutLine: {'line': b'[ 59%] Built target miao.utils\n'}
[1.360574] (lightning) StdoutLine: {'line': b'[ 66%] Built target miao.core\n'}
[1.402356] (-) TimerEvent: {}
[1.467981] (lightning) StdoutLine: {'line': b'[ 67%] \x1b[32mBuilding CXX object src/CMakeFiles/lightning.libs.dir/common/params.cc.o\x1b[0m\n'}
[1.502515] (-) TimerEvent: {}
[1.602897] (-) TimerEvent: {}
[1.703230] (-) TimerEvent: {}
[1.803547] (-) TimerEvent: {}
[1.903863] (-) TimerEvent: {}
[2.004191] (-) TimerEvent: {}
[2.104506] (-) TimerEvent: {}
[2.204837] (-) TimerEvent: {}
[2.305146] (-) TimerEvent: {}
[2.405429] (-) TimerEvent: {}
[2.505729] (-) TimerEvent: {}
[2.606053] (-) TimerEvent: {}
[2.706430] (-) TimerEvent: {}
[2.806737] (-) TimerEvent: {}
[2.907046] (-) TimerEvent: {}
[3.007426] (-) TimerEvent: {}
[3.107676] (-) TimerEvent: {}
[3.207908] (-) TimerEvent: {}
[3.308206] (-) TimerEvent: {}
[3.408485] (-) TimerEvent: {}
[3.508706] (-) TimerEvent: {}
[3.608941] (-) TimerEvent: {}
[3.709178] (-) TimerEvent: {}
[3.809491] (-) TimerEvent: {}
[3.909774] (-) TimerEvent: {}
[4.010001] (-) TimerEvent: {}
[4.110274] (-) TimerEvent: {}
[4.210559] (-) TimerEvent: {}
[4.310815] (-) TimerEvent: {}
[4.411112] (-) TimerEvent: {}
[4.511389] (-) TimerEvent: {}
[4.611618] (-) TimerEvent: {}
[4.711943] (-) TimerEvent: {}
[4.715386] (lightning) StderrLine: {'line': b'In file included from \x1b[01m\x1b[K/home/kepler/Documents/Codex/2026-08-14/microsoft-visual-studio-code-stable-vs/outputs/lightning_lm_ws/src/lightning-lm/src/core/lightning_math.hpp:22\x1b[m\x1b[K,\n'}
[4.715503] (lightning) StderrLine: {'line': b'                 from \x1b[01m\x1b[K/home/kepler/Documents/Codex/2026-08-14/microsoft-visual-studio-code-stable-vs/outputs/lightning_lm_ws/src/lightning-lm/src/common/params.cc:6\x1b[m\x1b[K:\n'}
[4.715553] (lightning) StderrLine: {'line': b'\x1b[01m\x1b[K/home/kepler/Documents/Codex/2026-08-14/microsoft-visual-studio-code-stable-vs/outputs/lightning_lm_ws/src/lightning-lm/src/common/options.h:\x1b[m\x1b[K In function \xe2\x80\x98\x1b[01m\x1b[Kvoid lightning::debug::SigHandle(int)\x1b[m\x1b[K\xe2\x80\x99:\n'}
[4.715588] (lightning) StderrLine: {'line': b'\x1b[01m\x1b[K/home/kepler/Documents/Codex/2026-08-14/microsoft-visual-studio-code-stable-vs/outputs/lightning_lm_ws/src/lightning-lm/src/common/options.h:27:27:\x1b[m\x1b[K \x1b[01;35m\x1b[Kwarning: \x1b[m\x1b[Kunused parameter \xe2\x80\x98\x1b[01m\x1b[Ksig\x1b[m\x1b[K\xe2\x80\x99 [\x1b[01;35m\x1b[K\x1b]8;;https://gcc.gnu.org/onlinedocs/gcc/Warning-Options.html#index-Wunused-parameter\x07-Wunused-parameter\x1b]8;;\x07\x1b[m\x1b[K]\n'}
[4.715623] (lightning) StderrLine: {'line': b'   27 | inline void SigHandle(\x1b[01;35m\x1b[Kint sig\x1b[m\x1b[K) {\n'}
[4.715652] (lightning) StderrLine: {'line': b'      |                       \x1b[01;35m\x1b[K~~~~^~~\x1b[m\x1b[K\n'}
[4.812046] (-) TimerEvent: {}
[4.912304] (-) TimerEvent: {}
[5.012529] (-) TimerEvent: {}
[5.112789] (-) TimerEvent: {}
[5.213018] (-) TimerEvent: {}
[5.313276] (-) TimerEvent: {}
[5.413572] (-) TimerEvent: {}
[5.513829] (-) TimerEvent: {}
[5.614105] (-) TimerEvent: {}
[5.714323] (-) TimerEvent: {}
[5.814599] (-) TimerEvent: {}
[5.914896] (-) TimerEvent: {}
[6.015203] (-) TimerEvent: {}
[6.115447] (-) TimerEvent: {}
[6.215722] (-) TimerEvent: {}
[6.316024] (-) TimerEvent: {}
[6.416286] (-) TimerEvent: {}
[6.516574] (-) TimerEvent: {}
[6.616872] (-) TimerEvent: {}
[6.717135] (-) TimerEvent: {}
[6.817414] (-) TimerEvent: {}
[6.917710] (-) TimerEvent: {}
[7.017945] (-) TimerEvent: {}
[7.118261] (-) TimerEvent: {}
[7.218505] (-) TimerEvent: {}
[7.318761] (-) TimerEvent: {}
[7.418995] (-) TimerEvent: {}
[7.519290] (-) TimerEvent: {}
[7.619571] (-) TimerEvent: {}
[7.719842] (-) TimerEvent: {}
[7.820104] (-) TimerEvent: {}
[7.920352] (-) TimerEvent: {}
[8.020610] (-) TimerEvent: {}
[8.120910] (-) TimerEvent: {}
[8.221184] (-) TimerEvent: {}
[8.321501] (-) TimerEvent: {}
[8.421764] (-) TimerEvent: {}
[8.522038] (-) TimerEvent: {}
[8.622449] (-) TimerEvent: {}
[8.722690] (-) TimerEvent: {}
[8.822962] (-) TimerEvent: {}
[8.923258] (-) TimerEvent: {}
[9.023502] (-) TimerEvent: {}
[9.123736] (-) TimerEvent: {}
[9.223958] (-) TimerEvent: {}
[9.324228] (-) TimerEvent: {}
[9.424449] (-) TimerEvent: {}
[9.462935] (lightning) StdoutLine: {'line': b'[ 68%] \x1b[32mBuilding CXX object src/CMakeFiles/lightning.libs.dir/core/lio/eskf.cc.o\x1b[0m\n'}
[9.524588] (-) TimerEvent: {}
[9.624779] (-) TimerEvent: {}
[9.725057] (-) TimerEvent: {}
[9.825288] (-) TimerEvent: {}
[9.925578] (-) TimerEvent: {}
[10.025919] (-) TimerEvent: {}
[10.126166] (-) TimerEvent: {}
[10.226377] (-) TimerEvent: {}
[10.326588] (-) TimerEvent: {}
[10.426823] (-) TimerEvent: {}
[10.527112] (-) TimerEvent: {}
[10.627365] (-) TimerEvent: {}
[10.727618] (-) TimerEvent: {}
[10.827885] (-) TimerEvent: {}
[10.928194] (-) TimerEvent: {}
[11.028472] (-) TimerEvent: {}
[11.128753] (-) TimerEvent: {}
[11.228998] (-) TimerEvent: {}
[11.329234] (-) TimerEvent: {}
[11.429516] (-) TimerEvent: {}
[11.529777] (-) TimerEvent: {}
[11.630010] (-) TimerEvent: {}
[11.730287] (-) TimerEvent: {}
[11.830591] (-) TimerEvent: {}
[11.930887] (-) TimerEvent: {}
[12.031125] (-) TimerEvent: {}
[12.131406] (-) TimerEvent: {}
[12.231666] (-) TimerEvent: {}
[12.331892] (-) TimerEvent: {}
[12.432153] (-) TimerEvent: {}
[12.532431] (-) TimerEvent: {}
[12.632777] (-) TimerEvent: {}
[12.732998] (-) TimerEvent: {}
[12.772922] (lightning) StderrLine: {'line': b'In file included from \x1b[01m\x1b[K/home/kepler/Documents/Codex/2026-08-14/microsoft-visual-studio-code-stable-vs/outputs/lightning_lm_ws/src/lightning-lm/src/core/lightning_math.hpp:22\x1b[m\x1b[K,\n'}
[12.773068] (lightning) StderrLine: {'line': b'                 from \x1b[01m\x1b[K/home/kepler/Documents/Codex/2026-08-14/microsoft-visual-studio-code-stable-vs/outputs/lightning_lm_ws/src/lightning-lm/src/core/lio/eskf.cc:6\x1b[m\x1b[K:\n'}
[12.773115] (lightning) StderrLine: {'line': b'\x1b[01m\x1b[K/home/kepler/Documents/Codex/2026-08-14/microsoft-visual-studio-code-stable-vs/outputs/lightning_lm_ws/src/lightning-lm/src/common/options.h:\x1b[m\x1b[K In function \xe2\x80\x98\x1b[01m\x1b[Kvoid lightning::debug::SigHandle(int)\x1b[m\x1b[K\xe2\x80\x99:\n'}
[12.773147] (lightning) StderrLine: {'line': b'\x1b[01m\x1b[K/home/kepler/Documents/Codex/2026-08-14/microsoft-visual-studio-code-stable-vs/outputs/lightning_lm_ws/src/lightning-lm/src/common/options.h:27:27:\x1b[m\x1b[K \x1b[01;35m\x1b[Kwarning: \x1b[m\x1b[Kunused parameter \xe2\x80\x98\x1b[01m\x1b[Ksig\x1b[m\x1b[K\xe2\x80\x99 [\x1b[01;35m\x1b[K\x1b]8;;https://gcc.gnu.org/onlinedocs/gcc/Warning-Options.html#index-Wunused-parameter\x07-Wunused-parameter\x1b]8;;\x07\x1b[m\x1b[K]\n'}
[12.773181] (lightning) StderrLine: {'line': b'   27 | inline void SigHandle(\x1b[01;35m\x1b[Kint sig\x1b[m\x1b[K) {\n'}
[12.773210] (lightning) StderrLine: {'line': b'      |                       \x1b[01;35m\x1b[K~~~~^~~\x1b[m\x1b[K\n'}
[12.833095] (-) TimerEvent: {}
[12.933353] (-) TimerEvent: {}
[13.033616] (-) TimerEvent: {}
[13.066481] (lightning) StderrLine: {'line': b'\x1b[01m\x1b[K/home/kepler/Documents/Codex/2026-08-14/microsoft-visual-studio-code-stable-vs/outputs/lightning_lm_ws/src/lightning-lm/src/core/lio/eskf.cc:\x1b[m\x1b[K In member function \xe2\x80\x98\x1b[01m\x1b[Kvoid lightning::ESKF::Predict(const double&, const ProcessNoiseType&, const Vec3d&, const Vec3d&)\x1b[m\x1b[K\xe2\x80\x99:\n'}
[13.066624] (lightning) StderrLine: {'line': b'\x1b[01m\x1b[K/home/kepler/Documents/Codex/2026-08-14/microsoft-visual-studio-code-stable-vs/outputs/lightning_lm_ws/src/lightning-lm/src/core/lio/eskf.cc:45:14:\x1b[m\x1b[K \x1b[01;35m\x1b[Kwarning: \x1b[m\x1b[Kvariable \xe2\x80\x98\x1b[01m\x1b[Kx_before\x1b[m\x1b[K\xe2\x80\x99 set but not used [\x1b[01;35m\x1b[K\x1b]8;;https://gcc.gnu.org/onlinedocs/gcc/Warning-Options.html#index-Wunused-but-set-variable\x07-Wunused-but-set-variable\x1b]8;;\x07\x1b[m\x1b[K]\n'}
[13.066664] (lightning) StderrLine: {'line': b'   45 |     NavState \x1b[01;35m\x1b[Kx_before\x1b[m\x1b[K = x_;\n'}
[13.066696] (lightning) StderrLine: {'line': b'      |              \x1b[01;35m\x1b[K^~~~~~~~\x1b[m\x1b[K\n'}
[13.133789] (-) TimerEvent: {}
[13.234113] (-) TimerEvent: {}
[13.334403] (-) TimerEvent: {}
[13.434625] (-) TimerEvent: {}
[13.534876] (-) TimerEvent: {}
[13.635176] (-) TimerEvent: {}
[13.735469] (-) TimerEvent: {}
[13.835735] (-) TimerEvent: {}
[13.936051] (-) TimerEvent: {}
[14.036306] (-) TimerEvent: {}
[14.136654] (-) TimerEvent: {}
[14.236918] (-) TimerEvent: {}
[14.337183] (-) TimerEvent: {}
[14.437449] (-) TimerEvent: {}
[14.537760] (-) TimerEvent: {}
[14.638050] (-) TimerEvent: {}
[14.738347] (-) TimerEvent: {}
[14.838630] (-) TimerEvent: {}
[14.938876] (-) TimerEvent: {}
[15.039173] (-) TimerEvent: {}
[15.139456] (-) TimerEvent: {}
[15.239701] (-) TimerEvent: {}
[15.339984] (-) TimerEvent: {}
[15.440306] (-) TimerEvent: {}
[15.540555] (-) TimerEvent: {}
[15.640786] (-) TimerEvent: {}
[15.741032] (-) TimerEvent: {}
[15.841286] (-) TimerEvent: {}
[15.941505] (-) TimerEvent: {}
[16.041738] (-) TimerEvent: {}
[16.142060] (-) TimerEvent: {}
[16.242339] (-) TimerEvent: {}
[16.342610] (-) TimerEvent: {}
[16.442845] (-) TimerEvent: {}
[16.543101] (-) TimerEvent: {}
[16.643320] (-) TimerEvent: {}
[16.743582] (-) TimerEvent: {}
[16.843829] (-) TimerEvent: {}
[16.944086] (-) TimerEvent: {}
[17.044326] (-) TimerEvent: {}
[17.144592] (-) TimerEvent: {}
[17.244877] (-) TimerEvent: {}
[17.345202] (-) TimerEvent: {}
[17.445524] (-) TimerEvent: {}
[17.545789] (-) TimerEvent: {}
[17.646096] (-) TimerEvent: {}
[17.746383] (-) TimerEvent: {}
[17.846637] (-) TimerEvent: {}
[17.946922] (-) TimerEvent: {}
[18.047221] (-) TimerEvent: {}
[18.147486] (-) TimerEvent: {}
[18.247748] (-) TimerEvent: {}
[18.348042] (-) TimerEvent: {}
[18.448328] (-) TimerEvent: {}
[18.548641] (-) TimerEvent: {}
[18.648928] (-) TimerEvent: {}
[18.749180] (-) TimerEvent: {}
[18.849451] (-) TimerEvent: {}
[18.949707] (-) TimerEvent: {}
[19.049986] (-) TimerEvent: {}
[19.150273] (-) TimerEvent: {}
[19.250574] (-) TimerEvent: {}
[19.350826] (-) TimerEvent: {}
[19.451084] (-) TimerEvent: {}
[19.551396] (-) TimerEvent: {}
[19.651676] (-) TimerEvent: {}
[19.751965] (-) TimerEvent: {}
[19.852197] (-) TimerEvent: {}
[19.952473] (-) TimerEvent: {}
[20.052782] (-) TimerEvent: {}
[20.153087] (-) TimerEvent: {}
[20.253315] (-) TimerEvent: {}
[20.353574] (-) TimerEvent: {}
[20.453831] (-) TimerEvent: {}
[20.554053] (-) TimerEvent: {}
[20.654351] (-) TimerEvent: {}
[20.754640] (-) TimerEvent: {}
[20.854909] (-) TimerEvent: {}
[20.955185] (-) TimerEvent: {}
[21.055431] (-) TimerEvent: {}
[21.155690] (-) TimerEvent: {}
[21.256005] (-) TimerEvent: {}
[21.356286] (-) TimerEvent: {}
[21.456621] (-) TimerEvent: {}
[21.556889] (-) TimerEvent: {}
[21.657266] (-) TimerEvent: {}
[21.757568] (-) TimerEvent: {}
[21.857849] (-) TimerEvent: {}
[21.958110] (-) TimerEvent: {}
[22.058348] (-) TimerEvent: {}
[22.158653] (-) TimerEvent: {}
[22.258920] (-) TimerEvent: {}
[22.359152] (-) TimerEvent: {}
[22.459435] (-) TimerEvent: {}
[22.559722] (-) TimerEvent: {}
[22.660025] (-) TimerEvent: {}
[22.760285] (-) TimerEvent: {}
[22.860527] (-) TimerEvent: {}
[22.960765] (-) TimerEvent: {}
[23.061064] (-) TimerEvent: {}
[23.161379] (-) TimerEvent: {}
[23.261606] (-) TimerEvent: {}
[23.361849] (-) TimerEvent: {}
[23.462095] (-) TimerEvent: {}
[23.562319] (-) TimerEvent: {}
[23.662590] (-) TimerEvent: {}
[23.762898] (-) TimerEvent: {}
[23.863183] (-) TimerEvent: {}
[23.963447] (-) TimerEvent: {}
[24.063728] (-) TimerEvent: {}
[24.163996] (-) TimerEvent: {}
[24.264235] (-) TimerEvent: {}
[24.364473] (-) TimerEvent: {}
[24.464728] (-) TimerEvent: {}
[24.565123] (-) TimerEvent: {}
[24.665431] (-) TimerEvent: {}
[24.765709] (-) TimerEvent: {}
[24.865980] (-) TimerEvent: {}
[24.966298] (-) TimerEvent: {}
[25.066596] (-) TimerEvent: {}
[25.166812] (-) TimerEvent: {}
[25.267084] (-) TimerEvent: {}
[25.367343] (-) TimerEvent: {}
[25.467596] (-) TimerEvent: {}
[25.567850] (-) TimerEvent: {}
[25.668105] (-) TimerEvent: {}
[25.768349] (-) TimerEvent: {}
[25.868580] (-) TimerEvent: {}
[25.968847] (-) TimerEvent: {}
[26.069156] (-) TimerEvent: {}
[26.169444] (-) TimerEvent: {}
[26.269749] (-) TimerEvent: {}
[26.369990] (-) TimerEvent: {}
[26.470221] (-) TimerEvent: {}
[26.570503] (-) TimerEvent: {}
[26.670746] (-) TimerEvent: {}
[26.771061] (-) TimerEvent: {}
[26.871293] (-) TimerEvent: {}
[26.971550] (-) TimerEvent: {}
[27.071800] (-) TimerEvent: {}
[27.172086] (-) TimerEvent: {}
[27.272340] (-) TimerEvent: {}
[27.372646] (-) TimerEvent: {}
[27.472978] (-) TimerEvent: {}
[27.573256] (-) TimerEvent: {}
[27.673511] (-) TimerEvent: {}
[27.773787] (-) TimerEvent: {}
[27.874020] (-) TimerEvent: {}
[27.974250] (-) TimerEvent: {}
[28.074501] (-) TimerEvent: {}
[28.174750] (-) TimerEvent: {}
[28.274985] (-) TimerEvent: {}
[28.375264] (-) TimerEvent: {}
[28.475610] (-) TimerEvent: {}
[28.575874] (-) TimerEvent: {}
[28.676115] (-) TimerEvent: {}
[28.776337] (-) TimerEvent: {}
[28.876596] (-) TimerEvent: {}
[28.976851] (-) TimerEvent: {}
[29.077080] (-) TimerEvent: {}
[29.177349] (-) TimerEvent: {}
[29.277615] (-) TimerEvent: {}
[29.377839] (-) TimerEvent: {}
[29.478065] (-) TimerEvent: {}
[29.578276] (-) TimerEvent: {}
[29.678534] (-) TimerEvent: {}
[29.778757] (-) TimerEvent: {}
[29.879022] (-) TimerEvent: {}
[29.979275] (-) TimerEvent: {}
[30.079545] (-) TimerEvent: {}
[30.120860] (lightning) StdoutLine: {'line': b'[ 69%] \x1b[32mBuilding CXX object src/CMakeFiles/lightning.libs.dir/core/lio/laser_mapping.cc.o\x1b[0m\n'}
[30.179671] (-) TimerEvent: {}
[30.279951] (-) TimerEvent: {}
[30.380431] (-) TimerEvent: {}
[30.480712] (-) TimerEvent: {}
[30.580980] (-) TimerEvent: {}
[30.681348] (-) TimerEvent: {}
[30.781535] (-) TimerEvent: {}
[30.881720] (-) TimerEvent: {}
[30.981968] (-) TimerEvent: {}
[31.082226] (-) TimerEvent: {}
[31.182484] (-) TimerEvent: {}
[31.282745] (-) TimerEvent: {}
[31.383033] (-) TimerEvent: {}
[31.483315] (-) TimerEvent: {}
[31.583600] (-) TimerEvent: {}
[31.683878] (-) TimerEvent: {}
[31.784142] (-) TimerEvent: {}
[31.884430] (-) TimerEvent: {}
[31.984678] (-) TimerEvent: {}
[32.084923] (-) TimerEvent: {}
[32.185191] (-) TimerEvent: {}
[32.285435] (-) TimerEvent: {}
[32.385657] (-) TimerEvent: {}
[32.485933] (-) TimerEvent: {}
[32.586194] (-) TimerEvent: {}
[32.686460] (-) TimerEvent: {}
[32.786719] (-) TimerEvent: {}
[32.886938] (-) TimerEvent: {}
[32.987286] (-) TimerEvent: {}
[33.087535] (-) TimerEvent: {}
[33.187766] (-) TimerEvent: {}
[33.288054] (-) TimerEvent: {}
[33.388329] (-) TimerEvent: {}
[33.488584] (-) TimerEvent: {}
[33.511040] (lightning) StderrLine: {'line': b'In file included from \x1b[01m\x1b[K/home/kepler/Documents/Codex/2026-08-14/microsoft-visual-studio-code-stable-vs/outputs/lightning_lm_ws/src/lightning-lm/src/core/lio/laser_mapping.cc:5\x1b[m\x1b[K:\n'}
[33.511185] (lightning) StderrLine: {'line': b'\x1b[01m\x1b[K/home/kepler/Documents/Codex/2026-08-14/microsoft-visual-studio-code-stable-vs/outputs/lightning_lm_ws/src/lightning-lm/src/common/options.h:\x1b[m\x1b[K In function \xe2\x80\x98\x1b[01m\x1b[Kvoid lightning::debug::SigHandle(int)\x1b[m\x1b[K\xe2\x80\x99:\n'}
[33.511224] (lightning) StderrLine: {'line': b'\x1b[01m\x1b[K/home/kepler/Documents/Codex/2026-08-14/microsoft-visual-studio-code-stable-vs/outputs/lightning_lm_ws/src/lightning-lm/src/common/options.h:27:27:\x1b[m\x1b[K \x1b[01;35m\x1b[Kwarning: \x1b[m\x1b[Kunused parameter \xe2\x80\x98\x1b[01m\x1b[Ksig\x1b[m\x1b[K\xe2\x80\x99 [\x1b[01;35m\x1b[K\x1b]8;;https://gcc.gnu.org/onlinedocs/gcc/Warning-Options.html#index-Wunused-parameter\x07-Wunused-parameter\x1b]8;;\x07\x1b[m\x1b[K]\n'}
[33.511258] (lightning) StderrLine: {'line': b'   27 | inline void SigHandle(\x1b[01;35m\x1b[Kint sig\x1b[m\x1b[K) {\n'}
[33.511289] (lightning) StderrLine: {'line': b'      |                       \x1b[01;35m\x1b[K~~~~^~~\x1b[m\x1b[K\n'}
[33.588708] (-) TimerEvent: {}
[33.688953] (-) TimerEvent: {}
[33.789212] (-) TimerEvent: {}
[33.889459] (-) TimerEvent: {}
[33.989719] (-) TimerEvent: {}
[34.089945] (-) TimerEvent: {}
[34.106019] (lightning) StderrLine: {'line': b'In file included from \x1b[01m\x1b[K/home/kepler/Documents/Codex/2026-08-14/microsoft-visual-studio-code-stable-vs/outputs/lightning_lm_ws/src/lightning-lm/src/core/lio/laser_mapping.h:11\x1b[m\x1b[K,\n'}
[34.106160] (lightning) StderrLine: {'line': b'                 from \x1b[01m\x1b[K/home/kepler/Documents/Codex/2026-08-14/microsoft-visual-studio-code-stable-vs/outputs/lightning_lm_ws/src/lightning-lm/src/core/lio/laser_mapping.cc:7\x1b[m\x1b[K:\n'}
[34.106204] (lightning) StderrLine: {'line': b'\x1b[01m\x1b[K/home/kepler/Documents/Codex/2026-08-14/microsoft-visual-studio-code-stable-vs/outputs/lightning_lm_ws/src/lightning-lm/src/common/keyframe.h:\x1b[m\x1b[K In constructor \xe2\x80\x98\x1b[01m\x1b[Klightning::Keyframe::Keyframe(long unsigned int, lightning::CloudPtr, lightning::NavState)\x1b[m\x1b[K\xe2\x80\x99:\n'}
[34.106245] (lightning) StderrLine: {'line': b'\x1b[01m\x1b[K/home/kepler/Documents/Codex/2026-08-14/microsoft-visual-studio-code-stable-vs/outputs/lightning_lm_ws/src/lightning-lm/src/common/keyframe.h:74:14:\x1b[m\x1b[K \x1b[01;35m\x1b[Kwarning: \x1b[m\x1b[K\xe2\x80\x98\x1b[01m\x1b[Klightning::Keyframe::state_\x1b[m\x1b[K\xe2\x80\x99 will be initialized after [\x1b[01;35m\x1b[K\x1b]8;;https://gcc.gnu.org/onlinedocs/gcc/Warning-Options.html#index-Wreorder\x07-Wreorder\x1b]8;;\x07\x1b[m\x1b[K]\n'}
[34.106281] (lightning) StderrLine: {'line': b'   74 |     NavState \x1b[01;35m\x1b[Kstate_\x1b[m\x1b[K;  // \xe5\x8d\xa1\xe5\xb0\x94\xe6\x9b\xbc\xe6\xbb\xa4\xe6\xb3\xa2\xe5\x99\xa8\xe7\x8a\xb6\xe6\x80\x81\n'}
[34.106316] (lightning) StderrLine: {'line': b'      |              \x1b[01;35m\x1b[K^~~~~~\x1b[m\x1b[K\n'}
[34.106347] (lightning) StderrLine: {'line': b'\x1b[01m\x1b[K/home/kepler/Documents/Codex/2026-08-14/microsoft-visual-studio-code-stable-vs/outputs/lightning_lm_ws/src/lightning-lm/src/common/keyframe.h:71:9:\x1b[m\x1b[K \x1b[01;35m\x1b[Kwarning: \x1b[m\x1b[K  \xe2\x80\x98\x1b[01m\x1b[Klightning::SE3 lightning::Keyframe::pose_lio_\x1b[m\x1b[K\xe2\x80\x99 [\x1b[01;35m\x1b[K\x1b]8;;https://gcc.gnu.org/onlinedocs/gcc/Warning-Options.html#index-Wreorder\x07-Wreorder\x1b]8;;\x07\x1b[m\x1b[K]\n'}
[34.106382] (lightning) StderrLine: {'line': b'   71 |     SE3 \x1b[01;35m\x1b[Kpose_lio_\x1b[m\x1b[K;  // \xe5\x89\x8d\xe7\xab\xaf\xe7\x9a\x84pose\n'}
[34.106412] (lightning) StderrLine: {'line': b'      |         \x1b[01;35m\x1b[K^~~~~~~~~\x1b[m\x1b[K\n'}
[34.106441] (lightning) StderrLine: {'line': b'\x1b[01m\x1b[K/home/kepler/Documents/Codex/2026-08-14/microsoft-visual-studio-code-stable-vs/outputs/lightning_lm_ws/src/lightning-lm/src/common/keyframe.h:22:5:\x1b[m\x1b[K \x1b[01;35m\x1b[Kwarning: \x1b[m\x1b[K  when initialized here [\x1b[01;35m\x1b[K\x1b]8;;https://gcc.gnu.org/onlinedocs/gcc/Warning-Options.html#index-Wreorder\x07-Wreorder\x1b]8;;\x07\x1b[m\x1b[K]\n'}
[34.106477] (lightning) StderrLine: {'line': b'   22 |     \x1b[01;35m\x1b[KKeyframe\x1b[m\x1b[K(unsigned long id, CloudPtr cloud, NavState state)\n'}
[34.106506] (lightning) StderrLine: {'line': b'      |     \x1b[01;35m\x1b[K^~~~~~~~\x1b[m\x1b[K\n'}
[34.190051] (-) TimerEvent: {}
[34.290318] (-) TimerEvent: {}
[34.380303] (lightning) StderrLine: {'line': b'In file included from \x1b[01m\x1b[K/home/kepler/Documents/Codex/2026-08-14/microsoft-visual-studio-code-stable-vs/outputs/lightning_lm_ws/src/lightning-lm/src/core/lio/imu_processing.hpp:18\x1b[m\x1b[K,\n'}
[34.380434] (lightning) StderrLine: {'line': b'                 from \x1b[01m\x1b[K/home/kepler/Documents/Codex/2026-08-14/microsoft-visual-studio-code-stable-vs/outputs/lightning_lm_ws/src/lightning-lm/src/core/lio/laser_mapping.h:15\x1b[m\x1b[K,\n'}
[34.380472] (lightning) StderrLine: {'line': b'                 from \x1b[01m\x1b[K/home/kepler/Documents/Codex/2026-08-14/microsoft-visual-studio-code-stable-vs/outputs/lightning_lm_ws/src/lightning-lm/src/core/lio/laser_mapping.cc:7\x1b[m\x1b[K:\n'}
[34.380502] (lightning) StderrLine: {'line': b'\x1b[01m\x1b[K/home/kepler/Documents/Codex/2026-08-14/microsoft-visual-studio-code-stable-vs/outputs/lightning_lm_ws/src/lightning-lm/src/core/lio/imu_filter.h:\x1b[m\x1b[K In member function \xe2\x80\x98\x1b[01m\x1b[Kdouble lightning::IMUFilter::processAxis(double, std::deque<double>&, int)\x1b[m\x1b[K\xe2\x80\x99:\n'}
[34.380533] (lightning) StderrLine: {'line': b'\x1b[01m\x1b[K/home/kepler/Documents/Codex/2026-08-14/microsoft-visual-studio-code-stable-vs/outputs/lightning_lm_ws/src/lightning-lm/src/core/lio/imu_filter.h:92:28:\x1b[m\x1b[K \x1b[01;35m\x1b[Kwarning: \x1b[m\x1b[Kcomparison of integer expressions of different signedness: \xe2\x80\x98\x1b[01m\x1b[Kstd::deque<double>::size_type\x1b[m\x1b[K\xe2\x80\x99 {aka \xe2\x80\x98\x1b[01m\x1b[Klong unsigned int\x1b[m\x1b[K\xe2\x80\x99} and \xe2\x80\x98\x1b[01m\x1b[Kint\x1b[m\x1b[K\xe2\x80\x99 [\x1b[01;35m\x1b[K\x1b]8;;https://gcc.gnu.org/onlinedocs/gcc/Warning-Options.html#index-Wsign-compare\x07-Wsign-compare\x1b]8;;\x07\x1b[m\x1b[K]\n'}
[34.380564] (lightning) StderrLine: {'line': b'   92 |         if (\x1b[01;35m\x1b[Khistory.size() >= config_.median_window_size\x1b[m\x1b[K && sample_count_ > 100) {\n'}
[34.380593] (lightning) StderrLine: {'line': b'      |             \x1b[01;35m\x1b[K~~~~~~~~~~~~~~~^~~~~~~~~~~~~~~~~~~~~~~~~~~~~\x1b[m\x1b[K\n'}
[34.380620] (lightning) StderrLine: {'line': b'\x1b[01m\x1b[K/home/kepler/Documents/Codex/2026-08-14/microsoft-visual-studio-code-stable-vs/outputs/lightning_lm_ws/src/lightning-lm/src/core/lio/imu_filter.h:\x1b[m\x1b[K In member function \xe2\x80\x98\x1b[01m\x1b[Kvoid lightning::IMUFilter::updateBuffer(const lightning::IMU&)\x1b[m\x1b[K\xe2\x80\x99:\n'}
[34.380657] (lightning) StderrLine: {'line': b'\x1b[01m\x1b[K/home/kepler/Documents/Codex/2026-08-14/microsoft-visual-studio-code-stable-vs/outputs/lightning_lm_ws/src/lightning-lm/src/core/lio/imu_filter.h:114:39:\x1b[m\x1b[K \x1b[01;35m\x1b[Kwarning: \x1b[m\x1b[Kcomparison of integer expressions of different signedness: \xe2\x80\x98\x1b[01m\x1b[Kstd::deque<double>::size_type\x1b[m\x1b[K\xe2\x80\x99 {aka \xe2\x80\x98\x1b[01m\x1b[Klong unsigned int\x1b[m\x1b[K\xe2\x80\x99} and \xe2\x80\x98\x1b[01m\x1b[Kint\x1b[m\x1b[K\xe2\x80\x99 [\x1b[01;35m\x1b[K\x1b]8;;https://gcc.gnu.org/onlinedocs/gcc/Warning-Options.html#index-Wsign-compare\x07-Wsign-compare\x1b]8;;\x07\x1b[m\x1b[K]\n'}
[34.380694] (lightning) StderrLine: {'line': b'  114 |         while (\x1b[01;35m\x1b[Kgyro_x_history_.size() > max_history\x1b[m\x1b[K) {\n'}
[34.380721] (lightning) StderrLine: {'line': b'      |                \x1b[01;35m\x1b[K~~~~~~~~~~~~~~~~~~~~~~~^~~~~~~~~~~~~\x1b[m\x1b[K\n'}
[34.380746] (lightning) StderrLine: {'line': b'\x1b[01m\x1b[K/home/kepler/Documents/Codex/2026-08-14/microsoft-visual-studio-code-stable-vs/outputs/lightning_lm_ws/src/lightning-lm/src/core/lio/imu_filter.h:\x1b[m\x1b[K In member function \xe2\x80\x98\x1b[01m\x1b[Kdouble lightning::IMUFilter::detectAndRemoveSpike(double, std::deque<double>&, int)\x1b[m\x1b[K\xe2\x80\x99:\n'}
[34.380773] (lightning) StderrLine: {'line': b'\x1b[01m\x1b[K/home/kepler/Documents/Codex/2026-08-14/microsoft-visual-studio-code-stable-vs/outputs/lightning_lm_ws/src/lightning-lm/src/core/lio/imu_filter.h:123:28:\x1b[m\x1b[K \x1b[01;35m\x1b[Kwarning: \x1b[m\x1b[Kcomparison of integer expressions of different signedness: \xe2\x80\x98\x1b[01m\x1b[Kstd::deque<double>::size_type\x1b[m\x1b[K\xe2\x80\x99 {aka \xe2\x80\x98\x1b[01m\x1b[Klong unsigned int\x1b[m\x1b[K\xe2\x80\x99} and \xe2\x80\x98\x1b[01m\x1b[Kint\x1b[m\x1b[K\xe2\x80\x99 [\x1b[01;35m\x1b[K\x1b]8;;https://gcc.gnu.org/onlinedocs/gcc/Warning-Options.html#index-Wsign-compare\x07-Wsign-compare\x1b]8;;\x07\x1b[m\x1b[K]\n'}
[34.380800] (lightning) StderrLine: {'line': b'  123 |         if (\x1b[01;35m\x1b[Khistory.size() < config_.median_window_size\x1b[m\x1b[K) {\n'}
[34.380828] (lightning) StderrLine: {'line': b'      |             \x1b[01;35m\x1b[K~~~~~~~~~~~~~~~^~~~~~~~~~~~~~~~~~~~~~~~~~~~\x1b[m\x1b[K\n'}
[34.381204] (lightning) StderrLine: {'line': b'In file included from \x1b[01m\x1b[K/home/kepler/Documents/Codex/2026-08-14/microsoft-visual-studio-code-stable-vs/outputs/lightning_lm_ws/src/lightning-lm/src/core/lio/imu_processing.hpp:18\x1b[m\x1b[K,\n'}
[34.381282] (lightning) StderrLine: {'line': b'                 from \x1b[01m\x1b[K/home/kepler/Documents/Codex/2026-08-14/microsoft-visual-studio-code-stable-vs/outputs/lightning_lm_ws/src/lightning-lm/src/core/lio/laser_mapping.h:15\x1b[m\x1b[K,\n'}
[34.381318] (lightning) StderrLine: {'line': b'                 from \x1b[01m\x1b[K/home/kepler/Documents/Codex/2026-08-14/microsoft-visual-studio-code-stable-vs/outputs/lightning_lm_ws/src/lightning-lm/src/core/lio/laser_mapping.cc:7\x1b[m\x1b[K:\n'}
[34.381348] (lightning) StderrLine: {'line': b'\x1b[01m\x1b[K/home/kepler/Documents/Codex/2026-08-14/microsoft-visual-studio-code-stable-vs/outputs/lightning_lm_ws/src/lightning-lm/src/core/lio/imu_filter.h:\x1b[m\x1b[K In member function \xe2\x80\x98\x1b[01m\x1b[Kdouble lightning::IMUFilter::medianFilter(double, std::deque<double>&)\x1b[m\x1b[K\xe2\x80\x99:\n'}
[34.381378] (lightning) StderrLine: {'line': b'\x1b[01m\x1b[K/home/kepler/Documents/Codex/2026-08-14/microsoft-visual-studio-code-stable-vs/outputs/lightning_lm_ws/src/lightning-lm/src/core/lio/imu_filter.h:152:28:\x1b[m\x1b[K \x1b[01;35m\x1b[Kwarning: \x1b[m\x1b[Kcomparison of integer expressions of different signedness: \xe2\x80\x98\x1b[01m\x1b[Kstd::deque<double>::size_type\x1b[m\x1b[K\xe2\x80\x99 {aka \xe2\x80\x98\x1b[01m\x1b[Klong unsigned int\x1b[m\x1b[K\xe2\x80\x99} and \xe2\x80\x98\x1b[01m\x1b[Kint\x1b[m\x1b[K\xe2\x80\x99 [\x1b[01;35m\x1b[K\x1b]8;;https://gcc.gnu.org/onlinedocs/gcc/Warning-Options.html#index-Wsign-compare\x07-Wsign-compare\x1b]8;;\x07\x1b[m\x1b[K]\n'}
[34.381418] (lightning) StderrLine: {'line': b'  152 |         if (\x1b[01;35m\x1b[Khistory.size() < config_.median_window_size\x1b[m\x1b[K) {\n'}
[34.381446] (lightning) StderrLine: {'line': b'      |             \x1b[01;35m\x1b[K~~~~~~~~~~~~~~~^~~~~~~~~~~~~~~~~~~~~~~~~~~~\x1b[m\x1b[K\n'}
[34.381472] (lightning) StderrLine: {'line': b'\x1b[01m\x1b[K/home/kepler/Documents/Codex/2026-08-14/microsoft-visual-studio-code-stable-vs/outputs/lightning_lm_ws/src/lightning-lm/src/core/lio/imu_filter.h:\x1b[m\x1b[K In member function \xe2\x80\x98\x1b[01m\x1b[Kdouble lightning::IMUFilter::movingAverage(double, std::deque<double>&)\x1b[m\x1b[K\xe2\x80\x99:\n'}
[34.381498] (lightning) StderrLine: {'line': b'\x1b[01m\x1b[K/home/kepler/Documents/Codex/2026-08-14/microsoft-visual-studio-code-stable-vs/outputs/lightning_lm_ws/src/lightning-lm/src/core/lio/imu_filter.h:164:28:\x1b[m\x1b[K \x1b[01;35m\x1b[Kwarning: \x1b[m\x1b[Kcomparison of integer expressions of different signedness: \xe2\x80\x98\x1b[01m\x1b[Kstd::deque<double>::size_type\x1b[m\x1b[K\xe2\x80\x99 {aka \xe2\x80\x98\x1b[01m\x1b[Klong unsigned int\x1b[m\x1b[K\xe2\x80\x99} and \xe2\x80\x98\x1b[01m\x1b[Kint\x1b[m\x1b[K\xe2\x80\x99 [\x1b[01;35m\x1b[K\x1b]8;;https://gcc.gnu.org/onlinedocs/gcc/Warning-Options.html#index-Wsign-compare\x07-Wsign-compare\x1b]8;;\x07\x1b[m\x1b[K]\n'}
[34.381528] (lightning) StderrLine: {'line': b'  164 |         if (\x1b[01;35m\x1b[Khistory.size() < config_.moving_avg_window\x1b[m\x1b[K) {\n'}
[34.381553] (lightning) StderrLine: {'line': b'      |             \x1b[01;35m\x1b[K~~~~~~~~~~~~~~~^~~~~~~~~~~~~~~~~~~~~~~~~~~\x1b[m\x1b[K\n'}
[34.381827] (lightning) StderrLine: {'line': b'\x1b[01m\x1b[K/home/kepler/Documents/Codex/2026-08-14/microsoft-visual-studio-code-stable-vs/outputs/lightning_lm_ws/src/lightning-lm/src/core/lio/imu_filter.h:\x1b[m\x1b[K In member function \xe2\x80\x98\x1b[01m\x1b[Kvoid lightning::IMUFilter::updateStatistics(const lightning::IMU&)\x1b[m\x1b[K\xe2\x80\x99:\n'}
[34.381937] (lightning) StderrLine: {'line': b'\x1b[01m\x1b[K/home/kepler/Documents/Codex/2026-08-14/microsoft-visual-studio-code-stable-vs/outputs/lightning_lm_ws/src/lightning-lm/src/core/lio/imu_filter.h:200:20:\x1b[m\x1b[K \x1b[01;35m\x1b[Kwarning: \x1b[m\x1b[Kunused variable \xe2\x80\x98\x1b[01m\x1b[Kprev_mean\x1b[m\x1b[K\xe2\x80\x99 [\x1b[01;35m\x1b[K\x1b]8;;https://gcc.gnu.org/onlinedocs/gcc/Warning-Options.html#index-Wunused-variable\x07-Wunused-variable\x1b]8;;\x07\x1b[m\x1b[K]\n'}
[34.381977] (lightning) StderrLine: {'line': b'  200 |             double \x1b[01;35m\x1b[Kprev_mean\x1b[m\x1b[K[3] = {gyro_mean_[0], gyro_mean_[1], gyro_mean_[2]};\n'}
[34.382016] (lightning) StderrLine: {'line': b'      |                    \x1b[01;35m\x1b[K^~~~~~~~~\x1b[m\x1b[K\n'}
[34.390409] (-) TimerEvent: {}
[34.490636] (-) TimerEvent: {}
[34.590868] (-) TimerEvent: {}
[34.691170] (-) TimerEvent: {}
[34.791485] (-) TimerEvent: {}
[34.891833] (-) TimerEvent: {}
[34.992122] (-) TimerEvent: {}
[35.092362] (-) TimerEvent: {}
[35.192619] (-) TimerEvent: {}
[35.245337] (lightning) StderrLine: {'line': b'\x1b[01m\x1b[K/home/kepler/Documents/Codex/2026-08-14/microsoft-visual-studio-code-stable-vs/outputs/lightning_lm_ws/src/lightning-lm/src/core/lio/laser_mapping.cc:\x1b[m\x1b[K In member function \xe2\x80\x98\x1b[01m\x1b[Kbool lightning::LaserMapping::Run()\x1b[m\x1b[K\xe2\x80\x99:\n'}
[35.245486] (lightning) StderrLine: {'line': b'\x1b[01m\x1b[K/home/kepler/Documents/Codex/2026-08-14/microsoft-visual-studio-code-stable-vs/outputs/lightning_lm_ws/src/lightning-lm/src/core/lio/laser_mapping.cc:189:27:\x1b[m\x1b[K \x1b[01;35m\x1b[Kwarning: \x1b[m\x1b[Kcomparison of integer expressions of different signedness: \xe2\x80\x98\x1b[01m\x1b[Kint\x1b[m\x1b[K\xe2\x80\x99 and \xe2\x80\x98\x1b[01m\x1b[Kstd::size_t\x1b[m\x1b[K\xe2\x80\x99 {aka \xe2\x80\x98\x1b[01m\x1b[Klong unsigned int\x1b[m\x1b[K\xe2\x80\x99} [\x1b[01;35m\x1b[K\x1b]8;;https://gcc.gnu.org/onlinedocs/gcc/Warning-Options.html#index-Wsign-compare\x07-Wsign-compare\x1b]8;;\x07\x1b[m\x1b[K]\n'}
[35.245542] (lightning) StderrLine: {'line': b'  189 |         for (int i = 0; \x1b[01;35m\x1b[Ki < scan_undistort_->size()\x1b[m\x1b[K; i++) {\n'}
[35.245573] (lightning) StderrLine: {'line': b'      |                         \x1b[01;35m\x1b[K~~^~~~~~~~~~~~~~~~~~~~~~~~~\x1b[m\x1b[K\n'}
[35.256500] (lightning) StderrLine: {'line': b'\x1b[01m\x1b[K/home/kepler/Documents/Codex/2026-08-14/microsoft-visual-studio-code-stable-vs/outputs/lightning_lm_ws/src/lightning-lm/src/core/lio/laser_mapping.cc:272:18:\x1b[m\x1b[K \x1b[01;35m\x1b[Kwarning: \x1b[m\x1b[Kunused variable \xe2\x80\x98\x1b[01m\x1b[Kdelta_translation\x1b[m\x1b[K\xe2\x80\x99 [\x1b[01;35m\x1b[K\x1b]8;;https://gcc.gnu.org/onlinedocs/gcc/Warning-Options.html#index-Wunused-variable\x07-Wunused-variable\x1b]8;;\x07\x1b[m\x1b[K]\n'}
[35.256591] (lightning) StderrLine: {'line': b'  272 |     const double \x1b[01;35m\x1b[Kdelta_translation\x1b[m\x1b[K = (pred_state.pos_ - state_point_.pos_).norm();\n'}
[35.256627] (lightning) StderrLine: {'line': b'      |                  \x1b[01;35m\x1b[K^~~~~~~~~~~~~~~~~\x1b[m\x1b[K\n'}
[35.256657] (lightning) StderrLine: {'line': b'\x1b[01m\x1b[K/home/kepler/Documents/Codex/2026-08-14/microsoft-visual-studio-code-stable-vs/outputs/lightning_lm_ws/src/lightning-lm/src/core/lio/laser_mapping.cc:274:18:\x1b[m\x1b[K \x1b[01;35m\x1b[Kwarning: \x1b[m\x1b[Kunused variable \xe2\x80\x98\x1b[01m\x1b[Kdelta_velocity\x1b[m\x1b[K\xe2\x80\x99 [\x1b[01;35m\x1b[K\x1b]8;;https://gcc.gnu.org/onlinedocs/gcc/Warning-Options.html#index-Wunused-variable\x07-Wunused-variable\x1b]8;;\x07\x1b[m\x1b[K]\n'}
[35.256688] (lightning) StderrLine: {'line': b'  274 |     const double \x1b[01;35m\x1b[Kdelta_velocity\x1b[m\x1b[K = (pred_state.vel_ - state_point_.vel_).norm();\n'}
[35.256715] (lightning) StderrLine: {'line': b'      |                  \x1b[01;35m\x1b[K^~~~~~~~~~~~~~\x1b[m\x1b[K\n'}
[35.256742] (lightning) StderrLine: {'line': b'\x1b[01m\x1b[K/home/kepler/Documents/Codex/2026-08-14/microsoft-visual-studio-code-stable-vs/outputs/lightning_lm_ws/src/lightning-lm/src/core/lio/laser_mapping.cc:276:18:\x1b[m\x1b[K \x1b[01;35m\x1b[Kwarning: \x1b[m\x1b[Kunused variable \xe2\x80\x98\x1b[01m\x1b[Kcurrent_speed\x1b[m\x1b[K\xe2\x80\x99 [\x1b[01;35m\x1b[K\x1b]8;;https://gcc.gnu.org/onlinedocs/gcc/Warning-Options.html#index-Wunused-variable\x07-Wunused-variable\x1b]8;;\x07\x1b[m\x1b[K]\n'}
[35.256776] (lightning) StderrLine: {'line': b'  276 |     const double \x1b[01;35m\x1b[Kcurrent_speed\x1b[m\x1b[K = state_point_.vel_.norm();\n'}
[35.256802] (lightning) StderrLine: {'line': b'      |                  \x1b[01;35m\x1b[K^~~~~~~~~~~~~\x1b[m\x1b[K\n'}
[35.260268] (lightning) StderrLine: {'line': b'\x1b[01m\x1b[K/home/kepler/Documents/Codex/2026-08-14/microsoft-visual-studio-code-stable-vs/outputs/lightning_lm_ws/src/lightning-lm/src/core/lio/laser_mapping.cc:\x1b[m\x1b[K In member function \xe2\x80\x98\x1b[01m\x1b[Kvoid lightning::LaserMapping::MakeKF()\x1b[m\x1b[K\xe2\x80\x99:\n'}
[35.260342] (lightning) StderrLine: {'line': b'\x1b[01m\x1b[K/home/kepler/Documents/Codex/2026-08-14/microsoft-visual-studio-code-stable-vs/outputs/lightning_lm_ws/src/lightning-lm/src/core/lio/laser_mapping.cc:392:26:\x1b[m\x1b[K \x1b[01;35m\x1b[Kwarning: \x1b[m\x1b[Kcomparison of integer expressions of different signedness: \xe2\x80\x98\x1b[01m\x1b[Kstd::__cxx11::list<std::shared_ptr<lightning::Keyframe> >::size_type\x1b[m\x1b[K\xe2\x80\x99 {aka \xe2\x80\x98\x1b[01m\x1b[Klong unsigned int\x1b[m\x1b[K\xe2\x80\x99} and \xe2\x80\x98\x1b[01m\x1b[Kint\x1b[m\x1b[K\xe2\x80\x99 [\x1b[01;35m\x1b[K\x1b]8;;https://gcc.gnu.org/onlinedocs/gcc/Warning-Options.html#index-Wsign-compare\x07-Wsign-compare\x1b]8;;\x07\x1b[m\x1b[K]\n'}
[35.260386] (lightning) StderrLine: {'line': b'  392 |     if (\x1b[01;35m\x1b[Kproj_kfs_.size() >= options_.max_proj_kfs_\x1b[m\x1b[K) {\n'}
[35.260418] (lightning) StderrLine: {'line': b'      |         \x1b[01;35m\x1b[K~~~~~~~~~~~~~~~~~^~~~~~~~~~~~~~~~~~~~~~~~~\x1b[m\x1b[K\n'}
[35.292719] (-) TimerEvent: {}
[35.392981] (-) TimerEvent: {}
[35.459195] (lightning) StderrLine: {'line': b'\x1b[01m\x1b[K/home/kepler/Documents/Codex/2026-08-14/microsoft-visual-studio-code-stable-vs/outputs/lightning_lm_ws/src/lightning-lm/src/core/lio/laser_mapping.cc:\x1b[m\x1b[K In member function \xe2\x80\x98\x1b[01m\x1b[Kvoid lightning::LaserMapping::ObsModel(lightning::NavState&, lightning::ESKF::CustomObservationModel&)\x1b[m\x1b[K\xe2\x80\x99:\n'}
[35.459338] (lightning) StderrLine: {'line': b'\x1b[01m\x1b[K/home/kepler/Documents/Codex/2026-08-14/microsoft-visual-studio-code-stable-vs/outputs/lightning_lm_ws/src/lightning-lm/src/core/lio/laser_mapping.cc:739:23:\x1b[m\x1b[K \x1b[01;35m\x1b[Kwarning: \x1b[m\x1b[Kcomparison of integer expressions of different signedness: \xe2\x80\x98\x1b[01m\x1b[Kint\x1b[m\x1b[K\xe2\x80\x99 and \xe2\x80\x98\x1b[01m\x1b[Kstd::vector<long unsigned int>::size_type\x1b[m\x1b[K\xe2\x80\x99 {aka \xe2\x80\x98\x1b[01m\x1b[Klong unsigned int\x1b[m\x1b[K\xe2\x80\x99} [\x1b[01;35m\x1b[K\x1b]8;;https://gcc.gnu.org/onlinedocs/gcc/Warning-Options.html#index-Wsign-compare\x07-Wsign-compare\x1b]8;;\x07\x1b[m\x1b[K]\n'}
[35.459390] (lightning) StderrLine: {'line': b'  739 |     for (int i = 0; \x1b[01;35m\x1b[Ki < index.size()\x1b[m\x1b[K; ++i) {\n'}
[35.459422] (lightning) StderrLine: {'line': b'      |                     \x1b[01;35m\x1b[K~~^~~~~~~~~~~~~~\x1b[m\x1b[K\n'}
[35.493099] (-) TimerEvent: {}
[35.593425] (-) TimerEvent: {}
[35.693682] (-) TimerEvent: {}
[35.793914] (-) TimerEvent: {}
[35.861766] (lightning) StderrLine: {'line': b'In file included from \x1b[01m\x1b[K/home/kepler/Documents/Codex/2026-08-14/microsoft-visual-studio-code-stable-vs/outputs/lightning_lm_ws/src/lightning-lm/src/core/lio/laser_mapping.h:13\x1b[m\x1b[K,\n'}
[35.861894] (lightning) StderrLine: {'line': b'                 from \x1b[01m\x1b[K/home/kepler/Documents/Codex/2026-08-14/microsoft-visual-studio-code-stable-vs/outputs/lightning_lm_ws/src/lightning-lm/src/core/lio/laser_mapping.cc:7\x1b[m\x1b[K:\n'}
[35.861932] (lightning) StderrLine: {'line': b'/home/kepler/Documents/Codex/2026-08-14/microsoft-visual-studio-code-stable-vs/outputs/lightning_lm_ws/src/lightning-lm/src/core/ivox3d/ivox3d.h: In instantiation of \xe2\x80\x98\x1b[01m\x1b[Kbool lightning::IVox<dim, node_type, PointType>::GetClosestPoint(const PointType&, lightning::IVox<dim, node_type, PointType>::PointVector&, int, double) [with int dim = 3; lightning::IVoxNodeType node_type = lightning::IVoxNodeType::DEFAULT; PointType = PointXYZIT; lightning::IVox<dim, node_type, PointType>::PointVector = std::vector<PointXYZIT, Eigen::aligned_allocator<PointXYZIT> >]\x1b[m\x1b[K\xe2\x80\x99:\n'}
[35.861976] (lightning) StderrLine: {'line': b'\x1b[01m\x1b[K/home/kepler/Documents/Codex/2026-08-14/microsoft-visual-studio-code-stable-vs/outputs/lightning_lm_ws/src/lightning-lm/src/core/lio/laser_mapping.cc:641:39:\x1b[m\x1b[K   required from here\n'}
[35.862012] (lightning) StderrLine: {'line': b'\x1b[01m\x1b[K/home/kepler/Documents/Codex/2026-08-14/microsoft-visual-studio-code-stable-vs/outputs/lightning_lm_ws/src/lightning-lm/src/core/ivox3d/ivox3d.h:165:27:\x1b[m\x1b[K \x1b[01;35m\x1b[Kwarning: \x1b[m\x1b[Kcomparison of integer expressions of different signedness: \xe2\x80\x98\x1b[01m\x1b[Kstd::vector<lightning::IVoxNode<PointXYZIT, 3>::DistPoint, std::allocator<lightning::IVoxNode<PointXYZIT, 3>::DistPoint> >::size_type\x1b[m\x1b[K\xe2\x80\x99 {aka \xe2\x80\x98\x1b[01m\x1b[Klong unsigned int\x1b[m\x1b[K\xe2\x80\x99} and \xe2\x80\x98\x1b[01m\x1b[Kint\x1b[m\x1b[K\xe2\x80\x99 [\x1b[01;35m\x1b[K\x1b]8;;https://gcc.gnu.org/onlinedocs/gcc/Warning-Options.html#index-Wsign-compare\x07-Wsign-compare\x1b]8;;\x07\x1b[m\x1b[K]\n'}
[35.862049] (lightning) StderrLine: {'line': b'  165 |     if (\x1b[01;35m\x1b[Kcandidates.size() <= max_num\x1b[m\x1b[K) {\n'}
[35.862076] (lightning) StderrLine: {'line': b'      |         \x1b[01;35m\x1b[K~~~~~~~~~~~~~~~~~~^~~~~~~~~~\x1b[m\x1b[K\n'}
[35.894038] (-) TimerEvent: {}
[35.903902] (lightning) StderrLine: {'line': b'In file included from \x1b[01m\x1b[K/home/kepler/Documents/Codex/2026-08-14/microsoft-visual-studio-code-stable-vs/outputs/lightning_lm_ws/src/lightning-lm/src/core/lio/laser_mapping.cc:6\x1b[m\x1b[K:\n'}
[35.904040] (lightning) StderrLine: {'line': b'/home/kepler/Documents/Codex/2026-08-14/microsoft-visual-studio-code-stable-vs/outputs/lightning_lm_ws/src/lightning-lm/src/core/lightning_math.hpp: In instantiation of \xe2\x80\x98\x1b[01m\x1b[Kbool lightning::math::esti_plane(Eigen::Matrix<Type, 4, 1>&, const PointVector&, const T&) [with T = float; lightning::PointVector = std::vector<PointXYZIT, Eigen::aligned_allocator<PointXYZIT> >]\x1b[m\x1b[K\xe2\x80\x99:\n'}
[35.904085] (lightning) StderrLine: {'line': b'\x1b[01m\x1b[K/home/kepler/Documents/Codex/2026-08-14/microsoft-visual-studio-code-stable-vs/outputs/lightning_lm_ws/src/lightning-lm/src/core/lio/laser_mapping.cc:649:41:\x1b[m\x1b[K   required from here\n'}
[35.904119] (lightning) StderrLine: {'line': b'\x1b[01m\x1b[K/home/kepler/Documents/Codex/2026-08-14/microsoft-visual-studio-code-stable-vs/outputs/lightning_lm_ws/src/lightning-lm/src/core/lightning_math.hpp:388:27:\x1b[m\x1b[K \x1b[01;35m\x1b[Kwarning: \x1b[m\x1b[Kcomparison of integer expressions of different signedness: \xe2\x80\x98\x1b[01m\x1b[Kint\x1b[m\x1b[K\xe2\x80\x99 and \xe2\x80\x98\x1b[01m\x1b[Kstd::vector<PointXYZIT, Eigen::aligned_allocator<PointXYZIT> >::size_type\x1b[m\x1b[K\xe2\x80\x99 {aka \xe2\x80\x98\x1b[01m\x1b[Klong unsigned int\x1b[m\x1b[K\xe2\x80\x99} [\x1b[01;35m\x1b[K\x1b]8;;https://gcc.gnu.org/onlinedocs/gcc/Warning-Options.html#index-Wsign-compare\x07-Wsign-compare\x1b]8;;\x07\x1b[m\x1b[K]\n'}
[35.904160] (lightning) StderrLine: {'line': b'  388 |         for (int j = 0; \x1b[01;35m\x1b[Kj < point.size()\x1b[m\x1b[K; j++) {\n'}
[35.904191] (lightning) StderrLine: {'line': b'      |                         \x1b[01;35m\x1b[K~~^~~~~~~~~~~~~~\x1b[m\x1b[K\n'}
[35.994132] (-) TimerEvent: {}
[36.094361] (-) TimerEvent: {}
[36.194625] (-) TimerEvent: {}
[36.294958] (-) TimerEvent: {}
[36.395230] (-) TimerEvent: {}
[36.495600] (-) TimerEvent: {}
[36.595835] (-) TimerEvent: {}
[36.696174] (-) TimerEvent: {}
[36.796462] (-) TimerEvent: {}
[36.806600] (lightning) StderrLine: {'line': b'In file included from \x1b[01m\x1b[K/home/kepler/Documents/Codex/2026-08-14/microsoft-visual-studio-code-stable-vs/outputs/lightning_lm_ws/src/lightning-lm/src/core/ivox3d/ivox3d.h:13\x1b[m\x1b[K,\n'}
[36.806715] (lightning) StderrLine: {'line': b'                 from \x1b[01m\x1b[K/home/kepler/Documents/Codex/2026-08-14/microsoft-visual-studio-code-stable-vs/outputs/lightning_lm_ws/src/lightning-lm/src/core/lio/laser_mapping.h:13\x1b[m\x1b[K,\n'}
[36.806750] (lightning) StderrLine: {'line': b'                 from \x1b[01m\x1b[K/home/kepler/Documents/Codex/2026-08-14/microsoft-visual-studio-code-stable-vs/outputs/lightning_lm_ws/src/lightning-lm/src/core/lio/laser_mapping.cc:7\x1b[m\x1b[K:\n'}
[36.806780] (lightning) StderrLine: {'line': b'/home/kepler/Documents/Codex/2026-08-14/microsoft-visual-studio-code-stable-vs/outputs/lightning_lm_ws/src/lightning-lm/src/core/ivox3d/ivox3d_node.hpp: In instantiation of \xe2\x80\x98\x1b[01m\x1b[Klightning::IVoxNode<PointT, dim>::IVoxNode(const PointT&, const float&) [with PointT = PointXYZIT; int dim = 3]\x1b[m\x1b[K\xe2\x80\x99:\n'}
[36.806811] (lightning) StderrLine: {'line': b'\x1b[01m\x1b[K/home/kepler/Documents/Codex/2026-08-14/microsoft-visual-studio-code-stable-vs/outputs/lightning_lm_ws/src/lightning-lm/src/core/ivox3d/ivox3d.h:267:43:\x1b[m\x1b[K   required from \xe2\x80\x98\x1b[01m\x1b[Klightning::IVox<3, lightning::IVoxNodeType::DEFAULT, PointXYZIT>::AddPoints(const PointVector&)::<lambda(const auto:55&)> [with auto:55 = PointXYZIT]\x1b[m\x1b[K\xe2\x80\x99\n'}
[36.806842] (lightning) StderrLine: {'line': b'\x1b[01m\x1b[K/usr/include/c++/11/bits/stl_algo.h:3820:5:\x1b[m\x1b[K   required from \xe2\x80\x98\x1b[01m\x1b[K_Funct std::for_each(_IIter, _IIter, _Funct) [with _IIter = __gnu_cxx::__normal_iterator<const PointXYZIT*, std::vector<PointXYZIT, Eigen::aligned_allocator<PointXYZIT> > >; _Funct = lightning::IVox<3, lightning::IVoxNodeType::DEFAULT, PointXYZIT>::AddPoints(const PointVector&)::<lambda(const auto:55&)>]\x1b[m\x1b[K\xe2\x80\x99\n'}
[36.806873] (lightning) StderrLine: {'line': b'\x1b[01m\x1b[K/home/kepler/Documents/Codex/2026-08-14/microsoft-visual-studio-code-stable-vs/outputs/lightning_lm_ws/src/lightning-lm/src/core/ivox3d/ivox3d.h:259:18:\x1b[m\x1b[K   required from \xe2\x80\x98\x1b[01m\x1b[Kvoid lightning::IVox<dim, node_type, PointType>::AddPoints(const PointVector&) [with int dim = 3; lightning::IVoxNodeType node_type = lightning::IVoxNodeType::DEFAULT; PointType = PointXYZIT; lightning::IVox<dim, node_type, PointType>::PointVector = std::vector<PointXYZIT, Eigen::aligned_allocator<PointXYZIT> >]\x1b[m\x1b[K\xe2\x80\x99\n'}
[36.806901] (lightning) StderrLine: {'line': b'\x1b[01m\x1b[K/home/kepler/Documents/Codex/2026-08-14/microsoft-visual-studio-code-stable-vs/outputs/lightning_lm_ws/src/lightning-lm/src/core/lio/laser_mapping.cc:192:25:\x1b[m\x1b[K   required from here\n'}
[36.806928] (lightning) StderrLine: {'line': b'\x1b[01m\x1b[K/home/kepler/Documents/Codex/2026-08-14/microsoft-visual-studio-code-stable-vs/outputs/lightning_lm_ws/src/lightning-lm/src/core/ivox3d/ivox3d_node.hpp:20:28:\x1b[m\x1b[K \x1b[01;35m\x1b[Kwarning: \x1b[m\x1b[Kunused parameter \xe2\x80\x98\x1b[01m\x1b[Kcenter\x1b[m\x1b[K\xe2\x80\x99 [\x1b[01;35m\x1b[K\x1b]8;;https://gcc.gnu.org/onlinedocs/gcc/Warning-Options.html#index-Wunused-parameter\x07-Wunused-parameter\x1b]8;;\x07\x1b[m\x1b[K]\n'}
[36.806956] (lightning) StderrLine: {'line': b'   20 |     IVoxNode(\x1b[01;35m\x1b[Kconst PointT& center\x1b[m\x1b[K, const float& side_length) {}  /// same with phc\n'}
[36.806987] (lightning) StderrLine: {'line': b'      |              \x1b[01;35m\x1b[K~~~~~~~~~~~~~~^~~~~~\x1b[m\x1b[K\n'}
[36.807022] (lightning) StderrLine: {'line': b'\x1b[01m\x1b[K/home/kepler/Documents/Codex/2026-08-14/microsoft-visual-studio-code-stable-vs/outputs/lightning_lm_ws/src/lightning-lm/src/core/ivox3d/ivox3d_node.hpp:20:49:\x1b[m\x1b[K \x1b[01;35m\x1b[Kwarning: \x1b[m\x1b[Kunused parameter \xe2\x80\x98\x1b[01m\x1b[Kside_length\x1b[m\x1b[K\xe2\x80\x99 [\x1b[01;35m\x1b[K\x1b]8;;https://gcc.gnu.org/onlinedocs/gcc/Warning-Options.html#index-Wunused-parameter\x07-Wunused-parameter\x1b]8;;\x07\x1b[m\x1b[K]\n'}
[36.807049] (lightning) StderrLine: {'line': b'   20 |     IVoxNode(const PointT& center, \x1b[01;35m\x1b[Kconst float& side_length\x1b[m\x1b[K) {}  /// same with phc\n'}
[36.807075] (lightning) StderrLine: {'line': b'      |                                    \x1b[01;35m\x1b[K~~~~~~~~~~~~~^~~~~~~~~~~\x1b[m\x1b[K\n'}
[36.896546] (-) TimerEvent: {}
[36.996792] (-) TimerEvent: {}
[37.097070] (-) TimerEvent: {}
[37.197497] (-) TimerEvent: {}
[37.297801] (-) TimerEvent: {}
[37.398116] (-) TimerEvent: {}
[37.498365] (-) TimerEvent: {}
[37.598598] (-) TimerEvent: {}
[37.698889] (-) TimerEvent: {}
[37.799188] (-) TimerEvent: {}
[37.899451] (-) TimerEvent: {}
[37.999747] (-) TimerEvent: {}
[38.100036] (-) TimerEvent: {}
[38.200263] (-) TimerEvent: {}
[38.300515] (-) TimerEvent: {}
[38.400769] (-) TimerEvent: {}
[38.501038] (-) TimerEvent: {}
[38.601264] (-) TimerEvent: {}
[38.701521] (-) TimerEvent: {}
[38.801767] (-) TimerEvent: {}
[38.902027] (-) TimerEvent: {}
[39.002264] (-) TimerEvent: {}
[39.102524] (-) TimerEvent: {}
[39.202772] (-) TimerEvent: {}
[39.303096] (-) TimerEvent: {}
[39.403325] (-) TimerEvent: {}
[39.503619] (-) TimerEvent: {}
[39.603903] (-) TimerEvent: {}
[39.704194] (-) TimerEvent: {}
[39.804478] (-) TimerEvent: {}
[39.904709] (-) TimerEvent: {}
[40.004986] (-) TimerEvent: {}
[40.105272] (-) TimerEvent: {}
[40.205566] (-) TimerEvent: {}
[40.305886] (-) TimerEvent: {}
[40.406155] (-) TimerEvent: {}
[40.506454] (-) TimerEvent: {}
[40.606704] (-) TimerEvent: {}
[40.706987] (-) TimerEvent: {}
[40.807263] (-) TimerEvent: {}
[40.907587] (-) TimerEvent: {}
[41.007844] (-) TimerEvent: {}
[41.108093] (-) TimerEvent: {}
[41.208321] (-) TimerEvent: {}
[41.308627] (-) TimerEvent: {}
[41.408914] (-) TimerEvent: {}
[41.509213] (-) TimerEvent: {}
[41.609449] (-) TimerEvent: {}
[41.709708] (-) TimerEvent: {}
[41.809962] (-) TimerEvent: {}
[41.910194] (-) TimerEvent: {}
[42.010483] (-) TimerEvent: {}
[42.110809] (-) TimerEvent: {}
[42.211179] (-) TimerEvent: {}
[42.311439] (-) TimerEvent: {}
[42.411727] (-) TimerEvent: {}
[42.512000] (-) TimerEvent: {}
[42.612307] (-) TimerEvent: {}
[42.712612] (-) TimerEvent: {}
[42.812834] (-) TimerEvent: {}
[42.913077] (-) TimerEvent: {}
[43.013349] (-) TimerEvent: {}
[43.113643] (-) TimerEvent: {}
[43.213901] (-) TimerEvent: {}
[43.314184] (-) TimerEvent: {}
[43.414450] (-) TimerEvent: {}
[43.514746] (-) TimerEvent: {}
[43.615055] (-) TimerEvent: {}
[43.715378] (-) TimerEvent: {}
[43.815657] (-) TimerEvent: {}
[43.915988] (-) TimerEvent: {}
[44.016344] (-) TimerEvent: {}
[44.116594] (-) TimerEvent: {}
[44.216907] (-) TimerEvent: {}
[44.317185] (-) TimerEvent: {}
[44.417453] (-) TimerEvent: {}
[44.517791] (-) TimerEvent: {}
[44.618068] (-) TimerEvent: {}
[44.718303] (-) TimerEvent: {}
[44.818589] (-) TimerEvent: {}
[44.918860] (-) TimerEvent: {}
[45.019118] (-) TimerEvent: {}
[45.119346] (-) TimerEvent: {}
[45.219595] (-) TimerEvent: {}
[45.319887] (-) TimerEvent: {}
[45.420131] (-) TimerEvent: {}
[45.520416] (-) TimerEvent: {}
[45.620733] (-) TimerEvent: {}
[45.721074] (-) TimerEvent: {}
[45.821295] (-) TimerEvent: {}
[45.921544] (-) TimerEvent: {}
[46.021826] (-) TimerEvent: {}
[46.122111] (-) TimerEvent: {}
[46.222408] (-) TimerEvent: {}
[46.322651] (-) TimerEvent: {}
[46.422956] (-) TimerEvent: {}
[46.523226] (-) TimerEvent: {}
[46.623485] (-) TimerEvent: {}
[46.723787] (-) TimerEvent: {}
[46.824066] (-) TimerEvent: {}
[46.924366] (-) TimerEvent: {}
[47.024586] (-) TimerEvent: {}
[47.124838] (-) TimerEvent: {}
[47.225120] (-) TimerEvent: {}
[47.325367] (-) TimerEvent: {}
[47.425644] (-) TimerEvent: {}
[47.525905] (-) TimerEvent: {}
[47.626116] (-) TimerEvent: {}
[47.726360] (-) TimerEvent: {}
[47.826595] (-) TimerEvent: {}
[47.926840] (-) TimerEvent: {}
[48.027098] (-) TimerEvent: {}
[48.127323] (-) TimerEvent: {}
[48.227533] (-) TimerEvent: {}
[48.327755] (-) TimerEvent: {}
[48.428026] (-) TimerEvent: {}
[48.528408] (-) TimerEvent: {}
[48.628744] (-) TimerEvent: {}
[48.729044] (-) TimerEvent: {}
[48.829304] (-) TimerEvent: {}
[48.929595] (-) TimerEvent: {}
[49.029895] (-) TimerEvent: {}
[49.130186] (-) TimerEvent: {}
[49.230460] (-) TimerEvent: {}
[49.330734] (-) TimerEvent: {}
[49.430974] (-) TimerEvent: {}
[49.531301] (-) TimerEvent: {}
[49.631574] (-) TimerEvent: {}
[49.731846] (-) TimerEvent: {}
[49.832105] (-) TimerEvent: {}
[49.932364] (-) TimerEvent: {}
[50.032630] (-) TimerEvent: {}
[50.132895] (-) TimerEvent: {}
[50.233151] (-) TimerEvent: {}
[50.333420] (-) TimerEvent: {}
[50.433695] (-) TimerEvent: {}
[50.533940] (-) TimerEvent: {}
[50.634235] (-) TimerEvent: {}
[50.734511] (-) TimerEvent: {}
[50.834801] (-) TimerEvent: {}
[50.935062] (-) TimerEvent: {}
[51.035296] (-) TimerEvent: {}
[51.135538] (-) TimerEvent: {}
[51.235784] (-) TimerEvent: {}
[51.323866] (lightning) StdoutLine: {'line': b'[ 70%] \x1b[32mBuilding CXX object src/CMakeFiles/lightning.libs.dir/core/loop_closing/loop_closing.cc.o\x1b[0m\n'}
[51.335894] (-) TimerEvent: {}
[51.436095] (-) TimerEvent: {}
[51.536361] (-) TimerEvent: {}
[51.636670] (-) TimerEvent: {}
[51.736973] (-) TimerEvent: {}
[51.837273] (-) TimerEvent: {}
[51.937558] (-) TimerEvent: {}
[52.037851] (-) TimerEvent: {}
[52.138150] (-) TimerEvent: {}
[52.238398] (-) TimerEvent: {}
[52.338662] (-) TimerEvent: {}
[52.438962] (-) TimerEvent: {}
[52.539292] (-) TimerEvent: {}
[52.639556] (-) TimerEvent: {}
[52.739831] (-) TimerEvent: {}
[52.840079] (-) TimerEvent: {}
[52.940327] (-) TimerEvent: {}
[53.040617] (-) TimerEvent: {}
[53.140909] (-) TimerEvent: {}
[53.241200] (-) TimerEvent: {}
[53.341462] (-) TimerEvent: {}
[53.432338] (lightning) StderrLine: {'line': b'In file included from \x1b[01m\x1b[K/home/kepler/Documents/Codex/2026-08-14/microsoft-visual-studio-code-stable-vs/outputs/lightning_lm_ws/src/lightning-lm/src/core/loop_closing/loop_closing.h:8\x1b[m\x1b[K,\n'}
[53.432476] (lightning) StderrLine: {'line': b'                 from \x1b[01m\x1b[K/home/kepler/Documents/Codex/2026-08-14/microsoft-visual-studio-code-stable-vs/outputs/lightning_lm_ws/src/lightning-lm/src/core/loop_closing/loop_closing.cc:5\x1b[m\x1b[K:\n'}
[53.432514] (lightning) StderrLine: {'line': b'\x1b[01m\x1b[K/home/kepler/Documents/Codex/2026-08-14/microsoft-visual-studio-code-stable-vs/outputs/lightning_lm_ws/src/lightning-lm/src/common/keyframe.h:\x1b[m\x1b[K In constructor \xe2\x80\x98\x1b[01m\x1b[Klightning::Keyframe::Keyframe(long unsigned int, lightning::CloudPtr, lightning::NavState)\x1b[m\x1b[K\xe2\x80\x99:\n'}
[53.432547] (lightning) StderrLine: {'line': b'\x1b[01m\x1b[K/home/kepler/Documents/Codex/2026-08-14/microsoft-visual-studio-code-stable-vs/outputs/lightning_lm_ws/src/lightning-lm/src/common/keyframe.h:74:14:\x1b[m\x1b[K \x1b[01;35m\x1b[Kwarning: \x1b[m\x1b[K\xe2\x80\x98\x1b[01m\x1b[Klightning::Keyframe::state_\x1b[m\x1b[K\xe2\x80\x99 will be initialized after [\x1b[01;35m\x1b[K\x1b]8;;https://gcc.gnu.org/onlinedocs/gcc/Warning-Options.html#index-Wreorder\x07-Wreorder\x1b]8;;\x07\x1b[m\x1b[K]\n'}
[53.432582] (lightning) StderrLine: {'line': b'   74 |     NavState \x1b[01;35m\x1b[Kstate_\x1b[m\x1b[K;  // \xe5\x8d\xa1\xe5\xb0\x94\xe6\x9b\xbc\xe6\xbb\xa4\xe6\xb3\xa2\xe5\x99\xa8\xe7\x8a\xb6\xe6\x80\x81\n'}
[53.432612] (lightning) StderrLine: {'line': b'      |              \x1b[01;35m\x1b[K^~~~~~\x1b[m\x1b[K\n'}
[53.432640] (lightning) StderrLine: {'line': b'\x1b[01m\x1b[K/home/kepler/Documents/Codex/2026-08-14/microsoft-visual-studio-code-stable-vs/outputs/lightning_lm_ws/src/lightning-lm/src/common/keyframe.h:71:9:\x1b[m\x1b[K \x1b[01;35m\x1b[Kwarning: \x1b[m\x1b[K  \xe2\x80\x98\x1b[01m\x1b[Klightning::SE3 lightning::Keyframe::pose_lio_\x1b[m\x1b[K\xe2\x80\x99 [\x1b[01;35m\x1b[K\x1b]8;;https://gcc.gnu.org/onlinedocs/gcc/Warning-Options.html#index-Wreorder\x07-Wreorder\x1b]8;;\x07\x1b[m\x1b[K]\n'}
[53.432669] (lightning) StderrLine: {'line': b'   71 |     SE3 \x1b[01;35m\x1b[Kpose_lio_\x1b[m\x1b[K;  // \xe5\x89\x8d\xe7\xab\xaf\xe7\x9a\x84pose\n'}
[53.432696] (lightning) StderrLine: {'line': b'      |         \x1b[01;35m\x1b[K^~~~~~~~~\x1b[m\x1b[K\n'}
[53.432723] (lightning) StderrLine: {'line': b'\x1b[01m\x1b[K/home/kepler/Documents/Codex/2026-08-14/microsoft-visual-studio-code-stable-vs/outputs/lightning_lm_ws/src/lightning-lm/src/common/keyframe.h:22:5:\x1b[m\x1b[K \x1b[01;35m\x1b[Kwarning: \x1b[m\x1b[K  when initialized here [\x1b[01;35m\x1b[K\x1b]8;;https://gcc.gnu.org/onlinedocs/gcc/Warning-Options.html#index-Wreorder\x07-Wreorder\x1b]8;;\x07\x1b[m\x1b[K]\n'}
[53.432753] (lightning) StderrLine: {'line': b'   22 |     \x1b[01;35m\x1b[KKeyframe\x1b[m\x1b[K(unsigned long id, CloudPtr cloud, NavState state)\n'}
[53.432780] (lightning) StderrLine: {'line': b'      |     \x1b[01;35m\x1b[K^~~~~~~~\x1b[m\x1b[K\n'}
[53.441546] (-) TimerEvent: {}
[53.445464] (lightning) StderrLine: {'line': b'In file included from \x1b[01m\x1b[K/home/kepler/Documents/Codex/2026-08-14/microsoft-visual-studio-code-stable-vs/outputs/lightning_lm_ws/src/lightning-lm/src/core/miao/core/graph/optimizer.h:8\x1b[m\x1b[K,\n'}
[53.445557] (lightning) StderrLine: {'line': b'                 from \x1b[01m\x1b[K/home/kepler/Documents/Codex/2026-08-14/microsoft-visual-studio-code-stable-vs/outputs/lightning_lm_ws/src/lightning-lm/src/core/loop_closing/loop_closing.h:12\x1b[m\x1b[K,\n'}
[53.445594] (lightning) StderrLine: {'line': b'                 from \x1b[01m\x1b[K/home/kepler/Documents/Codex/2026-08-14/microsoft-visual-studio-code-stable-vs/outputs/lightning_lm_ws/src/lightning-lm/src/core/loop_closing/loop_closing.cc:5\x1b[m\x1b[K:\n'}
[53.445626] (lightning) StderrLine: {'line': b'\x1b[01m\x1b[K/home/kepler/Documents/Codex/2026-08-14/microsoft-visual-studio-code-stable-vs/outputs/lightning_lm_ws/src/lightning-lm/src/core/miao/core/common/config.h:\x1b[m\x1b[K In constructor \xe2\x80\x98\x1b[01m\x1b[Klightning::miao::OptimizerConfig::OptimizerConfig(lightning::miao::AlgorithmType, lightning::miao::LinearSolverType, bool)\x1b[m\x1b[K\xe2\x80\x99:\n'}
[53.445666] (lightning) StderrLine: {'line': b'\x1b[01m\x1b[K/home/kepler/Documents/Codex/2026-08-14/microsoft-visual-studio-code-stable-vs/outputs/lightning_lm_ws/src/lightning-lm/src/core/miao/core/common/config.h:44:10:\x1b[m\x1b[K \x1b[01;35m\x1b[Kwarning: \x1b[m\x1b[K\xe2\x80\x98\x1b[01m\x1b[Klightning::miao::OptimizerConfig::is_dense_\x1b[m\x1b[K\xe2\x80\x99 will be initialized after [\x1b[01;35m\x1b[K\x1b]8;;https://gcc.gnu.org/onlinedocs/gcc/Warning-Options.html#index-Wreorder\x07-Wreorder\x1b]8;;\x07\x1b[m\x1b[K]\n'}
[53.445696] (lightning) StderrLine: {'line': b'   44 |     bool \x1b[01;35m\x1b[Kis_dense_\x1b[m\x1b[K = true;\n'}
[53.445724] (lightning) StderrLine: {'line': b'      |          \x1b[01;35m\x1b[K^~~~~~~~~\x1b[m\x1b[K\n'}
[53.445751] (lightning) StderrLine: {'line': b'\x1b[01m\x1b[K/home/kepler/Documents/Codex/2026-08-14/microsoft-visual-studio-code-stable-vs/outputs/lightning_lm_ws/src/lightning-lm/src/core/miao/core/common/config.h:39:22:\x1b[m\x1b[K \x1b[01;35m\x1b[Kwarning: \x1b[m\x1b[K  \xe2\x80\x98\x1b[01m\x1b[Klightning::miao::LinearSolverType lightning::miao::OptimizerConfig::linear_solver_type_\x1b[m\x1b[K\xe2\x80\x99 [\x1b[01;35m\x1b[K\x1b]8;;https://gcc.gnu.org/onlinedocs/gcc/Warning-Options.html#index-Wreorder\x07-Wreorder\x1b]8;;\x07\x1b[m\x1b[K]\n'}
[53.445783] (lightning) StderrLine: {'line': b'   39 |     LinearSolverType \x1b[01;35m\x1b[Klinear_solver_type_\x1b[m\x1b[K = LinearSolverType::LINEAR_SOLVER_SPARSE_EIGEN;\n'}
[53.445810] (lightning) StderrLine: {'line': b'      |                      \x1b[01;35m\x1b[K^~~~~~~~~~~~~~~~~~~\x1b[m\x1b[K\n'}
[53.445836] (lightning) StderrLine: {'line': b'\x1b[01m\x1b[K/home/kepler/Documents/Codex/2026-08-14/microsoft-visual-studio-code-stable-vs/outputs/lightning_lm_ws/src/lightning-lm/src/core/miao/core/common/config.h:31:14:\x1b[m\x1b[K \x1b[01;35m\x1b[Kwarning: \x1b[m\x1b[K  when initialized here [\x1b[01;35m\x1b[K\x1b]8;;https://gcc.gnu.org/onlinedocs/gcc/Warning-Options.html#index-Wreorder\x07-Wreorder\x1b]8;;\x07\x1b[m\x1b[K]\n'}
[53.445868] (lightning) StderrLine: {'line': b'   31 |     explicit \x1b[01;35m\x1b[KOptimizerConfig\x1b[m\x1b[K(AlgorithmType algo_type,\n'}
[53.445894] (lightning) StderrLine: {'line': b'      |              \x1b[01;35m\x1b[K^~~~~~~~~~~~~~~\x1b[m\x1b[K\n'}
[53.464226] (lightning) StderrLine: {'line': b'In file included from \x1b[01m\x1b[K/home/kepler/Documents/Codex/2026-08-14/microsoft-visual-studio-code-stable-vs/outputs/lightning_lm_ws/src/lightning-lm/src/core/miao/core/graph/optimizer.h:9\x1b[m\x1b[K,\n'}
[53.464346] (lightning) StderrLine: {'line': b'                 from \x1b[01m\x1b[K/home/kepler/Documents/Codex/2026-08-14/microsoft-visual-studio-code-stable-vs/outputs/lightning_lm_ws/src/lightning-lm/src/core/loop_closing/loop_closing.h:12\x1b[m\x1b[K,\n'}
[53.464388] (lightning) StderrLine: {'line': b'                 from \x1b[01m\x1b[K/home/kepler/Documents/Codex/2026-08-14/microsoft-visual-studio-code-stable-vs/outputs/lightning_lm_ws/src/lightning-lm/src/core/loop_closing/loop_closing.cc:5\x1b[m\x1b[K:\n'}
[53.464417] (lightning) StderrLine: {'line': b'\x1b[01m\x1b[K/home/kepler/Documents/Codex/2026-08-14/microsoft-visual-studio-code-stable-vs/outputs/lightning_lm_ws/src/lightning-lm/src/core/miao/core/graph/graph.h:\x1b[m\x1b[K In member function \xe2\x80\x98\x1b[01m\x1b[Kvirtual int lightning::miao::Graph::Optimize(int)\x1b[m\x1b[K\xe2\x80\x99:\n'}
[53.464451] (lightning) StderrLine: {'line': b'\x1b[01m\x1b[K/home/kepler/Documents/Codex/2026-08-14/microsoft-visual-studio-code-stable-vs/outputs/lightning_lm_ws/src/lightning-lm/src/core/miao/core/graph/graph.h:80:30:\x1b[m\x1b[K \x1b[01;35m\x1b[Kwarning: \x1b[m\x1b[Kunused parameter \xe2\x80\x98\x1b[01m\x1b[Kinterations\x1b[m\x1b[K\xe2\x80\x99 [\x1b[01;35m\x1b[K\x1b]8;;https://gcc.gnu.org/onlinedocs/gcc/Warning-Options.html#index-Wunused-parameter\x07-Wunused-parameter\x1b]8;;\x07\x1b[m\x1b[K]\n'}
[53.464480] (lightning) StderrLine: {'line': b'   80 |     virtual int Optimize(\x1b[01;35m\x1b[Kint interations\x1b[m\x1b[K) { return 0; }\n'}
[53.464510] (lightning) StderrLine: {'line': b'      |                          \x1b[01;35m\x1b[K~~~~^~~~~~~~~~~\x1b[m\x1b[K\n'}
[53.541663] (-) TimerEvent: {}
[53.641913] (-) TimerEvent: {}
[53.742200] (-) TimerEvent: {}
[53.842488] (-) TimerEvent: {}
[53.942817] (-) TimerEvent: {}
[54.043043] (-) TimerEvent: {}
[54.143261] (-) TimerEvent: {}
[54.243519] (-) TimerEvent: {}
[54.343800] (-) TimerEvent: {}
[54.444071] (-) TimerEvent: {}
[54.544321] (-) TimerEvent: {}
[54.644579] (-) TimerEvent: {}
[54.744815] (-) TimerEvent: {}
[54.845119] (-) TimerEvent: {}
[54.932063] (lightning) StderrLine: {'line': b'\x1b[01m\x1b[K/home/kepler/Documents/Codex/2026-08-14/microsoft-visual-studio-code-stable-vs/outputs/lightning_lm_ws/src/lightning-lm/src/core/loop_closing/loop_closing.cc:\x1b[m\x1b[K In member function \xe2\x80\x98\x1b[01m\x1b[Kvoid lightning::LoopClosing::DetectLoopCandidates()\x1b[m\x1b[K\xe2\x80\x99:\n'}
[54.932217] (lightning) StderrLine: {'line': b'\x1b[01m\x1b[K/home/kepler/Documents/Codex/2026-08-14/microsoft-visual-studio-code-stable-vs/outputs/lightning_lm_ws/src/lightning-lm/src/core/loop_closing/loop_closing.cc:107:70:\x1b[m\x1b[K \x1b[01;35m\x1b[Kwarning: \x1b[m\x1b[Kcomparison of integer expressions of different signedness: \xe2\x80\x98\x1b[01m\x1b[Klong unsigned int\x1b[m\x1b[K\xe2\x80\x99 and \xe2\x80\x98\x1b[01m\x1b[Kint\x1b[m\x1b[K\xe2\x80\x99 [\x1b[01;35m\x1b[K\x1b]8;;https://gcc.gnu.org/onlinedocs/gcc/Warning-Options.html#index-Wsign-compare\x07-Wsign-compare\x1b]8;;\x07\x1b[m\x1b[K]\n'}
[54.932265] (lightning) StderrLine: {'line': b'  107 | ast_loop_kf_ && \x1b[01;35m\x1b[K(cur_kf_->GetID() - last_loop_kf_->GetID()) <= options_.loop_kf_gap_\x1b[m\x1b[K) {\n'}
[54.932295] (lightning) StderrLine: {'line': b'      |                 \x1b[01;35m\x1b[K~~~~~~~~~~~~~~~~~~~~~~~~~~~~~~~~~~~~~~~~~~~~^~~~~~~~~~~~~~~~~~~~~~~~\x1b[m\x1b[K\n'}
[54.932324] (lightning) StderrLine: {'line': b'\n'}
[54.942202] (lightning) StderrLine: {'line': b'\x1b[01m\x1b[K/home/kepler/Documents/Codex/2026-08-14/microsoft-visual-studio-code-stable-vs/outputs/lightning_lm_ws/src/lightning-lm/src/core/loop_closing/loop_closing.cc:\x1b[m\x1b[K In lambda function:\n'}
[54.942295] (lightning) StderrLine: {'line': b'\x1b[01m\x1b[K/home/kepler/Documents/Codex/2026-08-14/microsoft-visual-studio-code-stable-vs/outputs/lightning_lm_ws/src/lightning-lm/src/core/loop_closing/loop_closing.cc:177:30:\x1b[m\x1b[K \x1b[01;35m\x1b[Kwarning: \x1b[m\x1b[Kcomparison of integer expressions of different signedness: \xe2\x80\x98\x1b[01m\x1b[Kint\x1b[m\x1b[K\xe2\x80\x99 and \xe2\x80\x98\x1b[01m\x1b[Kstd::vector<std::shared_ptr<lightning::Keyframe> >::size_type\x1b[m\x1b[K\xe2\x80\x99 {aka \xe2\x80\x98\x1b[01m\x1b[Klong unsigned int\x1b[m\x1b[K\xe2\x80\x99} [\x1b[01;35m\x1b[K\x1b]8;;https://gcc.gnu.org/onlinedocs/gcc/Warning-Options.html#index-Wsign-compare\x07-Wsign-compare\x1b]8;;\x07\x1b[m\x1b[K]\n'}
[54.942335] (lightning) StderrLine: {'line': b'  177 |             if (id < 0 || \x1b[01;35m\x1b[Kid >= all_keyframes_.size()\x1b[m\x1b[K) {\n'}
[54.942374] (lightning) StderrLine: {'line': b'      |                           \x1b[01;35m\x1b[K~~~^~~~~~~~~~~~~~~~~~~~~~~~\x1b[m\x1b[K\n'}
[54.945181] (-) TimerEvent: {}
[55.045442] (-) TimerEvent: {}
[55.145720] (-) TimerEvent: {}
[55.245977] (-) TimerEvent: {}
[55.346253] (-) TimerEvent: {}
[55.446559] (-) TimerEvent: {}
[55.546852] (-) TimerEvent: {}
[55.647176] (-) TimerEvent: {}
[55.747431] (-) TimerEvent: {}
[55.847710] (-) TimerEvent: {}
[55.947978] (-) TimerEvent: {}
[56.048233] (-) TimerEvent: {}
[56.148511] (-) TimerEvent: {}
[56.248782] (-) TimerEvent: {}
[56.349072] (-) TimerEvent: {}
[56.449298] (-) TimerEvent: {}
[56.549607] (-) TimerEvent: {}
[56.649887] (-) TimerEvent: {}
[56.750181] (-) TimerEvent: {}
[56.850479] (-) TimerEvent: {}
[56.950799] (-) TimerEvent: {}
[57.051085] (-) TimerEvent: {}
[57.151337] (-) TimerEvent: {}
[57.251583] (-) TimerEvent: {}
[57.351875] (-) TimerEvent: {}
[57.452163] (-) TimerEvent: {}
[57.481576] (lightning) StderrLine: {'line': b'In file included from \x1b[01m\x1b[K/home/kepler/Documents/Codex/2026-08-14/microsoft-visual-studio-code-stable-vs/outputs/lightning_lm_ws/src/lightning-lm/src/core/miao/core/solver/block_solver.h:15\x1b[m\x1b[K,\n'}
[57.481712] (lightning) StderrLine: {'line': b'                 from \x1b[01m\x1b[K/home/kepler/Documents/Codex/2026-08-14/microsoft-visual-studio-code-stable-vs/outputs/lightning_lm_ws/src/lightning-lm/src/core/miao/core/opti_algo/algo_select.h:11\x1b[m\x1b[K,\n'}
[57.481749] (lightning) StderrLine: {'line': b'                 from \x1b[01m\x1b[K/home/kepler/Documents/Codex/2026-08-14/microsoft-visual-studio-code-stable-vs/outputs/lightning_lm_ws/src/lightning-lm/src/core/loop_closing/loop_closing.cc:13\x1b[m\x1b[K:\n'}
[57.481779] (lightning) StderrLine: {'line': b'/home/kepler/Documents/Codex/2026-08-14/microsoft-visual-studio-code-stable-vs/outputs/lightning_lm_ws/src/lightning-lm/src/core/miao/core/solver/linear_solver.h: In instantiation of \xe2\x80\x98\x1b[01m\x1b[Kbool lightning::miao::LinearSolver<MatrixType>::Solve(const MatXd&, double*, double*) [with MatrixType = Eigen::Matrix<double, 6, 6, 0, 6, 6>; lightning::MatXd = Eigen::Matrix<double, -1, -1>]\x1b[m\x1b[K\xe2\x80\x99:\n'}
[57.481810] (lightning) StderrLine: {'line': b'\x1b[01m\x1b[K/home/kepler/Documents/Codex/2026-08-14/microsoft-visual-studio-code-stable-vs/outputs/lightning_lm_ws/src/lightning-lm/src/core/miao/core/solver/linear_solver.h:51:18:\x1b[m\x1b[K   required from here\n'}
[57.481840] (lightning) StderrLine: {'line': b'\x1b[01m\x1b[K/home/kepler/Documents/Codex/2026-08-14/microsoft-visual-studio-code-stable-vs/outputs/lightning_lm_ws/src/lightning-lm/src/core/miao/core/solver/linear_solver.h:51:48:\x1b[m\x1b[K \x1b[01;35m\x1b[Kwarning: \x1b[m\x1b[Kunused parameter \xe2\x80\x98\x1b[01m\x1b[KA\x1b[m\x1b[K\xe2\x80\x99 [\x1b[01;35m\x1b[K\x1b]8;;https://gcc.gnu.org/onlinedocs/gcc/Warning-Options.html#index-Wunused-parameter\x07-Wunused-parameter\x1b]8;;\x07\x1b[m\x1b[K]\n'}
[57.481873] (lightning) StderrLine: {'line': b'   51 |     virtual bool Solve(\x1b[01;35m\x1b[Kconst lightning::MatXd& A\x1b[m\x1b[K, double* x, double* b) { return true; }\n'}
[57.481900] (lightning) StderrLine: {'line': b'      |                        \x1b[01;35m\x1b[K~~~~~~~~~~~~~~~~~~~~~~~~^\x1b[m\x1b[K\n'}
[57.481928] (lightning) StderrLine: {'line': b'\x1b[01m\x1b[K/home/kepler/Documents/Codex/2026-08-14/microsoft-visual-studio-code-stable-vs/outputs/lightning_lm_ws/src/lightning-lm/src/core/miao/core/solver/linear_solver.h:51:59:\x1b[m\x1b[K \x1b[01;35m\x1b[Kwarning: \x1b[m\x1b[Kunused parameter \xe2\x80\x98\x1b[01m\x1b[Kx\x1b[m\x1b[K\xe2\x80\x99 [\x1b[01;35m\x1b[K\x1b]8;;https://gcc.gnu.org/onlinedocs/gcc/Warning-Options.html#index-Wunused-parameter\x07-Wunused-parameter\x1b]8;;\x07\x1b[m\x1b[K]\n'}
[57.481957] (lightning) StderrLine: {'line': b'   51 |     virtual bool Solve(const lightning::MatXd& A, \x1b[01;35m\x1b[Kdouble* x\x1b[m\x1b[K, double* b) { return true; }\n'}
[57.481985] (lightning) StderrLine: {'line': b'      |                                                   \x1b[01;35m\x1b[K~~~~~~~~^\x1b[m\x1b[K\n'}
[57.482018] (lightning) StderrLine: {'line': b'\x1b[01m\x1b[K/home/kepler/Documents/Codex/2026-08-14/microsoft-visual-studio-code-stable-vs/outputs/lightning_lm_ws/src/lightning-lm/src/core/miao/core/solver/linear_solver.h:51:70:\x1b[m\x1b[K \x1b[01;35m\x1b[Kwarning: \x1b[m\x1b[Kunused parameter \xe2\x80\x98\x1b[01m\x1b[Kb\x1b[m\x1b[K\xe2\x80\x99 [\x1b[01;35m\x1b[K\x1b]8;;https://gcc.gnu.org/onlinedocs/gcc/Warning-Options.html#index-Wunused-parameter\x07-Wunused-parameter\x1b]8;;\x07\x1b[m\x1b[K]\n'}
[57.482050] (lightning) StderrLine: {'line': b'   51 | al bool Solve(const lightning::MatXd& A, double* x, \x1b[01;35m\x1b[Kdouble* b\x1b[m\x1b[K) { return true; }\n'}
[57.482076] (lightning) StderrLine: {'line': b'      |                                                     \x1b[01;35m\x1b[K~~~~~~~~^\x1b[m\x1b[K\n'}
[57.482101] (lightning) StderrLine: {'line': b'\n'}
[57.552251] (-) TimerEvent: {}
[57.652550] (-) TimerEvent: {}
[57.752811] (-) TimerEvent: {}
[57.853066] (-) TimerEvent: {}
[57.953346] (-) TimerEvent: {}
[58.053590] (-) TimerEvent: {}
[58.153849] (-) TimerEvent: {}
[58.254106] (-) TimerEvent: {}
[58.354380] (-) TimerEvent: {}
[58.454618] (-) TimerEvent: {}
[58.554889] (-) TimerEvent: {}
[58.655145] (-) TimerEvent: {}
[58.755441] (-) TimerEvent: {}
[58.855712] (-) TimerEvent: {}
[58.956005] (-) TimerEvent: {}
[59.056313] (-) TimerEvent: {}
[59.156622] (-) TimerEvent: {}
[59.256900] (-) TimerEvent: {}
[59.357206] (-) TimerEvent: {}
[59.457488] (-) TimerEvent: {}
[59.557787] (-) TimerEvent: {}
[59.658072] (-) TimerEvent: {}
[59.758368] (-) TimerEvent: {}
[59.858692] (-) TimerEvent: {}
[59.958960] (-) TimerEvent: {}
[60.059259] (-) TimerEvent: {}
[60.159513] (-) TimerEvent: {}
[60.259768] (-) TimerEvent: {}
[60.360089] (-) TimerEvent: {}
[60.460352] (-) TimerEvent: {}
[60.560618] (-) TimerEvent: {}
[60.660940] (-) TimerEvent: {}
[60.761308] (-) TimerEvent: {}
[60.861612] (-) TimerEvent: {}
[60.961915] (-) TimerEvent: {}
[61.062177] (-) TimerEvent: {}
[61.162435] (-) TimerEvent: {}
[61.262712] (-) TimerEvent: {}
[61.362981] (-) TimerEvent: {}
[61.463227] (-) TimerEvent: {}
[61.563485] (-) TimerEvent: {}
[61.663771] (-) TimerEvent: {}
[61.764014] (-) TimerEvent: {}
[61.864265] (-) TimerEvent: {}
[61.964528] (-) TimerEvent: {}
[62.064812] (-) TimerEvent: {}
[62.165098] (-) TimerEvent: {}
[62.265345] (-) TimerEvent: {}
[62.365630] (-) TimerEvent: {}
[62.465922] (-) TimerEvent: {}
[62.566201] (-) TimerEvent: {}
[62.666485] (-) TimerEvent: {}
[62.766774] (-) TimerEvent: {}
[62.867131] (-) TimerEvent: {}
[62.967443] (-) TimerEvent: {}
[63.067705] (-) TimerEvent: {}
[63.168046] (-) TimerEvent: {}
[63.268387] (-) TimerEvent: {}
[63.368650] (-) TimerEvent: {}
[63.468889] (-) TimerEvent: {}
[63.569182] (-) TimerEvent: {}
[63.669540] (-) TimerEvent: {}
[63.769840] (-) TimerEvent: {}
[63.870170] (-) TimerEvent: {}
[63.970464] (-) TimerEvent: {}
[64.070732] (-) TimerEvent: {}
[64.171040] (-) TimerEvent: {}
[64.271285] (-) TimerEvent: {}
[64.371591] (-) TimerEvent: {}
[64.471862] (-) TimerEvent: {}
[64.572174] (-) TimerEvent: {}
[64.672392] (-) TimerEvent: {}
[64.772641] (-) TimerEvent: {}
[64.872902] (-) TimerEvent: {}
[64.973126] (-) TimerEvent: {}
[65.073347] (-) TimerEvent: {}
[65.173585] (-) TimerEvent: {}
[65.273832] (-) TimerEvent: {}
[65.374136] (-) TimerEvent: {}
[65.474399] (-) TimerEvent: {}
[65.574661] (-) TimerEvent: {}
[65.674890] (-) TimerEvent: {}
[65.775197] (-) TimerEvent: {}
[65.875458] (-) TimerEvent: {}
[65.975719] (-) TimerEvent: {}
[66.075939] (-) TimerEvent: {}
[66.176236] (-) TimerEvent: {}
[66.276478] (-) TimerEvent: {}
[66.376744] (-) TimerEvent: {}
[66.477005] (-) TimerEvent: {}
[66.577296] (-) TimerEvent: {}
[66.677576] (-) TimerEvent: {}
[66.777810] (-) TimerEvent: {}
[66.878189] (-) TimerEvent: {}
[66.978435] (-) TimerEvent: {}
[67.078743] (-) TimerEvent: {}
[67.178992] (-) TimerEvent: {}
[67.279344] (-) TimerEvent: {}
[67.379575] (-) TimerEvent: {}
[67.479898] (-) TimerEvent: {}
[67.580128] (-) TimerEvent: {}
[67.680358] (-) TimerEvent: {}
[67.780603] (-) TimerEvent: {}
[67.880825] (-) TimerEvent: {}
[67.981087] (-) TimerEvent: {}
[68.081326] (-) TimerEvent: {}
[68.181595] (-) TimerEvent: {}
[68.281859] (-) TimerEvent: {}
[68.382091] (-) TimerEvent: {}
[68.482306] (-) TimerEvent: {}
[68.582536] (-) TimerEvent: {}
[68.682824] (-) TimerEvent: {}
[68.783086] (-) TimerEvent: {}
[68.883313] (-) TimerEvent: {}
[68.983575] (-) TimerEvent: {}
[69.083819] (-) TimerEvent: {}
[69.184063] (-) TimerEvent: {}
[69.284303] (-) TimerEvent: {}
[69.384538] (-) TimerEvent: {}
[69.484844] (-) TimerEvent: {}
[69.585090] (-) TimerEvent: {}
[69.685306] (-) TimerEvent: {}
[69.785533] (-) TimerEvent: {}
[69.885757] (-) TimerEvent: {}
[69.986074] (-) TimerEvent: {}
[70.086327] (-) TimerEvent: {}
[70.186564] (-) TimerEvent: {}
[70.286792] (-) TimerEvent: {}
[70.387038] (-) TimerEvent: {}
[70.487252] (-) TimerEvent: {}
[70.587506] (-) TimerEvent: {}
[70.687738] (-) TimerEvent: {}
[70.787982] (-) TimerEvent: {}
[70.888566] (-) TimerEvent: {}
[71.001385] (-) TimerEvent: {}
[71.101634] (-) TimerEvent: {}
[71.201916] (-) TimerEvent: {}
[71.302226] (-) TimerEvent: {}
[71.391282] (lightning) StdoutLine: {'line': b'[ 70%] \x1b[32mBuilding CXX object src/CMakeFiles/lightning.libs.dir/core/g2p5/g2p5.cc.o\x1b[0m\n'}
[71.402391] (-) TimerEvent: {}
[71.502747] (-) TimerEvent: {}
[71.602994] (-) TimerEvent: {}
[71.703294] (-) TimerEvent: {}
[71.803552] (-) TimerEvent: {}
[71.903790] (-) TimerEvent: {}
[72.003998] (-) TimerEvent: {}
[72.104214] (-) TimerEvent: {}
[72.204435] (-) TimerEvent: {}
[72.304701] (-) TimerEvent: {}
[72.405024] (-) TimerEvent: {}
[72.505398] (-) TimerEvent: {}
[72.605653] (-) TimerEvent: {}
[72.705916] (-) TimerEvent: {}
[72.806147] (-) TimerEvent: {}
[72.906380] (-) TimerEvent: {}
[73.006681] (-) TimerEvent: {}
[73.106915] (-) TimerEvent: {}
[73.207205] (-) TimerEvent: {}
[73.307464] (-) TimerEvent: {}
[73.407747] (-) TimerEvent: {}
[73.507993] (-) TimerEvent: {}
[73.608268] (-) TimerEvent: {}
[73.634335] (lightning) StderrLine: {'line': b'In file included from \x1b[01m\x1b[K/home/kepler/Documents/Codex/2026-08-14/microsoft-visual-studio-code-stable-vs/outputs/lightning_lm_ws/src/lightning-lm/src/core/g2p5/g2p5.h:9\x1b[m\x1b[K,\n'}
[73.634469] (lightning) StderrLine: {'line': b'                 from \x1b[01m\x1b[K/home/kepler/Documents/Codex/2026-08-14/microsoft-visual-studio-code-stable-vs/outputs/lightning_lm_ws/src/lightning-lm/src/core/g2p5/g2p5.cc:5\x1b[m\x1b[K:\n'}
[73.634504] (lightning) StderrLine: {'line': b'\x1b[01m\x1b[K/home/kepler/Documents/Codex/2026-08-14/microsoft-visual-studio-code-stable-vs/outputs/lightning_lm_ws/src/lightning-lm/src/common/keyframe.h:\x1b[m\x1b[K In constructor \xe2\x80\x98\x1b[01m\x1b[Klightning::Keyframe::Keyframe(long unsigned int, lightning::CloudPtr, lightning::NavState)\x1b[m\x1b[K\xe2\x80\x99:\n'}
[73.634537] (lightning) StderrLine: {'line': b'\x1b[01m\x1b[K/home/kepler/Documents/Codex/2026-08-14/microsoft-visual-studio-code-stable-vs/outputs/lightning_lm_ws/src/lightning-lm/src/common/keyframe.h:74:14:\x1b[m\x1b[K \x1b[01;35m\x1b[Kwarning: \x1b[m\x1b[K\xe2\x80\x98\x1b[01m\x1b[Klightning::Keyframe::state_\x1b[m\x1b[K\xe2\x80\x99 will be initialized after [\x1b[01;35m\x1b[K\x1b]8;;https://gcc.gnu.org/onlinedocs/gcc/Warning-Options.html#index-Wreorder\x07-Wreorder\x1b]8;;\x07\x1b[m\x1b[K]\n'}
[73.634582] (lightning) StderrLine: {'line': b'   74 |     NavState \x1b[01;35m\x1b[Kstate_\x1b[m\x1b[K;  // \xe5\x8d\xa1\xe5\xb0\x94\xe6\x9b\xbc\xe6\xbb\xa4\xe6\xb3\xa2\xe5\x99\xa8\xe7\x8a\xb6\xe6\x80\x81\n'}
[73.634612] (lightning) StderrLine: {'line': b'      |              \x1b[01;35m\x1b[K^~~~~~\x1b[m\x1b[K\n'}
[73.634639] (lightning) StderrLine: {'line': b'\x1b[01m\x1b[K/home/kepler/Documents/Codex/2026-08-14/microsoft-visual-studio-code-stable-vs/outputs/lightning_lm_ws/src/lightning-lm/src/common/keyframe.h:71:9:\x1b[m\x1b[K \x1b[01;35m\x1b[Kwarning: \x1b[m\x1b[K  \xe2\x80\x98\x1b[01m\x1b[Klightning::SE3 lightning::Keyframe::pose_lio_\x1b[m\x1b[K\xe2\x80\x99 [\x1b[01;35m\x1b[K\x1b]8;;https://gcc.gnu.org/onlinedocs/gcc/Warning-Options.html#index-Wreorder\x07-Wreorder\x1b]8;;\x07\x1b[m\x1b[K]\n'}
[73.634667] (lightning) StderrLine: {'line': b'   71 |     SE3 \x1b[01;35m\x1b[Kpose_lio_\x1b[m\x1b[K;  // \xe5\x89\x8d\xe7\xab\xaf\xe7\x9a\x84pose\n'}
[73.634693] (lightning) StderrLine: {'line': b'      |         \x1b[01;35m\x1b[K^~~~~~~~~\x1b[m\x1b[K\n'}
[73.634720] (lightning) StderrLine: {'line': b'\x1b[01m\x1b[K/home/kepler/Documents/Codex/2026-08-14/microsoft-visual-studio-code-stable-vs/outputs/lightning_lm_ws/src/lightning-lm/src/common/keyframe.h:22:5:\x1b[m\x1b[K \x1b[01;35m\x1b[Kwarning: \x1b[m\x1b[K  when initialized here [\x1b[01;35m\x1b[K\x1b]8;;https://gcc.gnu.org/onlinedocs/gcc/Warning-Options.html#index-Wreorder\x07-Wreorder\x1b]8;;\x07\x1b[m\x1b[K]\n'}
[73.634749] (lightning) StderrLine: {'line': b'   22 |     \x1b[01;35m\x1b[KKeyframe\x1b[m\x1b[K(unsigned long id, CloudPtr cloud, NavState state)\n'}
[73.634776] (lightning) StderrLine: {'line': b'      |     \x1b[01;35m\x1b[K^~~~~~~~\x1b[m\x1b[K\n'}
[73.708395] (-) TimerEvent: {}
[73.808655] (-) TimerEvent: {}
[73.908918] (-) TimerEvent: {}
[74.009144] (-) TimerEvent: {}
[74.109378] (-) TimerEvent: {}
[74.209658] (-) TimerEvent: {}
[74.309910] (-) TimerEvent: {}
[74.410146] (-) TimerEvent: {}
[74.510363] (-) TimerEvent: {}
[74.610627] (-) TimerEvent: {}
[74.688605] (lightning) StderrLine: {'line': b'\x1b[01m\x1b[K/home/kepler/Documents/Codex/2026-08-14/microsoft-visual-studio-code-stable-vs/outputs/lightning_lm_ws/src/lightning-lm/src/core/g2p5/g2p5.cc:\x1b[m\x1b[K In member function \xe2\x80\x98\x1b[01m\x1b[Kvoid lightning::g2p5::G2P5::RenderBack()\x1b[m\x1b[K\xe2\x80\x99:\n'}
[74.688758] (lightning) StderrLine: {'line': b'\x1b[01m\x1b[K/home/kepler/Documents/Codex/2026-08-14/microsoft-visual-studio-code-stable-vs/outputs/lightning_lm_ws/src/lightning-lm/src/core/g2p5/g2p5.cc:128:25:\x1b[m\x1b[K \x1b[01;35m\x1b[Kwarning: \x1b[m\x1b[Kcomparison of integer expressions of different signedness: \xe2\x80\x98\x1b[01m\x1b[Kint\x1b[m\x1b[K\xe2\x80\x99 and \xe2\x80\x98\x1b[01m\x1b[Klong unsigned int\x1b[m\x1b[K\xe2\x80\x99 [\x1b[01;35m\x1b[K\x1b]8;;https://gcc.gnu.org/onlinedocs/gcc/Warning-Options.html#index-Wsign-compare\x07-Wsign-compare\x1b]8;;\x07\x1b[m\x1b[K]\n'}
[74.688798] (lightning) StderrLine: {'line': b'  128 |             if (\x1b[01;35m\x1b[Kcur_idx == frontend_kf->GetID()\x1b[m\x1b[K) {\n'}
[74.688828] (lightning) StderrLine: {'line': b'      |                 \x1b[01;35m\x1b[K~~~~~~~~^~~~~~~~~~~~~~~~~~~~~~~\x1b[m\x1b[K\n'}
[74.710728] (-) TimerEvent: {}
[74.810937] (-) TimerEvent: {}
[74.911219] (-) TimerEvent: {}
[75.011545] (-) TimerEvent: {}
[75.111783] (-) TimerEvent: {}
[75.212037] (-) TimerEvent: {}
[75.312286] (-) TimerEvent: {}
[75.412557] (-) TimerEvent: {}
[75.512816] (-) TimerEvent: {}
[75.613067] (-) TimerEvent: {}
[75.713446] (-) TimerEvent: {}
[75.813721] (-) TimerEvent: {}
[75.913987] (-) TimerEvent: {}
[76.014292] (-) TimerEvent: {}
[76.114574] (-) TimerEvent: {}
[76.214853] (-) TimerEvent: {}
[76.315103] (-) TimerEvent: {}
[76.415324] (-) TimerEvent: {}
[76.515581] (-) TimerEvent: {}
[76.615853] (-) TimerEvent: {}
[76.716093] (-) TimerEvent: {}
[76.816409] (-) TimerEvent: {}
[76.916676] (-) TimerEvent: {}
[77.016972] (-) TimerEvent: {}
[77.117324] (-) TimerEvent: {}
[77.217557] (-) TimerEvent: {}
[77.317820] (-) TimerEvent: {}
[77.418124] (-) TimerEvent: {}
[77.518414] (-) TimerEvent: {}
[77.618691] (-) TimerEvent: {}
[77.718985] (-) TimerEvent: {}
[77.819326] (-) TimerEvent: {}
[77.919594] (-) TimerEvent: {}
[78.019876] (-) TimerEvent: {}
[78.120158] (-) TimerEvent: {}
[78.220427] (-) TimerEvent: {}
[78.320707] (-) TimerEvent: {}
[78.421000] (-) TimerEvent: {}
[78.521261] (-) TimerEvent: {}
[78.621509] (-) TimerEvent: {}
[78.721791] (-) TimerEvent: {}
[78.822067] (-) TimerEvent: {}
[78.922292] (-) TimerEvent: {}
[79.022544] (-) TimerEvent: {}
[79.122791] (-) TimerEvent: {}
[79.223073] (-) TimerEvent: {}
[79.323393] (-) TimerEvent: {}
[79.423723] (-) TimerEvent: {}
[79.524015] (-) TimerEvent: {}
[79.624271] (-) TimerEvent: {}
[79.724505] (-) TimerEvent: {}
[79.824774] (-) TimerEvent: {}
[79.924999] (-) TimerEvent: {}
[80.025247] (-) TimerEvent: {}
[80.125519] (-) TimerEvent: {}
[80.225801] (-) TimerEvent: {}
[80.326083] (-) TimerEvent: {}
[80.426346] (-) TimerEvent: {}
[80.526603] (-) TimerEvent: {}
[80.626874] (-) TimerEvent: {}
[80.727167] (-) TimerEvent: {}
[80.827439] (-) TimerEvent: {}
[80.927718] (-) TimerEvent: {}
[81.027982] (-) TimerEvent: {}
[81.128286] (-) TimerEvent: {}
[81.228580] (-) TimerEvent: {}
[81.328891] (-) TimerEvent: {}
[81.429164] (-) TimerEvent: {}
[81.529443] (-) TimerEvent: {}
[81.629841] (-) TimerEvent: {}
[81.730088] (-) TimerEvent: {}
[81.830315] (-) TimerEvent: {}
[81.930592] (-) TimerEvent: {}
[82.030844] (-) TimerEvent: {}
[82.131089] (-) TimerEvent: {}
[82.231331] (-) TimerEvent: {}
[82.331573] (-) TimerEvent: {}
[82.431867] (-) TimerEvent: {}
[82.532118] (-) TimerEvent: {}
[82.632365] (-) TimerEvent: {}
[82.732612] (-) TimerEvent: {}
[82.832866] (-) TimerEvent: {}
[82.933092] (-) TimerEvent: {}
[83.033316] (-) TimerEvent: {}
[83.133563] (-) TimerEvent: {}
[83.233799] (-) TimerEvent: {}
[83.334039] (-) TimerEvent: {}
[83.434254] (-) TimerEvent: {}
[83.534471] (-) TimerEvent: {}
[83.634716] (-) TimerEvent: {}
[83.734935] (-) TimerEvent: {}
[83.835176] (-) TimerEvent: {}
[83.935435] (-) TimerEvent: {}
[84.035674] (-) TimerEvent: {}
[84.135974] (-) TimerEvent: {}
[84.236267] (-) TimerEvent: {}
[84.336520] (-) TimerEvent: {}
[84.436760] (-) TimerEvent: {}
[84.537033] (-) TimerEvent: {}
[84.637280] (-) TimerEvent: {}
[84.737509] (-) TimerEvent: {}
[84.837732] (-) TimerEvent: {}
[84.937935] (-) TimerEvent: {}
[85.038160] (-) TimerEvent: {}
[85.138363] (-) TimerEvent: {}
[85.238615] (-) TimerEvent: {}
[85.338872] (-) TimerEvent: {}
[85.439093] (-) TimerEvent: {}
[85.539316] (-) TimerEvent: {}
[85.639538] (-) TimerEvent: {}
[85.739762] (-) TimerEvent: {}
[85.839975] (-) TimerEvent: {}
[85.940184] (-) TimerEvent: {}
[86.040441] (-) TimerEvent: {}
[86.140681] (-) TimerEvent: {}
[86.240894] (-) TimerEvent: {}
[86.341158] (-) TimerEvent: {}
[86.441404] (-) TimerEvent: {}
[86.541613] (-) TimerEvent: {}
[86.641900] (-) TimerEvent: {}
[86.742146] (-) TimerEvent: {}
[86.842386] (-) TimerEvent: {}
[86.942660] (-) TimerEvent: {}
[87.042936] (-) TimerEvent: {}
[87.143189] (-) TimerEvent: {}
[87.243474] (-) TimerEvent: {}
[87.256957] (lightning) StdoutLine: {'line': b'[ 71%] \x1b[32mBuilding CXX object src/CMakeFiles/lightning.libs.dir/core/maps/tiled_map.cc.o\x1b[0m\n'}
[87.343675] (-) TimerEvent: {}
[87.443964] (-) TimerEvent: {}
[87.544238] (-) TimerEvent: {}
[87.644540] (-) TimerEvent: {}
[87.744923] (-) TimerEvent: {}
[87.845263] (-) TimerEvent: {}
[87.945545] (-) TimerEvent: {}
[88.045762] (-) TimerEvent: {}
[88.146051] (-) TimerEvent: {}
[88.246324] (-) TimerEvent: {}
[88.346601] (-) TimerEvent: {}
[88.446894] (-) TimerEvent: {}
[88.547188] (-) TimerEvent: {}
[88.647525] (-) TimerEvent: {}
[88.747784] (-) TimerEvent: {}
[88.848039] (-) TimerEvent: {}
[88.948290] (-) TimerEvent: {}
[89.048538] (-) TimerEvent: {}
[89.148760] (-) TimerEvent: {}
[89.249068] (-) TimerEvent: {}
[89.349315] (-) TimerEvent: {}
[89.449548] (-) TimerEvent: {}
[89.549803] (-) TimerEvent: {}
[89.650074] (-) TimerEvent: {}
[89.750350] (-) TimerEvent: {}
[89.850648] (-) TimerEvent: {}
[89.950955] (-) TimerEvent: {}
[90.051269] (-) TimerEvent: {}
[90.151554] (-) TimerEvent: {}
[90.251816] (-) TimerEvent: {}
[90.352075] (-) TimerEvent: {}
[90.452297] (-) TimerEvent: {}
[90.552553] (-) TimerEvent: {}
[90.652854] (-) TimerEvent: {}
[90.738198] (lightning) StderrLine: {'line': b'In file included from \x1b[01m\x1b[K/home/kepler/Documents/Codex/2026-08-14/microsoft-visual-studio-code-stable-vs/outputs/lightning_lm_ws/src/lightning-lm/src/core/lightning_math.hpp:22\x1b[m\x1b[K,\n'}
[90.738346] (lightning) StderrLine: {'line': b'                 from \x1b[01m\x1b[K/home/kepler/Documents/Codex/2026-08-14/microsoft-visual-studio-code-stable-vs/outputs/lightning_lm_ws/src/lightning-lm/src/core/maps/tiled_map.h:16\x1b[m\x1b[K,\n'}
[90.738396] (lightning) StderrLine: {'line': b'                 from \x1b[01m\x1b[K/home/kepler/Documents/Codex/2026-08-14/microsoft-visual-studio-code-stable-vs/outputs/lightning_lm_ws/src/lightning-lm/src/core/maps/tiled_map.cc:5\x1b[m\x1b[K:\n'}
[90.738427] (lightning) StderrLine: {'line': b'\x1b[01m\x1b[K/home/kepler/Documents/Codex/2026-08-14/microsoft-visual-studio-code-stable-vs/outputs/lightning_lm_ws/src/lightning-lm/src/common/options.h:\x1b[m\x1b[K In function \xe2\x80\x98\x1b[01m\x1b[Kvoid lightning::debug::SigHandle(int)\x1b[m\x1b[K\xe2\x80\x99:\n'}
[90.738458] (lightning) StderrLine: {'line': b'\x1b[01m\x1b[K/home/kepler/Documents/Codex/2026-08-14/microsoft-visual-studio-code-stable-vs/outputs/lightning_lm_ws/src/lightning-lm/src/common/options.h:27:27:\x1b[m\x1b[K \x1b[01;35m\x1b[Kwarning: \x1b[m\x1b[Kunused parameter \xe2\x80\x98\x1b[01m\x1b[Ksig\x1b[m\x1b[K\xe2\x80\x99 [\x1b[01;35m\x1b[K\x1b]8;;https://gcc.gnu.org/onlinedocs/gcc/Warning-Options.html#index-Wunused-parameter\x07-Wunused-parameter\x1b]8;;\x07\x1b[m\x1b[K]\n'}
[90.738491] (lightning) StderrLine: {'line': b'   27 | inline void SigHandle(\x1b[01;35m\x1b[Kint sig\x1b[m\x1b[K) {\n'}
[90.738523] (lightning) StderrLine: {'line': b'      |                       \x1b[01;35m\x1b[K~~~~^~~\x1b[m\x1b[K\n'}
[90.752956] (-) TimerEvent: {}
[90.853240] (-) TimerEvent: {}
[90.953508] (-) TimerEvent: {}
[91.053796] (-) TimerEvent: {}
[91.154090] (-) TimerEvent: {}
[91.254409] (-) TimerEvent: {}
[91.354689] (-) TimerEvent: {}
[91.454976] (-) TimerEvent: {}
[91.555308] (-) TimerEvent: {}
[91.655579] (-) TimerEvent: {}
[91.755889] (-) TimerEvent: {}
[91.823453] (lightning) StderrLine: {'line': b'\x1b[01m\x1b[K/home/kepler/Documents/Codex/2026-08-14/microsoft-visual-studio-code-stable-vs/outputs/lightning_lm_ws/src/lightning-lm/src/core/maps/tiled_map.cc:\x1b[m\x1b[K In member function \xe2\x80\x98\x1b[01m\x1b[Kvoid lightning::TiledMap::UpdateVoxel(lightning::TiledMap::VoxelData&, bool)\x1b[m\x1b[K\xe2\x80\x99:\n'}
[91.823602] (lightning) StderrLine: {'line': b'\x1b[01m\x1b[K/home/kepler/Documents/Codex/2026-08-14/microsoft-visual-studio-code-stable-vs/outputs/lightning_lm_ws/src/lightning-lm/src/core/maps/tiled_map.cc:563:44:\x1b[m\x1b[K \x1b[01;35m\x1b[Kwarning: \x1b[m\x1b[Kcomparison of integer expressions of different signedness: \xe2\x80\x98\x1b[01m\x1b[Kstd::vector<Eigen::Matrix<float, 3, 1> >::size_type\x1b[m\x1b[K\xe2\x80\x99 {aka \xe2\x80\x98\x1b[01m\x1b[Klong unsigned int\x1b[m\x1b[K\xe2\x80\x99} and \xe2\x80\x98\x1b[01m\x1b[Kint\x1b[m\x1b[K\xe2\x80\x99 [\x1b[01;35m\x1b[K\x1b]8;;https://gcc.gnu.org/onlinedocs/gcc/Warning-Options.html#index-Wsign-compare\x07-Wsign-compare\x1b]8;;\x07\x1b[m\x1b[K]\n'}
[91.823657] (lightning) StderrLine: {'line': b'  563 |     if (!v.ndt_estimated_ && \x1b[01;35m\x1b[Kv.pts_.size() > ndt_map_options_.min_pts_in_voxel_\x1b[m\x1b[K) {\n'}
[91.823690] (lightning) StderrLine: {'line': b'      |                              \x1b[01;35m\x1b[K~~~~~~~~~~~~~~^~~~~~~~~~~~~~~~~~~~~~~~~~~~~~~~~~~~\x1b[m\x1b[K\n'}
[91.823832] (lightning) StderrLine: {'line': b'\x1b[01m\x1b[K/home/kepler/Documents/Codex/2026-08-14/microsoft-visual-studio-code-stable-vs/outputs/lightning_lm_ws/src/lightning-lm/src/core/maps/tiled_map.cc:569:50:\x1b[m\x1b[K \x1b[01;35m\x1b[Kwarning: \x1b[m\x1b[Kcomparison of integer expressions of different signedness: \xe2\x80\x98\x1b[01m\x1b[Kstd::vector<Eigen::Matrix<float, 3, 1> >::size_type\x1b[m\x1b[K\xe2\x80\x99 {aka \xe2\x80\x98\x1b[01m\x1b[Klong unsigned int\x1b[m\x1b[K\xe2\x80\x99} and \xe2\x80\x98\x1b[01m\x1b[Kint\x1b[m\x1b[K\xe2\x80\x99 [\x1b[01;35m\x1b[K\x1b]8;;https://gcc.gnu.org/onlinedocs/gcc/Warning-Options.html#index-Wsign-compare\x07-Wsign-compare\x1b]8;;\x07\x1b[m\x1b[K]\n'}
[91.823922] (lightning) StderrLine: {'line': b'  569 |     } else if (v.ndt_estimated_ && \x1b[01;35m\x1b[Kv.pts_.size() > ndt_map_options_.min_pts_in_voxel_\x1b[m\x1b[K) {\n'}
[91.823959] (lightning) StderrLine: {'line': b'      |                                    \x1b[01;35m\x1b[K~~~~~~~~~~~~~~^~~~~~~~~~~~~~~~~~~~~~~~~~~~~~~~~~~~\x1b[m\x1b[K\n'}
[91.855971] (-) TimerEvent: {}
[91.956239] (-) TimerEvent: {}
[92.056541] (-) TimerEvent: {}
[92.156844] (-) TimerEvent: {}
[92.257123] (-) TimerEvent: {}
[92.357358] (-) TimerEvent: {}
[92.457606] (-) TimerEvent: {}
[92.557857] (-) TimerEvent: {}
[92.658108] (-) TimerEvent: {}
[92.758362] (-) TimerEvent: {}
[92.858615] (-) TimerEvent: {}
[92.958892] (-) TimerEvent: {}
[93.059201] (-) TimerEvent: {}
[93.159480] (-) TimerEvent: {}
[93.259772] (-) TimerEvent: {}
[93.360136] (-) TimerEvent: {}
[93.460366] (-) TimerEvent: {}
[93.560634] (-) TimerEvent: {}
[93.660951] (-) TimerEvent: {}
[93.761240] (-) TimerEvent: {}
[93.861506] (-) TimerEvent: {}
[93.961794] (-) TimerEvent: {}
[94.062069] (-) TimerEvent: {}
[94.162332] (-) TimerEvent: {}
[94.262626] (-) TimerEvent: {}
[94.362939] (-) TimerEvent: {}
[94.463243] (-) TimerEvent: {}
[94.563516] (-) TimerEvent: {}
[94.663814] (-) TimerEvent: {}
[94.764066] (-) TimerEvent: {}
[94.864338] (-) TimerEvent: {}
[94.964619] (-) TimerEvent: {}
[95.064857] (-) TimerEvent: {}
[95.165137] (-) TimerEvent: {}
[95.265375] (-) TimerEvent: {}
[95.365670] (-) TimerEvent: {}
[95.465966] (-) TimerEvent: {}
[95.566267] (-) TimerEvent: {}
[95.666550] (-) TimerEvent: {}
[95.766816] (-) TimerEvent: {}
[95.867090] (-) TimerEvent: {}
[95.967383] (-) TimerEvent: {}
[96.067639] (-) TimerEvent: {}
[96.167909] (-) TimerEvent: {}
[96.268232] (-) TimerEvent: {}
[96.368482] (-) TimerEvent: {}
[96.468790] (-) TimerEvent: {}
[96.569088] (-) TimerEvent: {}
[96.669319] (-) TimerEvent: {}
[96.769587] (-) TimerEvent: {}
[96.869903] (-) TimerEvent: {}
[96.970157] (-) TimerEvent: {}
[97.070459] (-) TimerEvent: {}
[97.158037] (lightning) StdoutLine: {'line': b'[ 71%] \x1b[32mBuilding CXX object src/CMakeFiles/lightning.libs.dir/core/localization/localization_result.cc.o\x1b[0m\n'}
[97.170570] (-) TimerEvent: {}
[97.270855] (-) TimerEvent: {}
[97.371152] (-) TimerEvent: {}
[97.471402] (-) TimerEvent: {}
[97.571656] (-) TimerEvent: {}
[97.671945] (-) TimerEvent: {}
[97.772178] (-) TimerEvent: {}
[97.872411] (-) TimerEvent: {}
[97.972657] (-) TimerEvent: {}
[98.072893] (-) TimerEvent: {}
[98.173114] (-) TimerEvent: {}
[98.273407] (-) TimerEvent: {}
[98.373638] (-) TimerEvent: {}
[98.473922] (-) TimerEvent: {}
[98.574158] (-) TimerEvent: {}
[98.674395] (-) TimerEvent: {}
[98.774655] (-) TimerEvent: {}
[98.874941] (-) TimerEvent: {}
[98.975197] (-) TimerEvent: {}
[99.075450] (-) TimerEvent: {}
[99.175707] (-) TimerEvent: {}
[99.275931] (-) TimerEvent: {}
[99.376182] (-) TimerEvent: {}
[99.476455] (-) TimerEvent: {}
[99.576707] (-) TimerEvent: {}
[99.677024] (-) TimerEvent: {}
[99.777242] (-) TimerEvent: {}
[99.877469] (-) TimerEvent: {}
[99.977721] (-) TimerEvent: {}
[100.078034] (-) TimerEvent: {}
[100.178284] (-) TimerEvent: {}
[100.278562] (-) TimerEvent: {}
[100.378797] (-) TimerEvent: {}
[100.409506] (lightning) StderrLine: {'line': b'In file included from \x1b[01m\x1b[K/home/kepler/Documents/Codex/2026-08-14/microsoft-visual-studio-code-stable-vs/outputs/lightning_lm_ws/src/lightning-lm/src/core/lightning_math.hpp:22\x1b[m\x1b[K,\n'}
[100.409631] (lightning) StderrLine: {'line': b'                 from \x1b[01m\x1b[K/home/kepler/Documents/Codex/2026-08-14/microsoft-visual-studio-code-stable-vs/outputs/lightning_lm_ws/src/lightning-lm/src/core/localization/localization_result.cc:6\x1b[m\x1b[K:\n'}
[100.409670] (lightning) StderrLine: {'line': b'\x1b[01m\x1b[K/home/kepler/Documents/Codex/2026-08-14/microsoft-visual-studio-code-stable-vs/outputs/lightning_lm_ws/src/lightning-lm/src/common/options.h:\x1b[m\x1b[K In function \xe2\x80\x98\x1b[01m\x1b[Kvoid lightning::debug::SigHandle(int)\x1b[m\x1b[K\xe2\x80\x99:\n'}
[100.409708] (lightning) StderrLine: {'line': b'\x1b[01m\x1b[K/home/kepler/Documents/Codex/2026-08-14/microsoft-visual-studio-code-stable-vs/outputs/lightning_lm_ws/src/lightning-lm/src/common/options.h:27:27:\x1b[m\x1b[K \x1b[01;35m\x1b[Kwarning: \x1b[m\x1b[Kunused parameter \xe2\x80\x98\x1b[01m\x1b[Ksig\x1b[m\x1b[K\xe2\x80\x99 [\x1b[01;35m\x1b[K\x1b]8;;https://gcc.gnu.org/onlinedocs/gcc/Warning-Options.html#index-Wunused-parameter\x07-Wunused-parameter\x1b]8;;\x07\x1b[m\x1b[K]\n'}
[100.409738] (lightning) StderrLine: {'line': b'   27 | inline void SigHandle(\x1b[01;35m\x1b[Kint sig\x1b[m\x1b[K) {\n'}
[100.409764] (lightning) StderrLine: {'line': b'      |                       \x1b[01;35m\x1b[K~~~~^~~\x1b[m\x1b[K\n'}
[100.478906] (-) TimerEvent: {}
[100.579147] (-) TimerEvent: {}
[100.679422] (-) TimerEvent: {}
[100.779677] (-) TimerEvent: {}
[100.879967] (-) TimerEvent: {}
[100.980247] (-) TimerEvent: {}
[101.080516] (-) TimerEvent: {}
[101.180801] (-) TimerEvent: {}
[101.281098] (-) TimerEvent: {}
[101.381513] (-) TimerEvent: {}
[101.481813] (-) TimerEvent: {}
[101.582157] (-) TimerEvent: {}
[101.682482] (-) TimerEvent: {}
[101.782783] (-) TimerEvent: {}
[101.883054] (-) TimerEvent: {}
[101.983343] (-) TimerEvent: {}
[102.083627] (-) TimerEvent: {}
[102.183892] (-) TimerEvent: {}
[102.284162] (-) TimerEvent: {}
[102.384474] (-) TimerEvent: {}
[102.484734] (-) TimerEvent: {}
[102.585069] (-) TimerEvent: {}
[102.685358] (-) TimerEvent: {}
[102.785648] (-) TimerEvent: {}
[102.885903] (-) TimerEvent: {}
[102.986195] (-) TimerEvent: {}
[103.086487] (-) TimerEvent: {}
[103.186777] (-) TimerEvent: {}
[103.287026] (-) TimerEvent: {}
[103.387282] (-) TimerEvent: {}
[103.487544] (-) TimerEvent: {}
[103.587831] (-) TimerEvent: {}
[103.688084] (-) TimerEvent: {}
[103.788363] (-) TimerEvent: {}
[103.888673] (-) TimerEvent: {}
[103.988952] (-) TimerEvent: {}
[104.047986] (lightning) StdoutLine: {'line': b'[ 72%] \x1b[32mBuilding CXX object src/CMakeFiles/lightning.libs.dir/core/localization/lidar_loc/lidar_loc.cc.o\x1b[0m\n'}
[104.089046] (-) TimerEvent: {}
[104.189273] (-) TimerEvent: {}
[104.289531] (-) TimerEvent: {}
[104.389796] (-) TimerEvent: {}
[104.490022] (-) TimerEvent: {}
[104.590246] (-) TimerEvent: {}
[104.690527] (-) TimerEvent: {}
[104.790745] (-) TimerEvent: {}
[104.890986] (-) TimerEvent: {}
[104.991242] (-) TimerEvent: {}
[105.091526] (-) TimerEvent: {}
[105.191805] (-) TimerEvent: {}
[105.292080] (-) TimerEvent: {}
[105.392337] (-) TimerEvent: {}
[105.492602] (-) TimerEvent: {}
[105.592884] (-) TimerEvent: {}
[105.693139] (-) TimerEvent: {}
[105.793376] (-) TimerEvent: {}
[105.893660] (-) TimerEvent: {}
[105.993931] (-) TimerEvent: {}
[106.094176] (-) TimerEvent: {}
[106.194480] (-) TimerEvent: {}
[106.294728] (-) TimerEvent: {}
[106.394983] (-) TimerEvent: {}
[106.495272] (-) TimerEvent: {}
[106.595607] (-) TimerEvent: {}
[106.695845] (-) TimerEvent: {}
[106.796096] (-) TimerEvent: {}
[106.896337] (-) TimerEvent: {}
[106.996613] (-) TimerEvent: {}
[107.096900] (-) TimerEvent: {}
[107.197170] (-) TimerEvent: {}
[107.297412] (-) TimerEvent: {}
[107.397678] (-) TimerEvent: {}
[107.497961] (-) TimerEvent: {}
[107.598239] (-) TimerEvent: {}
[107.698526] (-) TimerEvent: {}
[107.798845] (-) TimerEvent: {}
[107.899141] (-) TimerEvent: {}
[107.999405] (-) TimerEvent: {}
[108.099628] (-) TimerEvent: {}
[108.199936] (-) TimerEvent: {}
[108.300235] (-) TimerEvent: {}
[108.321904] (lightning) StderrLine: {'line': b'In file included from \x1b[01m\x1b[K/home/kepler/Documents/Codex/2026-08-14/microsoft-visual-studio-code-stable-vs/outputs/lightning_lm_ws/src/lightning-lm/src/core/lightning_math.hpp:22\x1b[m\x1b[K,\n'}
[108.322061] (lightning) StderrLine: {'line': b'                 from \x1b[01m\x1b[K/home/kepler/Documents/Codex/2026-08-14/microsoft-visual-studio-code-stable-vs/outputs/lightning_lm_ws/src/lightning-lm/src/core/localization/lidar_loc/pclomp/voxel_grid_covariance_omp.h:47\x1b[m\x1b[K,\n'}
[108.322100] (lightning) StderrLine: {'line': b'                 from \x1b[01m\x1b[K/home/kepler/Documents/Codex/2026-08-14/microsoft-visual-studio-code-stable-vs/outputs/lightning_lm_ws/src/lightning-lm/src/core/localization/lidar_loc/pclomp/ndt_omp.h:47\x1b[m\x1b[K,\n'}
[108.322137] (lightning) StderrLine: {'line': b'                 from \x1b[01m\x1b[K/home/kepler/Documents/Codex/2026-08-14/microsoft-visual-studio-code-stable-vs/outputs/lightning_lm_ws/src/lightning-lm/src/core/localization/lidar_loc/pclomp/ndt_omp_impl.hpp:1\x1b[m\x1b[K,\n'}
[108.322168] (lightning) StderrLine: {'line': b'                 from \x1b[01m\x1b[K/home/kepler/Documents/Codex/2026-08-14/microsoft-visual-studio-code-stable-vs/outputs/lightning_lm_ws/src/lightning-lm/src/core/localization/lidar_loc/lidar_loc.cc:10\x1b[m\x1b[K:\n'}
[108.322198] (lightning) StderrLine: {'line': b'\x1b[01m\x1b[K/home/kepler/Documents/Codex/2026-08-14/microsoft-visual-studio-code-stable-vs/outputs/lightning_lm_ws/src/lightning-lm/src/common/options.h:\x1b[m\x1b[K In function \xe2\x80\x98\x1b[01m\x1b[Kvoid lightning::debug::SigHandle(int)\x1b[m\x1b[K\xe2\x80\x99:\n'}
[108.322229] (lightning) StderrLine: {'line': b'\x1b[01m\x1b[K/home/kepler/Documents/Codex/2026-08-14/microsoft-visual-studio-code-stable-vs/outputs/lightning_lm_ws/src/lightning-lm/src/common/options.h:27:27:\x1b[m\x1b[K \x1b[01;35m\x1b[Kwarning: \x1b[m\x1b[Kunused parameter \xe2\x80\x98\x1b[01m\x1b[Ksig\x1b[m\x1b[K\xe2\x80\x99 [\x1b[01;35m\x1b[K\x1b]8;;https://gcc.gnu.org/onlinedocs/gcc/Warning-Options.html#index-Wunused-parameter\x07-Wunused-parameter\x1b]8;;\x07\x1b[m\x1b[K]\n'}
[108.322260] (lightning) StderrLine: {'line': b'   27 | inline void SigHandle(\x1b[01;35m\x1b[Kint sig\x1b[m\x1b[K) {\n'}
[108.322291] (lightning) StderrLine: {'line': b'      |                       \x1b[01;35m\x1b[K~~~~^~~\x1b[m\x1b[K\n'}
[108.400368] (-) TimerEvent: {}
[108.500627] (-) TimerEvent: {}
[108.600928] (-) TimerEvent: {}
[108.701187] (-) TimerEvent: {}
[108.801466] (-) TimerEvent: {}
[108.901703] (-) TimerEvent: {}
[109.001957] (-) TimerEvent: {}
[109.102266] (-) TimerEvent: {}
[109.202549] (-) TimerEvent: {}
[109.302849] (-) TimerEvent: {}
[109.359763] (lightning) StderrLine: {'line': b'In file included from \x1b[01m\x1b[K/home/kepler/Documents/Codex/2026-08-14/microsoft-visual-studio-code-stable-vs/outputs/lightning_lm_ws/src/lightning-lm/src/ui/pangolin_window.h:8\x1b[m\x1b[K,\n'}
[109.359904] (lightning) StderrLine: {'line': b'                 from \x1b[01m\x1b[K/home/kepler/Documents/Codex/2026-08-14/microsoft-visual-studio-code-stable-vs/outputs/lightning_lm_ws/src/lightning-lm/src/core/localization/lidar_loc/lidar_loc.cc:20\x1b[m\x1b[K:\n'}
[109.359944] (lightning) StderrLine: {'line': b'\x1b[01m\x1b[K/home/kepler/Documents/Codex/2026-08-14/microsoft-visual-studio-code-stable-vs/outputs/lightning_lm_ws/src/lightning-lm/src/common/keyframe.h:\x1b[m\x1b[K In constructor \xe2\x80\x98\x1b[01m\x1b[Klightning::Keyframe::Keyframe(long unsigned int, lightning::CloudPtr, lightning::NavState)\x1b[m\x1b[K\xe2\x80\x99:\n'}
[109.359977] (lightning) StderrLine: {'line': b'\x1b[01m\x1b[K/home/kepler/Documents/Codex/2026-08-14/microsoft-visual-studio-code-stable-vs/outputs/lightning_lm_ws/src/lightning-lm/src/common/keyframe.h:74:14:\x1b[m\x1b[K \x1b[01;35m\x1b[Kwarning: \x1b[m\x1b[K\xe2\x80\x98\x1b[01m\x1b[Klightning::Keyframe::state_\x1b[m\x1b[K\xe2\x80\x99 will be initialized after [\x1b[01;35m\x1b[K\x1b]8;;https://gcc.gnu.org/onlinedocs/gcc/Warning-Options.html#index-Wreorder\x07-Wreorder\x1b]8;;\x07\x1b[m\x1b[K]\n'}
[109.360018] (lightning) StderrLine: {'line': b'   74 |     NavState \x1b[01;35m\x1b[Kstate_\x1b[m\x1b[K;  // \xe5\x8d\xa1\xe5\xb0\x94\xe6\x9b\xbc\xe6\xbb\xa4\xe6\xb3\xa2\xe5\x99\xa8\xe7\x8a\xb6\xe6\x80\x81\n'}
[109.360053] (lightning) StderrLine: {'line': b'      |              \x1b[01;35m\x1b[K^~~~~~\x1b[m\x1b[K\n'}
[109.360082] (lightning) StderrLine: {'line': b'\x1b[01m\x1b[K/home/kepler/Documents/Codex/2026-08-14/microsoft-visual-studio-code-stable-vs/outputs/lightning_lm_ws/src/lightning-lm/src/common/keyframe.h:71:9:\x1b[m\x1b[K \x1b[01;35m\x1b[Kwarning: \x1b[m\x1b[K  \xe2\x80\x98\x1b[01m\x1b[Klightning::SE3 lightning::Keyframe::pose_lio_\x1b[m\x1b[K\xe2\x80\x99 [\x1b[01;35m\x1b[K\x1b]8;;https://gcc.gnu.org/onlinedocs/gcc/Warning-Options.html#index-Wreorder\x07-Wreorder\x1b]8;;\x07\x1b[m\x1b[K]\n'}
[109.360111] (lightning) StderrLine: {'line': b'   71 |     SE3 \x1b[01;35m\x1b[Kpose_lio_\x1b[m\x1b[K;  // \xe5\x89\x8d\xe7\xab\xaf\xe7\x9a\x84pose\n'}
[109.360138] (lightning) StderrLine: {'line': b'      |         \x1b[01;35m\x1b[K^~~~~~~~~\x1b[m\x1b[K\n'}
[109.360165] (lightning) StderrLine: {'line': b'\x1b[01m\x1b[K/home/kepler/Documents/Codex/2026-08-14/microsoft-visual-studio-code-stable-vs/outputs/lightning_lm_ws/src/lightning-lm/src/common/keyframe.h:22:5:\x1b[m\x1b[K \x1b[01;35m\x1b[Kwarning: \x1b[m\x1b[K  when initialized here [\x1b[01;35m\x1b[K\x1b]8;;https://gcc.gnu.org/onlinedocs/gcc/Warning-Options.html#index-Wreorder\x07-Wreorder\x1b]8;;\x07\x1b[m\x1b[K]\n'}
[109.360208] (lightning) StderrLine: {'line': b'   22 |     \x1b[01;35m\x1b[KKeyframe\x1b[m\x1b[K(unsigned long id, CloudPtr cloud, NavState state)\n'}
[109.360234] (lightning) StderrLine: {'line': b'      |     \x1b[01;35m\x1b[K^~~~~~~~\x1b[m\x1b[K\n'}
[109.402971] (-) TimerEvent: {}
[109.503260] (-) TimerEvent: {}
[109.603539] (-) TimerEvent: {}
[109.703833] (-) TimerEvent: {}
[109.803435] (lightning) StderrLine: {'line': b'\x1b[01m\x1b[K/home/kepler/Documents/Codex/2026-08-14/microsoft-visual-studio-code-stable-vs/outputs/lightning_lm_ws/src/lightning-lm/src/core/localization/lidar_loc/lidar_loc.cc:\x1b[m\x1b[K In member function \xe2\x80\x98\x1b[01m\x1b[Kvoid lightning::loc::LidarLoc::Align(const CloudPtr&)\x1b[m\x1b[K\xe2\x80\x99:\n'}
[109.803566] (lightning) StderrLine: {'line': b'\x1b[01m\x1b[K/home/kepler/Documents/Codex/2026-08-14/microsoft-visual-studio-code-stable-vs/outputs/lightning_lm_ws/src/lightning-lm/src/core/localization/lidar_loc/lidar_loc.cc:584:10:\x1b[m\x1b[K \x1b[01;35m\x1b[Kwarning: \x1b[m\x1b[Kunused variable \xe2\x80\x98\x1b[01m\x1b[Ktry_self\x1b[m\x1b[K\xe2\x80\x99 [\x1b[01;35m\x1b[K\x1b]8;;https://gcc.gnu.org/onlinedocs/gcc/Warning-Options.html#index-Wunused-variable\x07-Wunused-variable\x1b]8;;\x07\x1b[m\x1b[K]\n'}
[109.803606] (lightning) StderrLine: {'line': b'  584 |     bool \x1b[01;35m\x1b[Ktry_self\x1b[m\x1b[K = false;\n'}
[109.803638] (lightning) StderrLine: {'line': b'      |          \x1b[01;35m\x1b[K^~~~~~~~\x1b[m\x1b[K\n'}
[109.803665] (lightning) StderrLine: {'line': b'\x1b[01m\x1b[K/home/kepler/Documents/Codex/2026-08-14/microsoft-visual-studio-code-stable-vs/outputs/lightning_lm_ws/src/lightning-lm/src/core/localization/lidar_loc/lidar_loc.cc:609:12:\x1b[m\x1b[K \x1b[01;35m\x1b[Kwarning: \x1b[m\x1b[Kunused variable \xe2\x80\x98\x1b[01m\x1b[Kscore_lo\x1b[m\x1b[K\xe2\x80\x99 [\x1b[01;35m\x1b[K\x1b]8;;https://gcc.gnu.org/onlinedocs/gcc/Warning-Options.html#index-Wunused-variable\x07-Wunused-variable\x1b]8;;\x07\x1b[m\x1b[K]\n'}
[109.803693] (lightning) StderrLine: {'line': b'  609 |     double \x1b[01;35m\x1b[Kscore_lo\x1b[m\x1b[K = fitness_score;\n'}
[109.803719] (lightning) StderrLine: {'line': b'      |            \x1b[01;35m\x1b[K^~~~~~~~\x1b[m\x1b[K\n'}
[109.803747] (lightning) StderrLine: {'line': b'\x1b[01m\x1b[K/home/kepler/Documents/Codex/2026-08-14/microsoft-visual-studio-code-stable-vs/outputs/lightning_lm_ws/src/lightning-lm/src/core/localization/lidar_loc/lidar_loc.cc:611:9:\x1b[m\x1b[K \x1b[01;35m\x1b[Kwarning: \x1b[m\x1b[Kvariable \xe2\x80\x98\x1b[01m\x1b[Kres_of_lo\x1b[m\x1b[K\xe2\x80\x99 set but not used [\x1b[01;35m\x1b[K\x1b]8;;https://gcc.gnu.org/onlinedocs/gcc/Warning-Options.html#index-Wunused-but-set-variable\x07-Wunused-but-set-variable\x1b]8;;\x07\x1b[m\x1b[K]\n'}
[109.803775] (lightning) StderrLine: {'line': b'  611 |     SE3 \x1b[01;35m\x1b[Kres_of_lo\x1b[m\x1b[K = current_pose_esti;\n'}
[109.803799] (lightning) StderrLine: {'line': b'      |         \x1b[01;35m\x1b[K^~~~~~~~~\x1b[m\x1b[K\n'}
[109.803824] (-) TimerEvent: {}
[109.803884] (lightning) StderrLine: {'line': b'\x1b[01m\x1b[K/home/kepler/Documents/Codex/2026-08-14/microsoft-visual-studio-code-stable-vs/outputs/lightning_lm_ws/src/lightning-lm/src/core/localization/lidar_loc/lidar_loc.cc:612:9:\x1b[m\x1b[K \x1b[01;35m\x1b[Kwarning: \x1b[m\x1b[Kvariable \xe2\x80\x98\x1b[01m\x1b[Kres_of_dr\x1b[m\x1b[K\xe2\x80\x99 set but not used [\x1b[01;35m\x1b[K\x1b]8;;https://gcc.gnu.org/onlinedocs/gcc/Warning-Options.html#index-Wunused-but-set-variable\x07-Wunused-but-set-variable\x1b]8;;\x07\x1b[m\x1b[K]\n'}
[109.803923] (lightning) StderrLine: {'line': b'  612 |     SE3 \x1b[01;35m\x1b[Kres_of_dr\x1b[m\x1b[K = current_pose_esti;\n'}
[109.803950] (lightning) StderrLine: {'line': b'      |         \x1b[01;35m\x1b[K^~~~~~~~~\x1b[m\x1b[K\n'}
[109.803976] (lightning) StderrLine: {'line': b'\x1b[01m\x1b[K/home/kepler/Documents/Codex/2026-08-14/microsoft-visual-studio-code-stable-vs/outputs/lightning_lm_ws/src/lightning-lm/src/core/localization/lidar_loc/lidar_loc.cc:613:9:\x1b[m\x1b[K \x1b[01;35m\x1b[Kwarning: \x1b[m\x1b[Kvariable \xe2\x80\x98\x1b[01m\x1b[Kres_of_self\x1b[m\x1b[K\xe2\x80\x99 set but not used [\x1b[01;35m\x1b[K\x1b]8;;https://gcc.gnu.org/onlinedocs/gcc/Warning-Options.html#index-Wunused-but-set-variable\x07-Wunused-but-set-variable\x1b]8;;\x07\x1b[m\x1b[K]\n'}
[109.804004] (lightning) StderrLine: {'line': b'  613 |     SE3 \x1b[01;35m\x1b[Kres_of_self\x1b[m\x1b[K = current_pose_esti;\n'}
[109.804036] (lightning) StderrLine: {'line': b'      |         \x1b[01;35m\x1b[K^~~~~~~~~~~\x1b[m\x1b[K\n'}
[109.804064] (lightning) StderrLine: {'line': b'\x1b[01m\x1b[K/home/kepler/Documents/Codex/2026-08-14/microsoft-visual-studio-code-stable-vs/outputs/lightning_lm_ws/src/lightning-lm/src/core/localization/lidar_loc/lidar_loc.cc:614:12:\x1b[m\x1b[K \x1b[01;35m\x1b[Kwarning: \x1b[m\x1b[Kunused variable \xe2\x80\x98\x1b[01m\x1b[Kscore_dr\x1b[m\x1b[K\xe2\x80\x99 [\x1b[01;35m\x1b[K\x1b]8;;https://gcc.gnu.org/onlinedocs/gcc/Warning-Options.html#index-Wunused-variable\x07-Wunused-variable\x1b]8;;\x07\x1b[m\x1b[K]\n'}
[109.804093] (lightning) StderrLine: {'line': b'  614 |     double \x1b[01;35m\x1b[Kscore_dr\x1b[m\x1b[K = 0;\n'}
[109.804118] (lightning) StderrLine: {'line': b'      |            \x1b[01;35m\x1b[K^~~~~~~~\x1b[m\x1b[K\n'}
[109.875415] (lightning) StderrLine: {'line': b'\x1b[01m\x1b[K/home/kepler/Documents/Codex/2026-08-14/microsoft-visual-studio-code-stable-vs/outputs/lightning_lm_ws/src/lightning-lm/src/core/localization/lidar_loc/lidar_loc.cc:\x1b[m\x1b[K In member function \xe2\x80\x98\x1b[01m\x1b[Kbool lightning::loc::LidarLoc::CheckStatic(double)\x1b[m\x1b[K\xe2\x80\x99:\n'}
[109.875560] (lightning) StderrLine: {'line': b'\x1b[01m\x1b[K/home/kepler/Documents/Codex/2026-08-14/microsoft-visual-studio-code-stable-vs/outputs/lightning_lm_ws/src/lightning-lm/src/core/localization/lidar_loc/lidar_loc.cc:895:35:\x1b[m\x1b[K \x1b[01;35m\x1b[Kwarning: \x1b[m\x1b[Kunused parameter \xe2\x80\x98\x1b[01m\x1b[Ktimestamp\x1b[m\x1b[K\xe2\x80\x99 [\x1b[01;35m\x1b[K\x1b]8;;https://gcc.gnu.org/onlinedocs/gcc/Warning-Options.html#index-Wunused-parameter\x07-Wunused-parameter\x1b]8;;\x07\x1b[m\x1b[K]\n'}
[109.875611] (lightning) StderrLine: {'line': b'  895 | bool LidarLoc::CheckStatic(\x1b[01;35m\x1b[Kdouble timestamp\x1b[m\x1b[K) {\n'}
[109.875641] (lightning) StderrLine: {'line': b'      |                            \x1b[01;35m\x1b[K~~~~~~~^~~~~~~~~\x1b[m\x1b[K\n'}
[109.875668] (lightning) StderrLine: {'line': b'\x1b[01m\x1b[K/home/kepler/Documents/Codex/2026-08-14/microsoft-visual-studio-code-stable-vs/outputs/lightning_lm_ws/src/lightning-lm/src/core/localization/lidar_loc/lidar_loc.cc:\x1b[m\x1b[K In member function \xe2\x80\x98\x1b[01m\x1b[Kvoid lightning::loc::LidarLoc::UpdateState(const CloudPtr&)\x1b[m\x1b[K\xe2\x80\x99:\n'}
[109.875696] (lightning) StderrLine: {'line': b'\x1b[01m\x1b[K/home/kepler/Documents/Codex/2026-08-14/microsoft-visual-studio-code-stable-vs/outputs/lightning_lm_ws/src/lightning-lm/src/core/localization/lidar_loc/lidar_loc.cc:911:44:\x1b[m\x1b[K \x1b[01;35m\x1b[Kwarning: \x1b[m\x1b[Kunused parameter \xe2\x80\x98\x1b[01m\x1b[Kinput\x1b[m\x1b[K\xe2\x80\x99 [\x1b[01;35m\x1b[K\x1b]8;;https://gcc.gnu.org/onlinedocs/gcc/Warning-Options.html#index-Wunused-parameter\x07-Wunused-parameter\x1b]8;;\x07\x1b[m\x1b[K]\n'}
[109.875730] (lightning) StderrLine: {'line': b'  911 | void LidarLoc::UpdateState(\x1b[01;35m\x1b[Kconst CloudPtr& input\x1b[m\x1b[K) { last_timestamp_ = current_timestamp_; }\n'}
[109.875761] (lightning) StderrLine: {'line': b'      |                            \x1b[01;35m\x1b[K~~~~~~~~~~~~~~~~^~~~~\x1b[m\x1b[K\n'}
[109.903944] (-) TimerEvent: {}
[110.004190] (-) TimerEvent: {}
[110.104444] (-) TimerEvent: {}
[110.204697] (-) TimerEvent: {}
[110.304979] (-) TimerEvent: {}
[110.405234] (-) TimerEvent: {}
[110.505460] (-) TimerEvent: {}
[110.605744] (-) TimerEvent: {}
[110.706042] (-) TimerEvent: {}
[110.806331] (-) TimerEvent: {}
[110.906576] (-) TimerEvent: {}
[111.006818] (-) TimerEvent: {}
[111.107067] (-) TimerEvent: {}
[111.207353] (-) TimerEvent: {}
[111.307585] (-) TimerEvent: {}
[111.407907] (-) TimerEvent: {}
[111.508136] (-) TimerEvent: {}
[111.608371] (-) TimerEvent: {}
[111.708634] (-) TimerEvent: {}
[111.808876] (-) TimerEvent: {}
[111.909128] (-) TimerEvent: {}
[112.009408] (-) TimerEvent: {}
[112.109689] (-) TimerEvent: {}
[112.209931] (-) TimerEvent: {}
[112.310178] (-) TimerEvent: {}
[112.410417] (-) TimerEvent: {}
[112.510659] (-) TimerEvent: {}
[112.610902] (-) TimerEvent: {}
[112.711150] (-) TimerEvent: {}
[112.811419] (-) TimerEvent: {}
[112.911710] (-) TimerEvent: {}
[113.012059] (-) TimerEvent: {}
[113.112350] (-) TimerEvent: {}
[113.212671] (-) TimerEvent: {}
[113.312987] (-) TimerEvent: {}
[113.413251] (-) TimerEvent: {}
[113.513517] (-) TimerEvent: {}
[113.613799] (-) TimerEvent: {}
[113.714073] (-) TimerEvent: {}
[113.814483] (-) TimerEvent: {}
[113.914773] (-) TimerEvent: {}
[114.015040] (-) TimerEvent: {}
[114.115334] (-) TimerEvent: {}
[114.215660] (-) TimerEvent: {}
[114.315912] (-) TimerEvent: {}
[114.416183] (-) TimerEvent: {}
[114.516452] (-) TimerEvent: {}
[114.616709] (-) TimerEvent: {}
[114.717037] (-) TimerEvent: {}
[114.817294] (-) TimerEvent: {}
[114.917599] (-) TimerEvent: {}
[115.017915] (-) TimerEvent: {}
[115.050031] (lightning) StderrLine: {'line': b'In file included from \x1b[01m\x1b[K/home/kepler/Documents/Codex/2026-08-14/microsoft-visual-studio-code-stable-vs/outputs/lightning_lm_ws/src/lightning-lm/src/core/localization/lidar_loc/pclomp/ndt_omp_impl.hpp:1\x1b[m\x1b[K,\n'}
[115.050164] (lightning) StderrLine: {'line': b'                 from \x1b[01m\x1b[K/home/kepler/Documents/Codex/2026-08-14/microsoft-visual-studio-code-stable-vs/outputs/lightning_lm_ws/src/lightning-lm/src/core/localization/lidar_loc/lidar_loc.cc:10\x1b[m\x1b[K:\n'}
[115.050205] (lightning) StderrLine: {'line': b'/home/kepler/Documents/Codex/2026-08-14/microsoft-visual-studio-code-stable-vs/outputs/lightning_lm_ws/src/lightning-lm/src/core/localization/lidar_loc/pclomp/ndt_omp.h: In instantiation of \xe2\x80\x98\x1b[01m\x1b[Kvoid pclomp::NormalDistributionsTransform<PointSource, PointTarget>::setInputTarget(const PointCloudTargetConstPtr&) [with PointSource = PointXYZIT; PointTarget = PointXYZIT; pclomp::NormalDistributionsTransform<PointSource, PointTarget>::PointCloudTargetConstPtr = std::shared_ptr<const pcl::PointCloud<PointXYZIT> >]\x1b[m\x1b[K\xe2\x80\x99:\n'}
[115.050240] (lightning) StderrLine: {'line': b'\x1b[01m\x1b[K/home/kepler/Documents/Codex/2026-08-14/microsoft-visual-studio-code-stable-vs/outputs/lightning_lm_ws/src/lightning-lm/src/core/localization/lidar_loc/pclomp/ndt_omp.h:105:15:\x1b[m\x1b[K   required from here\n'}
[115.050271] (lightning) StderrLine: {'line': b'\x1b[01m\x1b[K/home/kepler/Documents/Codex/2026-08-14/microsoft-visual-studio-code-stable-vs/outputs/lightning_lm_ws/src/lightning-lm/src/core/localization/lidar_loc/pclomp/ndt_omp.h:105:62:\x1b[m\x1b[K \x1b[01;35m\x1b[Kwarning: \x1b[m\x1b[Kunused parameter \xe2\x80\x98\x1b[01m\x1b[Kcloud\x1b[m\x1b[K\xe2\x80\x99 [\x1b[01;35m\x1b[K\x1b]8;;https://gcc.gnu.org/onlinedocs/gcc/Warning-Options.html#index-Wunused-parameter\x07-Wunused-parameter\x1b]8;;\x07\x1b[m\x1b[K]\n'}
[115.050308] (lightning) StderrLine: {'line': b'  105 |   inline void setInputTarget(\x1b[01;35m\x1b[Kconst PointCloudTargetConstPtr &cloud\x1b[m\x1b[K) {\n'}
[115.050339] (lightning) StderrLine: {'line': b'      |                              \x1b[01;35m\x1b[K~~~~~~~~~~~~~~~~~~~~~~~~~~~~~~~~^~~~~\x1b[m\x1b[K\n'}
[115.118064] (-) TimerEvent: {}
[115.218327] (-) TimerEvent: {}
[115.261193] (lightning) StderrLine: {'line': b'In file included from \x1b[01m\x1b[K/home/kepler/Documents/Codex/2026-08-14/microsoft-visual-studio-code-stable-vs/outputs/lightning_lm_ws/src/lightning-lm/src/core/localization/lidar_loc/lidar_loc.cc:10\x1b[m\x1b[K:\n'}
[115.261326] (lightning) StderrLine: {'line': b'/home/kepler/Documents/Codex/2026-08-14/microsoft-visual-studio-code-stable-vs/outputs/lightning_lm_ws/src/lightning-lm/src/core/localization/lidar_loc/pclomp/ndt_omp_impl.hpp: In instantiation of \xe2\x80\x98\x1b[01m\x1b[Kdouble pclomp::NormalDistributionsTransform<PointSource, PointTarget>::computeDerivatives(Eigen::Matrix<double, 6, 1>&, Eigen::Matrix<double, 6, 6>&, pclomp::NormalDistributionsTransform<PointSource, PointTarget>::PointCloudSource&, Eigen::Matrix<double, 6, 1>&, bool) [with PointSource = PointXYZIT; PointTarget = PointXYZIT; pclomp::NormalDistributionsTransform<PointSource, PointTarget>::PointCloudSource = pcl::PointCloud<PointXYZIT>]\x1b[m\x1b[K\xe2\x80\x99:\n'}
[115.261373] (lightning) StderrLine: {'line': b'\x1b[01m\x1b[K/home/kepler/Documents/Codex/2026-08-14/microsoft-visual-studio-code-stable-vs/outputs/lightning_lm_ws/src/lightning-lm/src/core/localization/lidar_loc/pclomp/ndt_omp_impl.hpp:148:11:\x1b[m\x1b[K   required from \xe2\x80\x98\x1b[01m\x1b[Kvoid pclomp::NormalDistributionsTransform<PointSource, PointTarget>::computeTransformation(pclomp::NormalDistributionsTransform<PointSource, PointTarget>::PointCloudSource&, const Matrix4f&) [with PointSource = PointXYZIT; PointTarget = PointXYZIT; pclomp::NormalDistributionsTransform<PointSource, PointTarget>::PointCloudSource = pcl::PointCloud<PointXYZIT>; Eigen::Matrix4f = Eigen::Matrix<float, 4, 4>]\x1b[m\x1b[K\xe2\x80\x99\n'}
[115.261416] (lightning) StderrLine: {'line': b'\x1b[01m\x1b[K/home/kepler/Documents/Codex/2026-08-14/microsoft-visual-studio-code-stable-vs/outputs/lightning_lm_ws/src/lightning-lm/src/core/localization/lidar_loc/pclomp/ndt_omp_impl.hpp:110:6:\x1b[m\x1b[K   required from here\n'}
[115.261446] (lightning) StderrLine: {'line': b'\x1b[01m\x1b[K/home/kepler/Documents/Codex/2026-08-14/microsoft-visual-studio-code-stable-vs/outputs/lightning_lm_ws/src/lightning-lm/src/core/localization/lidar_loc/pclomp/ndt_omp_impl.hpp:281:25:\x1b[m\x1b[K \x1b[01;35m\x1b[Kwarning: \x1b[m\x1b[Kcomparison of integer expressions of different signedness: \xe2\x80\x98\x1b[01m\x1b[Kint\x1b[m\x1b[K\xe2\x80\x99 and \xe2\x80\x98\x1b[01m\x1b[Kstd::vector<PointXYZIT, Eigen::aligned_allocator<PointXYZIT> >::size_type\x1b[m\x1b[K\xe2\x80\x99 {aka \xe2\x80\x98\x1b[01m\x1b[Klong unsigned int\x1b[m\x1b[K\xe2\x80\x99} [\x1b[01;35m\x1b[K\x1b]8;;https://gcc.gnu.org/onlinedocs/gcc/Warning-Options.html#index-Wsign-compare\x07-Wsign-compare\x1b]8;;\x07\x1b[m\x1b[K]\n'}
[115.261480] (lightning) StderrLine: {'line': b'  281 |   for (int idx = 0; \x1b[01;35m\x1b[Kidx < input_->points.size()\x1b[m\x1b[K; idx++) {\n'}
[115.261511] (lightning) StderrLine: {'line': b'      |                     \x1b[01;35m\x1b[K~~~~^~~~~~~~~~~~~~~~~~~~~~~\x1b[m\x1b[K\n'}
[115.288395] (lightning) StderrLine: {'line': b'\x1b[01m\x1b[K/home/kepler/Documents/Codex/2026-08-14/microsoft-visual-studio-code-stable-vs/outputs/lightning_lm_ws/src/lightning-lm/src/core/localization/lidar_loc/pclomp/ndt_omp_impl.hpp:303:11:\x1b[m\x1b[K \x1b[01;35m\x1b[Kwarning: \x1b[m\x1b[Kunused variable \xe2\x80\x98\x1b[01m\x1b[Kdistances\x1b[m\x1b[K\xe2\x80\x99 [\x1b[01;35m\x1b[K\x1b]8;;https://gcc.gnu.org/onlinedocs/gcc/Warning-Options.html#index-Wunused-variable\x07-Wunused-variable\x1b]8;;\x07\x1b[m\x1b[K]\n'}
[115.288509] (lightning) StderrLine: {'line': b'  303 |     auto &\x1b[01;35m\x1b[Kdistances\x1b[m\x1b[K    = distancess[thread_n];\n'}
[115.288547] (lightning) StderrLine: {'line': b'      |           \x1b[01;35m\x1b[K^~~~~~~~~\x1b[m\x1b[K\n'}
[115.318417] (-) TimerEvent: {}
[115.418642] (-) TimerEvent: {}
[115.518932] (-) TimerEvent: {}
[115.619271] (-) TimerEvent: {}
[115.719530] (-) TimerEvent: {}
[115.819788] (-) TimerEvent: {}
[115.920056] (-) TimerEvent: {}
[116.020321] (-) TimerEvent: {}
[116.120633] (-) TimerEvent: {}
[116.220898] (-) TimerEvent: {}
[116.321209] (-) TimerEvent: {}
[116.421460] (-) TimerEvent: {}
[116.521759] (-) TimerEvent: {}
[116.621993] (-) TimerEvent: {}
[116.722236] (-) TimerEvent: {}
[116.822497] (-) TimerEvent: {}
[116.922757] (-) TimerEvent: {}
[117.023081] (-) TimerEvent: {}
[117.123402] (-) TimerEvent: {}
[117.223686] (-) TimerEvent: {}
[117.323968] (-) TimerEvent: {}
[117.424216] (-) TimerEvent: {}
[117.524462] (-) TimerEvent: {}
[117.624735] (-) TimerEvent: {}
[117.725038] (-) TimerEvent: {}
[117.825361] (-) TimerEvent: {}
[117.925694] (-) TimerEvent: {}
[118.025916] (-) TimerEvent: {}
[118.126227] (-) TimerEvent: {}
[118.226453] (-) TimerEvent: {}
[118.326702] (-) TimerEvent: {}
[118.427019] (-) TimerEvent: {}
[118.527290] (-) TimerEvent: {}
[118.627546] (-) TimerEvent: {}
[118.727791] (-) TimerEvent: {}
[118.828061] (-) TimerEvent: {}
[118.928362] (-) TimerEvent: {}
[119.028611] (-) TimerEvent: {}
[119.128835] (-) TimerEvent: {}
[119.229241] (-) TimerEvent: {}
[119.329467] (-) TimerEvent: {}
[119.429723] (-) TimerEvent: {}
[119.529980] (-) TimerEvent: {}
[119.630244] (-) TimerEvent: {}
[119.730505] (-) TimerEvent: {}
[119.830764] (-) TimerEvent: {}
[119.930999] (-) TimerEvent: {}
[120.031306] (-) TimerEvent: {}
[120.131571] (-) TimerEvent: {}
[120.231829] (-) TimerEvent: {}
[120.332165] (-) TimerEvent: {}
[120.432387] (-) TimerEvent: {}
[120.532690] (-) TimerEvent: {}
[120.633040] (-) TimerEvent: {}
[120.733257] (-) TimerEvent: {}
[120.833564] (-) TimerEvent: {}
[120.933862] (-) TimerEvent: {}
[121.034123] (-) TimerEvent: {}
[121.134418] (-) TimerEvent: {}
[121.234696] (-) TimerEvent: {}
[121.334963] (-) TimerEvent: {}
[121.435266] (-) TimerEvent: {}
[121.535518] (-) TimerEvent: {}
[121.635740] (-) TimerEvent: {}
[121.735995] (-) TimerEvent: {}
[121.836259] (-) TimerEvent: {}
[121.936517] (-) TimerEvent: {}
[122.036772] (-) TimerEvent: {}
[122.137094] (-) TimerEvent: {}
[122.237370] (-) TimerEvent: {}
[122.337659] (-) TimerEvent: {}
[122.437879] (-) TimerEvent: {}
[122.538146] (-) TimerEvent: {}
[122.638363] (-) TimerEvent: {}
[122.738633] (-) TimerEvent: {}
[122.838852] (-) TimerEvent: {}
[122.939151] (-) TimerEvent: {}
[123.039417] (-) TimerEvent: {}
[123.139691] (-) TimerEvent: {}
[123.239957] (-) TimerEvent: {}
[123.340199] (-) TimerEvent: {}
[123.440428] (-) TimerEvent: {}
[123.540712] (-) TimerEvent: {}
[123.640984] (-) TimerEvent: {}
[123.741204] (-) TimerEvent: {}
[123.841407] (-) TimerEvent: {}
[123.941638] (-) TimerEvent: {}
[124.041924] (-) TimerEvent: {}
[124.142148] (-) TimerEvent: {}
[124.242373] (-) TimerEvent: {}
[124.342584] (-) TimerEvent: {}
[124.442801] (-) TimerEvent: {}
[124.543094] (-) TimerEvent: {}
[124.643318] (-) TimerEvent: {}
[124.743550] (-) TimerEvent: {}
[124.843827] (-) TimerEvent: {}
[124.944076] (-) TimerEvent: {}
[125.044302] (-) TimerEvent: {}
[125.144557] (-) TimerEvent: {}
[125.244813] (-) TimerEvent: {}
[125.345038] (-) TimerEvent: {}
[125.445389] (-) TimerEvent: {}
[125.545643] (-) TimerEvent: {}
[125.645906] (-) TimerEvent: {}
[125.746174] (-) TimerEvent: {}
[125.846416] (-) TimerEvent: {}
[125.946669] (-) TimerEvent: {}
[126.046913] (-) TimerEvent: {}
[126.147227] (-) TimerEvent: {}
[126.247494] (-) TimerEvent: {}
[126.347744] (-) TimerEvent: {}
[126.448018] (-) TimerEvent: {}
[126.548293] (-) TimerEvent: {}
[126.648572] (-) TimerEvent: {}
[126.748842] (-) TimerEvent: {}
[126.849162] (-) TimerEvent: {}
[126.949410] (-) TimerEvent: {}
[127.049677] (-) TimerEvent: {}
[127.149938] (-) TimerEvent: {}
[127.250212] (-) TimerEvent: {}
[127.350462] (-) TimerEvent: {}
[127.450715] (-) TimerEvent: {}
[127.551015] (-) TimerEvent: {}
[127.616629] (lightning) StdoutLine: {'line': b'[ 73%] \x1b[32mBuilding CXX object src/CMakeFiles/lightning.libs.dir/core/localization/lidar_loc/pclomp/ndt_omp.cpp.o\x1b[0m\n'}
[127.651130] (-) TimerEvent: {}
[127.751323] (-) TimerEvent: {}
[127.851558] (-) TimerEvent: {}
[127.951805] (-) TimerEvent: {}
[128.052144] (-) TimerEvent: {}
[128.152356] (-) TimerEvent: {}
[128.252601] (-) TimerEvent: {}
[128.352852] (-) TimerEvent: {}
[128.453128] (-) TimerEvent: {}
[128.553418] (-) TimerEvent: {}
[128.653662] (-) TimerEvent: {}
[128.753898] (-) TimerEvent: {}
[128.854193] (-) TimerEvent: {}
[128.954426] (-) TimerEvent: {}
[129.054710] (-) TimerEvent: {}
[129.154963] (-) TimerEvent: {}
[129.255188] (-) TimerEvent: {}
[129.355403] (-) TimerEvent: {}
[129.455652] (-) TimerEvent: {}
[129.555919] (-) TimerEvent: {}
[129.656214] (-) TimerEvent: {}
[129.756484] (-) TimerEvent: {}
[129.856753] (-) TimerEvent: {}
[129.957024] (-) TimerEvent: {}
[130.057370] (-) TimerEvent: {}
[130.157654] (-) TimerEvent: {}
[130.257915] (-) TimerEvent: {}
[130.358166] (-) TimerEvent: {}
[130.458419] (-) TimerEvent: {}
[130.558697] (-) TimerEvent: {}
[130.658950] (-) TimerEvent: {}
[130.759238] (-) TimerEvent: {}
[130.859565] (-) TimerEvent: {}
[130.913447] (lightning) StderrLine: {'line': b'In file included from \x1b[01m\x1b[K/home/kepler/Documents/Codex/2026-08-14/microsoft-visual-studio-code-stable-vs/outputs/lightning_lm_ws/src/lightning-lm/src/core/lightning_math.hpp:22\x1b[m\x1b[K,\n'}
[130.913581] (lightning) StderrLine: {'line': b'                 from \x1b[01m\x1b[K/home/kepler/Documents/Codex/2026-08-14/microsoft-visual-studio-code-stable-vs/outputs/lightning_lm_ws/src/lightning-lm/src/core/localization/lidar_loc/pclomp/voxel_grid_covariance_omp.h:47\x1b[m\x1b[K,\n'}
[130.913630] (lightning) StderrLine: {'line': b'                 from \x1b[01m\x1b[K/home/kepler/Documents/Codex/2026-08-14/microsoft-visual-studio-code-stable-vs/outputs/lightning_lm_ws/src/lightning-lm/src/core/localization/lidar_loc/pclomp/ndt_omp.h:47\x1b[m\x1b[K,\n'}
[130.913661] (lightning) StderrLine: {'line': b'                 from \x1b[01m\x1b[K/home/kepler/Documents/Codex/2026-08-14/microsoft-visual-studio-code-stable-vs/outputs/lightning_lm_ws/src/lightning-lm/src/core/localization/lidar_loc/pclomp/ndt_omp.cpp:1\x1b[m\x1b[K:\n'}
[130.913690] (lightning) StderrLine: {'line': b'\x1b[01m\x1b[K/home/kepler/Documents/Codex/2026-08-14/microsoft-visual-studio-code-stable-vs/outputs/lightning_lm_ws/src/lightning-lm/src/common/options.h:\x1b[m\x1b[K In function \xe2\x80\x98\x1b[01m\x1b[Kvoid lightning::debug::SigHandle(int)\x1b[m\x1b[K\xe2\x80\x99:\n'}
[130.913720] (lightning) StderrLine: {'line': b'\x1b[01m\x1b[K/home/kepler/Documents/Codex/2026-08-14/microsoft-visual-studio-code-stable-vs/outputs/lightning_lm_ws/src/lightning-lm/src/common/options.h:27:27:\x1b[m\x1b[K \x1b[01;35m\x1b[Kwarning: \x1b[m\x1b[Kunused parameter \xe2\x80\x98\x1b[01m\x1b[Ksig\x1b[m\x1b[K\xe2\x80\x99 [\x1b[01;35m\x1b[K\x1b]8;;https://gcc.gnu.org/onlinedocs/gcc/Warning-Options.html#index-Wunused-parameter\x07-Wunused-parameter\x1b]8;;\x07\x1b[m\x1b[K]\n'}
[130.913752] (lightning) StderrLine: {'line': b'   27 | inline void SigHandle(\x1b[01;35m\x1b[Kint sig\x1b[m\x1b[K) {\n'}
[130.913780] (lightning) StderrLine: {'line': b'      |                       \x1b[01;35m\x1b[K~~~~^~~\x1b[m\x1b[K\n'}
[130.959669] (-) TimerEvent: {}
[131.059919] (-) TimerEvent: {}
[131.160181] (-) TimerEvent: {}
[131.260454] (-) TimerEvent: {}
[131.360734] (-) TimerEvent: {}
[131.461055] (-) TimerEvent: {}
[131.561298] (-) TimerEvent: {}
[131.655323] (lightning) StderrLine: {'line': b'In file included from \x1b[01m\x1b[K/home/kepler/Documents/Codex/2026-08-14/microsoft-visual-studio-code-stable-vs/outputs/lightning_lm_ws/src/lightning-lm/src/core/localization/lidar_loc/pclomp/ndt_omp.cpp:1\x1b[m\x1b[K:\n'}
[131.655445] (lightning) StderrLine: {'line': b'/home/kepler/Documents/Codex/2026-08-14/microsoft-visual-studio-code-stable-vs/outputs/lightning_lm_ws/src/lightning-lm/src/core/localization/lidar_loc/pclomp/ndt_omp.h: In instantiation of \xe2\x80\x98\x1b[01m\x1b[Kvoid pclomp::NormalDistributionsTransform<PointSource, PointTarget>::setInputTarget(const PointCloudTargetConstPtr&) [with PointSource = pcl::PointXYZ; PointTarget = pcl::PointXYZ; pclomp::NormalDistributionsTransform<PointSource, PointTarget>::PointCloudTargetConstPtr = std::shared_ptr<const pcl::PointCloud<pcl::PointXYZ> >]\x1b[m\x1b[K\xe2\x80\x99:\n'}
[131.655486] (lightning) StderrLine: {'line': b'\x1b[01m\x1b[K/home/kepler/Documents/Codex/2026-08-14/microsoft-visual-studio-code-stable-vs/outputs/lightning_lm_ws/src/lightning-lm/src/core/localization/lidar_loc/pclomp/ndt_omp.cpp:4:24:\x1b[m\x1b[K   required from here\n'}
[131.655530] (lightning) StderrLine: {'line': b'\x1b[01m\x1b[K/home/kepler/Documents/Codex/2026-08-14/microsoft-visual-studio-code-stable-vs/outputs/lightning_lm_ws/src/lightning-lm/src/core/localization/lidar_loc/pclomp/ndt_omp.h:105:62:\x1b[m\x1b[K \x1b[01;35m\x1b[Kwarning: \x1b[m\x1b[Kunused parameter \xe2\x80\x98\x1b[01m\x1b[Kcloud\x1b[m\x1b[K\xe2\x80\x99 [\x1b[01;35m\x1b[K\x1b]8;;https://gcc.gnu.org/onlinedocs/gcc/Warning-Options.html#index-Wunused-parameter\x07-Wunused-parameter\x1b]8;;\x07\x1b[m\x1b[K]\n'}
[131.655565] (lightning) StderrLine: {'line': b'  105 |   inline void setInputTarget(\x1b[01;35m\x1b[Kconst PointCloudTargetConstPtr &cloud\x1b[m\x1b[K) {\n'}
[131.655593] (lightning) StderrLine: {'line': b'      |                              \x1b[01;35m\x1b[K~~~~~~~~~~~~~~~~~~~~~~~~~~~~~~~~^~~~~\x1b[m\x1b[K\n'}
[131.661367] (-) TimerEvent: {}
[131.761613] (-) TimerEvent: {}
[131.861898] (-) TimerEvent: {}
[131.962199] (-) TimerEvent: {}
[132.022899] (lightning) StderrLine: {'line': b'In file included from \x1b[01m\x1b[K/home/kepler/Documents/Codex/2026-08-14/microsoft-visual-studio-code-stable-vs/outputs/lightning_lm_ws/src/lightning-lm/src/core/localization/lidar_loc/pclomp/ndt_omp.cpp:2\x1b[m\x1b[K:\n'}
[132.023043] (lightning) StderrLine: {'line': b'/home/kepler/Documents/Codex/2026-08-14/microsoft-visual-studio-code-stable-vs/outputs/lightning_lm_ws/src/lightning-lm/src/core/localization/lidar_loc/pclomp/ndt_omp_impl.hpp: In instantiation of \xe2\x80\x98\x1b[01m\x1b[Kdouble pclomp::NormalDistributionsTransform<PointSource, PointTarget>::computeDerivatives(Eigen::Matrix<double, 6, 1, 0, 6, 1>&, Eigen::Matrix<double, 6, 6, 0, 6, 6>&, pclomp::NormalDistributionsTransform<PointSource, PointTarget>::PointCloudSource&, Eigen::Matrix<double, 6, 1, 0, 6, 1>&, bool) [with PointSource = pcl::PointXYZ; PointTarget = pcl::PointXYZ; pclomp::NormalDistributionsTransform<PointSource, PointTarget>::PointCloudSource = pcl::PointCloud<pcl::PointXYZ>]\x1b[m\x1b[K\xe2\x80\x99:\n'}
[132.023086] (lightning) StderrLine: {'line': b'\x1b[01m\x1b[K/home/kepler/Documents/Codex/2026-08-14/microsoft-visual-studio-code-stable-vs/outputs/lightning_lm_ws/src/lightning-lm/src/core/localization/lidar_loc/pclomp/ndt_omp.cpp:4:24:\x1b[m\x1b[K   required from here\n'}
[132.023118] (lightning) StderrLine: {'line': b'\x1b[01m\x1b[K/home/kepler/Documents/Codex/2026-08-14/microsoft-visual-studio-code-stable-vs/outputs/lightning_lm_ws/src/lightning-lm/src/core/localization/lidar_loc/pclomp/ndt_omp_impl.hpp:281:25:\x1b[m\x1b[K \x1b[01;35m\x1b[Kwarning: \x1b[m\x1b[Kcomparison of integer expressions of different signedness: \xe2\x80\x98\x1b[01m\x1b[Kint\x1b[m\x1b[K\xe2\x80\x99 and \xe2\x80\x98\x1b[01m\x1b[Kstd::vector<pcl::PointXYZ, Eigen::aligned_allocator<pcl::PointXYZ> >::size_type\x1b[m\x1b[K\xe2\x80\x99 {aka \xe2\x80\x98\x1b[01m\x1b[Klong unsigned int\x1b[m\x1b[K\xe2\x80\x99} [\x1b[01;35m\x1b[K\x1b]8;;https://gcc.gnu.org/onlinedocs/gcc/Warning-Options.html#index-Wsign-compare\x07-Wsign-compare\x1b]8;;\x07\x1b[m\x1b[K]\n'}
[132.023153] (lightning) StderrLine: {'line': b'  281 |   for (int idx = 0; \x1b[01;35m\x1b[Kidx < input_->points.size()\x1b[m\x1b[K; idx++) {\n'}
[132.023181] (lightning) StderrLine: {'line': b'      |                     \x1b[01;35m\x1b[K~~~~^~~~~~~~~~~~~~~~~~~~~~~\x1b[m\x1b[K\n'}
[132.037385] (lightning) StderrLine: {'line': b'\x1b[01m\x1b[K/home/kepler/Documents/Codex/2026-08-14/microsoft-visual-studio-code-stable-vs/outputs/lightning_lm_ws/src/lightning-lm/src/core/localization/lidar_loc/pclomp/ndt_omp_impl.hpp:303:11:\x1b[m\x1b[K \x1b[01;35m\x1b[Kwarning: \x1b[m\x1b[Kunused variable \xe2\x80\x98\x1b[01m\x1b[Kdistances\x1b[m\x1b[K\xe2\x80\x99 [\x1b[01;35m\x1b[K\x1b]8;;https://gcc.gnu.org/onlinedocs/gcc/Warning-Options.html#index-Wunused-variable\x07-Wunused-variable\x1b]8;;\x07\x1b[m\x1b[K]\n'}
[132.037484] (lightning) StderrLine: {'line': b'  303 |     auto &\x1b[01;35m\x1b[Kdistances\x1b[m\x1b[K    = distancess[thread_n];\n'}
[132.037518] (lightning) StderrLine: {'line': b'      |           \x1b[01;35m\x1b[K^~~~~~~~~\x1b[m\x1b[K\n'}
[132.062347] (-) TimerEvent: {}
[132.121736] (lightning) StderrLine: {'line': b'In file included from \x1b[01m\x1b[K/home/kepler/Documents/Codex/2026-08-14/microsoft-visual-studio-code-stable-vs/outputs/lightning_lm_ws/src/lightning-lm/src/core/localization/lidar_loc/pclomp/ndt_omp.cpp:1\x1b[m\x1b[K:\n'}
[132.121856] (lightning) StderrLine: {'line': b'/home/kepler/Documents/Codex/2026-08-14/microsoft-visual-studio-code-stable-vs/outputs/lightning_lm_ws/src/lightning-lm/src/core/localization/lidar_loc/pclomp/ndt_omp.h: In instantiation of \xe2\x80\x98\x1b[01m\x1b[Kvoid pclomp::NormalDistributionsTransform<PointSource, PointTarget>::setInputTarget(const PointCloudTargetConstPtr&) [with PointSource = pcl::PointXYZI; PointTarget = pcl::PointXYZI; pclomp::NormalDistributionsTransform<PointSource, PointTarget>::PointCloudTargetConstPtr = std::shared_ptr<const pcl::PointCloud<pcl::PointXYZI> >]\x1b[m\x1b[K\xe2\x80\x99:\n'}
[132.121894] (lightning) StderrLine: {'line': b'\x1b[01m\x1b[K/home/kepler/Documents/Codex/2026-08-14/microsoft-visual-studio-code-stable-vs/outputs/lightning_lm_ws/src/lightning-lm/src/core/localization/lidar_loc/pclomp/ndt_omp.cpp:5:24:\x1b[m\x1b[K   required from here\n'}
[132.121932] (lightning) StderrLine: {'line': b'\x1b[01m\x1b[K/home/kepler/Documents/Codex/2026-08-14/microsoft-visual-studio-code-stable-vs/outputs/lightning_lm_ws/src/lightning-lm/src/core/localization/lidar_loc/pclomp/ndt_omp.h:105:62:\x1b[m\x1b[K \x1b[01;35m\x1b[Kwarning: \x1b[m\x1b[Kunused parameter \xe2\x80\x98\x1b[01m\x1b[Kcloud\x1b[m\x1b[K\xe2\x80\x99 [\x1b[01;35m\x1b[K\x1b]8;;https://gcc.gnu.org/onlinedocs/gcc/Warning-Options.html#index-Wunused-parameter\x07-Wunused-parameter\x1b]8;;\x07\x1b[m\x1b[K]\n'}
[132.121961] (lightning) StderrLine: {'line': b'  105 |   inline void setInputTarget(\x1b[01;35m\x1b[Kconst PointCloudTargetConstPtr &cloud\x1b[m\x1b[K) {\n'}
[132.121989] (lightning) StderrLine: {'line': b'      |                              \x1b[01;35m\x1b[K~~~~~~~~~~~~~~~~~~~~~~~~~~~~~~~~^~~~~\x1b[m\x1b[K\n'}
[132.128565] (lightning) StderrLine: {'line': b'In file included from \x1b[01m\x1b[K/home/kepler/Documents/Codex/2026-08-14/microsoft-visual-studio-code-stable-vs/outputs/lightning_lm_ws/src/lightning-lm/src/core/localization/lidar_loc/pclomp/ndt_omp.cpp:2\x1b[m\x1b[K:\n'}
[132.128657] (lightning) StderrLine: {'line': b'/home/kepler/Documents/Codex/2026-08-14/microsoft-visual-studio-code-stable-vs/outputs/lightning_lm_ws/src/lightning-lm/src/core/localization/lidar_loc/pclomp/ndt_omp_impl.hpp: In instantiation of \xe2\x80\x98\x1b[01m\x1b[Kdouble pclomp::NormalDistributionsTransform<PointSource, PointTarget>::computeDerivatives(Eigen::Matrix<double, 6, 1, 0, 6, 1>&, Eigen::Matrix<double, 6, 6, 0, 6, 6>&, pclomp::NormalDistributionsTransform<PointSource, PointTarget>::PointCloudSource&, Eigen::Matrix<double, 6, 1, 0, 6, 1>&, bool) [with PointSource = pcl::PointXYZI; PointTarget = pcl::PointXYZI; pclomp::NormalDistributionsTransform<PointSource, PointTarget>::PointCloudSource = pcl::PointCloud<pcl::PointXYZI>]\x1b[m\x1b[K\xe2\x80\x99:\n'}
[132.128695] (lightning) StderrLine: {'line': b'\x1b[01m\x1b[K/home/kepler/Documents/Codex/2026-08-14/microsoft-visual-studio-code-stable-vs/outputs/lightning_lm_ws/src/lightning-lm/src/core/localization/lidar_loc/pclomp/ndt_omp.cpp:5:24:\x1b[m\x1b[K   required from here\n'}
[132.128724] (lightning) StderrLine: {'line': b'\x1b[01m\x1b[K/home/kepler/Documents/Codex/2026-08-14/microsoft-visual-studio-code-stable-vs/outputs/lightning_lm_ws/src/lightning-lm/src/core/localization/lidar_loc/pclomp/ndt_omp_impl.hpp:281:25:\x1b[m\x1b[K \x1b[01;35m\x1b[Kwarning: \x1b[m\x1b[Kcomparison of integer expressions of different signedness: \xe2\x80\x98\x1b[01m\x1b[Kint\x1b[m\x1b[K\xe2\x80\x99 and \xe2\x80\x98\x1b[01m\x1b[Kstd::vector<pcl::PointXYZI, Eigen::aligned_allocator<pcl::PointXYZI> >::size_type\x1b[m\x1b[K\xe2\x80\x99 {aka \xe2\x80\x98\x1b[01m\x1b[Klong unsigned int\x1b[m\x1b[K\xe2\x80\x99} [\x1b[01;35m\x1b[K\x1b]8;;https://gcc.gnu.org/onlinedocs/gcc/Warning-Options.html#index-Wsign-compare\x07-Wsign-compare\x1b]8;;\x07\x1b[m\x1b[K]\n'}
[132.128758] (lightning) StderrLine: {'line': b'  281 |   for (int idx = 0; \x1b[01;35m\x1b[Kidx < input_->points.size()\x1b[m\x1b[K; idx++) {\n'}
[132.128785] (lightning) StderrLine: {'line': b'      |                     \x1b[01;35m\x1b[K~~~~^~~~~~~~~~~~~~~~~~~~~~~\x1b[m\x1b[K\n'}
[132.130730] (lightning) StderrLine: {'line': b'\x1b[01m\x1b[K/home/kepler/Documents/Codex/2026-08-14/microsoft-visual-studio-code-stable-vs/outputs/lightning_lm_ws/src/lightning-lm/src/core/localization/lidar_loc/pclomp/ndt_omp_impl.hpp:303:11:\x1b[m\x1b[K \x1b[01;35m\x1b[Kwarning: \x1b[m\x1b[Kunused variable \xe2\x80\x98\x1b[01m\x1b[Kdistances\x1b[m\x1b[K\xe2\x80\x99 [\x1b[01;35m\x1b[K\x1b]8;;https://gcc.gnu.org/onlinedocs/gcc/Warning-Options.html#index-Wunused-variable\x07-Wunused-variable\x1b]8;;\x07\x1b[m\x1b[K]\n'}
[132.130807] (lightning) StderrLine: {'line': b'  303 |     auto &\x1b[01;35m\x1b[Kdistances\x1b[m\x1b[K    = distancess[thread_n];\n'}
[132.130847] (lightning) StderrLine: {'line': b'      |           \x1b[01;35m\x1b[K^~~~~~~~~\x1b[m\x1b[K\n'}
[132.162426] (-) TimerEvent: {}
[132.262701] (-) TimerEvent: {}
[132.362929] (-) TimerEvent: {}
[132.463164] (-) TimerEvent: {}
[132.563390] (-) TimerEvent: {}
[132.663667] (-) TimerEvent: {}
[132.763908] (-) TimerEvent: {}
[132.864140] (-) TimerEvent: {}
[132.964442] (-) TimerEvent: {}
[133.064699] (-) TimerEvent: {}
[133.164940] (-) TimerEvent: {}
[133.265224] (-) TimerEvent: {}
[133.365502] (-) TimerEvent: {}
[133.465762] (-) TimerEvent: {}
[133.566080] (-) TimerEvent: {}
[133.666372] (-) TimerEvent: {}
[133.766687] (-) TimerEvent: {}
[133.867035] (-) TimerEvent: {}
[133.967253] (-) TimerEvent: {}
[134.067491] (-) TimerEvent: {}
[134.167804] (-) TimerEvent: {}
[134.268097] (-) TimerEvent: {}
[134.368420] (-) TimerEvent: {}
[134.468715] (-) TimerEvent: {}
[134.568978] (-) TimerEvent: {}
[134.669251] (-) TimerEvent: {}
[134.769564] (-) TimerEvent: {}
[134.869821] (-) TimerEvent: {}
[134.970098] (-) TimerEvent: {}
[135.070357] (-) TimerEvent: {}
[135.170606] (-) TimerEvent: {}
[135.270872] (-) TimerEvent: {}
[135.371181] (-) TimerEvent: {}
[135.471507] (-) TimerEvent: {}
[135.571833] (-) TimerEvent: {}
[135.672120] (-) TimerEvent: {}
[135.772357] (-) TimerEvent: {}
[135.872655] (-) TimerEvent: {}
[135.972942] (-) TimerEvent: {}
[136.073228] (-) TimerEvent: {}
[136.173511] (-) TimerEvent: {}
[136.273758] (-) TimerEvent: {}
[136.374063] (-) TimerEvent: {}
[136.474414] (-) TimerEvent: {}
[136.574740] (-) TimerEvent: {}
[136.675030] (-) TimerEvent: {}
[136.775324] (-) TimerEvent: {}
[136.875650] (-) TimerEvent: {}
[136.975918] (-) TimerEvent: {}
[137.076265] (-) TimerEvent: {}
[137.176597] (-) TimerEvent: {}
[137.276905] (-) TimerEvent: {}
[137.377152] (-) TimerEvent: {}
[137.477437] (-) TimerEvent: {}
[137.577660] (-) TimerEvent: {}
[137.677933] (-) TimerEvent: {}
[137.778233] (-) TimerEvent: {}
[137.878522] (-) TimerEvent: {}
[137.978837] (-) TimerEvent: {}
[138.079103] (-) TimerEvent: {}
[138.179363] (-) TimerEvent: {}
[138.279673] (-) TimerEvent: {}
[138.379926] (-) TimerEvent: {}
[138.480200] (-) TimerEvent: {}
[138.580479] (-) TimerEvent: {}
[138.680737] (-) TimerEvent: {}
[138.780997] (-) TimerEvent: {}
[138.881435] (-) TimerEvent: {}
[138.981718] (-) TimerEvent: {}
[139.082004] (-) TimerEvent: {}
[139.182305] (-) TimerEvent: {}
[139.282529] (-) TimerEvent: {}
[139.382819] (-) TimerEvent: {}
[139.483063] (-) TimerEvent: {}
[139.583327] (-) TimerEvent: {}
[139.683570] (-) TimerEvent: {}
[139.783785] (-) TimerEvent: {}
[139.884004] (-) TimerEvent: {}
[139.984283] (-) TimerEvent: {}
[140.084544] (-) TimerEvent: {}
[140.184798] (-) TimerEvent: {}
[140.285004] (-) TimerEvent: {}
[140.385339] (-) TimerEvent: {}
[140.485609] (-) TimerEvent: {}
[140.585857] (-) TimerEvent: {}
[140.686104] (-) TimerEvent: {}
[140.786366] (-) TimerEvent: {}
[140.886616] (-) TimerEvent: {}
[140.986924] (-) TimerEvent: {}
[141.087160] (-) TimerEvent: {}
[141.187392] (-) TimerEvent: {}
[141.287629] (-) TimerEvent: {}
[141.387870] (-) TimerEvent: {}
[141.488084] (-) TimerEvent: {}
[141.588365] (-) TimerEvent: {}
[141.688655] (-) TimerEvent: {}
[141.788876] (-) TimerEvent: {}
[141.889177] (-) TimerEvent: {}
[141.989463] (-) TimerEvent: {}
[142.089715] (-) TimerEvent: {}
[142.189971] (-) TimerEvent: {}
[142.290244] (-) TimerEvent: {}
[142.390513] (-) TimerEvent: {}
[142.490742] (-) TimerEvent: {}
[142.590977] (-) TimerEvent: {}
[142.691200] (-) TimerEvent: {}
[142.791488] (-) TimerEvent: {}
[142.827312] (lightning) StdoutLine: {'line': b'[ 73%] \x1b[32mBuilding CXX object src/CMakeFiles/lightning.libs.dir/core/localization/lidar_loc/pclomp/voxel_grid_covariance_omp.cpp.o\x1b[0m\n'}
[142.891620] (-) TimerEvent: {}
[142.991911] (-) TimerEvent: {}
[143.092276] (-) TimerEvent: {}
[143.192589] (-) TimerEvent: {}
[143.292900] (-) TimerEvent: {}
[143.393204] (-) TimerEvent: {}
[143.493542] (-) TimerEvent: {}
[143.593835] (-) TimerEvent: {}
[143.694205] (-) TimerEvent: {}
[143.794562] (-) TimerEvent: {}
[143.894831] (-) TimerEvent: {}
[143.995189] (-) TimerEvent: {}
[144.095487] (-) TimerEvent: {}
[144.195788] (-) TimerEvent: {}
[144.296167] (-) TimerEvent: {}
[144.396469] (-) TimerEvent: {}
[144.496746] (-) TimerEvent: {}
[144.597050] (-) TimerEvent: {}
[144.697474] (-) TimerEvent: {}
[144.797752] (-) TimerEvent: {}
[144.898056] (-) TimerEvent: {}
[144.998379] (-) TimerEvent: {}
[145.098637] (-) TimerEvent: {}
[145.198958] (-) TimerEvent: {}
[145.299230] (-) TimerEvent: {}
[145.399512] (-) TimerEvent: {}
[145.499737] (-) TimerEvent: {}
[145.600020] (-) TimerEvent: {}
[145.700259] (-) TimerEvent: {}
[145.800525] (-) TimerEvent: {}
[145.900764] (-) TimerEvent: {}
[146.001016] (-) TimerEvent: {}
[146.101280] (-) TimerEvent: {}
[146.168646] (lightning) StderrLine: {'line': b'In file included from \x1b[01m\x1b[K/home/kepler/Documents/Codex/2026-08-14/microsoft-visual-studio-code-stable-vs/outputs/lightning_lm_ws/src/lightning-lm/src/core/lightning_math.hpp:22\x1b[m\x1b[K,\n'}
[146.168790] (lightning) StderrLine: {'line': b'                 from \x1b[01m\x1b[K/home/kepler/Documents/Codex/2026-08-14/microsoft-visual-studio-code-stable-vs/outputs/lightning_lm_ws/src/lightning-lm/src/core/localization/lidar_loc/pclomp/voxel_grid_covariance_omp.h:47\x1b[m\x1b[K,\n'}
[146.168826] (lightning) StderrLine: {'line': b'                 from \x1b[01m\x1b[K/home/kepler/Documents/Codex/2026-08-14/microsoft-visual-studio-code-stable-vs/outputs/lightning_lm_ws/src/lightning-lm/src/core/localization/lidar_loc/pclomp/voxel_grid_covariance_omp.cpp:1\x1b[m\x1b[K:\n'}
[146.168857] (lightning) StderrLine: {'line': b'\x1b[01m\x1b[K/home/kepler/Documents/Codex/2026-08-14/microsoft-visual-studio-code-stable-vs/outputs/lightning_lm_ws/src/lightning-lm/src/common/options.h:\x1b[m\x1b[K In function \xe2\x80\x98\x1b[01m\x1b[Kvoid lightning::debug::SigHandle(int)\x1b[m\x1b[K\xe2\x80\x99:\n'}
[146.168887] (lightning) StderrLine: {'line': b'\x1b[01m\x1b[K/home/kepler/Documents/Codex/2026-08-14/microsoft-visual-studio-code-stable-vs/outputs/lightning_lm_ws/src/lightning-lm/src/common/options.h:27:27:\x1b[m\x1b[K \x1b[01;35m\x1b[Kwarning: \x1b[m\x1b[Kunused parameter \xe2\x80\x98\x1b[01m\x1b[Ksig\x1b[m\x1b[K\xe2\x80\x99 [\x1b[01;35m\x1b[K\x1b]8;;https://gcc.gnu.org/onlinedocs/gcc/Warning-Options.html#index-Wunused-parameter\x07-Wunused-parameter\x1b]8;;\x07\x1b[m\x1b[K]\n'}
[146.168929] (lightning) StderrLine: {'line': b'   27 | inline void SigHandle(\x1b[01;35m\x1b[Kint sig\x1b[m\x1b[K) {\n'}
[146.168958] (lightning) StderrLine: {'line': b'      |                       \x1b[01;35m\x1b[K~~~~^~~\x1b[m\x1b[K\n'}
[146.201478] (-) TimerEvent: {}
[146.301728] (-) TimerEvent: {}
[146.402024] (-) TimerEvent: {}
[146.502296] (-) TimerEvent: {}
[146.602550] (-) TimerEvent: {}
[146.702781] (-) TimerEvent: {}
[146.803102] (-) TimerEvent: {}
[146.903320] (-) TimerEvent: {}
[147.003574] (-) TimerEvent: {}
[147.103830] (-) TimerEvent: {}
[147.204126] (-) TimerEvent: {}
[147.304381] (-) TimerEvent: {}
[147.404673] (-) TimerEvent: {}
[147.504894] (-) TimerEvent: {}
[147.605162] (-) TimerEvent: {}
[147.705428] (-) TimerEvent: {}
[147.805663] (-) TimerEvent: {}
[147.905886] (-) TimerEvent: {}
[148.006117] (-) TimerEvent: {}
[148.106336] (-) TimerEvent: {}
[148.206588] (-) TimerEvent: {}
[148.306888] (-) TimerEvent: {}
[148.407155] (-) TimerEvent: {}
[148.507419] (-) TimerEvent: {}
[148.607653] (-) TimerEvent: {}
[148.707901] (-) TimerEvent: {}
[148.808146] (-) TimerEvent: {}
[148.908395] (-) TimerEvent: {}
[149.008649] (-) TimerEvent: {}
[149.108917] (-) TimerEvent: {}
[149.209202] (-) TimerEvent: {}
[149.309421] (-) TimerEvent: {}
[149.409650] (-) TimerEvent: {}
[149.509929] (-) TimerEvent: {}
[149.610178] (-) TimerEvent: {}
[149.710454] (-) TimerEvent: {}
[149.810708] (-) TimerEvent: {}
[149.910989] (-) TimerEvent: {}
[150.011222] (-) TimerEvent: {}
[150.111512] (-) TimerEvent: {}
[150.211820] (-) TimerEvent: {}
[150.312136] (-) TimerEvent: {}
[150.412377] (-) TimerEvent: {}
[150.512619] (-) TimerEvent: {}
[150.612895] (-) TimerEvent: {}
[150.713155] (-) TimerEvent: {}
[150.813390] (-) TimerEvent: {}
[150.913666] (-) TimerEvent: {}
[151.013902] (-) TimerEvent: {}
[151.114157] (-) TimerEvent: {}
[151.214403] (-) TimerEvent: {}
[151.314660] (-) TimerEvent: {}
[151.414976] (-) TimerEvent: {}
[151.515194] (-) TimerEvent: {}
[151.535170] (lightning) StdoutLine: {'line': b'[ 74%] \x1b[32mBuilding CXX object src/CMakeFiles/lightning.libs.dir/core/localization/pose_graph/pgo.cc.o\x1b[0m\n'}
[151.615290] (-) TimerEvent: {}
[151.715509] (-) TimerEvent: {}
[151.815756] (-) TimerEvent: {}
[151.916043] (-) TimerEvent: {}
[152.016267] (-) TimerEvent: {}
[152.116512] (-) TimerEvent: {}
[152.216810] (-) TimerEvent: {}
[152.317050] (-) TimerEvent: {}
[152.417241] (-) TimerEvent: {}
[152.517465] (-) TimerEvent: {}
[152.617690] (-) TimerEvent: {}
[152.717952] (-) TimerEvent: {}
[152.818202] (-) TimerEvent: {}
[152.918426] (-) TimerEvent: {}
[153.018679] (-) TimerEvent: {}
[153.118971] (-) TimerEvent: {}
[153.219207] (-) TimerEvent: {}
[153.319462] (-) TimerEvent: {}
[153.374029] (lightning) StderrLine: {'line': b'In file included from \x1b[01m\x1b[K/home/kepler/Documents/Codex/2026-08-14/microsoft-visual-studio-code-stable-vs/outputs/lightning_lm_ws/src/lightning-lm/src/core/miao/core/graph/optimizer.h:8\x1b[m\x1b[K,\n'}
[153.374184] (lightning) StderrLine: {'line': b'                 from \x1b[01m\x1b[K/home/kepler/Documents/Codex/2026-08-14/microsoft-visual-studio-code-stable-vs/outputs/lightning_lm_ws/src/lightning-lm/src/core/localization/pose_graph/pgo_impl.h:16\x1b[m\x1b[K,\n'}
[153.374220] (lightning) StderrLine: {'line': b'                 from \x1b[01m\x1b[K/home/kepler/Documents/Codex/2026-08-14/microsoft-visual-studio-code-stable-vs/outputs/lightning_lm_ws/src/lightning-lm/src/core/localization/pose_graph/pgo.h:7\x1b[m\x1b[K,\n'}
[153.374250] (lightning) StderrLine: {'line': b'                 from \x1b[01m\x1b[K/home/kepler/Documents/Codex/2026-08-14/microsoft-visual-studio-code-stable-vs/outputs/lightning_lm_ws/src/lightning-lm/src/core/localization/pose_graph/pgo.cc:1\x1b[m\x1b[K:\n'}
[153.374277] (lightning) StderrLine: {'line': b'\x1b[01m\x1b[K/home/kepler/Documents/Codex/2026-08-14/microsoft-visual-studio-code-stable-vs/outputs/lightning_lm_ws/src/lightning-lm/src/core/miao/core/common/config.h:\x1b[m\x1b[K In constructor \xe2\x80\x98\x1b[01m\x1b[Klightning::miao::OptimizerConfig::OptimizerConfig(lightning::miao::AlgorithmType, lightning::miao::LinearSolverType, bool)\x1b[m\x1b[K\xe2\x80\x99:\n'}
[153.374308] (lightning) StderrLine: {'line': b'\x1b[01m\x1b[K/home/kepler/Documents/Codex/2026-08-14/microsoft-visual-studio-code-stable-vs/outputs/lightning_lm_ws/src/lightning-lm/src/core/miao/core/common/config.h:44:10:\x1b[m\x1b[K \x1b[01;35m\x1b[Kwarning: \x1b[m\x1b[K\xe2\x80\x98\x1b[01m\x1b[Klightning::miao::OptimizerConfig::is_dense_\x1b[m\x1b[K\xe2\x80\x99 will be initialized after [\x1b[01;35m\x1b[K\x1b]8;;https://gcc.gnu.org/onlinedocs/gcc/Warning-Options.html#index-Wreorder\x07-Wreorder\x1b]8;;\x07\x1b[m\x1b[K]\n'}
[153.374337] (lightning) StderrLine: {'line': b'   44 |     bool \x1b[01;35m\x1b[Kis_dense_\x1b[m\x1b[K = true;\n'}
[153.374369] (lightning) StderrLine: {'line': b'      |          \x1b[01;35m\x1b[K^~~~~~~~~\x1b[m\x1b[K\n'}
[153.374393] (lightning) StderrLine: {'line': b'\x1b[01m\x1b[K/home/kepler/Documents/Codex/2026-08-14/microsoft-visual-studio-code-stable-vs/outputs/lightning_lm_ws/src/lightning-lm/src/core/miao/core/common/config.h:39:22:\x1b[m\x1b[K \x1b[01;35m\x1b[Kwarning: \x1b[m\x1b[K  \xe2\x80\x98\x1b[01m\x1b[Klightning::miao::LinearSolverType lightning::miao::OptimizerConfig::linear_solver_type_\x1b[m\x1b[K\xe2\x80\x99 [\x1b[01;35m\x1b[K\x1b]8;;https://gcc.gnu.org/onlinedocs/gcc/Warning-Options.html#index-Wreorder\x07-Wreorder\x1b]8;;\x07\x1b[m\x1b[K]\n'}
[153.374420] (lightning) StderrLine: {'line': b'   39 |     LinearSolverType \x1b[01;35m\x1b[Klinear_solver_type_\x1b[m\x1b[K = LinearSolverType::LINEAR_SOLVER_SPARSE_EIGEN;\n'}
[153.374447] (lightning) StderrLine: {'line': b'      |                      \x1b[01;35m\x1b[K^~~~~~~~~~~~~~~~~~~\x1b[m\x1b[K\n'}
[153.374473] (lightning) StderrLine: {'line': b'\x1b[01m\x1b[K/home/kepler/Documents/Codex/2026-08-14/microsoft-visual-studio-code-stable-vs/outputs/lightning_lm_ws/src/lightning-lm/src/core/miao/core/common/config.h:31:14:\x1b[m\x1b[K \x1b[01;35m\x1b[Kwarning: \x1b[m\x1b[K  when initialized here [\x1b[01;35m\x1b[K\x1b]8;;https://gcc.gnu.org/onlinedocs/gcc/Warning-Options.html#index-Wreorder\x07-Wreorder\x1b]8;;\x07\x1b[m\x1b[K]\n'}
[153.374501] (lightning) StderrLine: {'line': b'   31 |     explicit \x1b[01;35m\x1b[KOptimizerConfig\x1b[m\x1b[K(AlgorithmType algo_type,\n'}
[153.374528] (lightning) StderrLine: {'line': b'      |              \x1b[01;35m\x1b[K^~~~~~~~~~~~~~~\x1b[m\x1b[K\n'}
[153.389103] (lightning) StderrLine: {'line': b'In file included from \x1b[01m\x1b[K/home/kepler/Documents/Codex/2026-08-14/microsoft-visual-studio-code-stable-vs/outputs/lightning_lm_ws/src/lightning-lm/src/core/miao/core/graph/optimizer.h:9\x1b[m\x1b[K,\n'}
[153.389195] (lightning) StderrLine: {'line': b'                 from \x1b[01m\x1b[K/home/kepler/Documents/Codex/2026-08-14/microsoft-visual-studio-code-stable-vs/outputs/lightning_lm_ws/src/lightning-lm/src/core/localization/pose_graph/pgo_impl.h:16\x1b[m\x1b[K,\n'}
[153.389235] (lightning) StderrLine: {'line': b'                 from \x1b[01m\x1b[K/home/kepler/Documents/Codex/2026-08-14/microsoft-visual-studio-code-stable-vs/outputs/lightning_lm_ws/src/lightning-lm/src/core/localization/pose_graph/pgo.h:7\x1b[m\x1b[K,\n'}
[153.389263] (lightning) StderrLine: {'line': b'                 from \x1b[01m\x1b[K/home/kepler/Documents/Codex/2026-08-14/microsoft-visual-studio-code-stable-vs/outputs/lightning_lm_ws/src/lightning-lm/src/core/localization/pose_graph/pgo.cc:1\x1b[m\x1b[K:\n'}
[153.389290] (lightning) StderrLine: {'line': b'\x1b[01m\x1b[K/home/kepler/Documents/Codex/2026-08-14/microsoft-visual-studio-code-stable-vs/outputs/lightning_lm_ws/src/lightning-lm/src/core/miao/core/graph/graph.h:\x1b[m\x1b[K In member function \xe2\x80\x98\x1b[01m\x1b[Kvirtual int lightning::miao::Graph::Optimize(int)\x1b[m\x1b[K\xe2\x80\x99:\n'}
[153.389318] (lightning) StderrLine: {'line': b'\x1b[01m\x1b[K/home/kepler/Documents/Codex/2026-08-14/microsoft-visual-studio-code-stable-vs/outputs/lightning_lm_ws/src/lightning-lm/src/core/miao/core/graph/graph.h:80:30:\x1b[m\x1b[K \x1b[01;35m\x1b[Kwarning: \x1b[m\x1b[Kunused parameter \xe2\x80\x98\x1b[01m\x1b[Kinterations\x1b[m\x1b[K\xe2\x80\x99 [\x1b[01;35m\x1b[K\x1b]8;;https://gcc.gnu.org/onlinedocs/gcc/Warning-Options.html#index-Wunused-parameter\x07-Wunused-parameter\x1b]8;;\x07\x1b[m\x1b[K]\n'}
[153.389355] (lightning) StderrLine: {'line': b'   80 |     virtual int Optimize(\x1b[01;35m\x1b[Kint interations\x1b[m\x1b[K) { return 0; }\n'}
[153.389384] (lightning) StderrLine: {'line': b'      |                          \x1b[01;35m\x1b[K~~~~^~~~~~~~~~~\x1b[m\x1b[K\n'}
[153.419569] (-) TimerEvent: {}
[153.519800] (-) TimerEvent: {}
[153.620084] (-) TimerEvent: {}
[153.720366] (-) TimerEvent: {}
[153.820652] (-) TimerEvent: {}
[153.920951] (-) TimerEvent: {}
[154.021178] (-) TimerEvent: {}
[154.121476] (-) TimerEvent: {}
[154.221744] (-) TimerEvent: {}
[154.321969] (-) TimerEvent: {}
[154.422193] (-) TimerEvent: {}
[154.522450] (-) TimerEvent: {}
[154.548614] (lightning) StderrLine: {'line': b'In file included from \x1b[01m\x1b[K/home/kepler/Documents/Codex/2026-08-14/microsoft-visual-studio-code-stable-vs/outputs/lightning_lm_ws/src/lightning-lm/src/core/localization/pose_graph/pgo.cc:8\x1b[m\x1b[K:\n'}
[154.548735] (lightning) StderrLine: {'line': b'\x1b[01m\x1b[K/home/kepler/Documents/Codex/2026-08-14/microsoft-visual-studio-code-stable-vs/outputs/lightning_lm_ws/src/lightning-lm/src/common/options.h:\x1b[m\x1b[K In function \xe2\x80\x98\x1b[01m\x1b[Kvoid lightning::debug::SigHandle(int)\x1b[m\x1b[K\xe2\x80\x99:\n'}
[154.548773] (lightning) StderrLine: {'line': b'\x1b[01m\x1b[K/home/kepler/Documents/Codex/2026-08-14/microsoft-visual-studio-code-stable-vs/outputs/lightning_lm_ws/src/lightning-lm/src/common/options.h:27:27:\x1b[m\x1b[K \x1b[01;35m\x1b[Kwarning: \x1b[m\x1b[Kunused parameter \xe2\x80\x98\x1b[01m\x1b[Ksig\x1b[m\x1b[K\xe2\x80\x99 [\x1b[01;35m\x1b[K\x1b]8;;https://gcc.gnu.org/onlinedocs/gcc/Warning-Options.html#index-Wunused-parameter\x07-Wunused-parameter\x1b]8;;\x07\x1b[m\x1b[K]\n'}
[154.548815] (lightning) StderrLine: {'line': b'   27 | inline void SigHandle(\x1b[01;35m\x1b[Kint sig\x1b[m\x1b[K) {\n'}
[154.548845] (lightning) StderrLine: {'line': b'      |                       \x1b[01;35m\x1b[K~~~~^~~\x1b[m\x1b[K\n'}
[154.622633] (-) TimerEvent: {}
[154.722954] (-) TimerEvent: {}
[154.823241] (-) TimerEvent: {}
[154.923516] (-) TimerEvent: {}
[155.023807] (-) TimerEvent: {}
[155.124075] (-) TimerEvent: {}
[155.224329] (-) TimerEvent: {}
[155.324557] (-) TimerEvent: {}
[155.345419] (lightning) StderrLine: {'line': b'\x1b[01m\x1b[K/home/kepler/Documents/Codex/2026-08-14/microsoft-visual-studio-code-stable-vs/outputs/lightning_lm_ws/src/lightning-lm/src/core/localization/pose_graph/pgo.cc:\x1b[m\x1b[K In member function \xe2\x80\x98\x1b[01m\x1b[Kvoid lightning::loc::PGO::PubResult()\x1b[m\x1b[K\xe2\x80\x99:\n'}
[155.345553] (lightning) StderrLine: {'line': b'\x1b[01m\x1b[K/home/kepler/Documents/Codex/2026-08-14/microsoft-visual-studio-code-stable-vs/outputs/lightning_lm_ws/src/lightning-lm/src/core/localization/pose_graph/pgo.cc:60:17:\x1b[m\x1b[K \x1b[01;35m\x1b[Kwarning: \x1b[m\x1b[Kvariable \xe2\x80\x98\x1b[01m\x1b[Krecent_lidar_loc_pose\x1b[m\x1b[K\xe2\x80\x99 set but not used [\x1b[01;35m\x1b[K\x1b]8;;https://gcc.gnu.org/onlinedocs/gcc/Warning-Options.html#index-Wunused-but-set-variable\x07-Wunused-but-set-variable\x1b]8;;\x07\x1b[m\x1b[K]\n'}
[155.345599] (lightning) StderrLine: {'line': b'   60 |             SE3 \x1b[01;35m\x1b[Krecent_lidar_loc_pose\x1b[m\x1b[K = impl_->lidar_loc_pose_queue_.back().pose_;\n'}
[155.345632] (lightning) StderrLine: {'line': b'      |                 \x1b[01;35m\x1b[K^~~~~~~~~~~~~~~~~~~~~\x1b[m\x1b[K\n'}
[155.345663] (lightning) StderrLine: {'line': b'\x1b[01m\x1b[K/home/kepler/Documents/Codex/2026-08-14/microsoft-visual-studio-code-stable-vs/outputs/lightning_lm_ws/src/lightning-lm/src/core/localization/pose_graph/pgo.cc:53:16:\x1b[m\x1b[K \x1b[01;35m\x1b[Kwarning: \x1b[m\x1b[Kunused variable \xe2\x80\x98\x1b[01m\x1b[Kdt\x1b[m\x1b[K\xe2\x80\x99 [\x1b[01;35m\x1b[K\x1b]8;;https://gcc.gnu.org/onlinedocs/gcc/Warning-Options.html#index-Wunused-variable\x07-Wunused-variable\x1b]8;;\x07\x1b[m\x1b[K]\n'}
[155.345696] (lightning) StderrLine: {'line': b'   53 |         double \x1b[01;35m\x1b[Kdt\x1b[m\x1b[K = result.timestamp_ - impl_->result_.timestamp_;\n'}
[155.345727] (lightning) StderrLine: {'line': b'      |                \x1b[01;35m\x1b[K^~\x1b[m\x1b[K\n'}
[155.345755] (lightning) StderrLine: {'line': b'\x1b[01m\x1b[K/home/kepler/Documents/Codex/2026-08-14/microsoft-visual-studio-code-stable-vs/outputs/lightning_lm_ws/src/lightning-lm/src/core/localization/pose_graph/pgo.cc:108:13:\x1b[m\x1b[K \x1b[01;35m\x1b[Kwarning: \x1b[m\x1b[Kvariable \xe2\x80\x98\x1b[01m\x1b[Kextra_pose\x1b[m\x1b[K\xe2\x80\x99 set but not used [\x1b[01;35m\x1b[K\x1b]8;;https://gcc.gnu.org/onlinedocs/gcc/Warning-Options.html#index-Wunused-but-set-variable\x07-Wunused-but-set-variable\x1b]8;;\x07\x1b[m\x1b[K]\n'}
[155.345786] (lightning) StderrLine: {'line': b'  108 |         SE3 \x1b[01;35m\x1b[Kextra_pose\x1b[m\x1b[K = result.pose_;\n'}
[155.345814] (lightning) StderrLine: {'line': b'      |             \x1b[01;35m\x1b[K^~~~~~~~~~\x1b[m\x1b[K\n'}
[155.346273] (lightning) StderrLine: {'line': b'\x1b[01m\x1b[K/home/kepler/Documents/Codex/2026-08-14/microsoft-visual-studio-code-stable-vs/outputs/lightning_lm_ws/src/lightning-lm/src/core/localization/pose_graph/pgo.cc:\x1b[m\x1b[K In member function \xe2\x80\x98\x1b[01m\x1b[Kbool lightning::loc::PGO::ProcessDR(const lightning::NavState&)\x1b[m\x1b[K\xe2\x80\x99:\n'}
[155.346352] (lightning) StderrLine: {'line': b'\x1b[01m\x1b[K/home/kepler/Documents/Codex/2026-08-14/microsoft-visual-studio-code-stable-vs/outputs/lightning_lm_ws/src/lightning-lm/src/core/localization/pose_graph/pgo.cc:146:12:\x1b[m\x1b[K \x1b[01;35m\x1b[Kwarning: \x1b[m\x1b[Kvariable \xe2\x80\x98\x1b[01m\x1b[Kdelta_timestamp\x1b[m\x1b[K\xe2\x80\x99 set but not used [\x1b[01;35m\x1b[K\x1b]8;;https://gcc.gnu.org/onlinedocs/gcc/Warning-Options.html#index-Wunused-but-set-variable\x07-Wunused-but-set-variable\x1b]8;;\x07\x1b[m\x1b[K]\n'}
[155.346402] (lightning) StderrLine: {'line': b'  146 |     double \x1b[01;35m\x1b[Kdelta_timestamp\x1b[m\x1b[K = 0;\n'}
[155.346433] (lightning) StderrLine: {'line': b'      |            \x1b[01;35m\x1b[K^~~~~~~~~~~~~~~\x1b[m\x1b[K\n'}
[155.355226] (lightning) StderrLine: {'line': b'\x1b[01m\x1b[K/home/kepler/Documents/Codex/2026-08-14/microsoft-visual-studio-code-stable-vs/outputs/lightning_lm_ws/src/lightning-lm/src/core/localization/pose_graph/pgo.cc:\x1b[m\x1b[K In member function \xe2\x80\x98\x1b[01m\x1b[Kvoid lightning::loc::PGO::LogWindowState()\x1b[m\x1b[K\xe2\x80\x99:\n'}
[155.355341] (lightning) StderrLine: {'line': b'\x1b[01m\x1b[K/home/kepler/Documents/Codex/2026-08-14/microsoft-visual-studio-code-stable-vs/outputs/lightning_lm_ws/src/lightning-lm/src/core/localization/pose_graph/pgo.cc:327:36:\x1b[m\x1b[K \x1b[01;35m\x1b[Kwarning: \x1b[m\x1b[Kcomparison of unsigned expression in \xe2\x80\x98\x1b[01m\x1b[K>= 0\x1b[m\x1b[K\xe2\x80\x99 is always true [\x1b[01;35m\x1b[K\x1b]8;;https://gcc.gnu.org/onlinedocs/gcc/Warning-Options.html#index-Wtype-limits\x07-Wtype-limits\x1b]8;;\x07\x1b[m\x1b[K]\n'}
[155.355384] (lightning) StderrLine: {'line': b'  327 |     int idx1 = \x1b[01;35m\x1b[K(window.size() - 5) >= 0\x1b[m\x1b[K ? (window.size() - 5) : -1;\n'}
[155.355417] (lightning) StderrLine: {'line': b'      |                \x1b[01;35m\x1b[K~~~~~~~~~~~~~~~~~~~~^~~~\x1b[m\x1b[K\n'}
[155.355446] (lightning) StderrLine: {'line': b'\x1b[01m\x1b[K/home/kepler/Documents/Codex/2026-08-14/microsoft-visual-studio-code-stable-vs/outputs/lightning_lm_ws/src/lightning-lm/src/core/localization/pose_graph/pgo.cc:328:36:\x1b[m\x1b[K \x1b[01;35m\x1b[Kwarning: \x1b[m\x1b[Kcomparison of unsigned expression in \xe2\x80\x98\x1b[01m\x1b[K>= 0\x1b[m\x1b[K\xe2\x80\x99 is always true [\x1b[01;35m\x1b[K\x1b]8;;https://gcc.gnu.org/onlinedocs/gcc/Warning-Options.html#index-Wtype-limits\x07-Wtype-limits\x1b]8;;\x07\x1b[m\x1b[K]\n'}
[155.355476] (lightning) StderrLine: {'line': b'  328 |     int idx2 = \x1b[01;35m\x1b[K(window.size() - 4) >= 0\x1b[m\x1b[K ? (window.size() - 4) : -1;\n'}
[155.355502] (lightning) StderrLine: {'line': b'      |                \x1b[01;35m\x1b[K~~~~~~~~~~~~~~~~~~~~^~~~\x1b[m\x1b[K\n'}
[155.355528] (lightning) StderrLine: {'line': b'\x1b[01m\x1b[K/home/kepler/Documents/Codex/2026-08-14/microsoft-visual-studio-code-stable-vs/outputs/lightning_lm_ws/src/lightning-lm/src/core/localization/pose_graph/pgo.cc:329:36:\x1b[m\x1b[K \x1b[01;35m\x1b[Kwarning: \x1b[m\x1b[Kcomparison of unsigned expression in \xe2\x80\x98\x1b[01m\x1b[K>= 0\x1b[m\x1b[K\xe2\x80\x99 is always true [\x1b[01;35m\x1b[K\x1b]8;;https://gcc.gnu.org/onlinedocs/gcc/Warning-Options.html#index-Wtype-limits\x07-Wtype-limits\x1b]8;;\x07\x1b[m\x1b[K]\n'}
[155.355556] (lightning) StderrLine: {'line': b'  329 |     int idx3 = \x1b[01;35m\x1b[K(window.size() - 3) >= 0\x1b[m\x1b[K ? (window.size() - 3) : -1;\n'}
[155.355582] (lightning) StderrLine: {'line': b'      |                \x1b[01;35m\x1b[K~~~~~~~~~~~~~~~~~~~~^~~~\x1b[m\x1b[K\n'}
[155.355607] (lightning) StderrLine: {'line': b'\x1b[01m\x1b[K/home/kepler/Documents/Codex/2026-08-14/microsoft-visual-studio-code-stable-vs/outputs/lightning_lm_ws/src/lightning-lm/src/core/localization/pose_graph/pgo.cc:330:36:\x1b[m\x1b[K \x1b[01;35m\x1b[Kwarning: \x1b[m\x1b[Kcomparison of unsigned expression in \xe2\x80\x98\x1b[01m\x1b[K>= 0\x1b[m\x1b[K\xe2\x80\x99 is always true [\x1b[01;35m\x1b[K\x1b]8;;https://gcc.gnu.org/onlinedocs/gcc/Warning-Options.html#index-Wtype-limits\x07-Wtype-limits\x1b]8;;\x07\x1b[m\x1b[K]\n'}
[155.355634] (lightning) StderrLine: {'line': b'  330 |     int idx4 = \x1b[01;35m\x1b[K(window.size() - 2) >= 0\x1b[m\x1b[K ? (window.size() - 2) : -1;\n'}
[155.355662] (lightning) StderrLine: {'line': b'      |                \x1b[01;35m\x1b[K~~~~~~~~~~~~~~~~~~~~^~~~\x1b[m\x1b[K\n'}
[155.355690] (lightning) StderrLine: {'line': b'\x1b[01m\x1b[K/home/kepler/Documents/Codex/2026-08-14/microsoft-visual-studio-code-stable-vs/outputs/lightning_lm_ws/src/lightning-lm/src/core/localization/pose_graph/pgo.cc:331:36:\x1b[m\x1b[K \x1b[01;35m\x1b[Kwarning: \x1b[m\x1b[Kcomparison of unsigned expression in \xe2\x80\x98\x1b[01m\x1b[K>= 0\x1b[m\x1b[K\xe2\x80\x99 is always true [\x1b[01;35m\x1b[K\x1b]8;;https://gcc.gnu.org/onlinedocs/gcc/Warning-Options.html#index-Wtype-limits\x07-Wtype-limits\x1b]8;;\x07\x1b[m\x1b[K]\n'}
[155.355718] (lightning) StderrLine: {'line': b'  331 |     int idx5 = \x1b[01;35m\x1b[K(window.size() - 1) >= 0\x1b[m\x1b[K ? (window.size() - 1) : -1;\n'}
[155.355743] (lightning) StderrLine: {'line': b'      |                \x1b[01;35m\x1b[K~~~~~~~~~~~~~~~~~~~~^~~~\x1b[m\x1b[K\n'}
[155.358035] (lightning) StderrLine: {'line': b'\x1b[01m\x1b[K/home/kepler/Documents/Codex/2026-08-14/microsoft-visual-studio-code-stable-vs/outputs/lightning_lm_ws/src/lightning-lm/src/core/localization/pose_graph/pgo.cc:328:9:\x1b[m\x1b[K \x1b[01;35m\x1b[Kwarning: \x1b[m\x1b[Kunused variable \xe2\x80\x98\x1b[01m\x1b[Kidx2\x1b[m\x1b[K\xe2\x80\x99 [\x1b[01;35m\x1b[K\x1b]8;;https://gcc.gnu.org/onlinedocs/gcc/Warning-Options.html#index-Wunused-variable\x07-Wunused-variable\x1b]8;;\x07\x1b[m\x1b[K]\n'}
[155.358113] (lightning) StderrLine: {'line': b'  328 |     int \x1b[01;35m\x1b[Kidx2\x1b[m\x1b[K = (window.size() - 4) >= 0 ? (window.size() - 4) : -1;\n'}
[155.358149] (lightning) StderrLine: {'line': b'      |         \x1b[01;35m\x1b[K^~~~\x1b[m\x1b[K\n'}
[155.358178] (lightning) StderrLine: {'line': b'\x1b[01m\x1b[K/home/kepler/Documents/Codex/2026-08-14/microsoft-visual-studio-code-stable-vs/outputs/lightning_lm_ws/src/lightning-lm/src/core/localization/pose_graph/pgo.cc:329:9:\x1b[m\x1b[K \x1b[01;35m\x1b[Kwarning: \x1b[m\x1b[Kunused variable \xe2\x80\x98\x1b[01m\x1b[Kidx3\x1b[m\x1b[K\xe2\x80\x99 [\x1b[01;35m\x1b[K\x1b]8;;https://gcc.gnu.org/onlinedocs/gcc/Warning-Options.html#index-Wunused-variable\x07-Wunused-variable\x1b]8;;\x07\x1b[m\x1b[K]\n'}
[155.358214] (lightning) StderrLine: {'line': b'  329 |     int \x1b[01;35m\x1b[Kidx3\x1b[m\x1b[K = (window.size() - 3) >= 0 ? (window.size() - 3) : -1;\n'}
[155.358246] (lightning) StderrLine: {'line': b'      |         \x1b[01;35m\x1b[K^~~~\x1b[m\x1b[K\n'}
[155.358272] (lightning) StderrLine: {'line': b'\x1b[01m\x1b[K/home/kepler/Documents/Codex/2026-08-14/microsoft-visual-studio-code-stable-vs/outputs/lightning_lm_ws/src/lightning-lm/src/core/localization/pose_graph/pgo.cc:330:9:\x1b[m\x1b[K \x1b[01;35m\x1b[Kwarning: \x1b[m\x1b[Kunused variable \xe2\x80\x98\x1b[01m\x1b[Kidx4\x1b[m\x1b[K\xe2\x80\x99 [\x1b[01;35m\x1b[K\x1b]8;;https://gcc.gnu.org/onlinedocs/gcc/Warning-Options.html#index-Wunused-variable\x07-Wunused-variable\x1b]8;;\x07\x1b[m\x1b[K]\n'}
[155.358306] (lightning) StderrLine: {'line': b'  330 |     int \x1b[01;35m\x1b[Kidx4\x1b[m\x1b[K = (window.size() - 2) >= 0 ? (window.size() - 2) : -1;\n'}
[155.358333] (lightning) StderrLine: {'line': b'      |         \x1b[01;35m\x1b[K^~~~\x1b[m\x1b[K\n'}
[155.358359] (lightning) StderrLine: {'line': b'\x1b[01m\x1b[K/home/kepler/Documents/Codex/2026-08-14/microsoft-visual-studio-code-stable-vs/outputs/lightning_lm_ws/src/lightning-lm/src/core/localization/pose_graph/pgo.cc:331:9:\x1b[m\x1b[K \x1b[01;35m\x1b[Kwarning: \x1b[m\x1b[Kunused variable \xe2\x80\x98\x1b[01m\x1b[Kidx5\x1b[m\x1b[K\xe2\x80\x99 [\x1b[01;35m\x1b[K\x1b]8;;https://gcc.gnu.org/onlinedocs/gcc/Warning-Options.html#index-Wunused-variable\x07-Wunused-variable\x1b]8;;\x07\x1b[m\x1b[K]\n'}
[155.358386] (lightning) StderrLine: {'line': b'  331 |     int \x1b[01;35m\x1b[Kidx5\x1b[m\x1b[K = (window.size() - 1) >= 0 ? (window.size() - 1) : -1;\n'}
[155.358412] (lightning) StderrLine: {'line': b'      |         \x1b[01;35m\x1b[K^~~~\x1b[m\x1b[K\n'}
[155.358786] (lightning) StderrLine: {'line': b'\x1b[01m\x1b[K/home/kepler/Documents/Codex/2026-08-14/microsoft-visual-studio-code-stable-vs/outputs/lightning_lm_ws/src/lightning-lm/src/core/localization/pose_graph/pgo.cc:\x1b[m\x1b[K In member function \xe2\x80\x98\x1b[01m\x1b[Kbool lightning::loc::PGO::ExtrapolateLocResult(lightning::loc::LocalizationResult&)\x1b[m\x1b[K\xe2\x80\x99:\n'}
[155.358890] (lightning) StderrLine: {'line': b'\x1b[01m\x1b[K/home/kepler/Documents/Codex/2026-08-14/microsoft-visual-studio-code-stable-vs/outputs/lightning_lm_ws/src/lightning-lm/src/core/localization/pose_graph/pgo.cc:451:26:\x1b[m\x1b[K \x1b[01;35m\x1b[Kwarning: \x1b[m\x1b[Kunused variable \xe2\x80\x98\x1b[01m\x1b[Ktime_incre\x1b[m\x1b[K\xe2\x80\x99 [\x1b[01;35m\x1b[K\x1b]8;;https://gcc.gnu.org/onlinedocs/gcc/Warning-Options.html#index-Wunused-variable\x07-Wunused-variable\x1b]8;;\x07\x1b[m\x1b[K]\n'}
[155.358932] (lightning) StderrLine: {'line': b'  451 |             const double \x1b[01;35m\x1b[Ktime_incre\x1b[m\x1b[K = dr_pose_queue.back().timestamp_ - output_result.timestamp_;\n'}
[155.358963] (lightning) StderrLine: {'line': b'      |                          \x1b[01;35m\x1b[K^~~~~~~~~~\x1b[m\x1b[K\n'}
[155.424645] (-) TimerEvent: {}
[155.524882] (-) TimerEvent: {}
[155.625132] (-) TimerEvent: {}
[155.725400] (-) TimerEvent: {}
[155.825677] (-) TimerEvent: {}
[155.925953] (-) TimerEvent: {}
[156.026229] (-) TimerEvent: {}
[156.126517] (-) TimerEvent: {}
[156.226782] (-) TimerEvent: {}
[156.327066] (-) TimerEvent: {}
[156.427288] (-) TimerEvent: {}
[156.527574] (-) TimerEvent: {}
[156.627825] (-) TimerEvent: {}
[156.728118] (-) TimerEvent: {}
[156.828371] (-) TimerEvent: {}
[156.928614] (-) TimerEvent: {}
[157.028873] (-) TimerEvent: {}
[157.129115] (-) TimerEvent: {}
[157.229402] (-) TimerEvent: {}
[157.329667] (-) TimerEvent: {}
[157.430041] (-) TimerEvent: {}
[157.530261] (-) TimerEvent: {}
[157.630480] (-) TimerEvent: {}
[157.730752] (-) TimerEvent: {}
[157.831027] (-) TimerEvent: {}
[157.931333] (-) TimerEvent: {}
[158.031581] (-) TimerEvent: {}
[158.131840] (-) TimerEvent: {}
[158.232096] (-) TimerEvent: {}
[158.332398] (-) TimerEvent: {}
[158.432694] (-) TimerEvent: {}
[158.532963] (-) TimerEvent: {}
[158.633207] (-) TimerEvent: {}
[158.733472] (-) TimerEvent: {}
[158.833741] (-) TimerEvent: {}
[158.933998] (-) TimerEvent: {}
[159.034350] (-) TimerEvent: {}
[159.134676] (-) TimerEvent: {}
[159.234977] (-) TimerEvent: {}
[159.335235] (-) TimerEvent: {}
[159.435520] (-) TimerEvent: {}
[159.535800] (-) TimerEvent: {}
[159.636088] (-) TimerEvent: {}
[159.736415] (-) TimerEvent: {}
[159.836759] (-) TimerEvent: {}
[159.937003] (-) TimerEvent: {}
[160.037229] (-) TimerEvent: {}
[160.137565] (-) TimerEvent: {}
[160.237823] (-) TimerEvent: {}
[160.338061] (-) TimerEvent: {}
[160.438275] (-) TimerEvent: {}
[160.449388] (lightning) StdoutLine: {'line': b'[ 75%] \x1b[32mBuilding CXX object src/CMakeFiles/lightning.libs.dir/core/localization/pose_graph/pgo_impl.cc.o\x1b[0m\n'}
[160.538424] (-) TimerEvent: {}
[160.638681] (-) TimerEvent: {}
[160.738903] (-) TimerEvent: {}
[160.839229] (-) TimerEvent: {}
[160.939513] (-) TimerEvent: {}
[161.039812] (-) TimerEvent: {}
[161.140071] (-) TimerEvent: {}
[161.240314] (-) TimerEvent: {}
[161.340614] (-) TimerEvent: {}
[161.440876] (-) TimerEvent: {}
[161.541148] (-) TimerEvent: {}
[161.641370] (-) TimerEvent: {}
[161.741600] (-) TimerEvent: {}
[161.841848] (-) TimerEvent: {}
[161.942173] (-) TimerEvent: {}
[162.042394] (-) TimerEvent: {}
[162.142632] (-) TimerEvent: {}
[162.242870] (-) TimerEvent: {}
[162.343169] (-) TimerEvent: {}
[162.355745] (lightning) StderrLine: {'line': b'In file included from \x1b[01m\x1b[K/home/kepler/Documents/Codex/2026-08-14/microsoft-visual-studio-code-stable-vs/outputs/lightning_lm_ws/src/lightning-lm/src/core/miao/core/graph/optimizer.h:8\x1b[m\x1b[K,\n'}
[162.355854] (lightning) StderrLine: {'line': b'                 from \x1b[01m\x1b[K/home/kepler/Documents/Codex/2026-08-14/microsoft-visual-studio-code-stable-vs/outputs/lightning_lm_ws/src/lightning-lm/src/core/localization/pose_graph/pgo_impl.h:16\x1b[m\x1b[K,\n'}
[162.355894] (lightning) StderrLine: {'line': b'                 from \x1b[01m\x1b[K/home/kepler/Documents/Codex/2026-08-14/microsoft-visual-studio-code-stable-vs/outputs/lightning_lm_ws/src/lightning-lm/src/core/localization/pose_graph/pgo_impl.cc:1\x1b[m\x1b[K:\n'}
[162.355939] (lightning) StderrLine: {'line': b'\x1b[01m\x1b[K/home/kepler/Documents/Codex/2026-08-14/microsoft-visual-studio-code-stable-vs/outputs/lightning_lm_ws/src/lightning-lm/src/core/miao/core/common/config.h:\x1b[m\x1b[K In constructor \xe2\x80\x98\x1b[01m\x1b[Klightning::miao::OptimizerConfig::OptimizerConfig(lightning::miao::AlgorithmType, lightning::miao::LinearSolverType, bool)\x1b[m\x1b[K\xe2\x80\x99:\n'}
[162.355973] (lightning) StderrLine: {'line': b'\x1b[01m\x1b[K/home/kepler/Documents/Codex/2026-08-14/microsoft-visual-studio-code-stable-vs/outputs/lightning_lm_ws/src/lightning-lm/src/core/miao/core/common/config.h:44:10:\x1b[m\x1b[K \x1b[01;35m\x1b[Kwarning: \x1b[m\x1b[K\xe2\x80\x98\x1b[01m\x1b[Klightning::miao::OptimizerConfig::is_dense_\x1b[m\x1b[K\xe2\x80\x99 will be initialized after [\x1b[01;35m\x1b[K\x1b]8;;https://gcc.gnu.org/onlinedocs/gcc/Warning-Options.html#index-Wreorder\x07-Wreorder\x1b]8;;\x07\x1b[m\x1b[K]\n'}
[162.356015] (lightning) StderrLine: {'line': b'   44 |     bool \x1b[01;35m\x1b[Kis_dense_\x1b[m\x1b[K = true;\n'}
[162.356051] (lightning) StderrLine: {'line': b'      |          \x1b[01;35m\x1b[K^~~~~~~~~\x1b[m\x1b[K\n'}
[162.356080] (lightning) StderrLine: {'line': b'\x1b[01m\x1b[K/home/kepler/Documents/Codex/2026-08-14/microsoft-visual-studio-code-stable-vs/outputs/lightning_lm_ws/src/lightning-lm/src/core/miao/core/common/config.h:39:22:\x1b[m\x1b[K \x1b[01;35m\x1b[Kwarning: \x1b[m\x1b[K  \xe2\x80\x98\x1b[01m\x1b[Klightning::miao::LinearSolverType lightning::miao::OptimizerConfig::linear_solver_type_\x1b[m\x1b[K\xe2\x80\x99 [\x1b[01;35m\x1b[K\x1b]8;;https://gcc.gnu.org/onlinedocs/gcc/Warning-Options.html#index-Wreorder\x07-Wreorder\x1b]8;;\x07\x1b[m\x1b[K]\n'}
[162.356307] (lightning) StderrLine: {'line': b'   39 |     LinearSolverType \x1b[01;35m\x1b[Klinear_solver_type_\x1b[m\x1b[K = LinearSolverType::LINEAR_SOLVER_SPARSE_EIGEN;\n'}
[162.356371] (lightning) StderrLine: {'line': b'      |                      \x1b[01;35m\x1b[K^~~~~~~~~~~~~~~~~~~\x1b[m\x1b[K\n'}
[162.356404] (lightning) StderrLine: {'line': b'\x1b[01m\x1b[K/home/kepler/Documents/Codex/2026-08-14/microsoft-visual-studio-code-stable-vs/outputs/lightning_lm_ws/src/lightning-lm/src/core/miao/core/common/config.h:31:14:\x1b[m\x1b[K \x1b[01;35m\x1b[Kwarning: \x1b[m\x1b[K  when initialized here [\x1b[01;35m\x1b[K\x1b]8;;https://gcc.gnu.org/onlinedocs/gcc/Warning-Options.html#index-Wreorder\x07-Wreorder\x1b]8;;\x07\x1b[m\x1b[K]\n'}
[162.356438] (lightning) StderrLine: {'line': b'   31 |     explicit \x1b[01;35m\x1b[KOptimizerConfig\x1b[m\x1b[K(AlgorithmType algo_type,\n'}
[162.356470] (lightning) StderrLine: {'line': b'      |              \x1b[01;35m\x1b[K^~~~~~~~~~~~~~~\x1b[m\x1b[K\n'}
[162.371929] (lightning) StderrLine: {'line': b'In file included from \x1b[01m\x1b[K/home/kepler/Documents/Codex/2026-08-14/microsoft-visual-studio-code-stable-vs/outputs/lightning_lm_ws/src/lightning-lm/src/core/miao/core/graph/optimizer.h:9\x1b[m\x1b[K,\n'}
[162.372038] (lightning) StderrLine: {'line': b'                 from \x1b[01m\x1b[K/home/kepler/Documents/Codex/2026-08-14/microsoft-visual-studio-code-stable-vs/outputs/lightning_lm_ws/src/lightning-lm/src/core/localization/pose_graph/pgo_impl.h:16\x1b[m\x1b[K,\n'}
[162.372075] (lightning) StderrLine: {'line': b'                 from \x1b[01m\x1b[K/home/kepler/Documents/Codex/2026-08-14/microsoft-visual-studio-code-stable-vs/outputs/lightning_lm_ws/src/lightning-lm/src/core/localization/pose_graph/pgo_impl.cc:1\x1b[m\x1b[K:\n'}
[162.372104] (lightning) StderrLine: {'line': b'\x1b[01m\x1b[K/home/kepler/Documents/Codex/2026-08-14/microsoft-visual-studio-code-stable-vs/outputs/lightning_lm_ws/src/lightning-lm/src/core/miao/core/graph/graph.h:\x1b[m\x1b[K In member function \xe2\x80\x98\x1b[01m\x1b[Kvirtual int lightning::miao::Graph::Optimize(int)\x1b[m\x1b[K\xe2\x80\x99:\n'}
[162.372133] (lightning) StderrLine: {'line': b'\x1b[01m\x1b[K/home/kepler/Documents/Codex/2026-08-14/microsoft-visual-studio-code-stable-vs/outputs/lightning_lm_ws/src/lightning-lm/src/core/miao/core/graph/graph.h:80:30:\x1b[m\x1b[K \x1b[01;35m\x1b[Kwarning: \x1b[m\x1b[Kunused parameter \xe2\x80\x98\x1b[01m\x1b[Kinterations\x1b[m\x1b[K\xe2\x80\x99 [\x1b[01;35m\x1b[K\x1b]8;;https://gcc.gnu.org/onlinedocs/gcc/Warning-Options.html#index-Wunused-parameter\x07-Wunused-parameter\x1b]8;;\x07\x1b[m\x1b[K]\n'}
[162.372166] (lightning) StderrLine: {'line': b'   80 |     virtual int Optimize(\x1b[01;35m\x1b[Kint interations\x1b[m\x1b[K) { return 0; }\n'}
[162.372194] (lightning) StderrLine: {'line': b'      |                          \x1b[01;35m\x1b[K~~~~^~~~~~~~~~~\x1b[m\x1b[K\n'}
[162.443302] (-) TimerEvent: {}
[162.543590] (-) TimerEvent: {}
[162.643885] (-) TimerEvent: {}
[162.744168] (-) TimerEvent: {}
[162.844447] (-) TimerEvent: {}
[162.944710] (-) TimerEvent: {}
[163.045035] (-) TimerEvent: {}
[163.145324] (-) TimerEvent: {}
[163.245615] (-) TimerEvent: {}
[163.345867] (-) TimerEvent: {}
[163.446066] (-) TimerEvent: {}
[163.546333] (-) TimerEvent: {}
[163.646608] (-) TimerEvent: {}
[163.746895] (-) TimerEvent: {}
[163.847155] (-) TimerEvent: {}
[163.947424] (-) TimerEvent: {}
[164.047666] (-) TimerEvent: {}
[164.147953] (-) TimerEvent: {}
[164.248196] (-) TimerEvent: {}
[164.348447] (-) TimerEvent: {}
[164.448678] (-) TimerEvent: {}
[164.548988] (-) TimerEvent: {}
[164.649269] (-) TimerEvent: {}
[164.733269] (lightning) StderrLine: {'line': b'In file included from \x1b[01m\x1b[K/home/kepler/Documents/Codex/2026-08-14/microsoft-visual-studio-code-stable-vs/outputs/lightning_lm_ws/src/lightning-lm/src/core/lightning_math.hpp:22\x1b[m\x1b[K,\n'}
[164.733425] (lightning) StderrLine: {'line': b'                 from \x1b[01m\x1b[K/home/kepler/Documents/Codex/2026-08-14/microsoft-visual-studio-code-stable-vs/outputs/lightning_lm_ws/src/lightning-lm/src/core/localization/pose_graph/pgo_impl.cc:4\x1b[m\x1b[K:\n'}
[164.733465] (lightning) StderrLine: {'line': b'\x1b[01m\x1b[K/home/kepler/Documents/Codex/2026-08-14/microsoft-visual-studio-code-stable-vs/outputs/lightning_lm_ws/src/lightning-lm/src/common/options.h:\x1b[m\x1b[K In function \xe2\x80\x98\x1b[01m\x1b[Kvoid lightning::debug::SigHandle(int)\x1b[m\x1b[K\xe2\x80\x99:\n'}
[164.733499] (lightning) StderrLine: {'line': b'\x1b[01m\x1b[K/home/kepler/Documents/Codex/2026-08-14/microsoft-visual-studio-code-stable-vs/outputs/lightning_lm_ws/src/lightning-lm/src/common/options.h:27:27:\x1b[m\x1b[K \x1b[01;35m\x1b[Kwarning: \x1b[m\x1b[Kunused parameter \xe2\x80\x98\x1b[01m\x1b[Ksig\x1b[m\x1b[K\xe2\x80\x99 [\x1b[01;35m\x1b[K\x1b]8;;https://gcc.gnu.org/onlinedocs/gcc/Warning-Options.html#index-Wunused-parameter\x07-Wunused-parameter\x1b]8;;\x07\x1b[m\x1b[K]\n'}
[164.733534] (lightning) StderrLine: {'line': b'   27 | inline void SigHandle(\x1b[01;35m\x1b[Kint sig\x1b[m\x1b[K) {\n'}
[164.733565] (lightning) StderrLine: {'line': b'      |                       \x1b[01;35m\x1b[K~~~~^~~\x1b[m\x1b[K\n'}
[164.749385] (-) TimerEvent: {}
[164.849591] (-) TimerEvent: {}
[164.949824] (-) TimerEvent: {}
[165.050109] (-) TimerEvent: {}
[165.050843] (lightning) StderrLine: {'line': b'\x1b[01m\x1b[K/home/kepler/Documents/Codex/2026-08-14/microsoft-visual-studio-code-stable-vs/outputs/lightning_lm_ws/src/lightning-lm/src/core/localization/pose_graph/pgo_impl.cc:\x1b[m\x1b[K In member function \xe2\x80\x98\x1b[01m\x1b[Kvoid lightning::loc::PGOImpl::AddLidarOdomFactors()\x1b[m\x1b[K\xe2\x80\x99:\n'}
[165.050943] (lightning) StderrLine: {'line': b'\x1b[01m\x1b[K/home/kepler/Documents/Codex/2026-08-14/microsoft-visual-studio-code-stable-vs/outputs/lightning_lm_ws/src/lightning-lm/src/core/localization/pose_graph/pgo_impl.cc:374:15:\x1b[m\x1b[K \x1b[01;35m\x1b[Kwarning: \x1b[m\x1b[Kvariable \xe2\x80\x98\x1b[01m\x1b[Klo_obs_weight\x1b[m\x1b[K\xe2\x80\x99 set but not used [\x1b[01;35m\x1b[K\x1b]8;;https://gcc.gnu.org/onlinedocs/gcc/Warning-Options.html#index-Wunused-but-set-variable\x07-Wunused-but-set-variable\x1b]8;;\x07\x1b[m\x1b[K]\n'}
[165.050993] (lightning) StderrLine: {'line': b'  374 |         Vec6d \x1b[01;35m\x1b[Klo_obs_weight\x1b[m\x1b[K = lo_noise;\n'}
[165.051035] (lightning) StderrLine: {'line': b'      |               \x1b[01;35m\x1b[K^~~~~~~~~~~~~\x1b[m\x1b[K\n'}
[165.055344] (lightning) StderrLine: {'line': b'\x1b[01m\x1b[K/home/kepler/Documents/Codex/2026-08-14/microsoft-visual-studio-code-stable-vs/outputs/lightning_lm_ws/src/lightning-lm/src/core/localization/pose_graph/pgo_impl.cc:\x1b[m\x1b[K In member function \xe2\x80\x98\x1b[01m\x1b[Kvoid lightning::loc::PGOImpl::RemoveOutliers()\x1b[m\x1b[K\xe2\x80\x99:\n'}
[165.055421] (lightning) StderrLine: {'line': b'\x1b[01m\x1b[K/home/kepler/Documents/Codex/2026-08-14/microsoft-visual-studio-code-stable-vs/outputs/lightning_lm_ws/src/lightning-lm/src/core/localization/pose_graph/pgo_impl.cc:499:10:\x1b[m\x1b[K \x1b[01;35m\x1b[Kwarning: \x1b[m\x1b[Kvariable \xe2\x80\x98\x1b[01m\x1b[Kremove_outlier\x1b[m\x1b[K\xe2\x80\x99 set but not used [\x1b[01;35m\x1b[K\x1b]8;;https://gcc.gnu.org/onlinedocs/gcc/Warning-Options.html#index-Wunused-but-set-variable\x07-Wunused-but-set-variable\x1b]8;;\x07\x1b[m\x1b[K]\n'}
[165.055460] (lightning) StderrLine: {'line': b'  499 |     auto \x1b[01;35m\x1b[Kremove_outlier\x1b[m\x1b[K = [&cnt_outliers, this](miao::Edge* e) {\n'}
[165.055498] (lightning) StderrLine: {'line': b'      |          \x1b[01;35m\x1b[K^~~~~~~~~~~~~~\x1b[m\x1b[K\n'}
[165.057057] (lightning) StderrLine: {'line': b'\x1b[01m\x1b[K/home/kepler/Documents/Codex/2026-08-14/microsoft-visual-studio-code-stable-vs/outputs/lightning_lm_ws/src/lightning-lm/src/core/localization/pose_graph/pgo_impl.cc:\x1b[m\x1b[K In member function \xe2\x80\x98\x1b[01m\x1b[Kvoid lightning::loc::PGOImpl::CollectOptimizationStatistics()\x1b[m\x1b[K\xe2\x80\x99:\n'}
[165.057140] (lightning) StderrLine: {'line': b'\x1b[01m\x1b[K/home/kepler/Documents/Codex/2026-08-14/microsoft-visual-studio-code-stable-vs/outputs/lightning_lm_ws/src/lightning-lm/src/core/localization/pose_graph/pgo_impl.cc:560:18:\x1b[m\x1b[K \x1b[01;35m\x1b[Kwarning: \x1b[m\x1b[Kunused variable \xe2\x80\x98\x1b[01m\x1b[Kloc_err\x1b[m\x1b[K\xe2\x80\x99 [\x1b[01;35m\x1b[K\x1b]8;;https://gcc.gnu.org/onlinedocs/gcc/Warning-Options.html#index-Wunused-variable\x07-Wunused-variable\x1b]8;;\x07\x1b[m\x1b[K]\n'}
[165.057178] (lightning) StderrLine: {'line': b'  560 |     const double \x1b[01;35m\x1b[Kloc_err\x1b[m\x1b[K = std::sqrt(result_.lidar_loc_error_vert_ * result_.lidar_loc_error_vert_ +\n'}
[165.057209] (lightning) StderrLine: {'line': b'      |                  \x1b[01;35m\x1b[K^~~~~~~\x1b[m\x1b[K\n'}
[165.057237] (lightning) StderrLine: {'line': b'\x1b[01m\x1b[K/home/kepler/Documents/Codex/2026-08-14/microsoft-visual-studio-code-stable-vs/outputs/lightning_lm_ws/src/lightning-lm/src/core/localization/pose_graph/pgo_impl.cc:563:18:\x1b[m\x1b[K \x1b[01;35m\x1b[Kwarning: \x1b[m\x1b[Kunused variable \xe2\x80\x98\x1b[01m\x1b[Klo_err\x1b[m\x1b[K\xe2\x80\x99 [\x1b[01;35m\x1b[K\x1b]8;;https://gcc.gnu.org/onlinedocs/gcc/Warning-Options.html#index-Wunused-variable\x07-Wunused-variable\x1b]8;;\x07\x1b[m\x1b[K]\n'}
[165.057266] (lightning) StderrLine: {'line': b'  563 |     const double \x1b[01;35m\x1b[Klo_err\x1b[m\x1b[K = std::sqrt(result_.lidar_odom_error_vert_ * result_.lidar_odom_error_vert_ +\n'}
[165.057294] (lightning) StderrLine: {'line': b'      |                  \x1b[01;35m\x1b[K^~~~~~\x1b[m\x1b[K\n'}
[165.057862] (lightning) StderrLine: {'line': b'\x1b[01m\x1b[K/home/kepler/Documents/Codex/2026-08-14/microsoft-visual-studio-code-stable-vs/outputs/lightning_lm_ws/src/lightning-lm/src/core/localization/pose_graph/pgo_impl.cc:\x1b[m\x1b[K In member function \xe2\x80\x98\x1b[01m\x1b[Kvoid lightning::loc::PGOImpl::UpdateFinalResultByWindow()\x1b[m\x1b[K\xe2\x80\x99:\n'}
[165.057934] (lightning) StderrLine: {'line': b'\x1b[01m\x1b[K/home/kepler/Documents/Codex/2026-08-14/microsoft-visual-studio-code-stable-vs/outputs/lightning_lm_ws/src/lightning-lm/src/core/localization/pose_graph/pgo_impl.cc:642:10:\x1b[m\x1b[K \x1b[01;35m\x1b[Kwarning: \x1b[m\x1b[Kunused variable \xe2\x80\x98\x1b[01m\x1b[Kfollowing_gps\x1b[m\x1b[K\xe2\x80\x99 [\x1b[01;35m\x1b[K\x1b]8;;https://gcc.gnu.org/onlinedocs/gcc/Warning-Options.html#index-Wunused-variable\x07-Wunused-variable\x1b]8;;\x07\x1b[m\x1b[K]\n'}
[165.057977] (lightning) StderrLine: {'line': b'  642 |     bool \x1b[01;35m\x1b[Kfollowing_gps\x1b[m\x1b[K = false;\n'}
[165.058012] (lightning) StderrLine: {'line': b'      |          \x1b[01;35m\x1b[K^~~~~~~~~~~~~\x1b[m\x1b[K\n'}
[165.058043] (lightning) StderrLine: {'line': b'\x1b[01m\x1b[K/home/kepler/Documents/Codex/2026-08-14/microsoft-visual-studio-code-stable-vs/outputs/lightning_lm_ws/src/lightning-lm/src/core/localization/pose_graph/pgo_impl.cc:643:10:\x1b[m\x1b[K \x1b[01;35m\x1b[Kwarning: \x1b[m\x1b[Kunused variable \xe2\x80\x98\x1b[01m\x1b[Kfollowing_lidar_loc\x1b[m\x1b[K\xe2\x80\x99 [\x1b[01;35m\x1b[K\x1b]8;;https://gcc.gnu.org/onlinedocs/gcc/Warning-Options.html#index-Wunused-variable\x07-Wunused-variable\x1b]8;;\x07\x1b[m\x1b[K]\n'}
[165.058073] (lightning) StderrLine: {'line': b'  643 |     bool \x1b[01;35m\x1b[Kfollowing_lidar_loc\x1b[m\x1b[K = false;\n'}
[165.058100] (lightning) StderrLine: {'line': b'      |          \x1b[01;35m\x1b[K^~~~~~~~~~~~~~~~~~~\x1b[m\x1b[K\n'}
[165.058126] (lightning) StderrLine: {'line': b'\x1b[01m\x1b[K/home/kepler/Documents/Codex/2026-08-14/microsoft-visual-studio-code-stable-vs/outputs/lightning_lm_ws/src/lightning-lm/src/core/localization/pose_graph/pgo_impl.cc:644:10:\x1b[m\x1b[K \x1b[01;35m\x1b[Kwarning: \x1b[m\x1b[Kunused variable \xe2\x80\x98\x1b[01m\x1b[Kfollowing_lidar_odom\x1b[m\x1b[K\xe2\x80\x99 [\x1b[01;35m\x1b[K\x1b]8;;https://gcc.gnu.org/onlinedocs/gcc/Warning-Options.html#index-Wunused-variable\x07-Wunused-variable\x1b]8;;\x07\x1b[m\x1b[K]\n'}
[165.058155] (lightning) StderrLine: {'line': b'  644 |     bool \x1b[01;35m\x1b[Kfollowing_lidar_odom\x1b[m\x1b[K = lf->lidar_odom_valid_;\n'}
[165.058181] (lightning) StderrLine: {'line': b'      |          \x1b[01;35m\x1b[K^~~~~~~~~~~~~~~~~~~~\x1b[m\x1b[K\n'}
[165.058206] (lightning) StderrLine: {'line': b'\x1b[01m\x1b[K/home/kepler/Documents/Codex/2026-08-14/microsoft-visual-studio-code-stable-vs/outputs/lightning_lm_ws/src/lightning-lm/src/core/localization/pose_graph/pgo_impl.cc:645:10:\x1b[m\x1b[K \x1b[01;35m\x1b[Kwarning: \x1b[m\x1b[Kunused variable \xe2\x80\x98\x1b[01m\x1b[Kfollowing_dr\x1b[m\x1b[K\xe2\x80\x99 [\x1b[01;35m\x1b[K\x1b]8;;https://gcc.gnu.org/onlinedocs/gcc/Warning-Options.html#index-Wunused-variable\x07-Wunused-variable\x1b]8;;\x07\x1b[m\x1b[K]\n'}
[165.058234] (lightning) StderrLine: {'line': b'  645 |     bool \x1b[01;35m\x1b[Kfollowing_dr\x1b[m\x1b[K = lf->dr_valid_;\n'}
[165.058260] (lightning) StderrLine: {'line': b'      |          \x1b[01;35m\x1b[K^~~~~~~~~~~~\x1b[m\x1b[K\n'}
[165.058862] (lightning) StderrLine: {'line': b'\x1b[01m\x1b[K/home/kepler/Documents/Codex/2026-08-14/microsoft-visual-studio-code-stable-vs/outputs/lightning_lm_ws/src/lightning-lm/src/core/localization/pose_graph/pgo_impl.cc:\x1b[m\x1b[K In member function \xe2\x80\x98\x1b[01m\x1b[Kvoid lightning::loc::PGOImpl::Marginalize(const PGOFramePtr&, const PGOFramePtr&)\x1b[m\x1b[K\xe2\x80\x99:\n'}
[165.058941] (lightning) StderrLine: {'line': b'\x1b[01m\x1b[K/home/kepler/Documents/Codex/2026-08-14/microsoft-visual-studio-code-stable-vs/outputs/lightning_lm_ws/src/lightning-lm/src/core/localization/pose_graph/pgo_impl.cc:846:46:\x1b[m\x1b[K \x1b[01;35m\x1b[Kwarning: \x1b[m\x1b[Kunused parameter \xe2\x80\x98\x1b[01m\x1b[Kframe_to_remove\x1b[m\x1b[K\xe2\x80\x99 [\x1b[01;35m\x1b[K\x1b]8;;https://gcc.gnu.org/onlinedocs/gcc/Warning-Options.html#index-Wunused-parameter\x07-Wunused-parameter\x1b]8;;\x07\x1b[m\x1b[K]\n'}
[165.058979] (lightning) StderrLine: {'line': b'  846 | void PGOImpl::Marginalize(\x1b[01;35m\x1b[Kconst PGOFramePtr& frame_to_remove\x1b[m\x1b[K, const PGOFramePtr& frame_to_keep) {\n'}
[165.059015] (lightning) StderrLine: {'line': b'      |                           \x1b[01;35m\x1b[K~~~~~~~~~~~~~~~~~~~^~~~~~~~~~~~~~~\x1b[m\x1b[K\n'}
[165.150233] (-) TimerEvent: {}
[165.250478] (-) TimerEvent: {}
[165.350734] (-) TimerEvent: {}
[165.451061] (-) TimerEvent: {}
[165.551347] (-) TimerEvent: {}
[165.651598] (-) TimerEvent: {}
[165.751849] (-) TimerEvent: {}
[165.852122] (-) TimerEvent: {}
[165.952393] (-) TimerEvent: {}
[166.052670] (-) TimerEvent: {}
[166.153023] (-) TimerEvent: {}
[166.253241] (-) TimerEvent: {}
[166.353460] (-) TimerEvent: {}
[166.453696] (-) TimerEvent: {}
[166.553968] (-) TimerEvent: {}
[166.654197] (-) TimerEvent: {}
[166.754442] (-) TimerEvent: {}
[166.854710] (-) TimerEvent: {}
[166.954942] (-) TimerEvent: {}
[167.055164] (-) TimerEvent: {}
[167.155391] (-) TimerEvent: {}
[167.255633] (-) TimerEvent: {}
[167.355888] (-) TimerEvent: {}
[167.456134] (-) TimerEvent: {}
[167.556367] (-) TimerEvent: {}
[167.656681] (-) TimerEvent: {}
[167.756913] (-) TimerEvent: {}
[167.857147] (-) TimerEvent: {}
[167.957423] (-) TimerEvent: {}
[168.057726] (-) TimerEvent: {}
[168.157960] (-) TimerEvent: {}
[168.258191] (-) TimerEvent: {}
[168.358422] (-) TimerEvent: {}
[168.458693] (-) TimerEvent: {}
[168.558955] (-) TimerEvent: {}
[168.659187] (-) TimerEvent: {}
[168.759432] (-) TimerEvent: {}
[168.859682] (-) TimerEvent: {}
[168.959950] (-) TimerEvent: {}
[169.060232] (-) TimerEvent: {}
[169.160521] (-) TimerEvent: {}
[169.260784] (-) TimerEvent: {}
[169.361079] (-) TimerEvent: {}
[169.461332] (-) TimerEvent: {}
[169.561602] (-) TimerEvent: {}
[169.661912] (-) TimerEvent: {}
[169.762224] (-) TimerEvent: {}
[169.862514] (-) TimerEvent: {}
[169.962788] (-) TimerEvent: {}
[170.063074] (-) TimerEvent: {}
[170.163349] (-) TimerEvent: {}
[170.263668] (-) TimerEvent: {}
[170.363945] (-) TimerEvent: {}
[170.464221] (-) TimerEvent: {}
[170.564483] (-) TimerEvent: {}
[170.664810] (-) TimerEvent: {}
[170.765086] (-) TimerEvent: {}
[170.802899] (lightning) StderrLine: {'line': b'In file included from \x1b[01m\x1b[K/home/kepler/Documents/Codex/2026-08-14/microsoft-visual-studio-code-stable-vs/outputs/lightning_lm_ws/src/lightning-lm/src/core/miao/core/solver/block_solver.h:15\x1b[m\x1b[K,\n'}
[170.803042] (lightning) StderrLine: {'line': b'                 from \x1b[01m\x1b[K/home/kepler/Documents/Codex/2026-08-14/microsoft-visual-studio-code-stable-vs/outputs/lightning_lm_ws/src/lightning-lm/src/core/miao/core/opti_algo/algo_select.h:11\x1b[m\x1b[K,\n'}
[170.803080] (lightning) StderrLine: {'line': b'                 from \x1b[01m\x1b[K/home/kepler/Documents/Codex/2026-08-14/microsoft-visual-studio-code-stable-vs/outputs/lightning_lm_ws/src/lightning-lm/src/core/localization/pose_graph/pgo_impl.cc:2\x1b[m\x1b[K:\n'}
[170.803112] (lightning) StderrLine: {'line': b'/home/kepler/Documents/Codex/2026-08-14/microsoft-visual-studio-code-stable-vs/outputs/lightning_lm_ws/src/lightning-lm/src/core/miao/core/solver/linear_solver.h: In instantiation of \xe2\x80\x98\x1b[01m\x1b[Kbool lightning::miao::LinearSolver<MatrixType>::Solve(const MatXd&, double*, double*) [with MatrixType = Eigen::Matrix<double, 6, 6, 0, 6, 6>; lightning::MatXd = Eigen::Matrix<double, -1, -1>]\x1b[m\x1b[K\xe2\x80\x99:\n'}
[170.803149] (lightning) StderrLine: {'line': b'\x1b[01m\x1b[K/home/kepler/Documents/Codex/2026-08-14/microsoft-visual-studio-code-stable-vs/outputs/lightning_lm_ws/src/lightning-lm/src/core/miao/core/solver/linear_solver.h:51:18:\x1b[m\x1b[K   required from here\n'}
[170.803179] (lightning) StderrLine: {'line': b'\x1b[01m\x1b[K/home/kepler/Documents/Codex/2026-08-14/microsoft-visual-studio-code-stable-vs/outputs/lightning_lm_ws/src/lightning-lm/src/core/miao/core/solver/linear_solver.h:51:48:\x1b[m\x1b[K \x1b[01;35m\x1b[Kwarning: \x1b[m\x1b[Kunused parameter \xe2\x80\x98\x1b[01m\x1b[KA\x1b[m\x1b[K\xe2\x80\x99 [\x1b[01;35m\x1b[K\x1b]8;;https://gcc.gnu.org/onlinedocs/gcc/Warning-Options.html#index-Wunused-parameter\x07-Wunused-parameter\x1b]8;;\x07\x1b[m\x1b[K]\n'}
[170.803214] (lightning) StderrLine: {'line': b'   51 |     virtual bool Solve(\x1b[01;35m\x1b[Kconst lightning::MatXd& A\x1b[m\x1b[K, double* x, double* b) { return true; }\n'}
[170.803244] (lightning) StderrLine: {'line': b'      |                        \x1b[01;35m\x1b[K~~~~~~~~~~~~~~~~~~~~~~~~^\x1b[m\x1b[K\n'}
[170.803280] (lightning) StderrLine: {'line': b'\x1b[01m\x1b[K/home/kepler/Documents/Codex/2026-08-14/microsoft-visual-studio-code-stable-vs/outputs/lightning_lm_ws/src/lightning-lm/src/core/miao/core/solver/linear_solver.h:51:59:\x1b[m\x1b[K \x1b[01;35m\x1b[Kwarning: \x1b[m\x1b[Kunused parameter \xe2\x80\x98\x1b[01m\x1b[Kx\x1b[m\x1b[K\xe2\x80\x99 [\x1b[01;35m\x1b[K\x1b]8;;https://gcc.gnu.org/onlinedocs/gcc/Warning-Options.html#index-Wunused-parameter\x07-Wunused-parameter\x1b]8;;\x07\x1b[m\x1b[K]\n'}
[170.803313] (lightning) StderrLine: {'line': b'   51 |     virtual bool Solve(const lightning::MatXd& A, \x1b[01;35m\x1b[Kdouble* x\x1b[m\x1b[K, double* b) { return true; }\n'}
[170.803340] (lightning) StderrLine: {'line': b'      |                                                   \x1b[01;35m\x1b[K~~~~~~~~^\x1b[m\x1b[K\n'}
[170.803368] (lightning) StderrLine: {'line': b'\x1b[01m\x1b[K/home/kepler/Documents/Codex/2026-08-14/microsoft-visual-studio-code-stable-vs/outputs/lightning_lm_ws/src/lightning-lm/src/core/miao/core/solver/linear_solver.h:51:70:\x1b[m\x1b[K \x1b[01;35m\x1b[Kwarning: \x1b[m\x1b[Kunused parameter \xe2\x80\x98\x1b[01m\x1b[Kb\x1b[m\x1b[K\xe2\x80\x99 [\x1b[01;35m\x1b[K\x1b]8;;https://gcc.gnu.org/onlinedocs/gcc/Warning-Options.html#index-Wunused-parameter\x07-Wunused-parameter\x1b]8;;\x07\x1b[m\x1b[K]\n'}
[170.803395] (lightning) StderrLine: {'line': b'   51 | al bool Solve(const lightning::MatXd& A, double* x, \x1b[01;35m\x1b[Kdouble* b\x1b[m\x1b[K) { return true; }\n'}
[170.803427] (lightning) StderrLine: {'line': b'      |                                                     \x1b[01;35m\x1b[K~~~~~~~~^\x1b[m\x1b[K\n'}
[170.803452] (lightning) StderrLine: {'line': b'\n'}
[170.865210] (-) TimerEvent: {}
[170.965448] (-) TimerEvent: {}
[171.065701] (-) TimerEvent: {}
[171.165967] (-) TimerEvent: {}
[171.266282] (-) TimerEvent: {}
[171.366550] (-) TimerEvent: {}
[171.466800] (-) TimerEvent: {}
[171.567172] (-) TimerEvent: {}
[171.667416] (-) TimerEvent: {}
[171.767700] (-) TimerEvent: {}
[171.867979] (-) TimerEvent: {}
[171.968268] (-) TimerEvent: {}
[172.068570] (-) TimerEvent: {}
[172.168849] (-) TimerEvent: {}
[172.269105] (-) TimerEvent: {}
[172.369393] (-) TimerEvent: {}
[172.469663] (-) TimerEvent: {}
[172.570000] (-) TimerEvent: {}
[172.670301] (-) TimerEvent: {}
[172.770578] (-) TimerEvent: {}
[172.870829] (-) TimerEvent: {}
[172.971073] (-) TimerEvent: {}
[173.071361] (-) TimerEvent: {}
[173.171637] (-) TimerEvent: {}
[173.271949] (-) TimerEvent: {}
[173.372212] (-) TimerEvent: {}
[173.472508] (-) TimerEvent: {}
[173.572770] (-) TimerEvent: {}
[173.673050] (-) TimerEvent: {}
[173.773352] (-) TimerEvent: {}
[173.873672] (-) TimerEvent: {}
[173.973917] (-) TimerEvent: {}
[174.074266] (-) TimerEvent: {}
[174.174564] (-) TimerEvent: {}
[174.274790] (-) TimerEvent: {}
[174.375085] (-) TimerEvent: {}
[174.475321] (-) TimerEvent: {}
[174.575577] (-) TimerEvent: {}
[174.675822] (-) TimerEvent: {}
[174.776137] (-) TimerEvent: {}
[174.876471] (-) TimerEvent: {}
[174.976741] (-) TimerEvent: {}
[175.077019] (-) TimerEvent: {}
[175.177265] (-) TimerEvent: {}
[175.277518] (-) TimerEvent: {}
[175.377774] (-) TimerEvent: {}
[175.478067] (-) TimerEvent: {}
[175.578354] (-) TimerEvent: {}
[175.678693] (-) TimerEvent: {}
[175.778929] (-) TimerEvent: {}
[175.879214] (-) TimerEvent: {}
[175.979468] (-) TimerEvent: {}
[176.079780] (-) TimerEvent: {}
[176.180080] (-) TimerEvent: {}
[176.280416] (-) TimerEvent: {}
[176.380632] (-) TimerEvent: {}
[176.480890] (-) TimerEvent: {}
[176.581146] (-) TimerEvent: {}
[176.681419] (-) TimerEvent: {}
[176.781676] (-) TimerEvent: {}
[176.881912] (-) TimerEvent: {}
[176.982163] (-) TimerEvent: {}
[177.082434] (-) TimerEvent: {}
[177.182730] (-) TimerEvent: {}
[177.283020] (-) TimerEvent: {}
[177.383242] (-) TimerEvent: {}
[177.483468] (-) TimerEvent: {}
[177.583688] (-) TimerEvent: {}
[177.683936] (-) TimerEvent: {}
[177.784216] (-) TimerEvent: {}
[177.884514] (-) TimerEvent: {}
[177.984776] (-) TimerEvent: {}
[178.085036] (-) TimerEvent: {}
[178.185298] (-) TimerEvent: {}
[178.251826] (lightning) StdoutLine: {'line': b'[ 76%] \x1b[32mBuilding CXX object src/CMakeFiles/lightning.libs.dir/core/localization/pose_graph/pose_extrapolator.cc.o\x1b[0m\n'}
[178.285433] (-) TimerEvent: {}
[178.385698] (-) TimerEvent: {}
[178.485900] (-) TimerEvent: {}
[178.586170] (-) TimerEvent: {}
[178.686396] (-) TimerEvent: {}
[178.786651] (-) TimerEvent: {}
[178.886880] (-) TimerEvent: {}
[178.987096] (-) TimerEvent: {}
[179.087327] (-) TimerEvent: {}
[179.187576] (-) TimerEvent: {}
[179.287876] (-) TimerEvent: {}
[179.388134] (-) TimerEvent: {}
[179.488403] (-) TimerEvent: {}
[179.588650] (-) TimerEvent: {}
[179.688920] (-) TimerEvent: {}
[179.789272] (-) TimerEvent: {}
[179.889566] (-) TimerEvent: {}
[179.989865] (-) TimerEvent: {}
[180.090155] (-) TimerEvent: {}
[180.190410] (-) TimerEvent: {}
[180.290643] (-) TimerEvent: {}
[180.390894] (-) TimerEvent: {}
[180.491150] (-) TimerEvent: {}
[180.591427] (-) TimerEvent: {}
[180.691712] (-) TimerEvent: {}
[180.791990] (-) TimerEvent: {}
[180.892405] (-) TimerEvent: {}
[180.992678] (-) TimerEvent: {}
[181.092905] (-) TimerEvent: {}
[181.193197] (-) TimerEvent: {}
[181.293473] (-) TimerEvent: {}
[181.393735] (-) TimerEvent: {}
[181.494034] (-) TimerEvent: {}
[181.496944] (lightning) StderrLine: {'line': b'In file included from \x1b[01m\x1b[K/home/kepler/Documents/Codex/2026-08-14/microsoft-visual-studio-code-stable-vs/outputs/lightning_lm_ws/src/lightning-lm/src/core/lightning_math.hpp:22\x1b[m\x1b[K,\n'}
[181.497051] (lightning) StderrLine: {'line': b'                 from \x1b[01m\x1b[K/home/kepler/Documents/Codex/2026-08-14/microsoft-visual-studio-code-stable-vs/outputs/lightning_lm_ws/src/lightning-lm/src/core/localization/pose_graph/pose_extrapolator.cc:2\x1b[m\x1b[K:\n'}
[181.497090] (lightning) StderrLine: {'line': b'\x1b[01m\x1b[K/home/kepler/Documents/Codex/2026-08-14/microsoft-visual-studio-code-stable-vs/outputs/lightning_lm_ws/src/lightning-lm/src/common/options.h:\x1b[m\x1b[K In function \xe2\x80\x98\x1b[01m\x1b[Kvoid lightning::debug::SigHandle(int)\x1b[m\x1b[K\xe2\x80\x99:\n'}
[181.497134] (lightning) StderrLine: {'line': b'\x1b[01m\x1b[K/home/kepler/Documents/Codex/2026-08-14/microsoft-visual-studio-code-stable-vs/outputs/lightning_lm_ws/src/lightning-lm/src/common/options.h:27:27:\x1b[m\x1b[K \x1b[01;35m\x1b[Kwarning: \x1b[m\x1b[Kunused parameter \xe2\x80\x98\x1b[01m\x1b[Ksig\x1b[m\x1b[K\xe2\x80\x99 [\x1b[01;35m\x1b[K\x1b]8;;https://gcc.gnu.org/onlinedocs/gcc/Warning-Options.html#index-Wunused-parameter\x07-Wunused-parameter\x1b]8;;\x07\x1b[m\x1b[K]\n'}
[181.497167] (lightning) StderrLine: {'line': b'   27 | inline void SigHandle(\x1b[01;35m\x1b[Kint sig\x1b[m\x1b[K) {\n'}
[181.497197] (lightning) StderrLine: {'line': b'      |                       \x1b[01;35m\x1b[K~~~~^~~\x1b[m\x1b[K\n'}
[181.594142] (-) TimerEvent: {}
[181.694427] (-) TimerEvent: {}
[181.794709] (-) TimerEvent: {}
[181.895028] (-) TimerEvent: {}
[181.995280] (-) TimerEvent: {}
[182.095568] (-) TimerEvent: {}
[182.195794] (-) TimerEvent: {}
[182.296080] (-) TimerEvent: {}
[182.396327] (-) TimerEvent: {}
[182.496639] (-) TimerEvent: {}
[182.596940] (-) TimerEvent: {}
[182.697194] (-) TimerEvent: {}
[182.797430] (-) TimerEvent: {}
[182.897693] (-) TimerEvent: {}
[182.997963] (-) TimerEvent: {}
[183.098261] (-) TimerEvent: {}
[183.198513] (-) TimerEvent: {}
[183.298776] (-) TimerEvent: {}
[183.399038] (-) TimerEvent: {}
[183.499291] (-) TimerEvent: {}
[183.599573] (-) TimerEvent: {}
[183.699852] (-) TimerEvent: {}
[183.800164] (-) TimerEvent: {}
[183.900523] (-) TimerEvent: {}
[184.000791] (-) TimerEvent: {}
[184.101086] (-) TimerEvent: {}
[184.201333] (-) TimerEvent: {}
[184.301618] (-) TimerEvent: {}
[184.401909] (-) TimerEvent: {}
[184.502157] (-) TimerEvent: {}
[184.602406] (-) TimerEvent: {}
[184.702680] (-) TimerEvent: {}
[184.802908] (-) TimerEvent: {}
[184.903193] (-) TimerEvent: {}
[185.003427] (-) TimerEvent: {}
[185.103653] (-) TimerEvent: {}
[185.203879] (-) TimerEvent: {}
[185.304138] (-) TimerEvent: {}
[185.404481] (-) TimerEvent: {}
[185.504743] (-) TimerEvent: {}
[185.604992] (-) TimerEvent: {}
[185.705258] (-) TimerEvent: {}
[185.805502] (-) TimerEvent: {}
[185.905740] (-) TimerEvent: {}
[186.006036] (-) TimerEvent: {}
[186.040169] (lightning) StdoutLine: {'line': b'[ 76%] \x1b[32mBuilding CXX object src/CMakeFiles/lightning.libs.dir/core/localization/localization.cpp.o\x1b[0m\n'}
[186.106112] (-) TimerEvent: {}
[186.206317] (-) TimerEvent: {}
[186.306561] (-) TimerEvent: {}
[186.406867] (-) TimerEvent: {}
[186.507100] (-) TimerEvent: {}
[186.607315] (-) TimerEvent: {}
[186.707569] (-) TimerEvent: {}
[186.807853] (-) TimerEvent: {}
[186.908070] (-) TimerEvent: {}
[187.008291] (-) TimerEvent: {}
[187.108572] (-) TimerEvent: {}
[187.208805] (-) TimerEvent: {}
[187.309076] (-) TimerEvent: {}
[187.409370] (-) TimerEvent: {}
[187.509627] (-) TimerEvent: {}
[187.609868] (-) TimerEvent: {}
[187.710118] (-) TimerEvent: {}
[187.810410] (-) TimerEvent: {}
[187.910639] (-) TimerEvent: {}
[188.010892] (-) TimerEvent: {}
[188.111162] (-) TimerEvent: {}
[188.211419] (-) TimerEvent: {}
[188.311662] (-) TimerEvent: {}
[188.411931] (-) TimerEvent: {}
[188.512158] (-) TimerEvent: {}
[188.612411] (-) TimerEvent: {}
[188.712716] (-) TimerEvent: {}
[188.812954] (-) TimerEvent: {}
[188.913250] (-) TimerEvent: {}
[189.013491] (-) TimerEvent: {}
[189.113726] (-) TimerEvent: {}
[189.213948] (-) TimerEvent: {}
[189.314189] (-) TimerEvent: {}
[189.414516] (-) TimerEvent: {}
[189.514789] (-) TimerEvent: {}
[189.615102] (-) TimerEvent: {}
[189.715327] (-) TimerEvent: {}
[189.815629] (-) TimerEvent: {}
[189.915859] (-) TimerEvent: {}
[190.016113] (-) TimerEvent: {}
[190.092760] (lightning) StderrLine: {'line': b'In file included from \x1b[01m\x1b[K/home/kepler/Documents/Codex/2026-08-14/microsoft-visual-studio-code-stable-vs/outputs/lightning_lm_ws/src/lightning-lm/src/core/lightning_math.hpp:22\x1b[m\x1b[K,\n'}
[190.092906] (lightning) StderrLine: {'line': b'                 from \x1b[01m\x1b[K/home/kepler/Documents/Codex/2026-08-14/microsoft-visual-studio-code-stable-vs/outputs/lightning_lm_ws/src/lightning-lm/src/core/maps/tiled_map.h:16\x1b[m\x1b[K,\n'}
[190.092944] (lightning) StderrLine: {'line': b'                 from \x1b[01m\x1b[K/home/kepler/Documents/Codex/2026-08-14/microsoft-visual-studio-code-stable-vs/outputs/lightning_lm_ws/src/lightning-lm/src/core/localization/lidar_loc/lidar_loc.h:13\x1b[m\x1b[K,\n'}
[190.092976] (lightning) StderrLine: {'line': b'                 from \x1b[01m\x1b[K/home/kepler/Documents/Codex/2026-08-14/microsoft-visual-studio-code-stable-vs/outputs/lightning_lm_ws/src/lightning-lm/src/core/localization/localization.cpp:4\x1b[m\x1b[K:\n'}
[190.093086] (lightning) StderrLine: {'line': b'\x1b[01m\x1b[K/home/kepler/Documents/Codex/2026-08-14/microsoft-visual-studio-code-stable-vs/outputs/lightning_lm_ws/src/lightning-lm/src/common/options.h:\x1b[m\x1b[K In function \xe2\x80\x98\x1b[01m\x1b[Kvoid lightning::debug::SigHandle(int)\x1b[m\x1b[K\xe2\x80\x99:\n'}
[190.093122] (lightning) StderrLine: {'line': b'\x1b[01m\x1b[K/home/kepler/Documents/Codex/2026-08-14/microsoft-visual-studio-code-stable-vs/outputs/lightning_lm_ws/src/lightning-lm/src/common/options.h:27:27:\x1b[m\x1b[K \x1b[01;35m\x1b[Kwarning: \x1b[m\x1b[Kunused parameter \xe2\x80\x98\x1b[01m\x1b[Ksig\x1b[m\x1b[K\xe2\x80\x99 [\x1b[01;35m\x1b[K\x1b]8;;https://gcc.gnu.org/onlinedocs/gcc/Warning-Options.html#index-Wunused-parameter\x07-Wunused-parameter\x1b]8;;\x07\x1b[m\x1b[K]\n'}
[190.093154] (lightning) StderrLine: {'line': b'   27 | inline void SigHandle(\x1b[01;35m\x1b[Kint sig\x1b[m\x1b[K) {\n'}
[190.093183] (lightning) StderrLine: {'line': b'      |                       \x1b[01;35m\x1b[K~~~~^~~\x1b[m\x1b[K\n'}
[190.116207] (-) TimerEvent: {}
[190.216459] (-) TimerEvent: {}
[190.316707] (-) TimerEvent: {}
[190.416953] (-) TimerEvent: {}
[190.517240] (-) TimerEvent: {}
[190.617521] (-) TimerEvent: {}
[190.717851] (-) TimerEvent: {}
[190.774911] (lightning) StderrLine: {'line': b'In file included from \x1b[01m\x1b[K/home/kepler/Documents/Codex/2026-08-14/microsoft-visual-studio-code-stable-vs/outputs/lightning_lm_ws/src/lightning-lm/src/core/lio/laser_mapping.h:11\x1b[m\x1b[K,\n'}
[190.775057] (lightning) StderrLine: {'line': b'                 from \x1b[01m\x1b[K/home/kepler/Documents/Codex/2026-08-14/microsoft-visual-studio-code-stable-vs/outputs/lightning_lm_ws/src/lightning-lm/src/core/localization/localization.h:7\x1b[m\x1b[K,\n'}
[190.775094] (lightning) StderrLine: {'line': b'                 from \x1b[01m\x1b[K/home/kepler/Documents/Codex/2026-08-14/microsoft-visual-studio-code-stable-vs/outputs/lightning_lm_ws/src/lightning-lm/src/core/localization/localization.cpp:5\x1b[m\x1b[K:\n'}
[190.775124] (lightning) StderrLine: {'line': b'\x1b[01m\x1b[K/home/kepler/Documents/Codex/2026-08-14/microsoft-visual-studio-code-stable-vs/outputs/lightning_lm_ws/src/lightning-lm/src/common/keyframe.h:\x1b[m\x1b[K In constructor \xe2\x80\x98\x1b[01m\x1b[Klightning::Keyframe::Keyframe(long unsigned int, lightning::CloudPtr, lightning::NavState)\x1b[m\x1b[K\xe2\x80\x99:\n'}
[190.775159] (lightning) StderrLine: {'line': b'\x1b[01m\x1b[K/home/kepler/Documents/Codex/2026-08-14/microsoft-visual-studio-code-stable-vs/outputs/lightning_lm_ws/src/lightning-lm/src/common/keyframe.h:74:14:\x1b[m\x1b[K \x1b[01;35m\x1b[Kwarning: \x1b[m\x1b[K\xe2\x80\x98\x1b[01m\x1b[Klightning::Keyframe::state_\x1b[m\x1b[K\xe2\x80\x99 will be initialized after [\x1b[01;35m\x1b[K\x1b]8;;https://gcc.gnu.org/onlinedocs/gcc/Warning-Options.html#index-Wreorder\x07-Wreorder\x1b]8;;\x07\x1b[m\x1b[K]\n'}
[190.775189] (lightning) StderrLine: {'line': b'   74 |     NavState \x1b[01;35m\x1b[Kstate_\x1b[m\x1b[K;  // \xe5\x8d\xa1\xe5\xb0\x94\xe6\x9b\xbc\xe6\xbb\xa4\xe6\xb3\xa2\xe5\x99\xa8\xe7\x8a\xb6\xe6\x80\x81\n'}
[190.775216] (lightning) StderrLine: {'line': b'      |              \x1b[01;35m\x1b[K^~~~~~\x1b[m\x1b[K\n'}
[190.775242] (lightning) StderrLine: {'line': b'\x1b[01m\x1b[K/home/kepler/Documents/Codex/2026-08-14/microsoft-visual-studio-code-stable-vs/outputs/lightning_lm_ws/src/lightning-lm/src/common/keyframe.h:71:9:\x1b[m\x1b[K \x1b[01;35m\x1b[Kwarning: \x1b[m\x1b[K  \xe2\x80\x98\x1b[01m\x1b[Klightning::SE3 lightning::Keyframe::pose_lio_\x1b[m\x1b[K\xe2\x80\x99 [\x1b[01;35m\x1b[K\x1b]8;;https://gcc.gnu.org/onlinedocs/gcc/Warning-Options.html#index-Wreorder\x07-Wreorder\x1b]8;;\x07\x1b[m\x1b[K]\n'}
[190.775272] (lightning) StderrLine: {'line': b'   71 |     SE3 \x1b[01;35m\x1b[Kpose_lio_\x1b[m\x1b[K;  // \xe5\x89\x8d\xe7\xab\xaf\xe7\x9a\x84pose\n'}
[190.775299] (lightning) StderrLine: {'line': b'      |         \x1b[01;35m\x1b[K^~~~~~~~~\x1b[m\x1b[K\n'}
[190.775324] (lightning) StderrLine: {'line': b'\x1b[01m\x1b[K/home/kepler/Documents/Codex/2026-08-14/microsoft-visual-studio-code-stable-vs/outputs/lightning_lm_ws/src/lightning-lm/src/common/keyframe.h:22:5:\x1b[m\x1b[K \x1b[01;35m\x1b[Kwarning: \x1b[m\x1b[K  when initialized here [\x1b[01;35m\x1b[K\x1b]8;;https://gcc.gnu.org/onlinedocs/gcc/Warning-Options.html#index-Wreorder\x07-Wreorder\x1b]8;;\x07\x1b[m\x1b[K]\n'}
[190.775356] (lightning) StderrLine: {'line': b'   22 |     \x1b[01;35m\x1b[KKeyframe\x1b[m\x1b[K(unsigned long id, CloudPtr cloud, NavState state)\n'}
[190.775381] (lightning) StderrLine: {'line': b'      |     \x1b[01;35m\x1b[K^~~~~~~~\x1b[m\x1b[K\n'}
[190.817948] (-) TimerEvent: {}
[190.918171] (-) TimerEvent: {}
[191.018440] (-) TimerEvent: {}
[191.036021] (lightning) StderrLine: {'line': b'In file included from \x1b[01m\x1b[K/home/kepler/Documents/Codex/2026-08-14/microsoft-visual-studio-code-stable-vs/outputs/lightning_lm_ws/src/lightning-lm/src/core/lio/imu_processing.hpp:18\x1b[m\x1b[K,\n'}
[191.036134] (lightning) StderrLine: {'line': b'                 from \x1b[01m\x1b[K/home/kepler/Documents/Codex/2026-08-14/microsoft-visual-studio-code-stable-vs/outputs/lightning_lm_ws/src/lightning-lm/src/core/lio/laser_mapping.h:15\x1b[m\x1b[K,\n'}
[191.036169] (lightning) StderrLine: {'line': b'                 from \x1b[01m\x1b[K/home/kepler/Documents/Codex/2026-08-14/microsoft-visual-studio-code-stable-vs/outputs/lightning_lm_ws/src/lightning-lm/src/core/localization/localization.h:7\x1b[m\x1b[K,\n'}
[191.036208] (lightning) StderrLine: {'line': b'                 from \x1b[01m\x1b[K/home/kepler/Documents/Codex/2026-08-14/microsoft-visual-studio-code-stable-vs/outputs/lightning_lm_ws/src/lightning-lm/src/core/localization/localization.cpp:5\x1b[m\x1b[K:\n'}
[191.036235] (lightning) StderrLine: {'line': b'\x1b[01m\x1b[K/home/kepler/Documents/Codex/2026-08-14/microsoft-visual-studio-code-stable-vs/outputs/lightning_lm_ws/src/lightning-lm/src/core/lio/imu_filter.h:\x1b[m\x1b[K In member function \xe2\x80\x98\x1b[01m\x1b[Kdouble lightning::IMUFilter::processAxis(double, std::deque<double>&, int)\x1b[m\x1b[K\xe2\x80\x99:\n'}
[191.036268] (lightning) StderrLine: {'line': b'\x1b[01m\x1b[K/home/kepler/Documents/Codex/2026-08-14/microsoft-visual-studio-code-stable-vs/outputs/lightning_lm_ws/src/lightning-lm/src/core/lio/imu_filter.h:92:28:\x1b[m\x1b[K \x1b[01;35m\x1b[Kwarning: \x1b[m\x1b[Kcomparison of integer expressions of different signedness: \xe2\x80\x98\x1b[01m\x1b[Kstd::deque<double>::size_type\x1b[m\x1b[K\xe2\x80\x99 {aka \xe2\x80\x98\x1b[01m\x1b[Klong unsigned int\x1b[m\x1b[K\xe2\x80\x99} and \xe2\x80\x98\x1b[01m\x1b[Kint\x1b[m\x1b[K\xe2\x80\x99 [\x1b[01;35m\x1b[K\x1b]8;;https://gcc.gnu.org/onlinedocs/gcc/Warning-Options.html#index-Wsign-compare\x07-Wsign-compare\x1b]8;;\x07\x1b[m\x1b[K]\n'}
[191.036298] (lightning) StderrLine: {'line': b'   92 |         if (\x1b[01;35m\x1b[Khistory.size() >= config_.median_window_size\x1b[m\x1b[K && sample_count_ > 100) {\n'}
[191.036323] (lightning) StderrLine: {'line': b'      |             \x1b[01;35m\x1b[K~~~~~~~~~~~~~~~^~~~~~~~~~~~~~~~~~~~~~~~~~~~~\x1b[m\x1b[K\n'}
[191.036349] (lightning) StderrLine: {'line': b'\x1b[01m\x1b[K/home/kepler/Documents/Codex/2026-08-14/microsoft-visual-studio-code-stable-vs/outputs/lightning_lm_ws/src/lightning-lm/src/core/lio/imu_filter.h:\x1b[m\x1b[K In member function \xe2\x80\x98\x1b[01m\x1b[Kvoid lightning::IMUFilter::updateBuffer(const lightning::IMU&)\x1b[m\x1b[K\xe2\x80\x99:\n'}
[191.036376] (lightning) StderrLine: {'line': b'\x1b[01m\x1b[K/home/kepler/Documents/Codex/2026-08-14/microsoft-visual-studio-code-stable-vs/outputs/lightning_lm_ws/src/lightning-lm/src/core/lio/imu_filter.h:114:39:\x1b[m\x1b[K \x1b[01;35m\x1b[Kwarning: \x1b[m\x1b[Kcomparison of integer expressions of different signedness: \xe2\x80\x98\x1b[01m\x1b[Kstd::deque<double>::size_type\x1b[m\x1b[K\xe2\x80\x99 {aka \xe2\x80\x98\x1b[01m\x1b[Klong unsigned int\x1b[m\x1b[K\xe2\x80\x99} and \xe2\x80\x98\x1b[01m\x1b[Kint\x1b[m\x1b[K\xe2\x80\x99 [\x1b[01;35m\x1b[K\x1b]8;;https://gcc.gnu.org/onlinedocs/gcc/Warning-Options.html#index-Wsign-compare\x07-Wsign-compare\x1b]8;;\x07\x1b[m\x1b[K]\n'}
[191.036405] (lightning) StderrLine: {'line': b'  114 |         while (\x1b[01;35m\x1b[Kgyro_x_history_.size() > max_history\x1b[m\x1b[K) {\n'}
[191.036430] (lightning) StderrLine: {'line': b'      |                \x1b[01;35m\x1b[K~~~~~~~~~~~~~~~~~~~~~~~^~~~~~~~~~~~~\x1b[m\x1b[K\n'}
[191.036455] (lightning) StderrLine: {'line': b'\x1b[01m\x1b[K/home/kepler/Documents/Codex/2026-08-14/microsoft-visual-studio-code-stable-vs/outputs/lightning_lm_ws/src/lightning-lm/src/core/lio/imu_filter.h:\x1b[m\x1b[K In member function \xe2\x80\x98\x1b[01m\x1b[Kdouble lightning::IMUFilter::detectAndRemoveSpike(double, std::deque<double>&, int)\x1b[m\x1b[K\xe2\x80\x99:\n'}
[191.036482] (lightning) StderrLine: {'line': b'\x1b[01m\x1b[K/home/kepler/Documents/Codex/2026-08-14/microsoft-visual-studio-code-stable-vs/outputs/lightning_lm_ws/src/lightning-lm/src/core/lio/imu_filter.h:123:28:\x1b[m\x1b[K \x1b[01;35m\x1b[Kwarning: \x1b[m\x1b[Kcomparison of integer expressions of different signedness: \xe2\x80\x98\x1b[01m\x1b[Kstd::deque<double>::size_type\x1b[m\x1b[K\xe2\x80\x99 {aka \xe2\x80\x98\x1b[01m\x1b[Klong unsigned int\x1b[m\x1b[K\xe2\x80\x99} and \xe2\x80\x98\x1b[01m\x1b[Kint\x1b[m\x1b[K\xe2\x80\x99 [\x1b[01;35m\x1b[K\x1b]8;;https://gcc.gnu.org/onlinedocs/gcc/Warning-Options.html#index-Wsign-compare\x07-Wsign-compare\x1b]8;;\x07\x1b[m\x1b[K]\n'}
[191.036510] (lightning) StderrLine: {'line': b'  123 |         if (\x1b[01;35m\x1b[Khistory.size() < config_.median_window_size\x1b[m\x1b[K) {\n'}
[191.036537] (lightning) StderrLine: {'line': b'      |             \x1b[01;35m\x1b[K~~~~~~~~~~~~~~~^~~~~~~~~~~~~~~~~~~~~~~~~~~~\x1b[m\x1b[K\n'}
[191.036851] (lightning) StderrLine: {'line': b'In file included from \x1b[01m\x1b[K/home/kepler/Documents/Codex/2026-08-14/microsoft-visual-studio-code-stable-vs/outputs/lightning_lm_ws/src/lightning-lm/src/core/lio/imu_processing.hpp:18\x1b[m\x1b[K,\n'}
[191.036924] (lightning) StderrLine: {'line': b'                 from \x1b[01m\x1b[K/home/kepler/Documents/Codex/2026-08-14/microsoft-visual-studio-code-stable-vs/outputs/lightning_lm_ws/src/lightning-lm/src/core/lio/laser_mapping.h:15\x1b[m\x1b[K,\n'}
[191.036964] (lightning) StderrLine: {'line': b'                 from \x1b[01m\x1b[K/home/kepler/Documents/Codex/2026-08-14/microsoft-visual-studio-code-stable-vs/outputs/lightning_lm_ws/src/lightning-lm/src/core/localization/localization.h:7\x1b[m\x1b[K,\n'}
[191.036993] (lightning) StderrLine: {'line': b'                 from \x1b[01m\x1b[K/home/kepler/Documents/Codex/2026-08-14/microsoft-visual-studio-code-stable-vs/outputs/lightning_lm_ws/src/lightning-lm/src/core/localization/localization.cpp:5\x1b[m\x1b[K:\n'}
[191.037027] (lightning) StderrLine: {'line': b'\x1b[01m\x1b[K/home/kepler/Documents/Codex/2026-08-14/microsoft-visual-studio-code-stable-vs/outputs/lightning_lm_ws/src/lightning-lm/src/core/lio/imu_filter.h:\x1b[m\x1b[K In member function \xe2\x80\x98\x1b[01m\x1b[Kdouble lightning::IMUFilter::medianFilter(double, std::deque<double>&)\x1b[m\x1b[K\xe2\x80\x99:\n'}
[191.037055] (lightning) StderrLine: {'line': b'\x1b[01m\x1b[K/home/kepler/Documents/Codex/2026-08-14/microsoft-visual-studio-code-stable-vs/outputs/lightning_lm_ws/src/lightning-lm/src/core/lio/imu_filter.h:152:28:\x1b[m\x1b[K \x1b[01;35m\x1b[Kwarning: \x1b[m\x1b[Kcomparison of integer expressions of different signedness: \xe2\x80\x98\x1b[01m\x1b[Kstd::deque<double>::size_type\x1b[m\x1b[K\xe2\x80\x99 {aka \xe2\x80\x98\x1b[01m\x1b[Klong unsigned int\x1b[m\x1b[K\xe2\x80\x99} and \xe2\x80\x98\x1b[01m\x1b[Kint\x1b[m\x1b[K\xe2\x80\x99 [\x1b[01;35m\x1b[K\x1b]8;;https://gcc.gnu.org/onlinedocs/gcc/Warning-Options.html#index-Wsign-compare\x07-Wsign-compare\x1b]8;;\x07\x1b[m\x1b[K]\n'}
[191.037085] (lightning) StderrLine: {'line': b'  152 |         if (\x1b[01;35m\x1b[Khistory.size() < config_.median_window_size\x1b[m\x1b[K) {\n'}
[191.037111] (lightning) StderrLine: {'line': b'      |             \x1b[01;35m\x1b[K~~~~~~~~~~~~~~~^~~~~~~~~~~~~~~~~~~~~~~~~~~~\x1b[m\x1b[K\n'}
[191.037135] (lightning) StderrLine: {'line': b'\x1b[01m\x1b[K/home/kepler/Documents/Codex/2026-08-14/microsoft-visual-studio-code-stable-vs/outputs/lightning_lm_ws/src/lightning-lm/src/core/lio/imu_filter.h:\x1b[m\x1b[K In member function \xe2\x80\x98\x1b[01m\x1b[Kdouble lightning::IMUFilter::movingAverage(double, std::deque<double>&)\x1b[m\x1b[K\xe2\x80\x99:\n'}
[191.037161] (lightning) StderrLine: {'line': b'\x1b[01m\x1b[K/home/kepler/Documents/Codex/2026-08-14/microsoft-visual-studio-code-stable-vs/outputs/lightning_lm_ws/src/lightning-lm/src/core/lio/imu_filter.h:164:28:\x1b[m\x1b[K \x1b[01;35m\x1b[Kwarning: \x1b[m\x1b[Kcomparison of integer expressions of different signedness: \xe2\x80\x98\x1b[01m\x1b[Kstd::deque<double>::size_type\x1b[m\x1b[K\xe2\x80\x99 {aka \xe2\x80\x98\x1b[01m\x1b[Klong unsigned int\x1b[m\x1b[K\xe2\x80\x99} and \xe2\x80\x98\x1b[01m\x1b[Kint\x1b[m\x1b[K\xe2\x80\x99 [\x1b[01;35m\x1b[K\x1b]8;;https://gcc.gnu.org/onlinedocs/gcc/Warning-Options.html#index-Wsign-compare\x07-Wsign-compare\x1b]8;;\x07\x1b[m\x1b[K]\n'}
[191.037190] (lightning) StderrLine: {'line': b'  164 |         if (\x1b[01;35m\x1b[Khistory.size() < config_.moving_avg_window\x1b[m\x1b[K) {\n'}
[191.037215] (lightning) StderrLine: {'line': b'      |             \x1b[01;35m\x1b[K~~~~~~~~~~~~~~~^~~~~~~~~~~~~~~~~~~~~~~~~~~\x1b[m\x1b[K\n'}
[191.037498] (lightning) StderrLine: {'line': b'\x1b[01m\x1b[K/home/kepler/Documents/Codex/2026-08-14/microsoft-visual-studio-code-stable-vs/outputs/lightning_lm_ws/src/lightning-lm/src/core/lio/imu_filter.h:\x1b[m\x1b[K In member function \xe2\x80\x98\x1b[01m\x1b[Kvoid lightning::IMUFilter::updateStatistics(const lightning::IMU&)\x1b[m\x1b[K\xe2\x80\x99:\n'}
[191.037572] (lightning) StderrLine: {'line': b'\x1b[01m\x1b[K/home/kepler/Documents/Codex/2026-08-14/microsoft-visual-studio-code-stable-vs/outputs/lightning_lm_ws/src/lightning-lm/src/core/lio/imu_filter.h:200:20:\x1b[m\x1b[K \x1b[01;35m\x1b[Kwarning: \x1b[m\x1b[Kunused variable \xe2\x80\x98\x1b[01m\x1b[Kprev_mean\x1b[m\x1b[K\xe2\x80\x99 [\x1b[01;35m\x1b[K\x1b]8;;https://gcc.gnu.org/onlinedocs/gcc/Warning-Options.html#index-Wunused-variable\x07-Wunused-variable\x1b]8;;\x07\x1b[m\x1b[K]\n'}
[191.037609] (lightning) StderrLine: {'line': b'  200 |             double \x1b[01;35m\x1b[Kprev_mean\x1b[m\x1b[K[3] = {gyro_mean_[0], gyro_mean_[1], gyro_mean_[2]};\n'}
[191.037637] (lightning) StderrLine: {'line': b'      |                    \x1b[01;35m\x1b[K^~~~~~~~~\x1b[m\x1b[K\n'}
[191.118554] (-) TimerEvent: {}
[191.218832] (-) TimerEvent: {}
[191.319123] (-) TimerEvent: {}
[191.419445] (-) TimerEvent: {}
[191.519719] (-) TimerEvent: {}
[191.619980] (-) TimerEvent: {}
[191.720305] (-) TimerEvent: {}
[191.731717] (lightning) StderrLine: {'line': b'In file included from \x1b[01m\x1b[K/home/kepler/Documents/Codex/2026-08-14/microsoft-visual-studio-code-stable-vs/outputs/lightning_lm_ws/src/lightning-lm/src/core/miao/core/graph/optimizer.h:8\x1b[m\x1b[K,\n'}
[191.731842] (lightning) StderrLine: {'line': b'                 from \x1b[01m\x1b[K/home/kepler/Documents/Codex/2026-08-14/microsoft-visual-studio-code-stable-vs/outputs/lightning_lm_ws/src/lightning-lm/src/core/localization/pose_graph/pgo_impl.h:16\x1b[m\x1b[K,\n'}
[191.731880] (lightning) StderrLine: {'line': b'                 from \x1b[01m\x1b[K/home/kepler/Documents/Codex/2026-08-14/microsoft-visual-studio-code-stable-vs/outputs/lightning_lm_ws/src/lightning-lm/src/core/localization/pose_graph/pgo.h:7\x1b[m\x1b[K,\n'}
[191.731915] (lightning) StderrLine: {'line': b'                 from \x1b[01m\x1b[K/home/kepler/Documents/Codex/2026-08-14/microsoft-visual-studio-code-stable-vs/outputs/lightning_lm_ws/src/lightning-lm/src/core/localization/localization.cpp:9\x1b[m\x1b[K:\n'}
[191.731944] (lightning) StderrLine: {'line': b'\x1b[01m\x1b[K/home/kepler/Documents/Codex/2026-08-14/microsoft-visual-studio-code-stable-vs/outputs/lightning_lm_ws/src/lightning-lm/src/core/miao/core/common/config.h:\x1b[m\x1b[K In constructor \xe2\x80\x98\x1b[01m\x1b[Klightning::miao::OptimizerConfig::OptimizerConfig(lightning::miao::AlgorithmType, lightning::miao::LinearSolverType, bool)\x1b[m\x1b[K\xe2\x80\x99:\n'}
[191.731986] (lightning) StderrLine: {'line': b'\x1b[01m\x1b[K/home/kepler/Documents/Codex/2026-08-14/microsoft-visual-studio-code-stable-vs/outputs/lightning_lm_ws/src/lightning-lm/src/core/miao/core/common/config.h:44:10:\x1b[m\x1b[K \x1b[01;35m\x1b[Kwarning: \x1b[m\x1b[K\xe2\x80\x98\x1b[01m\x1b[Klightning::miao::OptimizerConfig::is_dense_\x1b[m\x1b[K\xe2\x80\x99 will be initialized after [\x1b[01;35m\x1b[K\x1b]8;;https://gcc.gnu.org/onlinedocs/gcc/Warning-Options.html#index-Wreorder\x07-Wreorder\x1b]8;;\x07\x1b[m\x1b[K]\n'}
[191.732027] (lightning) StderrLine: {'line': b'   44 |     bool \x1b[01;35m\x1b[Kis_dense_\x1b[m\x1b[K = true;\n'}
[191.732057] (lightning) StderrLine: {'line': b'      |          \x1b[01;35m\x1b[K^~~~~~~~~\x1b[m\x1b[K\n'}
[191.732085] (lightning) StderrLine: {'line': b'\x1b[01m\x1b[K/home/kepler/Documents/Codex/2026-08-14/microsoft-visual-studio-code-stable-vs/outputs/lightning_lm_ws/src/lightning-lm/src/core/miao/core/common/config.h:39:22:\x1b[m\x1b[K \x1b[01;35m\x1b[Kwarning: \x1b[m\x1b[K  \xe2\x80\x98\x1b[01m\x1b[Klightning::miao::LinearSolverType lightning::miao::OptimizerConfig::linear_solver_type_\x1b[m\x1b[K\xe2\x80\x99 [\x1b[01;35m\x1b[K\x1b]8;;https://gcc.gnu.org/onlinedocs/gcc/Warning-Options.html#index-Wreorder\x07-Wreorder\x1b]8;;\x07\x1b[m\x1b[K]\n'}
[191.732115] (lightning) StderrLine: {'line': b'   39 |     LinearSolverType \x1b[01;35m\x1b[Klinear_solver_type_\x1b[m\x1b[K = LinearSolverType::LINEAR_SOLVER_SPARSE_EIGEN;\n'}
[191.732144] (lightning) StderrLine: {'line': b'      |                      \x1b[01;35m\x1b[K^~~~~~~~~~~~~~~~~~~\x1b[m\x1b[K\n'}
[191.732171] (lightning) StderrLine: {'line': b'\x1b[01m\x1b[K/home/kepler/Documents/Codex/2026-08-14/microsoft-visual-studio-code-stable-vs/outputs/lightning_lm_ws/src/lightning-lm/src/core/miao/core/common/config.h:31:14:\x1b[m\x1b[K \x1b[01;35m\x1b[Kwarning: \x1b[m\x1b[K  when initialized here [\x1b[01;35m\x1b[K\x1b]8;;https://gcc.gnu.org/onlinedocs/gcc/Warning-Options.html#index-Wreorder\x07-Wreorder\x1b]8;;\x07\x1b[m\x1b[K]\n'}
[191.732201] (lightning) StderrLine: {'line': b'   31 |     explicit \x1b[01;35m\x1b[KOptimizerConfig\x1b[m\x1b[K(AlgorithmType algo_type,\n'}
[191.732228] (lightning) StderrLine: {'line': b'      |              \x1b[01;35m\x1b[K^~~~~~~~~~~~~~~\x1b[m\x1b[K\n'}
[191.741985] (lightning) StderrLine: {'line': b'In file included from \x1b[01m\x1b[K/home/kepler/Documents/Codex/2026-08-14/microsoft-visual-studio-code-stable-vs/outputs/lightning_lm_ws/src/lightning-lm/src/core/miao/core/graph/optimizer.h:9\x1b[m\x1b[K,\n'}
[191.742071] (lightning) StderrLine: {'line': b'                 from \x1b[01m\x1b[K/home/kepler/Documents/Codex/2026-08-14/microsoft-visual-studio-code-stable-vs/outputs/lightning_lm_ws/src/lightning-lm/src/core/localization/pose_graph/pgo_impl.h:16\x1b[m\x1b[K,\n'}
[191.742106] (lightning) StderrLine: {'line': b'                 from \x1b[01m\x1b[K/home/kepler/Documents/Codex/2026-08-14/microsoft-visual-studio-code-stable-vs/outputs/lightning_lm_ws/src/lightning-lm/src/core/localization/pose_graph/pgo.h:7\x1b[m\x1b[K,\n'}
[191.742137] (lightning) StderrLine: {'line': b'                 from \x1b[01m\x1b[K/home/kepler/Documents/Codex/2026-08-14/microsoft-visual-studio-code-stable-vs/outputs/lightning_lm_ws/src/lightning-lm/src/core/localization/localization.cpp:9\x1b[m\x1b[K:\n'}
[191.742166] (lightning) StderrLine: {'line': b'\x1b[01m\x1b[K/home/kepler/Documents/Codex/2026-08-14/microsoft-visual-studio-code-stable-vs/outputs/lightning_lm_ws/src/lightning-lm/src/core/miao/core/graph/graph.h:\x1b[m\x1b[K In member function \xe2\x80\x98\x1b[01m\x1b[Kvirtual int lightning::miao::Graph::Optimize(int)\x1b[m\x1b[K\xe2\x80\x99:\n'}
[191.742193] (lightning) StderrLine: {'line': b'\x1b[01m\x1b[K/home/kepler/Documents/Codex/2026-08-14/microsoft-visual-studio-code-stable-vs/outputs/lightning_lm_ws/src/lightning-lm/src/core/miao/core/graph/graph.h:80:30:\x1b[m\x1b[K \x1b[01;35m\x1b[Kwarning: \x1b[m\x1b[Kunused parameter \xe2\x80\x98\x1b[01m\x1b[Kinterations\x1b[m\x1b[K\xe2\x80\x99 [\x1b[01;35m\x1b[K\x1b]8;;https://gcc.gnu.org/onlinedocs/gcc/Warning-Options.html#index-Wunused-parameter\x07-Wunused-parameter\x1b]8;;\x07\x1b[m\x1b[K]\n'}
[191.742222] (lightning) StderrLine: {'line': b'   80 |     virtual int Optimize(\x1b[01;35m\x1b[Kint interations\x1b[m\x1b[K) { return 0; }\n'}
[191.742249] (lightning) StderrLine: {'line': b'      |                          \x1b[01;35m\x1b[K~~~~^~~~~~~~~~~\x1b[m\x1b[K\n'}
[191.820417] (-) TimerEvent: {}
[191.920715] (-) TimerEvent: {}
[192.020984] (-) TimerEvent: {}
[192.121232] (-) TimerEvent: {}
[192.221508] (-) TimerEvent: {}
[192.321798] (-) TimerEvent: {}
[192.422101] (-) TimerEvent: {}
[192.522398] (-) TimerEvent: {}
[192.622682] (-) TimerEvent: {}
[192.723055] (-) TimerEvent: {}
[192.823306] (-) TimerEvent: {}
[192.923585] (-) TimerEvent: {}
[193.023843] (-) TimerEvent: {}
[193.124113] (-) TimerEvent: {}
[193.224403] (-) TimerEvent: {}
[193.324671] (-) TimerEvent: {}
[193.424923] (-) TimerEvent: {}
[193.525214] (-) TimerEvent: {}
[193.625490] (-) TimerEvent: {}
[193.725748] (-) TimerEvent: {}
[193.826049] (-) TimerEvent: {}
[193.926301] (-) TimerEvent: {}
[194.026591] (-) TimerEvent: {}
[194.126855] (-) TimerEvent: {}
[194.227070] (-) TimerEvent: {}
[194.327352] (-) TimerEvent: {}
[194.427657] (-) TimerEvent: {}
[194.527928] (-) TimerEvent: {}
[194.628276] (-) TimerEvent: {}
[194.728564] (-) TimerEvent: {}
[194.828827] (-) TimerEvent: {}
[194.929125] (-) TimerEvent: {}
[195.029406] (-) TimerEvent: {}
[195.129658] (-) TimerEvent: {}
[195.229893] (-) TimerEvent: {}
[195.330179] (-) TimerEvent: {}
[195.430429] (-) TimerEvent: {}
[195.530717] (-) TimerEvent: {}
[195.631019] (-) TimerEvent: {}
[195.731235] (-) TimerEvent: {}
[195.831491] (-) TimerEvent: {}
[195.931731] (-) TimerEvent: {}
[196.031998] (-) TimerEvent: {}
[196.132301] (-) TimerEvent: {}
[196.232521] (-) TimerEvent: {}
[196.332763] (-) TimerEvent: {}
[196.433085] (-) TimerEvent: {}
[196.533476] (-) TimerEvent: {}
[196.633732] (-) TimerEvent: {}
[196.734030] (-) TimerEvent: {}
[196.834429] (-) TimerEvent: {}
[196.934694] (-) TimerEvent: {}
[197.034964] (-) TimerEvent: {}
[197.135430] (-) TimerEvent: {}
[197.235652] (-) TimerEvent: {}
[197.335873] (-) TimerEvent: {}
[197.436139] (-) TimerEvent: {}
[197.536362] (-) TimerEvent: {}
[197.636594] (-) TimerEvent: {}
[197.736920] (-) TimerEvent: {}
[197.746998] (lightning) StdoutLine: {'line': b'[ 77%] \x1b[32mBuilding CXX object src/CMakeFiles/lightning.libs.dir/ui/pangolin_window_impl.cc.o\x1b[0m\n'}
[197.837026] (-) TimerEvent: {}
[197.937463] (-) TimerEvent: {}
[198.037733] (-) TimerEvent: {}
[198.137980] (-) TimerEvent: {}
[198.238253] (-) TimerEvent: {}
[198.338488] (-) TimerEvent: {}
[198.438713] (-) TimerEvent: {}
[198.538960] (-) TimerEvent: {}
[198.639220] (-) TimerEvent: {}
[198.739486] (-) TimerEvent: {}
[198.839728] (-) TimerEvent: {}
[198.940016] (-) TimerEvent: {}
[199.040292] (-) TimerEvent: {}
[199.140538] (-) TimerEvent: {}
[199.240828] (-) TimerEvent: {}
[199.341090] (-) TimerEvent: {}
[199.441358] (-) TimerEvent: {}
[199.541672] (-) TimerEvent: {}
[199.641968] (-) TimerEvent: {}
[199.742203] (-) TimerEvent: {}
[199.842433] (-) TimerEvent: {}
[199.942717] (-) TimerEvent: {}
[200.043034] (-) TimerEvent: {}
[200.143270] (-) TimerEvent: {}
[200.243525] (-) TimerEvent: {}
[200.343778] (-) TimerEvent: {}
[200.429197] (lightning) StderrLine: {'line': b'In file included from \x1b[01m\x1b[K/home/kepler/Documents/Codex/2026-08-14/microsoft-visual-studio-code-stable-vs/outputs/lightning_lm_ws/src/lightning-lm/src/ui/pangolin_window_impl.cc:7\x1b[m\x1b[K:\n'}
[200.429342] (lightning) StderrLine: {'line': b'\x1b[01m\x1b[K/home/kepler/Documents/Codex/2026-08-14/microsoft-visual-studio-code-stable-vs/outputs/lightning_lm_ws/src/lightning-lm/src/common/options.h:\x1b[m\x1b[K In function \xe2\x80\x98\x1b[01m\x1b[Kvoid lightning::debug::SigHandle(int)\x1b[m\x1b[K\xe2\x80\x99:\n'}
[200.429381] (lightning) StderrLine: {'line': b'\x1b[01m\x1b[K/home/kepler/Documents/Codex/2026-08-14/microsoft-visual-studio-code-stable-vs/outputs/lightning_lm_ws/src/lightning-lm/src/common/options.h:27:27:\x1b[m\x1b[K \x1b[01;35m\x1b[Kwarning: \x1b[m\x1b[Kunused parameter \xe2\x80\x98\x1b[01m\x1b[Ksig\x1b[m\x1b[K\xe2\x80\x99 [\x1b[01;35m\x1b[K\x1b]8;;https://gcc.gnu.org/onlinedocs/gcc/Warning-Options.html#index-Wunused-parameter\x07-Wunused-parameter\x1b]8;;\x07\x1b[m\x1b[K]\n'}
[200.429431] (lightning) StderrLine: {'line': b'   27 | inline void SigHandle(\x1b[01;35m\x1b[Kint sig\x1b[m\x1b[K) {\n'}
[200.429459] (lightning) StderrLine: {'line': b'      |                       \x1b[01;35m\x1b[K~~~~^~~\x1b[m\x1b[K\n'}
[200.443887] (-) TimerEvent: {}
[200.544108] (-) TimerEvent: {}
[200.644381] (-) TimerEvent: {}
[200.744640] (-) TimerEvent: {}
[200.844877] (-) TimerEvent: {}
[200.945095] (-) TimerEvent: {}
[201.045344] (-) TimerEvent: {}
[201.145618] (-) TimerEvent: {}
[201.245877] (-) TimerEvent: {}
[201.346158] (-) TimerEvent: {}
[201.446381] (-) TimerEvent: {}
[201.546598] (-) TimerEvent: {}
[201.571123] (lightning) StderrLine: {'line': b'In file included from \x1b[01m\x1b[K/home/kepler/Documents/Codex/2026-08-14/microsoft-visual-studio-code-stable-vs/outputs/lightning_lm_ws/src/lightning-lm/src/ui/pangolin_window_impl.h:16\x1b[m\x1b[K,\n'}
[201.571240] (lightning) StderrLine: {'line': b'                 from \x1b[01m\x1b[K/home/kepler/Documents/Codex/2026-08-14/microsoft-visual-studio-code-stable-vs/outputs/lightning_lm_ws/src/lightning-lm/src/ui/pangolin_window_impl.cc:10\x1b[m\x1b[K:\n'}
[201.571291] (lightning) StderrLine: {'line': b'\x1b[01m\x1b[K/home/kepler/Documents/Codex/2026-08-14/microsoft-visual-studio-code-stable-vs/outputs/lightning_lm_ws/src/lightning-lm/src/common/keyframe.h:\x1b[m\x1b[K In constructor \xe2\x80\x98\x1b[01m\x1b[Klightning::Keyframe::Keyframe(long unsigned int, lightning::CloudPtr, lightning::NavState)\x1b[m\x1b[K\xe2\x80\x99:\n'}
[201.571323] (lightning) StderrLine: {'line': b'\x1b[01m\x1b[K/home/kepler/Documents/Codex/2026-08-14/microsoft-visual-studio-code-stable-vs/outputs/lightning_lm_ws/src/lightning-lm/src/common/keyframe.h:74:14:\x1b[m\x1b[K \x1b[01;35m\x1b[Kwarning: \x1b[m\x1b[K\xe2\x80\x98\x1b[01m\x1b[Klightning::Keyframe::state_\x1b[m\x1b[K\xe2\x80\x99 will be initialized after [\x1b[01;35m\x1b[K\x1b]8;;https://gcc.gnu.org/onlinedocs/gcc/Warning-Options.html#index-Wreorder\x07-Wreorder\x1b]8;;\x07\x1b[m\x1b[K]\n'}
[201.571354] (lightning) StderrLine: {'line': b'   74 |     NavState \x1b[01;35m\x1b[Kstate_\x1b[m\x1b[K;  // \xe5\x8d\xa1\xe5\xb0\x94\xe6\x9b\xbc\xe6\xbb\xa4\xe6\xb3\xa2\xe5\x99\xa8\xe7\x8a\xb6\xe6\x80\x81\n'}
[201.571384] (lightning) StderrLine: {'line': b'      |              \x1b[01;35m\x1b[K^~~~~~\x1b[m\x1b[K\n'}
[201.571408] (lightning) StderrLine: {'line': b'\x1b[01m\x1b[K/home/kepler/Documents/Codex/2026-08-14/microsoft-visual-studio-code-stable-vs/outputs/lightning_lm_ws/src/lightning-lm/src/common/keyframe.h:71:9:\x1b[m\x1b[K \x1b[01;35m\x1b[Kwarning: \x1b[m\x1b[K  \xe2\x80\x98\x1b[01m\x1b[Klightning::SE3 lightning::Keyframe::pose_lio_\x1b[m\x1b[K\xe2\x80\x99 [\x1b[01;35m\x1b[K\x1b]8;;https://gcc.gnu.org/onlinedocs/gcc/Warning-Options.html#index-Wreorder\x07-Wreorder\x1b]8;;\x07\x1b[m\x1b[K]\n'}
[201.571437] (lightning) StderrLine: {'line': b'   71 |     SE3 \x1b[01;35m\x1b[Kpose_lio_\x1b[m\x1b[K;  // \xe5\x89\x8d\xe7\xab\xaf\xe7\x9a\x84pose\n'}
[201.571463] (lightning) StderrLine: {'line': b'      |         \x1b[01;35m\x1b[K^~~~~~~~~\x1b[m\x1b[K\n'}
[201.571488] (lightning) StderrLine: {'line': b'\x1b[01m\x1b[K/home/kepler/Documents/Codex/2026-08-14/microsoft-visual-studio-code-stable-vs/outputs/lightning_lm_ws/src/lightning-lm/src/common/keyframe.h:22:5:\x1b[m\x1b[K \x1b[01;35m\x1b[Kwarning: \x1b[m\x1b[K  when initialized here [\x1b[01;35m\x1b[K\x1b]8;;https://gcc.gnu.org/onlinedocs/gcc/Warning-Options.html#index-Wreorder\x07-Wreorder\x1b]8;;\x07\x1b[m\x1b[K]\n'}
[201.571516] (lightning) StderrLine: {'line': b'   22 |     \x1b[01;35m\x1b[KKeyframe\x1b[m\x1b[K(unsigned long id, CloudPtr cloud, NavState state)\n'}
[201.571541] (lightning) StderrLine: {'line': b'      |     \x1b[01;35m\x1b[K^~~~~~~~\x1b[m\x1b[K\n'}
[201.602366] (lightning) StderrLine: {'line': b'\x1b[01m\x1b[K/home/kepler/Documents/Codex/2026-08-14/microsoft-visual-studio-code-stable-vs/outputs/lightning_lm_ws/src/lightning-lm/src/ui/pangolin_window_impl.cc:\x1b[m\x1b[K In member function \xe2\x80\x98\x1b[01m\x1b[Kvoid lightning::ui::PangolinWindowImpl::Reset(const std::vector<std::shared_ptr<lightning::Keyframe> >&)\x1b[m\x1b[K\xe2\x80\x99:\n'}
[201.602509] (lightning) StderrLine: {'line': b'\x1b[01m\x1b[K/home/kepler/Documents/Codex/2026-08-14/microsoft-visual-studio-code-stable-vs/outputs/lightning_lm_ws/src/lightning-lm/src/ui/pangolin_window_impl.cc:55:38:\x1b[m\x1b[K \x1b[01;35m\x1b[Kwarning: \x1b[m\x1b[Kcomparison of integer expressions of different signedness: \xe2\x80\x98\x1b[01m\x1b[Kstd::vector<std::shared_ptr<lightning::Keyframe> >::size_type\x1b[m\x1b[K\xe2\x80\x99 {aka \xe2\x80\x98\x1b[01m\x1b[Klong unsigned int\x1b[m\x1b[K\xe2\x80\x99} and \xe2\x80\x98\x1b[01m\x1b[Kint\x1b[m\x1b[K\xe2\x80\x99 [\x1b[01;35m\x1b[K\x1b]8;;https://gcc.gnu.org/onlinedocs/gcc/Warning-Options.html#index-Wsign-compare\x07-Wsign-compare\x1b]8;;\x07\x1b[m\x1b[K]\n'}
[201.602548] (lightning) StderrLine: {'line': b'   55 |     std::size_t i = \x1b[01;35m\x1b[Kkeyframes.size() > max_size_of_current_scan_\x1b[m\x1b[K ? keyframes.size() - max_size_of_current_scan_ : 0;\n'}
[201.602578] (lightning) StderrLine: {'line': b'      |                     \x1b[01;35m\x1b[K~~~~~~~~~~~~~~~~~^~~~~~~~~~~~~~~~~~~~~~~~~~~\x1b[m\x1b[K\n'}
[201.606913] (lightning) StderrLine: {'line': b'\x1b[01m\x1b[K/home/kepler/Documents/Codex/2026-08-14/microsoft-visual-studio-code-stable-vs/outputs/lightning_lm_ws/src/lightning-lm/src/ui/pangolin_window_impl.cc:\x1b[m\x1b[K In member function \xe2\x80\x98\x1b[01m\x1b[Kbool lightning::ui::PangolinWindowImpl::UpdateCurrentScan()\x1b[m\x1b[K\xe2\x80\x99:\n'}
[201.606994] (lightning) StderrLine: {'line': b'\x1b[01m\x1b[K/home/kepler/Documents/Codex/2026-08-14/microsoft-visual-studio-code-stable-vs/outputs/lightning_lm_ws/src/lightning-lm/src/ui/pangolin_window_impl.cc:164:26:\x1b[m\x1b[K \x1b[01;35m\x1b[Kwarning: \x1b[m\x1b[Kcomparison of integer expressions of different signedness: \xe2\x80\x98\x1b[01m\x1b[Kstd::deque<std::shared_ptr<lightning::ui::UiCloud> >::size_type\x1b[m\x1b[K\xe2\x80\x99 {aka \xe2\x80\x98\x1b[01m\x1b[Klong unsigned int\x1b[m\x1b[K\xe2\x80\x99} and \xe2\x80\x98\x1b[01m\x1b[Kint\x1b[m\x1b[K\xe2\x80\x99 [\x1b[01;35m\x1b[K\x1b]8;;https://gcc.gnu.org/onlinedocs/gcc/Warning-Options.html#index-Wsign-compare\x07-Wsign-compare\x1b]8;;\x07\x1b[m\x1b[K]\n'}
[201.607050] (lightning) StderrLine: {'line': b'  164 |     while (\x1b[01;35m\x1b[Kscans_.size() >= max_size_of_current_scan_\x1b[m\x1b[K) {\n'}
[201.607082] (lightning) StderrLine: {'line': b'      |            \x1b[01;35m\x1b[K~~~~~~~~~~~~~~^~~~~~~~~~~~~~~~~~~~~~~~~~~~\x1b[m\x1b[K\n'}
[201.609066] (lightning) StderrLine: {'line': b'\x1b[01m\x1b[K/home/kepler/Documents/Codex/2026-08-14/microsoft-visual-studio-code-stable-vs/outputs/lightning_lm_ws/src/lightning-lm/src/ui/pangolin_window_impl.cc:\x1b[m\x1b[K In member function \xe2\x80\x98\x1b[01m\x1b[Kbool lightning::ui::PangolinWindowImpl::UpdateState()\x1b[m\x1b[K\xe2\x80\x99:\n'}
[201.609139] (lightning) StderrLine: {'line': b'\x1b[01m\x1b[K/home/kepler/Documents/Codex/2026-08-14/microsoft-visual-studio-code-stable-vs/outputs/lightning_lm_ws/src/lightning-lm/src/ui/pangolin_window_impl.cc:177:11:\x1b[m\x1b[K \x1b[01;35m\x1b[Kwarning: \x1b[m\x1b[Kvariable \xe2\x80\x98\x1b[01m\x1b[Kpos\x1b[m\x1b[K\xe2\x80\x99 set but not used [\x1b[01;35m\x1b[K\x1b]8;;https://gcc.gnu.org/onlinedocs/gcc/Warning-Options.html#index-Wunused-but-set-variable\x07-Wunused-but-set-variable\x1b]8;;\x07\x1b[m\x1b[K]\n'}
[201.609176] (lightning) StderrLine: {'line': b'  177 |     Vec3d \x1b[01;35m\x1b[Kpos\x1b[m\x1b[K = pose_.translation().eval();\n'}
[201.609206] (lightning) StderrLine: {'line': b'      |           \x1b[01;35m\x1b[K^~~\x1b[m\x1b[K\n'}
[201.609234] (lightning) StderrLine: {'line': b'\x1b[01m\x1b[K/home/kepler/Documents/Codex/2026-08-14/microsoft-visual-studio-code-stable-vs/outputs/lightning_lm_ws/src/lightning-lm/src/ui/pangolin_window_impl.cc:179:12:\x1b[m\x1b[K \x1b[01;35m\x1b[Kwarning: \x1b[m\x1b[Kunused variable \xe2\x80\x98\x1b[01m\x1b[Kroll\x1b[m\x1b[K\xe2\x80\x99 [\x1b[01;35m\x1b[K\x1b]8;;https://gcc.gnu.org/onlinedocs/gcc/Warning-Options.html#index-Wunused-variable\x07-Wunused-variable\x1b]8;;\x07\x1b[m\x1b[K]\n'}
[201.609268] (lightning) StderrLine: {'line': b'  179 |     double \x1b[01;35m\x1b[Kroll\x1b[m\x1b[K = pose_.angleX();\n'}
[201.609294] (lightning) StderrLine: {'line': b'      |            \x1b[01;35m\x1b[K^~~~\x1b[m\x1b[K\n'}
[201.609320] (lightning) StderrLine: {'line': b'\x1b[01m\x1b[K/home/kepler/Documents/Codex/2026-08-14/microsoft-visual-studio-code-stable-vs/outputs/lightning_lm_ws/src/lightning-lm/src/ui/pangolin_window_impl.cc:180:12:\x1b[m\x1b[K \x1b[01;35m\x1b[Kwarning: \x1b[m\x1b[Kunused variable \xe2\x80\x98\x1b[01m\x1b[Kpitch\x1b[m\x1b[K\xe2\x80\x99 [\x1b[01;35m\x1b[K\x1b]8;;https://gcc.gnu.org/onlinedocs/gcc/Warning-Options.html#index-Wunused-variable\x07-Wunused-variable\x1b]8;;\x07\x1b[m\x1b[K]\n'}
[201.609352] (lightning) StderrLine: {'line': b'  180 |     double \x1b[01;35m\x1b[Kpitch\x1b[m\x1b[K = pose_.angleY();\n'}
[201.609377] (lightning) StderrLine: {'line': b'      |            \x1b[01;35m\x1b[K^~~~~\x1b[m\x1b[K\n'}
[201.609403] (lightning) StderrLine: {'line': b'\x1b[01m\x1b[K/home/kepler/Documents/Codex/2026-08-14/microsoft-visual-studio-code-stable-vs/outputs/lightning_lm_ws/src/lightning-lm/src/ui/pangolin_window_impl.cc:181:12:\x1b[m\x1b[K \x1b[01;35m\x1b[Kwarning: \x1b[m\x1b[Kunused variable \xe2\x80\x98\x1b[01m\x1b[Kyaw\x1b[m\x1b[K\xe2\x80\x99 [\x1b[01;35m\x1b[K\x1b]8;;https://gcc.gnu.org/onlinedocs/gcc/Warning-Options.html#index-Wunused-variable\x07-Wunused-variable\x1b]8;;\x07\x1b[m\x1b[K]\n'}
[201.609431] (lightning) StderrLine: {'line': b'  181 |     double \x1b[01;35m\x1b[Kyaw\x1b[m\x1b[K = pose_.angleZ();\n'}
[201.609457] (lightning) StderrLine: {'line': b'      |            \x1b[01;35m\x1b[K^~~\x1b[m\x1b[K\n'}
[201.609602] (lightning) StderrLine: {'line': b'\x1b[01m\x1b[K/home/kepler/Documents/Codex/2026-08-14/microsoft-visual-studio-code-stable-vs/outputs/lightning_lm_ws/src/lightning-lm/src/ui/pangolin_window_impl.cc:\x1b[m\x1b[K In member function \xe2\x80\x98\x1b[01m\x1b[Kvoid lightning::ui::PangolinWindowImpl::DrawAll()\x1b[m\x1b[K\xe2\x80\x99:\n'}
[201.609673] (lightning) StderrLine: {'line': b'\x1b[01m\x1b[K/home/kepler/Documents/Codex/2026-08-14/microsoft-visual-studio-code-stable-vs/outputs/lightning_lm_ws/src/lightning-lm/src/ui/pangolin_window_impl.cc:246:31:\x1b[m\x1b[K \x1b[01;35m\x1b[Kwarning: \x1b[m\x1b[Kcomparison of integer expressions of different signedness: \xe2\x80\x98\x1b[01m\x1b[Kint\x1b[m\x1b[K\xe2\x80\x99 and \xe2\x80\x98\x1b[01m\x1b[Kstd::vector<std::shared_ptr<lightning::Keyframe> >::size_type\x1b[m\x1b[K\xe2\x80\x99 {aka \xe2\x80\x98\x1b[01m\x1b[Klong unsigned int\x1b[m\x1b[K\xe2\x80\x99} [\x1b[01;35m\x1b[K\x1b]8;;https://gcc.gnu.org/onlinedocs/gcc/Warning-Options.html#index-Wsign-compare\x07-Wsign-compare\x1b]8;;\x07\x1b[m\x1b[K]\n'}
[201.609711] (lightning) StderrLine: {'line': b'  246 |             for (int i = 0; \x1b[01;35m\x1b[Ki < all_keyframes_.size() - 1\x1b[m\x1b[K; ++i) {\n'}
[201.609740] (lightning) StderrLine: {'line': b'      |                             \x1b[01;35m\x1b[K~~^~~~~~~~~~~~~~~~~~~~~~~~~~~\x1b[m\x1b[K\n'}
[201.646723] (-) TimerEvent: {}
[201.746937] (-) TimerEvent: {}
[201.847172] (-) TimerEvent: {}
[201.947510] (-) TimerEvent: {}
[202.047774] (-) TimerEvent: {}
[202.148056] (-) TimerEvent: {}
[202.248284] (-) TimerEvent: {}
[202.348545] (-) TimerEvent: {}
[202.448883] (-) TimerEvent: {}
[202.549157] (-) TimerEvent: {}
[202.649412] (-) TimerEvent: {}
[202.749649] (-) TimerEvent: {}
[202.849927] (-) TimerEvent: {}
[202.950224] (-) TimerEvent: {}
[203.050473] (-) TimerEvent: {}
[203.150764] (-) TimerEvent: {}
[203.251056] (-) TimerEvent: {}
[203.351290] (-) TimerEvent: {}
[203.451571] (-) TimerEvent: {}
[203.551887] (-) TimerEvent: {}
[203.652175] (-) TimerEvent: {}
[203.752494] (-) TimerEvent: {}
[203.852736] (-) TimerEvent: {}
[203.952971] (-) TimerEvent: {}
[204.053268] (-) TimerEvent: {}
[204.153548] (-) TimerEvent: {}
[204.253839] (-) TimerEvent: {}
[204.354132] (-) TimerEvent: {}
[204.454465] (-) TimerEvent: {}
[204.554732] (-) TimerEvent: {}
[204.655047] (-) TimerEvent: {}
[204.755344] (-) TimerEvent: {}
[204.855593] (-) TimerEvent: {}
[204.955882] (-) TimerEvent: {}
[205.056140] (-) TimerEvent: {}
[205.156426] (-) TimerEvent: {}
[205.256691] (-) TimerEvent: {}
[205.356954] (-) TimerEvent: {}
[205.457387] (-) TimerEvent: {}
[205.557656] (-) TimerEvent: {}
[205.657918] (-) TimerEvent: {}
[205.758194] (-) TimerEvent: {}
[205.858548] (-) TimerEvent: {}
[205.958836] (-) TimerEvent: {}
[206.059126] (-) TimerEvent: {}
[206.159375] (-) TimerEvent: {}
[206.259606] (-) TimerEvent: {}
[206.359848] (-) TimerEvent: {}
[206.460167] (-) TimerEvent: {}
[206.560452] (-) TimerEvent: {}
[206.660712] (-) TimerEvent: {}
[206.760998] (-) TimerEvent: {}
[206.861240] (-) TimerEvent: {}
[206.961507] (-) TimerEvent: {}
[207.061820] (-) TimerEvent: {}
[207.162096] (-) TimerEvent: {}
[207.262345] (-) TimerEvent: {}
[207.362615] (-) TimerEvent: {}
[207.462893] (-) TimerEvent: {}
[207.563151] (-) TimerEvent: {}
[207.606480] (lightning) StdoutLine: {'line': b'[ 78%] \x1b[32mBuilding CXX object src/CMakeFiles/lightning.libs.dir/core/system/slam.cc.o\x1b[0m\n'}
[207.663263] (-) TimerEvent: {}
[207.763480] (-) TimerEvent: {}
[207.863752] (-) TimerEvent: {}
[207.964027] (-) TimerEvent: {}
[208.064277] (-) TimerEvent: {}
[208.164505] (-) TimerEvent: {}
[208.264750] (-) TimerEvent: {}
[208.364958] (-) TimerEvent: {}
[208.465161] (-) TimerEvent: {}
[208.565405] (-) TimerEvent: {}
[208.665631] (-) TimerEvent: {}
[208.765893] (-) TimerEvent: {}
[208.866126] (-) TimerEvent: {}
[208.966336] (-) TimerEvent: {}
[209.066583] (-) TimerEvent: {}
[209.166895] (-) TimerEvent: {}
[209.267123] (-) TimerEvent: {}
[209.367386] (-) TimerEvent: {}
[209.467717] (-) TimerEvent: {}
[209.567981] (-) TimerEvent: {}
[209.668314] (-) TimerEvent: {}
[209.768656] (-) TimerEvent: {}
[209.868942] (-) TimerEvent: {}
[209.969182] (-) TimerEvent: {}
[210.069439] (-) TimerEvent: {}
[210.169705] (-) TimerEvent: {}
[210.270031] (-) TimerEvent: {}
[210.370273] (-) TimerEvent: {}
[210.470490] (-) TimerEvent: {}
[210.570723] (-) TimerEvent: {}
[210.670987] (-) TimerEvent: {}
[210.771217] (-) TimerEvent: {}
[210.871445] (-) TimerEvent: {}
[210.971661] (-) TimerEvent: {}
[210.991903] (lightning) StderrLine: {'line': b'In file included from \x1b[01m\x1b[K/home/kepler/Documents/Codex/2026-08-14/microsoft-visual-studio-code-stable-vs/outputs/lightning_lm_ws/src/lightning-lm/src/core/system/slam.h:18\x1b[m\x1b[K,\n'}
[210.992022] (lightning) StderrLine: {'line': b'                 from \x1b[01m\x1b[K/home/kepler/Documents/Codex/2026-08-14/microsoft-visual-studio-code-stable-vs/outputs/lightning_lm_ws/src/lightning-lm/src/core/system/slam.cc:5\x1b[m\x1b[K:\n'}
[210.992059] (lightning) StderrLine: {'line': b'\x1b[01m\x1b[K/home/kepler/Documents/Codex/2026-08-14/microsoft-visual-studio-code-stable-vs/outputs/lightning_lm_ws/src/lightning-lm/src/common/keyframe.h:\x1b[m\x1b[K In constructor \xe2\x80\x98\x1b[01m\x1b[Klightning::Keyframe::Keyframe(long unsigned int, lightning::CloudPtr, lightning::NavState)\x1b[m\x1b[K\xe2\x80\x99:\n'}
[210.992099] (lightning) StderrLine: {'line': b'\x1b[01m\x1b[K/home/kepler/Documents/Codex/2026-08-14/microsoft-visual-studio-code-stable-vs/outputs/lightning_lm_ws/src/lightning-lm/src/common/keyframe.h:74:14:\x1b[m\x1b[K \x1b[01;35m\x1b[Kwarning: \x1b[m\x1b[K\xe2\x80\x98\x1b[01m\x1b[Klightning::Keyframe::state_\x1b[m\x1b[K\xe2\x80\x99 will be initialized after [\x1b[01;35m\x1b[K\x1b]8;;https://gcc.gnu.org/onlinedocs/gcc/Warning-Options.html#index-Wreorder\x07-Wreorder\x1b]8;;\x07\x1b[m\x1b[K]\n'}
[210.992132] (lightning) StderrLine: {'line': b'   74 |     NavState \x1b[01;35m\x1b[Kstate_\x1b[m\x1b[K;  // \xe5\x8d\xa1\xe5\xb0\x94\xe6\x9b\xbc\xe6\xbb\xa4\xe6\xb3\xa2\xe5\x99\xa8\xe7\x8a\xb6\xe6\x80\x81\n'}
[210.992160] (lightning) StderrLine: {'line': b'      |              \x1b[01;35m\x1b[K^~~~~~\x1b[m\x1b[K\n'}
[210.992186] (lightning) StderrLine: {'line': b'\x1b[01m\x1b[K/home/kepler/Documents/Codex/2026-08-14/microsoft-visual-studio-code-stable-vs/outputs/lightning_lm_ws/src/lightning-lm/src/common/keyframe.h:71:9:\x1b[m\x1b[K \x1b[01;35m\x1b[Kwarning: \x1b[m\x1b[K  \xe2\x80\x98\x1b[01m\x1b[Klightning::SE3 lightning::Keyframe::pose_lio_\x1b[m\x1b[K\xe2\x80\x99 [\x1b[01;35m\x1b[K\x1b]8;;https://gcc.gnu.org/onlinedocs/gcc/Warning-Options.html#index-Wreorder\x07-Wreorder\x1b]8;;\x07\x1b[m\x1b[K]\n'}
[210.992214] (lightning) StderrLine: {'line': b'   71 |     SE3 \x1b[01;35m\x1b[Kpose_lio_\x1b[m\x1b[K;  // \xe5\x89\x8d\xe7\xab\xaf\xe7\x9a\x84pose\n'}
[210.992240] (lightning) StderrLine: {'line': b'      |         \x1b[01;35m\x1b[K^~~~~~~~~\x1b[m\x1b[K\n'}
[210.992266] (lightning) StderrLine: {'line': b'\x1b[01m\x1b[K/home/kepler/Documents/Codex/2026-08-14/microsoft-visual-studio-code-stable-vs/outputs/lightning_lm_ws/src/lightning-lm/src/common/keyframe.h:22:5:\x1b[m\x1b[K \x1b[01;35m\x1b[Kwarning: \x1b[m\x1b[K  when initialized here [\x1b[01;35m\x1b[K\x1b]8;;https://gcc.gnu.org/onlinedocs/gcc/Warning-Options.html#index-Wreorder\x07-Wreorder\x1b]8;;\x07\x1b[m\x1b[K]\n'}
[210.992293] (lightning) StderrLine: {'line': b'   22 |     \x1b[01;35m\x1b[KKeyframe\x1b[m\x1b[K(unsigned long id, CloudPtr cloud, NavState state)\n'}
[210.992319] (lightning) StderrLine: {'line': b'      |     \x1b[01;35m\x1b[K^~~~~~~~\x1b[m\x1b[K\n'}
[211.071800] (-) TimerEvent: {}
[211.172076] (-) TimerEvent: {}
[211.272318] (-) TimerEvent: {}
[211.372565] (-) TimerEvent: {}
[211.468346] (lightning) StderrLine: {'line': b'In file included from \x1b[01m\x1b[K/home/kepler/Documents/Codex/2026-08-14/microsoft-visual-studio-code-stable-vs/outputs/lightning_lm_ws/src/lightning-lm/src/core/lio/laser_mapping.h:12\x1b[m\x1b[K,\n'}
[211.468491] (lightning) StderrLine: {'line': b'                 from \x1b[01m\x1b[K/home/kepler/Documents/Codex/2026-08-14/microsoft-visual-studio-code-stable-vs/outputs/lightning_lm_ws/src/lightning-lm/src/core/system/slam.cc:7\x1b[m\x1b[K:\n'}
[211.468526] (lightning) StderrLine: {'line': b'\x1b[01m\x1b[K/home/kepler/Documents/Codex/2026-08-14/microsoft-visual-studio-code-stable-vs/outputs/lightning_lm_ws/src/lightning-lm/src/common/options.h:\x1b[m\x1b[K In function \xe2\x80\x98\x1b[01m\x1b[Kvoid lightning::debug::SigHandle(int)\x1b[m\x1b[K\xe2\x80\x99:\n'}
[211.468557] (lightning) StderrLine: {'line': b'\x1b[01m\x1b[K/home/kepler/Documents/Codex/2026-08-14/microsoft-visual-studio-code-stable-vs/outputs/lightning_lm_ws/src/lightning-lm/src/common/options.h:27:27:\x1b[m\x1b[K \x1b[01;35m\x1b[Kwarning: \x1b[m\x1b[Kunused parameter \xe2\x80\x98\x1b[01m\x1b[Ksig\x1b[m\x1b[K\xe2\x80\x99 [\x1b[01;35m\x1b[K\x1b]8;;https://gcc.gnu.org/onlinedocs/gcc/Warning-Options.html#index-Wunused-parameter\x07-Wunused-parameter\x1b]8;;\x07\x1b[m\x1b[K]\n'}
[211.468589] (lightning) StderrLine: {'line': b'   27 | inline void SigHandle(\x1b[01;35m\x1b[Kint sig\x1b[m\x1b[K) {\n'}
[211.468617] (lightning) StderrLine: {'line': b'      |                       \x1b[01;35m\x1b[K~~~~^~~\x1b[m\x1b[K\n'}
[211.472678] (-) TimerEvent: {}
[211.572951] (-) TimerEvent: {}
[211.673180] (-) TimerEvent: {}
[211.773435] (-) TimerEvent: {}
[211.873703] (-) TimerEvent: {}
[211.974041] (-) TimerEvent: {}
[211.993716] (lightning) StderrLine: {'line': b'In file included from \x1b[01m\x1b[K/home/kepler/Documents/Codex/2026-08-14/microsoft-visual-studio-code-stable-vs/outputs/lightning_lm_ws/src/lightning-lm/src/core/lio/imu_processing.hpp:18\x1b[m\x1b[K,\n'}
[211.993851] (lightning) StderrLine: {'line': b'                 from \x1b[01m\x1b[K/home/kepler/Documents/Codex/2026-08-14/microsoft-visual-studio-code-stable-vs/outputs/lightning_lm_ws/src/lightning-lm/src/core/lio/laser_mapping.h:15\x1b[m\x1b[K,\n'}
[211.993889] (lightning) StderrLine: {'line': b'                 from \x1b[01m\x1b[K/home/kepler/Documents/Codex/2026-08-14/microsoft-visual-studio-code-stable-vs/outputs/lightning_lm_ws/src/lightning-lm/src/core/system/slam.cc:7\x1b[m\x1b[K:\n'}
[211.993920] (lightning) StderrLine: {'line': b'\x1b[01m\x1b[K/home/kepler/Documents/Codex/2026-08-14/microsoft-visual-studio-code-stable-vs/outputs/lightning_lm_ws/src/lightning-lm/src/core/lio/imu_filter.h:\x1b[m\x1b[K In member function \xe2\x80\x98\x1b[01m\x1b[Kdouble lightning::IMUFilter::processAxis(double, std::deque<double>&, int)\x1b[m\x1b[K\xe2\x80\x99:\n'}
[211.993955] (lightning) StderrLine: {'line': b'\x1b[01m\x1b[K/home/kepler/Documents/Codex/2026-08-14/microsoft-visual-studio-code-stable-vs/outputs/lightning_lm_ws/src/lightning-lm/src/core/lio/imu_filter.h:92:28:\x1b[m\x1b[K \x1b[01;35m\x1b[Kwarning: \x1b[m\x1b[Kcomparison of integer expressions of different signedness: \xe2\x80\x98\x1b[01m\x1b[Kstd::deque<double>::size_type\x1b[m\x1b[K\xe2\x80\x99 {aka \xe2\x80\x98\x1b[01m\x1b[Klong unsigned int\x1b[m\x1b[K\xe2\x80\x99} and \xe2\x80\x98\x1b[01m\x1b[Kint\x1b[m\x1b[K\xe2\x80\x99 [\x1b[01;35m\x1b[K\x1b]8;;https://gcc.gnu.org/onlinedocs/gcc/Warning-Options.html#index-Wsign-compare\x07-Wsign-compare\x1b]8;;\x07\x1b[m\x1b[K]\n'}
[211.993992] (lightning) StderrLine: {'line': b'   92 |         if (\x1b[01;35m\x1b[Khistory.size() >= config_.median_window_size\x1b[m\x1b[K && sample_count_ > 100) {\n'}
[211.994033] (lightning) StderrLine: {'line': b'      |             \x1b[01;35m\x1b[K~~~~~~~~~~~~~~~^~~~~~~~~~~~~~~~~~~~~~~~~~~~~\x1b[m\x1b[K\n'}
[211.994225] (lightning) StderrLine: {'line': b'\x1b[01m\x1b[K/home/kepler/Documents/Codex/2026-08-14/microsoft-visual-studio-code-stable-vs/outputs/lightning_lm_ws/src/lightning-lm/src/core/lio/imu_filter.h:\x1b[m\x1b[K In member function \xe2\x80\x98\x1b[01m\x1b[Kvoid lightning::IMUFilter::updateBuffer(const lightning::IMU&)\x1b[m\x1b[K\xe2\x80\x99:\n'}
[211.994293] (lightning) StderrLine: {'line': b'\x1b[01m\x1b[K/home/kepler/Documents/Codex/2026-08-14/microsoft-visual-studio-code-stable-vs/outputs/lightning_lm_ws/src/lightning-lm/src/core/lio/imu_filter.h:114:39:\x1b[m\x1b[K \x1b[01;35m\x1b[Kwarning: \x1b[m\x1b[Kcomparison of integer expressions of different signedness: \xe2\x80\x98\x1b[01m\x1b[Kstd::deque<double>::size_type\x1b[m\x1b[K\xe2\x80\x99 {aka \xe2\x80\x98\x1b[01m\x1b[Klong unsigned int\x1b[m\x1b[K\xe2\x80\x99} and \xe2\x80\x98\x1b[01m\x1b[Kint\x1b[m\x1b[K\xe2\x80\x99 [\x1b[01;35m\x1b[K\x1b]8;;https://gcc.gnu.org/onlinedocs/gcc/Warning-Options.html#index-Wsign-compare\x07-Wsign-compare\x1b]8;;\x07\x1b[m\x1b[K]\n'}
[211.994332] (lightning) StderrLine: {'line': b'  114 |         while (\x1b[01;35m\x1b[Kgyro_x_history_.size() > max_history\x1b[m\x1b[K) {\n'}
[211.994361] (lightning) StderrLine: {'line': b'      |                \x1b[01;35m\x1b[K~~~~~~~~~~~~~~~~~~~~~~~^~~~~~~~~~~~~\x1b[m\x1b[K\n'}
[211.994394] (lightning) StderrLine: {'line': b'\x1b[01m\x1b[K/home/kepler/Documents/Codex/2026-08-14/microsoft-visual-studio-code-stable-vs/outputs/lightning_lm_ws/src/lightning-lm/src/core/lio/imu_filter.h:\x1b[m\x1b[K In member function \xe2\x80\x98\x1b[01m\x1b[Kdouble lightning::IMUFilter::detectAndRemoveSpike(double, std::deque<double>&, int)\x1b[m\x1b[K\xe2\x80\x99:\n'}
[211.994423] (lightning) StderrLine: {'line': b'\x1b[01m\x1b[K/home/kepler/Documents/Codex/2026-08-14/microsoft-visual-studio-code-stable-vs/outputs/lightning_lm_ws/src/lightning-lm/src/core/lio/imu_filter.h:123:28:\x1b[m\x1b[K \x1b[01;35m\x1b[Kwarning: \x1b[m\x1b[Kcomparison of integer expressions of different signedness: \xe2\x80\x98\x1b[01m\x1b[Kstd::deque<double>::size_type\x1b[m\x1b[K\xe2\x80\x99 {aka \xe2\x80\x98\x1b[01m\x1b[Klong unsigned int\x1b[m\x1b[K\xe2\x80\x99} and \xe2\x80\x98\x1b[01m\x1b[Kint\x1b[m\x1b[K\xe2\x80\x99 [\x1b[01;35m\x1b[K\x1b]8;;https://gcc.gnu.org/onlinedocs/gcc/Warning-Options.html#index-Wsign-compare\x07-Wsign-compare\x1b]8;;\x07\x1b[m\x1b[K]\n'}
[211.994452] (lightning) StderrLine: {'line': b'  123 |         if (\x1b[01;35m\x1b[Khistory.size() < config_.median_window_size\x1b[m\x1b[K) {\n'}
[211.994653] (lightning) StderrLine: {'line': b'      |             \x1b[01;35m\x1b[K~~~~~~~~~~~~~~~^~~~~~~~~~~~~~~~~~~~~~~~~~~~\x1b[m\x1b[K\n'}
[211.994699] (lightning) StderrLine: {'line': b'In file included from \x1b[01m\x1b[K/home/kepler/Documents/Codex/2026-08-14/microsoft-visual-studio-code-stable-vs/outputs/lightning_lm_ws/src/lightning-lm/src/core/lio/imu_processing.hpp:18\x1b[m\x1b[K,\n'}
[211.994732] (lightning) StderrLine: {'line': b'                 from \x1b[01m\x1b[K/home/kepler/Documents/Codex/2026-08-14/microsoft-visual-studio-code-stable-vs/outputs/lightning_lm_ws/src/lightning-lm/src/core/lio/laser_mapping.h:15\x1b[m\x1b[K,\n'}
[211.994762] (lightning) StderrLine: {'line': b'                 from \x1b[01m\x1b[K/home/kepler/Documents/Codex/2026-08-14/microsoft-visual-studio-code-stable-vs/outputs/lightning_lm_ws/src/lightning-lm/src/core/system/slam.cc:7\x1b[m\x1b[K:\n'}
[211.994789] (lightning) StderrLine: {'line': b'\x1b[01m\x1b[K/home/kepler/Documents/Codex/2026-08-14/microsoft-visual-studio-code-stable-vs/outputs/lightning_lm_ws/src/lightning-lm/src/core/lio/imu_filter.h:\x1b[m\x1b[K In member function \xe2\x80\x98\x1b[01m\x1b[Kdouble lightning::IMUFilter::medianFilter(double, std::deque<double>&)\x1b[m\x1b[K\xe2\x80\x99:\n'}
[211.994819] (lightning) StderrLine: {'line': b'\x1b[01m\x1b[K/home/kepler/Documents/Codex/2026-08-14/microsoft-visual-studio-code-stable-vs/outputs/lightning_lm_ws/src/lightning-lm/src/core/lio/imu_filter.h:152:28:\x1b[m\x1b[K \x1b[01;35m\x1b[Kwarning: \x1b[m\x1b[Kcomparison of integer expressions of different signedness: \xe2\x80\x98\x1b[01m\x1b[Kstd::deque<double>::size_type\x1b[m\x1b[K\xe2\x80\x99 {aka \xe2\x80\x98\x1b[01m\x1b[Klong unsigned int\x1b[m\x1b[K\xe2\x80\x99} and \xe2\x80\x98\x1b[01m\x1b[Kint\x1b[m\x1b[K\xe2\x80\x99 [\x1b[01;35m\x1b[K\x1b]8;;https://gcc.gnu.org/onlinedocs/gcc/Warning-Options.html#index-Wsign-compare\x07-Wsign-compare\x1b]8;;\x07\x1b[m\x1b[K]\n'}
[211.994857] (lightning) StderrLine: {'line': b'  152 |         if (\x1b[01;35m\x1b[Khistory.size() < config_.median_window_size\x1b[m\x1b[K) {\n'}
[211.994889] (lightning) StderrLine: {'line': b'      |             \x1b[01;35m\x1b[K~~~~~~~~~~~~~~~^~~~~~~~~~~~~~~~~~~~~~~~~~~~\x1b[m\x1b[K\n'}
[211.994917] (lightning) StderrLine: {'line': b'\x1b[01m\x1b[K/home/kepler/Documents/Codex/2026-08-14/microsoft-visual-studio-code-stable-vs/outputs/lightning_lm_ws/src/lightning-lm/src/core/lio/imu_filter.h:\x1b[m\x1b[K In member function \xe2\x80\x98\x1b[01m\x1b[Kdouble lightning::IMUFilter::movingAverage(double, std::deque<double>&)\x1b[m\x1b[K\xe2\x80\x99:\n'}
[211.994945] (lightning) StderrLine: {'line': b'\x1b[01m\x1b[K/home/kepler/Documents/Codex/2026-08-14/microsoft-visual-studio-code-stable-vs/outputs/lightning_lm_ws/src/lightning-lm/src/core/lio/imu_filter.h:164:28:\x1b[m\x1b[K \x1b[01;35m\x1b[Kwarning: \x1b[m\x1b[Kcomparison of integer expressions of different signedness: \xe2\x80\x98\x1b[01m\x1b[Kstd::deque<double>::size_type\x1b[m\x1b[K\xe2\x80\x99 {aka \xe2\x80\x98\x1b[01m\x1b[Klong unsigned int\x1b[m\x1b[K\xe2\x80\x99} and \xe2\x80\x98\x1b[01m\x1b[Kint\x1b[m\x1b[K\xe2\x80\x99 [\x1b[01;35m\x1b[K\x1b]8;;https://gcc.gnu.org/onlinedocs/gcc/Warning-Options.html#index-Wsign-compare\x07-Wsign-compare\x1b]8;;\x07\x1b[m\x1b[K]\n'}
[211.994976] (lightning) StderrLine: {'line': b'  164 |         if (\x1b[01;35m\x1b[Khistory.size() < config_.moving_avg_window\x1b[m\x1b[K) {\n'}
[211.995002] (lightning) StderrLine: {'line': b'      |             \x1b[01;35m\x1b[K~~~~~~~~~~~~~~~^~~~~~~~~~~~~~~~~~~~~~~~~~~\x1b[m\x1b[K\n'}
[211.995226] (lightning) StderrLine: {'line': b'\x1b[01m\x1b[K/home/kepler/Documents/Codex/2026-08-14/microsoft-visual-studio-code-stable-vs/outputs/lightning_lm_ws/src/lightning-lm/src/core/lio/imu_filter.h:\x1b[m\x1b[K In member function \xe2\x80\x98\x1b[01m\x1b[Kvoid lightning::IMUFilter::updateStatistics(const lightning::IMU&)\x1b[m\x1b[K\xe2\x80\x99:\n'}
[211.995307] (lightning) StderrLine: {'line': b'\x1b[01m\x1b[K/home/kepler/Documents/Codex/2026-08-14/microsoft-visual-studio-code-stable-vs/outputs/lightning_lm_ws/src/lightning-lm/src/core/lio/imu_filter.h:200:20:\x1b[m\x1b[K \x1b[01;35m\x1b[Kwarning: \x1b[m\x1b[Kunused variable \xe2\x80\x98\x1b[01m\x1b[Kprev_mean\x1b[m\x1b[K\xe2\x80\x99 [\x1b[01;35m\x1b[K\x1b]8;;https://gcc.gnu.org/onlinedocs/gcc/Warning-Options.html#index-Wunused-variable\x07-Wunused-variable\x1b]8;;\x07\x1b[m\x1b[K]\n'}
[211.995346] (lightning) StderrLine: {'line': b'  200 |             double \x1b[01;35m\x1b[Kprev_mean\x1b[m\x1b[K[3] = {gyro_mean_[0], gyro_mean_[1], gyro_mean_[2]};\n'}
[211.995376] (lightning) StderrLine: {'line': b'      |                    \x1b[01;35m\x1b[K^~~~~~~~~\x1b[m\x1b[K\n'}
[212.074131] (-) TimerEvent: {}
[212.174395] (-) TimerEvent: {}
[212.274656] (-) TimerEvent: {}
[212.348706] (lightning) StderrLine: {'line': b'In file included from \x1b[01m\x1b[K/home/kepler/Documents/Codex/2026-08-14/microsoft-visual-studio-code-stable-vs/outputs/lightning_lm_ws/src/lightning-lm/src/core/miao/core/graph/optimizer.h:8\x1b[m\x1b[K,\n'}
[212.348842] (lightning) StderrLine: {'line': b'                 from \x1b[01m\x1b[K/home/kepler/Documents/Codex/2026-08-14/microsoft-visual-studio-code-stable-vs/outputs/lightning_lm_ws/src/lightning-lm/src/core/loop_closing/loop_closing.h:12\x1b[m\x1b[K,\n'}
[212.348877] (lightning) StderrLine: {'line': b'                 from \x1b[01m\x1b[K/home/kepler/Documents/Codex/2026-08-14/microsoft-visual-studio-code-stable-vs/outputs/lightning_lm_ws/src/lightning-lm/src/core/system/slam.cc:8\x1b[m\x1b[K:\n'}
[212.348907] (lightning) StderrLine: {'line': b'\x1b[01m\x1b[K/home/kepler/Documents/Codex/2026-08-14/microsoft-visual-studio-code-stable-vs/outputs/lightning_lm_ws/src/lightning-lm/src/core/miao/core/common/config.h:\x1b[m\x1b[K In constructor \xe2\x80\x98\x1b[01m\x1b[Klightning::miao::OptimizerConfig::OptimizerConfig(lightning::miao::AlgorithmType, lightning::miao::LinearSolverType, bool)\x1b[m\x1b[K\xe2\x80\x99:\n'}
[212.348951] (lightning) StderrLine: {'line': b'\x1b[01m\x1b[K/home/kepler/Documents/Codex/2026-08-14/microsoft-visual-studio-code-stable-vs/outputs/lightning_lm_ws/src/lightning-lm/src/core/miao/core/common/config.h:44:10:\x1b[m\x1b[K \x1b[01;35m\x1b[Kwarning: \x1b[m\x1b[K\xe2\x80\x98\x1b[01m\x1b[Klightning::miao::OptimizerConfig::is_dense_\x1b[m\x1b[K\xe2\x80\x99 will be initialized after [\x1b[01;35m\x1b[K\x1b]8;;https://gcc.gnu.org/onlinedocs/gcc/Warning-Options.html#index-Wreorder\x07-Wreorder\x1b]8;;\x07\x1b[m\x1b[K]\n'}
[212.348981] (lightning) StderrLine: {'line': b'   44 |     bool \x1b[01;35m\x1b[Kis_dense_\x1b[m\x1b[K = true;\n'}
[212.349018] (lightning) StderrLine: {'line': b'      |          \x1b[01;35m\x1b[K^~~~~~~~~\x1b[m\x1b[K\n'}
[212.349048] (lightning) StderrLine: {'line': b'\x1b[01m\x1b[K/home/kepler/Documents/Codex/2026-08-14/microsoft-visual-studio-code-stable-vs/outputs/lightning_lm_ws/src/lightning-lm/src/core/miao/core/common/config.h:39:22:\x1b[m\x1b[K \x1b[01;35m\x1b[Kwarning: \x1b[m\x1b[K  \xe2\x80\x98\x1b[01m\x1b[Klightning::miao::LinearSolverType lightning::miao::OptimizerConfig::linear_solver_type_\x1b[m\x1b[K\xe2\x80\x99 [\x1b[01;35m\x1b[K\x1b]8;;https://gcc.gnu.org/onlinedocs/gcc/Warning-Options.html#index-Wreorder\x07-Wreorder\x1b]8;;\x07\x1b[m\x1b[K]\n'}
[212.349076] (lightning) StderrLine: {'line': b'   39 |     LinearSolverType \x1b[01;35m\x1b[Klinear_solver_type_\x1b[m\x1b[K = LinearSolverType::LINEAR_SOLVER_SPARSE_EIGEN;\n'}
[212.349188] (lightning) StderrLine: {'line': b'      |                      \x1b[01;35m\x1b[K^~~~~~~~~~~~~~~~~~~\x1b[m\x1b[K\n'}
[212.349234] (lightning) StderrLine: {'line': b'\x1b[01m\x1b[K/home/kepler/Documents/Codex/2026-08-14/microsoft-visual-studio-code-stable-vs/outputs/lightning_lm_ws/src/lightning-lm/src/core/miao/core/common/config.h:31:14:\x1b[m\x1b[K \x1b[01;35m\x1b[Kwarning: \x1b[m\x1b[K  when initialized here [\x1b[01;35m\x1b[K\x1b]8;;https://gcc.gnu.org/onlinedocs/gcc/Warning-Options.html#index-Wreorder\x07-Wreorder\x1b]8;;\x07\x1b[m\x1b[K]\n'}
[212.349266] (lightning) StderrLine: {'line': b'   31 |     explicit \x1b[01;35m\x1b[KOptimizerConfig\x1b[m\x1b[K(AlgorithmType algo_type,\n'}
[212.349296] (lightning) StderrLine: {'line': b'      |              \x1b[01;35m\x1b[K^~~~~~~~~~~~~~~\x1b[m\x1b[K\n'}
[212.358685] (lightning) StderrLine: {'line': b'In file included from \x1b[01m\x1b[K/home/kepler/Documents/Codex/2026-08-14/microsoft-visual-studio-code-stable-vs/outputs/lightning_lm_ws/src/lightning-lm/src/core/miao/core/graph/optimizer.h:9\x1b[m\x1b[K,\n'}
[212.358768] (lightning) StderrLine: {'line': b'                 from \x1b[01m\x1b[K/home/kepler/Documents/Codex/2026-08-14/microsoft-visual-studio-code-stable-vs/outputs/lightning_lm_ws/src/lightning-lm/src/core/loop_closing/loop_closing.h:12\x1b[m\x1b[K,\n'}
[212.358801] (lightning) StderrLine: {'line': b'                 from \x1b[01m\x1b[K/home/kepler/Documents/Codex/2026-08-14/microsoft-visual-studio-code-stable-vs/outputs/lightning_lm_ws/src/lightning-lm/src/core/system/slam.cc:8\x1b[m\x1b[K:\n'}
[212.358831] (lightning) StderrLine: {'line': b'\x1b[01m\x1b[K/home/kepler/Documents/Codex/2026-08-14/microsoft-visual-studio-code-stable-vs/outputs/lightning_lm_ws/src/lightning-lm/src/core/miao/core/graph/graph.h:\x1b[m\x1b[K In member function \xe2\x80\x98\x1b[01m\x1b[Kvirtual int lightning::miao::Graph::Optimize(int)\x1b[m\x1b[K\xe2\x80\x99:\n'}
[212.358869] (lightning) StderrLine: {'line': b'\x1b[01m\x1b[K/home/kepler/Documents/Codex/2026-08-14/microsoft-visual-studio-code-stable-vs/outputs/lightning_lm_ws/src/lightning-lm/src/core/miao/core/graph/graph.h:80:30:\x1b[m\x1b[K \x1b[01;35m\x1b[Kwarning: \x1b[m\x1b[Kunused parameter \xe2\x80\x98\x1b[01m\x1b[Kinterations\x1b[m\x1b[K\xe2\x80\x99 [\x1b[01;35m\x1b[K\x1b]8;;https://gcc.gnu.org/onlinedocs/gcc/Warning-Options.html#index-Wunused-parameter\x07-Wunused-parameter\x1b]8;;\x07\x1b[m\x1b[K]\n'}
[212.358905] (lightning) StderrLine: {'line': b'   80 |     virtual int Optimize(\x1b[01;35m\x1b[Kint interations\x1b[m\x1b[K) { return 0; }\n'}
[212.358932] (lightning) StderrLine: {'line': b'      |                          \x1b[01;35m\x1b[K~~~~^~~~~~~~~~~\x1b[m\x1b[K\n'}
[212.374723] (-) TimerEvent: {}
[212.474930] (-) TimerEvent: {}
[212.575177] (-) TimerEvent: {}
[212.675481] (-) TimerEvent: {}
[212.775751] (-) TimerEvent: {}
[212.876048] (-) TimerEvent: {}
[212.976378] (-) TimerEvent: {}
[213.076699] (-) TimerEvent: {}
[213.177029] (-) TimerEvent: {}
[213.277272] (-) TimerEvent: {}
[213.377528] (-) TimerEvent: {}
[213.477811] (-) TimerEvent: {}
[213.578085] (-) TimerEvent: {}
[213.678410] (-) TimerEvent: {}
[213.778717] (-) TimerEvent: {}
[213.878972] (-) TimerEvent: {}
[213.979214] (-) TimerEvent: {}
[214.079479] (-) TimerEvent: {}
[214.179797] (-) TimerEvent: {}
[214.280105] (-) TimerEvent: {}
[214.380383] (-) TimerEvent: {}
[214.480650] (-) TimerEvent: {}
[214.580922] (-) TimerEvent: {}
[214.681228] (-) TimerEvent: {}
[214.781510] (-) TimerEvent: {}
[214.881830] (-) TimerEvent: {}
[214.982076] (-) TimerEvent: {}
[215.082319] (-) TimerEvent: {}
[215.182579] (-) TimerEvent: {}
[215.282878] (-) TimerEvent: {}
[215.383180] (-) TimerEvent: {}
[215.483445] (-) TimerEvent: {}
[215.583701] (-) TimerEvent: {}
[215.683962] (-) TimerEvent: {}
[215.784213] (-) TimerEvent: {}
[215.884469] (-) TimerEvent: {}
[215.984724] (-) TimerEvent: {}
[216.085032] (-) TimerEvent: {}
[216.185274] (-) TimerEvent: {}
[216.285526] (-) TimerEvent: {}
[216.385764] (-) TimerEvent: {}
[216.486075] (-) TimerEvent: {}
[216.586389] (-) TimerEvent: {}
[216.686650] (-) TimerEvent: {}
[216.786950] (-) TimerEvent: {}
[216.887211] (-) TimerEvent: {}
[216.987513] (-) TimerEvent: {}
[217.087819] (-) TimerEvent: {}
[217.188112] (-) TimerEvent: {}
[217.288406] (-) TimerEvent: {}
[217.388679] (-) TimerEvent: {}
[217.488985] (-) TimerEvent: {}
[217.589267] (-) TimerEvent: {}
[217.689536] (-) TimerEvent: {}
[217.789854] (-) TimerEvent: {}
[217.890111] (-) TimerEvent: {}
[217.990337] (-) TimerEvent: {}
[218.090589] (-) TimerEvent: {}
[218.190838] (-) TimerEvent: {}
[218.291096] (-) TimerEvent: {}
[218.391421] (-) TimerEvent: {}
[218.491710] (-) TimerEvent: {}
[218.592085] (-) TimerEvent: {}
[218.692341] (-) TimerEvent: {}
[218.792611] (-) TimerEvent: {}
[218.892894] (-) TimerEvent: {}
[218.993129] (-) TimerEvent: {}
[219.093409] (-) TimerEvent: {}
[219.193694] (-) TimerEvent: {}
[219.293949] (-) TimerEvent: {}
[219.394239] (-) TimerEvent: {}
[219.494512] (-) TimerEvent: {}
[219.594811] (-) TimerEvent: {}
[219.695102] (-) TimerEvent: {}
[219.795413] (-) TimerEvent: {}
[219.895686] (-) TimerEvent: {}
[219.995956] (-) TimerEvent: {}
[220.096226] (-) TimerEvent: {}
[220.196490] (-) TimerEvent: {}
[220.296772] (-) TimerEvent: {}
[220.397056] (-) TimerEvent: {}
[220.497433] (-) TimerEvent: {}
[220.597687] (-) TimerEvent: {}
[220.697943] (-) TimerEvent: {}
[220.798201] (-) TimerEvent: {}
[220.898492] (-) TimerEvent: {}
[220.998763] (-) TimerEvent: {}
[221.099076] (-) TimerEvent: {}
[221.199549] (-) TimerEvent: {}
[221.299800] (-) TimerEvent: {}
[221.400070] (-) TimerEvent: {}
[221.500303] (-) TimerEvent: {}
[221.600561] (-) TimerEvent: {}
[221.700880] (-) TimerEvent: {}
[221.801174] (-) TimerEvent: {}
[221.901478] (-) TimerEvent: {}
[222.001745] (-) TimerEvent: {}
[222.102052] (-) TimerEvent: {}
[222.202316] (-) TimerEvent: {}
[222.302577] (-) TimerEvent: {}
[222.402820] (-) TimerEvent: {}
[222.503056] (-) TimerEvent: {}
[222.603281] (-) TimerEvent: {}
[222.703510] (-) TimerEvent: {}
[222.803725] (-) TimerEvent: {}
[222.904003] (-) TimerEvent: {}
[223.004256] (-) TimerEvent: {}
[223.104545] (-) TimerEvent: {}
[223.204789] (-) TimerEvent: {}
[223.305113] (-) TimerEvent: {}
[223.405326] (-) TimerEvent: {}
[223.505613] (-) TimerEvent: {}
[223.605880] (-) TimerEvent: {}
[223.706170] (-) TimerEvent: {}
[223.806449] (-) TimerEvent: {}
[223.906700] (-) TimerEvent: {}
[224.006914] (-) TimerEvent: {}
[224.107210] (-) TimerEvent: {}
[224.207488] (-) TimerEvent: {}
[224.307789] (-) TimerEvent: {}
[224.408082] (-) TimerEvent: {}
[224.508369] (-) TimerEvent: {}
[224.608579] (-) TimerEvent: {}
[224.708855] (-) TimerEvent: {}
[224.809108] (-) TimerEvent: {}
[224.909338] (-) TimerEvent: {}
[225.009576] (-) TimerEvent: {}
[225.109787] (-) TimerEvent: {}
[225.210076] (-) TimerEvent: {}
[225.310346] (-) TimerEvent: {}
[225.410593] (-) TimerEvent: {}
[225.510874] (-) TimerEvent: {}
[225.611164] (-) TimerEvent: {}
[225.711408] (-) TimerEvent: {}
[225.811637] (-) TimerEvent: {}
[225.911922] (-) TimerEvent: {}
[226.012169] (-) TimerEvent: {}
[226.112455] (-) TimerEvent: {}
[226.198794] (lightning) StdoutLine: {'line': b'[ 79%] \x1b[32mBuilding CXX object src/CMakeFiles/lightning.libs.dir/core/system/loc_system.cc.o\x1b[0m\n'}
[226.212584] (-) TimerEvent: {}
[226.312804] (-) TimerEvent: {}
[226.413109] (-) TimerEvent: {}
[226.513351] (-) TimerEvent: {}
[226.613608] (-) TimerEvent: {}
[226.713854] (-) TimerEvent: {}
[226.814138] (-) TimerEvent: {}
[226.914396] (-) TimerEvent: {}
[227.014650] (-) TimerEvent: {}
[227.114852] (-) TimerEvent: {}
[227.215092] (-) TimerEvent: {}
[227.315315] (-) TimerEvent: {}
[227.415565] (-) TimerEvent: {}
[227.515803] (-) TimerEvent: {}
[227.616073] (-) TimerEvent: {}
[227.716308] (-) TimerEvent: {}
[227.816576] (-) TimerEvent: {}
[227.916815] (-) TimerEvent: {}
[228.017045] (-) TimerEvent: {}
[228.117291] (-) TimerEvent: {}
[228.217593] (-) TimerEvent: {}
[228.317880] (-) TimerEvent: {}
[228.418172] (-) TimerEvent: {}
[228.518464] (-) TimerEvent: {}
[228.618723] (-) TimerEvent: {}
[228.718991] (-) TimerEvent: {}
[228.819274] (-) TimerEvent: {}
[228.919571] (-) TimerEvent: {}
[229.019857] (-) TimerEvent: {}
[229.120166] (-) TimerEvent: {}
[229.220419] (-) TimerEvent: {}
[229.320668] (-) TimerEvent: {}
[229.420920] (-) TimerEvent: {}
[229.488306] (lightning) StderrLine: {'line': b'In file included from \x1b[01m\x1b[K/home/kepler/Documents/Codex/2026-08-14/microsoft-visual-studio-code-stable-vs/outputs/lightning_lm_ws/src/lightning-lm/src/core/system/loc_system.h:17\x1b[m\x1b[K,\n'}
[229.488427] (lightning) StderrLine: {'line': b'                 from \x1b[01m\x1b[K/home/kepler/Documents/Codex/2026-08-14/microsoft-visual-studio-code-stable-vs/outputs/lightning_lm_ws/src/lightning-lm/src/core/system/loc_system.cc:5\x1b[m\x1b[K:\n'}
[229.488462] (lightning) StderrLine: {'line': b'\x1b[01m\x1b[K/home/kepler/Documents/Codex/2026-08-14/microsoft-visual-studio-code-stable-vs/outputs/lightning_lm_ws/src/lightning-lm/src/common/keyframe.h:\x1b[m\x1b[K In constructor \xe2\x80\x98\x1b[01m\x1b[Klightning::Keyframe::Keyframe(long unsigned int, lightning::CloudPtr, lightning::NavState)\x1b[m\x1b[K\xe2\x80\x99:\n'}
[229.488494] (lightning) StderrLine: {'line': b'\x1b[01m\x1b[K/home/kepler/Documents/Codex/2026-08-14/microsoft-visual-studio-code-stable-vs/outputs/lightning_lm_ws/src/lightning-lm/src/common/keyframe.h:74:14:\x1b[m\x1b[K \x1b[01;35m\x1b[Kwarning: \x1b[m\x1b[K\xe2\x80\x98\x1b[01m\x1b[Klightning::Keyframe::state_\x1b[m\x1b[K\xe2\x80\x99 will be initialized after [\x1b[01;35m\x1b[K\x1b]8;;https://gcc.gnu.org/onlinedocs/gcc/Warning-Options.html#index-Wreorder\x07-Wreorder\x1b]8;;\x07\x1b[m\x1b[K]\n'}
[229.488525] (lightning) StderrLine: {'line': b'   74 |     NavState \x1b[01;35m\x1b[Kstate_\x1b[m\x1b[K;  // \xe5\x8d\xa1\xe5\xb0\x94\xe6\x9b\xbc\xe6\xbb\xa4\xe6\xb3\xa2\xe5\x99\xa8\xe7\x8a\xb6\xe6\x80\x81\n'}
[229.488554] (lightning) StderrLine: {'line': b'      |              \x1b[01;35m\x1b[K^~~~~~\x1b[m\x1b[K\n'}
[229.488581] (lightning) StderrLine: {'line': b'\x1b[01m\x1b[K/home/kepler/Documents/Codex/2026-08-14/microsoft-visual-studio-code-stable-vs/outputs/lightning_lm_ws/src/lightning-lm/src/common/keyframe.h:71:9:\x1b[m\x1b[K \x1b[01;35m\x1b[Kwarning: \x1b[m\x1b[K  \xe2\x80\x98\x1b[01m\x1b[Klightning::SE3 lightning::Keyframe::pose_lio_\x1b[m\x1b[K\xe2\x80\x99 [\x1b[01;35m\x1b[K\x1b]8;;https://gcc.gnu.org/onlinedocs/gcc/Warning-Options.html#index-Wreorder\x07-Wreorder\x1b]8;;\x07\x1b[m\x1b[K]\n'}
[229.488619] (lightning) StderrLine: {'line': b'   71 |     SE3 \x1b[01;35m\x1b[Kpose_lio_\x1b[m\x1b[K;  // \xe5\x89\x8d\xe7\xab\xaf\xe7\x9a\x84pose\n'}
[229.488647] (lightning) StderrLine: {'line': b'      |         \x1b[01;35m\x1b[K^~~~~~~~~\x1b[m\x1b[K\n'}
[229.488674] (lightning) StderrLine: {'line': b'\x1b[01m\x1b[K/home/kepler/Documents/Codex/2026-08-14/microsoft-visual-studio-code-stable-vs/outputs/lightning_lm_ws/src/lightning-lm/src/common/keyframe.h:22:5:\x1b[m\x1b[K \x1b[01;35m\x1b[Kwarning: \x1b[m\x1b[K  when initialized here [\x1b[01;35m\x1b[K\x1b]8;;https://gcc.gnu.org/onlinedocs/gcc/Warning-Options.html#index-Wreorder\x07-Wreorder\x1b]8;;\x07\x1b[m\x1b[K]\n'}
[229.488703] (lightning) StderrLine: {'line': b'   22 |     \x1b[01;35m\x1b[KKeyframe\x1b[m\x1b[K(unsigned long id, CloudPtr cloud, NavState state)\n'}
[229.488730] (lightning) StderrLine: {'line': b'      |     \x1b[01;35m\x1b[K^~~~~~~~\x1b[m\x1b[K\n'}
[229.520998] (-) TimerEvent: {}
[229.621390] (-) TimerEvent: {}
[229.721722] (-) TimerEvent: {}
[229.822040] (-) TimerEvent: {}
[229.828992] (lightning) StderrLine: {'line': b'In file included from \x1b[01m\x1b[K/home/kepler/Documents/Codex/2026-08-14/microsoft-visual-studio-code-stable-vs/outputs/lightning_lm_ws/src/lightning-lm/src/core/lio/laser_mapping.h:12\x1b[m\x1b[K,\n'}
[229.829125] (lightning) StderrLine: {'line': b'                 from \x1b[01m\x1b[K/home/kepler/Documents/Codex/2026-08-14/microsoft-visual-studio-code-stable-vs/outputs/lightning_lm_ws/src/lightning-lm/src/core/localization/localization.h:7\x1b[m\x1b[K,\n'}
[229.829169] (lightning) StderrLine: {'line': b'                 from \x1b[01m\x1b[K/home/kepler/Documents/Codex/2026-08-14/microsoft-visual-studio-code-stable-vs/outputs/lightning_lm_ws/src/lightning-lm/src/core/system/loc_system.cc:6\x1b[m\x1b[K:\n'}
[229.829204] (lightning) StderrLine: {'line': b'\x1b[01m\x1b[K/home/kepler/Documents/Codex/2026-08-14/microsoft-visual-studio-code-stable-vs/outputs/lightning_lm_ws/src/lightning-lm/src/common/options.h:\x1b[m\x1b[K In function \xe2\x80\x98\x1b[01m\x1b[Kvoid lightning::debug::SigHandle(int)\x1b[m\x1b[K\xe2\x80\x99:\n'}
[229.829239] (lightning) StderrLine: {'line': b'\x1b[01m\x1b[K/home/kepler/Documents/Codex/2026-08-14/microsoft-visual-studio-code-stable-vs/outputs/lightning_lm_ws/src/lightning-lm/src/common/options.h:27:27:\x1b[m\x1b[K \x1b[01;35m\x1b[Kwarning: \x1b[m\x1b[Kunused parameter \xe2\x80\x98\x1b[01m\x1b[Ksig\x1b[m\x1b[K\xe2\x80\x99 [\x1b[01;35m\x1b[K\x1b]8;;https://gcc.gnu.org/onlinedocs/gcc/Warning-Options.html#index-Wunused-parameter\x07-Wunused-parameter\x1b]8;;\x07\x1b[m\x1b[K]\n'}
[229.829278] (lightning) StderrLine: {'line': b'   27 | inline void SigHandle(\x1b[01;35m\x1b[Kint sig\x1b[m\x1b[K) {\n'}
[229.829323] (lightning) StderrLine: {'line': b'      |                       \x1b[01;35m\x1b[K~~~~^~~\x1b[m\x1b[K\n'}
[229.922167] (-) TimerEvent: {}
[230.022421] (-) TimerEvent: {}
[230.122708] (-) TimerEvent: {}
[230.222976] (-) TimerEvent: {}
[230.323231] (-) TimerEvent: {}
[230.360131] (lightning) StderrLine: {'line': b'In file included from \x1b[01m\x1b[K/home/kepler/Documents/Codex/2026-08-14/microsoft-visual-studio-code-stable-vs/outputs/lightning_lm_ws/src/lightning-lm/src/core/lio/imu_processing.hpp:18\x1b[m\x1b[K,\n'}
[230.360249] (lightning) StderrLine: {'line': b'                 from \x1b[01m\x1b[K/home/kepler/Documents/Codex/2026-08-14/microsoft-visual-studio-code-stable-vs/outputs/lightning_lm_ws/src/lightning-lm/src/core/lio/laser_mapping.h:15\x1b[m\x1b[K,\n'}
[230.360294] (lightning) StderrLine: {'line': b'                 from \x1b[01m\x1b[K/home/kepler/Documents/Codex/2026-08-14/microsoft-visual-studio-code-stable-vs/outputs/lightning_lm_ws/src/lightning-lm/src/core/localization/localization.h:7\x1b[m\x1b[K,\n'}
[230.360324] (lightning) StderrLine: {'line': b'                 from \x1b[01m\x1b[K/home/kepler/Documents/Codex/2026-08-14/microsoft-visual-studio-code-stable-vs/outputs/lightning_lm_ws/src/lightning-lm/src/core/system/loc_system.cc:6\x1b[m\x1b[K:\n'}
[230.360354] (lightning) StderrLine: {'line': b'\x1b[01m\x1b[K/home/kepler/Documents/Codex/2026-08-14/microsoft-visual-studio-code-stable-vs/outputs/lightning_lm_ws/src/lightning-lm/src/core/lio/imu_filter.h:\x1b[m\x1b[K In member function \xe2\x80\x98\x1b[01m\x1b[Kdouble lightning::IMUFilter::processAxis(double, std::deque<double>&, int)\x1b[m\x1b[K\xe2\x80\x99:\n'}
[230.360383] (lightning) StderrLine: {'line': b'\x1b[01m\x1b[K/home/kepler/Documents/Codex/2026-08-14/microsoft-visual-studio-code-stable-vs/outputs/lightning_lm_ws/src/lightning-lm/src/core/lio/imu_filter.h:92:28:\x1b[m\x1b[K \x1b[01;35m\x1b[Kwarning: \x1b[m\x1b[Kcomparison of integer expressions of different signedness: \xe2\x80\x98\x1b[01m\x1b[Kstd::deque<double>::size_type\x1b[m\x1b[K\xe2\x80\x99 {aka \xe2\x80\x98\x1b[01m\x1b[Klong unsigned int\x1b[m\x1b[K\xe2\x80\x99} and \xe2\x80\x98\x1b[01m\x1b[Kint\x1b[m\x1b[K\xe2\x80\x99 [\x1b[01;35m\x1b[K\x1b]8;;https://gcc.gnu.org/onlinedocs/gcc/Warning-Options.html#index-Wsign-compare\x07-Wsign-compare\x1b]8;;\x07\x1b[m\x1b[K]\n'}
[230.360413] (lightning) StderrLine: {'line': b'   92 |         if (\x1b[01;35m\x1b[Khistory.size() >= config_.median_window_size\x1b[m\x1b[K && sample_count_ > 100) {\n'}
[230.360440] (lightning) StderrLine: {'line': b'      |             \x1b[01;35m\x1b[K~~~~~~~~~~~~~~~^~~~~~~~~~~~~~~~~~~~~~~~~~~~~\x1b[m\x1b[K\n'}
[230.360465] (lightning) StderrLine: {'line': b'\x1b[01m\x1b[K/home/kepler/Documents/Codex/2026-08-14/microsoft-visual-studio-code-stable-vs/outputs/lightning_lm_ws/src/lightning-lm/src/core/lio/imu_filter.h:\x1b[m\x1b[K In member function \xe2\x80\x98\x1b[01m\x1b[Kvoid lightning::IMUFilter::updateBuffer(const lightning::IMU&)\x1b[m\x1b[K\xe2\x80\x99:\n'}
[230.360492] (lightning) StderrLine: {'line': b'\x1b[01m\x1b[K/home/kepler/Documents/Codex/2026-08-14/microsoft-visual-studio-code-stable-vs/outputs/lightning_lm_ws/src/lightning-lm/src/core/lio/imu_filter.h:114:39:\x1b[m\x1b[K \x1b[01;35m\x1b[Kwarning: \x1b[m\x1b[Kcomparison of integer expressions of different signedness: \xe2\x80\x98\x1b[01m\x1b[Kstd::deque<double>::size_type\x1b[m\x1b[K\xe2\x80\x99 {aka \xe2\x80\x98\x1b[01m\x1b[Klong unsigned int\x1b[m\x1b[K\xe2\x80\x99} and \xe2\x80\x98\x1b[01m\x1b[Kint\x1b[m\x1b[K\xe2\x80\x99 [\x1b[01;35m\x1b[K\x1b]8;;https://gcc.gnu.org/onlinedocs/gcc/Warning-Options.html#index-Wsign-compare\x07-Wsign-compare\x1b]8;;\x07\x1b[m\x1b[K]\n'}
[230.360521] (lightning) StderrLine: {'line': b'  114 |         while (\x1b[01;35m\x1b[Kgyro_x_history_.size() > max_history\x1b[m\x1b[K) {\n'}
[230.360547] (lightning) StderrLine: {'line': b'      |                \x1b[01;35m\x1b[K~~~~~~~~~~~~~~~~~~~~~~~^~~~~~~~~~~~~\x1b[m\x1b[K\n'}
[230.360572] (lightning) StderrLine: {'line': b'\x1b[01m\x1b[K/home/kepler/Documents/Codex/2026-08-14/microsoft-visual-studio-code-stable-vs/outputs/lightning_lm_ws/src/lightning-lm/src/core/lio/imu_filter.h:\x1b[m\x1b[K In member function \xe2\x80\x98\x1b[01m\x1b[Kdouble lightning::IMUFilter::detectAndRemoveSpike(double, std::deque<double>&, int)\x1b[m\x1b[K\xe2\x80\x99:\n'}
[230.360599] (lightning) StderrLine: {'line': b'\x1b[01m\x1b[K/home/kepler/Documents/Codex/2026-08-14/microsoft-visual-studio-code-stable-vs/outputs/lightning_lm_ws/src/lightning-lm/src/core/lio/imu_filter.h:123:28:\x1b[m\x1b[K \x1b[01;35m\x1b[Kwarning: \x1b[m\x1b[Kcomparison of integer expressions of different signedness: \xe2\x80\x98\x1b[01m\x1b[Kstd::deque<double>::size_type\x1b[m\x1b[K\xe2\x80\x99 {aka \xe2\x80\x98\x1b[01m\x1b[Klong unsigned int\x1b[m\x1b[K\xe2\x80\x99} and \xe2\x80\x98\x1b[01m\x1b[Kint\x1b[m\x1b[K\xe2\x80\x99 [\x1b[01;35m\x1b[K\x1b]8;;https://gcc.gnu.org/onlinedocs/gcc/Warning-Options.html#index-Wsign-compare\x07-Wsign-compare\x1b]8;;\x07\x1b[m\x1b[K]\n'}
[230.360626] (lightning) StderrLine: {'line': b'  123 |         if (\x1b[01;35m\x1b[Khistory.size() < config_.median_window_size\x1b[m\x1b[K) {\n'}
[230.360650] (lightning) StderrLine: {'line': b'      |             \x1b[01;35m\x1b[K~~~~~~~~~~~~~~~^~~~~~~~~~~~~~~~~~~~~~~~~~~~\x1b[m\x1b[K\n'}
[230.361158] (lightning) StderrLine: {'line': b'In file included from \x1b[01m\x1b[K/home/kepler/Documents/Codex/2026-08-14/microsoft-visual-studio-code-stable-vs/outputs/lightning_lm_ws/src/lightning-lm/src/core/lio/imu_processing.hpp:18\x1b[m\x1b[K,\n'}
[230.361234] (lightning) StderrLine: {'line': b'                 from \x1b[01m\x1b[K/home/kepler/Documents/Codex/2026-08-14/microsoft-visual-studio-code-stable-vs/outputs/lightning_lm_ws/src/lightning-lm/src/core/lio/laser_mapping.h:15\x1b[m\x1b[K,\n'}
[230.361273] (lightning) StderrLine: {'line': b'                 from \x1b[01m\x1b[K/home/kepler/Documents/Codex/2026-08-14/microsoft-visual-studio-code-stable-vs/outputs/lightning_lm_ws/src/lightning-lm/src/core/localization/localization.h:7\x1b[m\x1b[K,\n'}
[230.361305] (lightning) StderrLine: {'line': b'                 from \x1b[01m\x1b[K/home/kepler/Documents/Codex/2026-08-14/microsoft-visual-studio-code-stable-vs/outputs/lightning_lm_ws/src/lightning-lm/src/core/system/loc_system.cc:6\x1b[m\x1b[K:\n'}
[230.361464] (lightning) StderrLine: {'line': b'\x1b[01m\x1b[K/home/kepler/Documents/Codex/2026-08-14/microsoft-visual-studio-code-stable-vs/outputs/lightning_lm_ws/src/lightning-lm/src/core/lio/imu_filter.h:\x1b[m\x1b[K In member function \xe2\x80\x98\x1b[01m\x1b[Kdouble lightning::IMUFilter::medianFilter(double, std::deque<double>&)\x1b[m\x1b[K\xe2\x80\x99:\n'}
[230.361510] (lightning) StderrLine: {'line': b'\x1b[01m\x1b[K/home/kepler/Documents/Codex/2026-08-14/microsoft-visual-studio-code-stable-vs/outputs/lightning_lm_ws/src/lightning-lm/src/core/lio/imu_filter.h:152:28:\x1b[m\x1b[K \x1b[01;35m\x1b[Kwarning: \x1b[m\x1b[Kcomparison of integer expressions of different signedness: \xe2\x80\x98\x1b[01m\x1b[Kstd::deque<double>::size_type\x1b[m\x1b[K\xe2\x80\x99 {aka \xe2\x80\x98\x1b[01m\x1b[Klong unsigned int\x1b[m\x1b[K\xe2\x80\x99} and \xe2\x80\x98\x1b[01m\x1b[Kint\x1b[m\x1b[K\xe2\x80\x99 [\x1b[01;35m\x1b[K\x1b]8;;https://gcc.gnu.org/onlinedocs/gcc/Warning-Options.html#index-Wsign-compare\x07-Wsign-compare\x1b]8;;\x07\x1b[m\x1b[K]\n'}
[230.361544] (lightning) StderrLine: {'line': b'  152 |         if (\x1b[01;35m\x1b[Khistory.size() < config_.median_window_size\x1b[m\x1b[K) {\n'}
[230.361572] (lightning) StderrLine: {'line': b'      |             \x1b[01;35m\x1b[K~~~~~~~~~~~~~~~^~~~~~~~~~~~~~~~~~~~~~~~~~~~\x1b[m\x1b[K\n'}
[230.361599] (lightning) StderrLine: {'line': b'\x1b[01m\x1b[K/home/kepler/Documents/Codex/2026-08-14/microsoft-visual-studio-code-stable-vs/outputs/lightning_lm_ws/src/lightning-lm/src/core/lio/imu_filter.h:\x1b[m\x1b[K In member function \xe2\x80\x98\x1b[01m\x1b[Kdouble lightning::IMUFilter::movingAverage(double, std::deque<double>&)\x1b[m\x1b[K\xe2\x80\x99:\n'}
[230.361626] (lightning) StderrLine: {'line': b'\x1b[01m\x1b[K/home/kepler/Documents/Codex/2026-08-14/microsoft-visual-studio-code-stable-vs/outputs/lightning_lm_ws/src/lightning-lm/src/core/lio/imu_filter.h:164:28:\x1b[m\x1b[K \x1b[01;35m\x1b[Kwarning: \x1b[m\x1b[Kcomparison of integer expressions of different signedness: \xe2\x80\x98\x1b[01m\x1b[Kstd::deque<double>::size_type\x1b[m\x1b[K\xe2\x80\x99 {aka \xe2\x80\x98\x1b[01m\x1b[Klong unsigned int\x1b[m\x1b[K\xe2\x80\x99} and \xe2\x80\x98\x1b[01m\x1b[Kint\x1b[m\x1b[K\xe2\x80\x99 [\x1b[01;35m\x1b[K\x1b]8;;https://gcc.gnu.org/onlinedocs/gcc/Warning-Options.html#index-Wsign-compare\x07-Wsign-compare\x1b]8;;\x07\x1b[m\x1b[K]\n'}
[230.361653] (lightning) StderrLine: {'line': b'  164 |         if (\x1b[01;35m\x1b[Khistory.size() < config_.moving_avg_window\x1b[m\x1b[K) {\n'}
[230.361679] (lightning) StderrLine: {'line': b'      |             \x1b[01;35m\x1b[K~~~~~~~~~~~~~~~^~~~~~~~~~~~~~~~~~~~~~~~~~~\x1b[m\x1b[K\n'}
[230.361748] (lightning) StderrLine: {'line': b'\x1b[01m\x1b[K/home/kepler/Documents/Codex/2026-08-14/microsoft-visual-studio-code-stable-vs/outputs/lightning_lm_ws/src/lightning-lm/src/core/lio/imu_filter.h:\x1b[m\x1b[K In member function \xe2\x80\x98\x1b[01m\x1b[Kvoid lightning::IMUFilter::updateStatistics(const lightning::IMU&)\x1b[m\x1b[K\xe2\x80\x99:\n'}
[230.361784] (lightning) StderrLine: {'line': b'\x1b[01m\x1b[K/home/kepler/Documents/Codex/2026-08-14/microsoft-visual-studio-code-stable-vs/outputs/lightning_lm_ws/src/lightning-lm/src/core/lio/imu_filter.h:200:20:\x1b[m\x1b[K \x1b[01;35m\x1b[Kwarning: \x1b[m\x1b[Kunused variable \xe2\x80\x98\x1b[01m\x1b[Kprev_mean\x1b[m\x1b[K\xe2\x80\x99 [\x1b[01;35m\x1b[K\x1b]8;;https://gcc.gnu.org/onlinedocs/gcc/Warning-Options.html#index-Wunused-variable\x07-Wunused-variable\x1b]8;;\x07\x1b[m\x1b[K]\n'}
[230.361813] (lightning) StderrLine: {'line': b'  200 |             double \x1b[01;35m\x1b[Kprev_mean\x1b[m\x1b[K[3] = {gyro_mean_[0], gyro_mean_[1], gyro_mean_[2]};\n'}
[230.361840] (lightning) StderrLine: {'line': b'      |                    \x1b[01;35m\x1b[K^~~~~~~~~\x1b[m\x1b[K\n'}
[230.423316] (-) TimerEvent: {}
[230.523572] (-) TimerEvent: {}
[230.623828] (-) TimerEvent: {}
[230.724085] (-) TimerEvent: {}
[230.824365] (-) TimerEvent: {}
[230.924620] (-) TimerEvent: {}
[231.024855] (-) TimerEvent: {}
[231.125196] (-) TimerEvent: {}
[231.225445] (-) TimerEvent: {}
[231.325706] (-) TimerEvent: {}
[231.425953] (-) TimerEvent: {}
[231.526180] (-) TimerEvent: {}
[231.626405] (-) TimerEvent: {}
[231.726717] (-) TimerEvent: {}
[231.826963] (-) TimerEvent: {}
[231.927262] (-) TimerEvent: {}
[232.027540] (-) TimerEvent: {}
[232.127860] (-) TimerEvent: {}
[232.228107] (-) TimerEvent: {}
[232.328419] (-) TimerEvent: {}
[232.428704] (-) TimerEvent: {}
[232.528996] (-) TimerEvent: {}
[232.629411] (-) TimerEvent: {}
[232.729665] (-) TimerEvent: {}
[232.829900] (-) TimerEvent: {}
[232.930213] (-) TimerEvent: {}
[233.030505] (-) TimerEvent: {}
[233.130796] (-) TimerEvent: {}
[233.231159] (-) TimerEvent: {}
[233.331409] (-) TimerEvent: {}
[233.431684] (-) TimerEvent: {}
[233.531969] (-) TimerEvent: {}
[233.632241] (-) TimerEvent: {}
[233.732479] (-) TimerEvent: {}
[233.832720] (-) TimerEvent: {}
[233.932953] (-) TimerEvent: {}
[234.033249] (-) TimerEvent: {}
[234.133519] (-) TimerEvent: {}
[234.233792] (-) TimerEvent: {}
[234.334076] (-) TimerEvent: {}
[234.434298] (-) TimerEvent: {}
[234.534499] (-) TimerEvent: {}
[234.634737] (-) TimerEvent: {}
[234.735062] (-) TimerEvent: {}
[234.835292] (-) TimerEvent: {}
[234.935493] (-) TimerEvent: {}
[235.035726] (-) TimerEvent: {}
[235.135990] (-) TimerEvent: {}
[235.236228] (-) TimerEvent: {}
[235.336459] (-) TimerEvent: {}
[235.436702] (-) TimerEvent: {}
[235.536945] (-) TimerEvent: {}
[235.637170] (-) TimerEvent: {}
[235.737406] (-) TimerEvent: {}
[235.837692] (-) TimerEvent: {}
[235.937924] (-) TimerEvent: {}
[236.038155] (-) TimerEvent: {}
[236.138402] (-) TimerEvent: {}
[236.238636] (-) TimerEvent: {}
[236.338883] (-) TimerEvent: {}
[236.439054] (-) TimerEvent: {}
[236.539378] (-) TimerEvent: {}
[236.639655] (-) TimerEvent: {}
[236.740032] (-) TimerEvent: {}
[236.840325] (-) TimerEvent: {}
[236.940656] (-) TimerEvent: {}
[237.040999] (-) TimerEvent: {}
[237.141312] (-) TimerEvent: {}
[237.241656] (-) TimerEvent: {}
[237.342149] (-) TimerEvent: {}
[237.442450] (-) TimerEvent: {}
[237.542718] (-) TimerEvent: {}
[237.643023] (-) TimerEvent: {}
[237.743374] (-) TimerEvent: {}
[237.843637] (-) TimerEvent: {}
[237.943878] (-) TimerEvent: {}
[238.044090] (-) TimerEvent: {}
[238.144295] (-) TimerEvent: {}
[238.244482] (-) TimerEvent: {}
[238.344708] (-) TimerEvent: {}
[238.444956] (-) TimerEvent: {}
[238.545268] (-) TimerEvent: {}
[238.645584] (-) TimerEvent: {}
[238.745844] (-) TimerEvent: {}
[238.846048] (-) TimerEvent: {}
[238.946251] (-) TimerEvent: {}
[239.046487] (-) TimerEvent: {}
[239.146744] (-) TimerEvent: {}
[239.246986] (-) TimerEvent: {}
[239.347204] (-) TimerEvent: {}
[239.447458] (-) TimerEvent: {}
[239.547711] (-) TimerEvent: {}
[239.647971] (-) TimerEvent: {}
[239.748206] (-) TimerEvent: {}
[239.848504] (-) TimerEvent: {}
[239.948788] (-) TimerEvent: {}
[240.049045] (-) TimerEvent: {}
[240.149311] (-) TimerEvent: {}
[240.249667] (-) TimerEvent: {}
[240.349928] (-) TimerEvent: {}
[240.450156] (-) TimerEvent: {}
[240.550374] (-) TimerEvent: {}
[240.650668] (-) TimerEvent: {}
[240.750940] (-) TimerEvent: {}
[240.851183] (-) TimerEvent: {}
[240.951431] (-) TimerEvent: {}
[241.051675] (-) TimerEvent: {}
[241.151949] (-) TimerEvent: {}
[241.252241] (-) TimerEvent: {}
[241.352466] (-) TimerEvent: {}
[241.452716] (-) TimerEvent: {}
[241.552931] (-) TimerEvent: {}
[241.653246] (-) TimerEvent: {}
[241.753525] (-) TimerEvent: {}
[241.853824] (-) TimerEvent: {}
[241.954082] (-) TimerEvent: {}
[242.054341] (-) TimerEvent: {}
[242.154665] (-) TimerEvent: {}
[242.161797] (lightning) StdoutLine: {'line': b'[ 80%] \x1b[32mBuilding CXX object src/CMakeFiles/lightning.libs.dir/wrapper/bag_io.cc.o\x1b[0m\n'}
[242.254753] (-) TimerEvent: {}
[242.354993] (-) TimerEvent: {}
[242.455222] (-) TimerEvent: {}
[242.555535] (-) TimerEvent: {}
[242.655887] (-) TimerEvent: {}
[242.756063] (-) TimerEvent: {}
[242.856280] (-) TimerEvent: {}
[242.956532] (-) TimerEvent: {}
[243.056745] (-) TimerEvent: {}
[243.157005] (-) TimerEvent: {}
[243.257231] (-) TimerEvent: {}
[243.357478] (-) TimerEvent: {}
[243.457737] (-) TimerEvent: {}
[243.558027] (-) TimerEvent: {}
[243.658280] (-) TimerEvent: {}
[243.758588] (-) TimerEvent: {}
[243.858832] (-) TimerEvent: {}
[243.959061] (-) TimerEvent: {}
[244.059292] (-) TimerEvent: {}
[244.159556] (-) TimerEvent: {}
[244.259837] (-) TimerEvent: {}
[244.360164] (-) TimerEvent: {}
[244.460408] (-) TimerEvent: {}
[244.560703] (-) TimerEvent: {}
[244.660973] (-) TimerEvent: {}
[244.761321] (-) TimerEvent: {}
[244.861661] (-) TimerEvent: {}
[244.961970] (-) TimerEvent: {}
[245.062272] (-) TimerEvent: {}
[245.162535] (-) TimerEvent: {}
[245.262837] (-) TimerEvent: {}
[245.363130] (-) TimerEvent: {}
[245.463499] (-) TimerEvent: {}
[245.563836] (-) TimerEvent: {}
[245.664085] (-) TimerEvent: {}
[245.764334] (-) TimerEvent: {}
[245.774814] (lightning) StderrLine: {'line': b'In file included from \x1b[01m\x1b[K/home/kepler/Documents/Codex/2026-08-14/microsoft-visual-studio-code-stable-vs/outputs/lightning_lm_ws/src/lightning-lm/src/core/lightning_math.hpp:22\x1b[m\x1b[K,\n'}
[245.774927] (lightning) StderrLine: {'line': b'                 from \x1b[01m\x1b[K/home/kepler/Documents/Codex/2026-08-14/microsoft-visual-studio-code-stable-vs/outputs/lightning_lm_ws/src/lightning-lm/src/wrapper/bag_io.h:25\x1b[m\x1b[K,\n'}
[245.774963] (lightning) StderrLine: {'line': b'                 from \x1b[01m\x1b[K/home/kepler/Documents/Codex/2026-08-14/microsoft-visual-studio-code-stable-vs/outputs/lightning_lm_ws/src/lightning-lm/src/wrapper/bag_io.cc:5\x1b[m\x1b[K:\n'}
[245.774993] (lightning) StderrLine: {'line': b'\x1b[01m\x1b[K/home/kepler/Documents/Codex/2026-08-14/microsoft-visual-studio-code-stable-vs/outputs/lightning_lm_ws/src/lightning-lm/src/common/options.h:\x1b[m\x1b[K In function \xe2\x80\x98\x1b[01m\x1b[Kvoid lightning::debug::SigHandle(int)\x1b[m\x1b[K\xe2\x80\x99:\n'}
[245.775043] (lightning) StderrLine: {'line': b'\x1b[01m\x1b[K/home/kepler/Documents/Codex/2026-08-14/microsoft-visual-studio-code-stable-vs/outputs/lightning_lm_ws/src/lightning-lm/src/common/options.h:27:27:\x1b[m\x1b[K \x1b[01;35m\x1b[Kwarning: \x1b[m\x1b[Kunused parameter \xe2\x80\x98\x1b[01m\x1b[Ksig\x1b[m\x1b[K\xe2\x80\x99 [\x1b[01;35m\x1b[K\x1b]8;;https://gcc.gnu.org/onlinedocs/gcc/Warning-Options.html#index-Wunused-parameter\x07-Wunused-parameter\x1b]8;;\x07\x1b[m\x1b[K]\n'}
[245.775077] (lightning) StderrLine: {'line': b'   27 | inline void SigHandle(\x1b[01;35m\x1b[Kint sig\x1b[m\x1b[K) {\n'}
[245.775104] (lightning) StderrLine: {'line': b'      |                       \x1b[01;35m\x1b[K~~~~^~~\x1b[m\x1b[K\n'}
[245.864448] (-) TimerEvent: {}
[245.964690] (-) TimerEvent: {}
[246.064972] (-) TimerEvent: {}
[246.135257] (lightning) StderrLine: {'line': b'In file included from \x1b[01m\x1b[K/home/kepler/Documents/Codex/2026-08-14/microsoft-visual-studio-code-stable-vs/outputs/lightning_lm_ws/src/lightning-lm/src/wrapper/bag_io.cc:5\x1b[m\x1b[K:\n'}
[246.135382] (lightning) StderrLine: {'line': b'\x1b[01m\x1b[K/home/kepler/Documents/Codex/2026-08-14/microsoft-visual-studio-code-stable-vs/outputs/lightning_lm_ws/src/lightning-lm/src/wrapper/bag_io.h:\x1b[m\x1b[K In constructor \xe2\x80\x98\x1b[01m\x1b[Klightning::RosbagIO::RosbagIO(std::string, lightning::DatasetType)\x1b[m\x1b[K\xe2\x80\x99:\n'}
[246.135420] (lightning) StderrLine: {'line': b'\x1b[01m\x1b[K/home/kepler/Documents/Codex/2026-08-14/microsoft-visual-studio-code-stable-vs/outputs/lightning_lm_ws/src/lightning-lm/src/wrapper/bag_io.h:38:57:\x1b[m\x1b[K \x1b[01;35m\x1b[Kwarning: \x1b[m\x1b[Kunused parameter \xe2\x80\x98\x1b[01m\x1b[Kdataset_type\x1b[m\x1b[K\xe2\x80\x99 [\x1b[01;35m\x1b[K\x1b]8;;https://gcc.gnu.org/onlinedocs/gcc/Warning-Options.html#index-Wunused-parameter\x07-Wunused-parameter\x1b]8;;\x07\x1b[m\x1b[K]\n'}
[246.135451] (lightning) StderrLine: {'line': b'   38 |     explicit RosbagIO(std::string bag_file, \x1b[01;35m\x1b[KDatasetType dataset_type = DatasetType::NCLT\x1b[m\x1b[K)\n'}
[246.135480] (lightning) StderrLine: {'line': b'      |                                             \x1b[01;35m\x1b[K~~~~~~~~~~~~^~~~~~~~~~~~~~~~~~~~~~~~~~~~~~~~\x1b[m\x1b[K\n'}
[246.165103] (-) TimerEvent: {}
[246.265338] (-) TimerEvent: {}
[246.365621] (-) TimerEvent: {}
[246.465902] (-) TimerEvent: {}
[246.566181] (-) TimerEvent: {}
[246.666439] (-) TimerEvent: {}
[246.766724] (-) TimerEvent: {}
[246.867019] (-) TimerEvent: {}
[246.967261] (-) TimerEvent: {}
[247.067517] (-) TimerEvent: {}
[247.167839] (-) TimerEvent: {}
[247.268145] (-) TimerEvent: {}
[247.368398] (-) TimerEvent: {}
[247.468648] (-) TimerEvent: {}
[247.568924] (-) TimerEvent: {}
[247.669214] (-) TimerEvent: {}
[247.769484] (-) TimerEvent: {}
[247.869743] (-) TimerEvent: {}
[247.970019] (-) TimerEvent: {}
[248.070289] (-) TimerEvent: {}
[248.170560] (-) TimerEvent: {}
[248.270814] (-) TimerEvent: {}
[248.371085] (-) TimerEvent: {}
[248.471330] (-) TimerEvent: {}
[248.571584] (-) TimerEvent: {}
[248.671875] (-) TimerEvent: {}
[248.772138] (-) TimerEvent: {}
[248.872461] (-) TimerEvent: {}
[248.972751] (-) TimerEvent: {}
[249.073132] (-) TimerEvent: {}
[249.173391] (-) TimerEvent: {}
[249.273611] (-) TimerEvent: {}
[249.373905] (-) TimerEvent: {}
[249.474168] (-) TimerEvent: {}
[249.480607] (lightning) StdoutLine: {'line': b'[ 80%] \x1b[32m\x1b[1mLinking CXX shared library liblightning.libs.so\x1b[0m\n'}
[249.574259] (-) TimerEvent: {}
[249.674501] (-) TimerEvent: {}
[249.774748] (-) TimerEvent: {}
[249.875015] (-) TimerEvent: {}
[249.975357] (-) TimerEvent: {}
[250.075652] (-) TimerEvent: {}
[250.175923] (-) TimerEvent: {}
[250.276215] (-) TimerEvent: {}
[250.376503] (-) TimerEvent: {}
[250.476841] (-) TimerEvent: {}
[250.556370] (lightning) StdoutLine: {'line': b'[ 89%] Built target lightning.libs\n'}
[250.577082] (-) TimerEvent: {}
[250.587286] (lightning) StdoutLine: {'line': b'[ 90%] \x1b[32mBuilding CXX object src/app/CMakeFiles/run_frontend_offline.dir/run_frontend_offline.cc.o\x1b[0m\n'}
[250.677189] (-) TimerEvent: {}
[250.777447] (-) TimerEvent: {}
[250.877739] (-) TimerEvent: {}
[250.978037] (-) TimerEvent: {}
[251.078475] (-) TimerEvent: {}
[251.178790] (-) TimerEvent: {}
[251.279062] (-) TimerEvent: {}
[251.379277] (-) TimerEvent: {}
[251.479507] (-) TimerEvent: {}
[251.579766] (-) TimerEvent: {}
[251.680033] (-) TimerEvent: {}
[251.780301] (-) TimerEvent: {}
[251.880561] (-) TimerEvent: {}
[251.980806] (-) TimerEvent: {}
[252.081102] (-) TimerEvent: {}
[252.181322] (-) TimerEvent: {}
[252.281562] (-) TimerEvent: {}
[252.381809] (-) TimerEvent: {}
[252.482034] (-) TimerEvent: {}
[252.582308] (-) TimerEvent: {}
[252.682573] (-) TimerEvent: {}
[252.782797] (-) TimerEvent: {}
[252.883042] (-) TimerEvent: {}
[252.955539] (lightning) StderrLine: {'line': b'In file included from \x1b[01m\x1b[K/home/kepler/Documents/Codex/2026-08-14/microsoft-visual-studio-code-stable-vs/outputs/lightning_lm_ws/src/lightning-lm/src/core/g2p5/g2p5.h:9\x1b[m\x1b[K,\n'}
[252.955679] (lightning) StderrLine: {'line': b'                 from \x1b[01m\x1b[K/home/kepler/Documents/Codex/2026-08-14/microsoft-visual-studio-code-stable-vs/outputs/lightning_lm_ws/src/lightning-lm/src/app/run_frontend_offline.cc:8\x1b[m\x1b[K:\n'}
[252.955726] (lightning) StderrLine: {'line': b'\x1b[01m\x1b[K/home/kepler/Documents/Codex/2026-08-14/microsoft-visual-studio-code-stable-vs/outputs/lightning_lm_ws/src/lightning-lm/src/common/keyframe.h:\x1b[m\x1b[K In constructor \xe2\x80\x98\x1b[01m\x1b[Klightning::Keyframe::Keyframe(long unsigned int, lightning::CloudPtr, lightning::NavState)\x1b[m\x1b[K\xe2\x80\x99:\n'}
[252.955758] (lightning) StderrLine: {'line': b'\x1b[01m\x1b[K/home/kepler/Documents/Codex/2026-08-14/microsoft-visual-studio-code-stable-vs/outputs/lightning_lm_ws/src/lightning-lm/src/common/keyframe.h:74:14:\x1b[m\x1b[K \x1b[01;35m\x1b[Kwarning: \x1b[m\x1b[K\xe2\x80\x98\x1b[01m\x1b[Klightning::Keyframe::state_\x1b[m\x1b[K\xe2\x80\x99 will be initialized after [\x1b[01;35m\x1b[K\x1b]8;;https://gcc.gnu.org/onlinedocs/gcc/Warning-Options.html#index-Wreorder\x07-Wreorder\x1b]8;;\x07\x1b[m\x1b[K]\n'}
[252.955789] (lightning) StderrLine: {'line': b'   74 |     NavState \x1b[01;35m\x1b[Kstate_\x1b[m\x1b[K;  // \xe5\x8d\xa1\xe5\xb0\x94\xe6\x9b\xbc\xe6\xbb\xa4\xe6\xb3\xa2\xe5\x99\xa8\xe7\x8a\xb6\xe6\x80\x81\n'}
[252.955816] (lightning) StderrLine: {'line': b'      |              \x1b[01;35m\x1b[K^~~~~~\x1b[m\x1b[K\n'}
[252.955842] (lightning) StderrLine: {'line': b'\x1b[01m\x1b[K/home/kepler/Documents/Codex/2026-08-14/microsoft-visual-studio-code-stable-vs/outputs/lightning_lm_ws/src/lightning-lm/src/common/keyframe.h:71:9:\x1b[m\x1b[K \x1b[01;35m\x1b[Kwarning: \x1b[m\x1b[K  \xe2\x80\x98\x1b[01m\x1b[Klightning::SE3 lightning::Keyframe::pose_lio_\x1b[m\x1b[K\xe2\x80\x99 [\x1b[01;35m\x1b[K\x1b]8;;https://gcc.gnu.org/onlinedocs/gcc/Warning-Options.html#index-Wreorder\x07-Wreorder\x1b]8;;\x07\x1b[m\x1b[K]\n'}
[252.955870] (lightning) StderrLine: {'line': b'   71 |     SE3 \x1b[01;35m\x1b[Kpose_lio_\x1b[m\x1b[K;  // \xe5\x89\x8d\xe7\xab\xaf\xe7\x9a\x84pose\n'}
[252.955896] (lightning) StderrLine: {'line': b'      |         \x1b[01;35m\x1b[K^~~~~~~~~\x1b[m\x1b[K\n'}
[252.955921] (lightning) StderrLine: {'line': b'\x1b[01m\x1b[K/home/kepler/Documents/Codex/2026-08-14/microsoft-visual-studio-code-stable-vs/outputs/lightning_lm_ws/src/lightning-lm/src/common/keyframe.h:22:5:\x1b[m\x1b[K \x1b[01;35m\x1b[Kwarning: \x1b[m\x1b[K  when initialized here [\x1b[01;35m\x1b[K\x1b]8;;https://gcc.gnu.org/onlinedocs/gcc/Warning-Options.html#index-Wreorder\x07-Wreorder\x1b]8;;\x07\x1b[m\x1b[K]\n'}
[252.955948] (lightning) StderrLine: {'line': b'   22 |     \x1b[01;35m\x1b[KKeyframe\x1b[m\x1b[K(unsigned long id, CloudPtr cloud, NavState state)\n'}
[252.955973] (lightning) StderrLine: {'line': b'      |     \x1b[01;35m\x1b[K^~~~~~~~\x1b[m\x1b[K\n'}
[252.983140] (-) TimerEvent: {}
[253.083371] (-) TimerEvent: {}
[253.183650] (-) TimerEvent: {}
[253.283921] (-) TimerEvent: {}
[253.384173] (-) TimerEvent: {}
[253.484458] (-) TimerEvent: {}
[253.584780] (-) TimerEvent: {}
[253.685101] (-) TimerEvent: {}
[253.785354] (-) TimerEvent: {}
[253.885607] (-) TimerEvent: {}
[253.985877] (-) TimerEvent: {}
[254.086193] (-) TimerEvent: {}
[254.186456] (-) TimerEvent: {}
[254.286779] (-) TimerEvent: {}
[254.323444] (lightning) StderrLine: {'line': b'In file included from \x1b[01m\x1b[K/home/kepler/Documents/Codex/2026-08-14/microsoft-visual-studio-code-stable-vs/outputs/lightning_lm_ws/src/lightning-lm/src/core/lio/laser_mapping.h:12\x1b[m\x1b[K,\n'}
[254.323572] (lightning) StderrLine: {'line': b'                 from \x1b[01m\x1b[K/home/kepler/Documents/Codex/2026-08-14/microsoft-visual-studio-code-stable-vs/outputs/lightning_lm_ws/src/lightning-lm/src/app/run_frontend_offline.cc:9\x1b[m\x1b[K:\n'}
[254.323607] (lightning) StderrLine: {'line': b'\x1b[01m\x1b[K/home/kepler/Documents/Codex/2026-08-14/microsoft-visual-studio-code-stable-vs/outputs/lightning_lm_ws/src/lightning-lm/src/common/options.h:\x1b[m\x1b[K In function \xe2\x80\x98\x1b[01m\x1b[Kvoid lightning::debug::SigHandle(int)\x1b[m\x1b[K\xe2\x80\x99:\n'}
[254.323648] (lightning) StderrLine: {'line': b'\x1b[01m\x1b[K/home/kepler/Documents/Codex/2026-08-14/microsoft-visual-studio-code-stable-vs/outputs/lightning_lm_ws/src/lightning-lm/src/common/options.h:27:27:\x1b[m\x1b[K \x1b[01;35m\x1b[Kwarning: \x1b[m\x1b[Kunused parameter \xe2\x80\x98\x1b[01m\x1b[Ksig\x1b[m\x1b[K\xe2\x80\x99 [\x1b[01;35m\x1b[K\x1b]8;;https://gcc.gnu.org/onlinedocs/gcc/Warning-Options.html#index-Wunused-parameter\x07-Wunused-parameter\x1b]8;;\x07\x1b[m\x1b[K]\n'}
[254.323682] (lightning) StderrLine: {'line': b'   27 | inline void SigHandle(\x1b[01;35m\x1b[Kint sig\x1b[m\x1b[K) {\n'}
[254.323710] (lightning) StderrLine: {'line': b'      |                       \x1b[01;35m\x1b[K~~~~^~~\x1b[m\x1b[K\n'}
[254.386925] (-) TimerEvent: {}
[254.487186] (-) TimerEvent: {}
[254.587506] (-) TimerEvent: {}
[254.687783] (-) TimerEvent: {}
[254.788053] (-) TimerEvent: {}
[254.838615] (lightning) StderrLine: {'line': b'In file included from \x1b[01m\x1b[K/home/kepler/Documents/Codex/2026-08-14/microsoft-visual-studio-code-stable-vs/outputs/lightning_lm_ws/src/lightning-lm/src/core/lio/imu_processing.hpp:18\x1b[m\x1b[K,\n'}
[254.838760] (lightning) StderrLine: {'line': b'                 from \x1b[01m\x1b[K/home/kepler/Documents/Codex/2026-08-14/microsoft-visual-studio-code-stable-vs/outputs/lightning_lm_ws/src/lightning-lm/src/core/lio/laser_mapping.h:15\x1b[m\x1b[K,\n'}
[254.838798] (lightning) StderrLine: {'line': b'                 from \x1b[01m\x1b[K/home/kepler/Documents/Codex/2026-08-14/microsoft-visual-studio-code-stable-vs/outputs/lightning_lm_ws/src/lightning-lm/src/app/run_frontend_offline.cc:9\x1b[m\x1b[K:\n'}
[254.838827] (lightning) StderrLine: {'line': b'\x1b[01m\x1b[K/home/kepler/Documents/Codex/2026-08-14/microsoft-visual-studio-code-stable-vs/outputs/lightning_lm_ws/src/lightning-lm/src/core/lio/imu_filter.h:\x1b[m\x1b[K In member function \xe2\x80\x98\x1b[01m\x1b[Kdouble lightning::IMUFilter::processAxis(double, std::deque<double>&, int)\x1b[m\x1b[K\xe2\x80\x99:\n'}
[254.838858] (lightning) StderrLine: {'line': b'\x1b[01m\x1b[K/home/kepler/Documents/Codex/2026-08-14/microsoft-visual-studio-code-stable-vs/outputs/lightning_lm_ws/src/lightning-lm/src/core/lio/imu_filter.h:92:28:\x1b[m\x1b[K \x1b[01;35m\x1b[Kwarning: \x1b[m\x1b[Kcomparison of integer expressions of different signedness: \xe2\x80\x98\x1b[01m\x1b[Kstd::deque<double>::size_type\x1b[m\x1b[K\xe2\x80\x99 {aka \xe2\x80\x98\x1b[01m\x1b[Klong unsigned int\x1b[m\x1b[K\xe2\x80\x99} and \xe2\x80\x98\x1b[01m\x1b[Kint\x1b[m\x1b[K\xe2\x80\x99 [\x1b[01;35m\x1b[K\x1b]8;;https://gcc.gnu.org/onlinedocs/gcc/Warning-Options.html#index-Wsign-compare\x07-Wsign-compare\x1b]8;;\x07\x1b[m\x1b[K]\n'}
[254.838890] (lightning) StderrLine: {'line': b'   92 |         if (\x1b[01;35m\x1b[Khistory.size() >= config_.median_window_size\x1b[m\x1b[K && sample_count_ > 100) {\n'}
[254.838918] (lightning) StderrLine: {'line': b'      |             \x1b[01;35m\x1b[K~~~~~~~~~~~~~~~^~~~~~~~~~~~~~~~~~~~~~~~~~~~~\x1b[m\x1b[K\n'}
[254.838945] (lightning) StderrLine: {'line': b'\x1b[01m\x1b[K/home/kepler/Documents/Codex/2026-08-14/microsoft-visual-studio-code-stable-vs/outputs/lightning_lm_ws/src/lightning-lm/src/core/lio/imu_filter.h:\x1b[m\x1b[K In member function \xe2\x80\x98\x1b[01m\x1b[Kvoid lightning::IMUFilter::updateBuffer(const lightning::IMU&)\x1b[m\x1b[K\xe2\x80\x99:\n'}
[254.838973] (lightning) StderrLine: {'line': b'\x1b[01m\x1b[K/home/kepler/Documents/Codex/2026-08-14/microsoft-visual-studio-code-stable-vs/outputs/lightning_lm_ws/src/lightning-lm/src/core/lio/imu_filter.h:114:39:\x1b[m\x1b[K \x1b[01;35m\x1b[Kwarning: \x1b[m\x1b[Kcomparison of integer expressions of different signedness: \xe2\x80\x98\x1b[01m\x1b[Kstd::deque<double>::size_type\x1b[m\x1b[K\xe2\x80\x99 {aka \xe2\x80\x98\x1b[01m\x1b[Klong unsigned int\x1b[m\x1b[K\xe2\x80\x99} and \xe2\x80\x98\x1b[01m\x1b[Kint\x1b[m\x1b[K\xe2\x80\x99 [\x1b[01;35m\x1b[K\x1b]8;;https://gcc.gnu.org/onlinedocs/gcc/Warning-Options.html#index-Wsign-compare\x07-Wsign-compare\x1b]8;;\x07\x1b[m\x1b[K]\n'}
[254.839001] (lightning) StderrLine: {'line': b'  114 |         while (\x1b[01;35m\x1b[Kgyro_x_history_.size() > max_history\x1b[m\x1b[K) {\n'}
[254.839035] (lightning) StderrLine: {'line': b'      |                \x1b[01;35m\x1b[K~~~~~~~~~~~~~~~~~~~~~~~^~~~~~~~~~~~~\x1b[m\x1b[K\n'}
[254.839064] (lightning) StderrLine: {'line': b'\x1b[01m\x1b[K/home/kepler/Documents/Codex/2026-08-14/microsoft-visual-studio-code-stable-vs/outputs/lightning_lm_ws/src/lightning-lm/src/core/lio/imu_filter.h:\x1b[m\x1b[K In member function \xe2\x80\x98\x1b[01m\x1b[Kdouble lightning::IMUFilter::detectAndRemoveSpike(double, std::deque<double>&, int)\x1b[m\x1b[K\xe2\x80\x99:\n'}
[254.839090] (lightning) StderrLine: {'line': b'\x1b[01m\x1b[K/home/kepler/Documents/Codex/2026-08-14/microsoft-visual-studio-code-stable-vs/outputs/lightning_lm_ws/src/lightning-lm/src/core/lio/imu_filter.h:123:28:\x1b[m\x1b[K \x1b[01;35m\x1b[Kwarning: \x1b[m\x1b[Kcomparison of integer expressions of different signedness: \xe2\x80\x98\x1b[01m\x1b[Kstd::deque<double>::size_type\x1b[m\x1b[K\xe2\x80\x99 {aka \xe2\x80\x98\x1b[01m\x1b[Klong unsigned int\x1b[m\x1b[K\xe2\x80\x99} and \xe2\x80\x98\x1b[01m\x1b[Kint\x1b[m\x1b[K\xe2\x80\x99 [\x1b[01;35m\x1b[K\x1b]8;;https://gcc.gnu.org/onlinedocs/gcc/Warning-Options.html#index-Wsign-compare\x07-Wsign-compare\x1b]8;;\x07\x1b[m\x1b[K]\n'}
[254.839120] (lightning) StderrLine: {'line': b'  123 |         if (\x1b[01;35m\x1b[Khistory.size() < config_.median_window_size\x1b[m\x1b[K) {\n'}
[254.839146] (lightning) StderrLine: {'line': b'      |             \x1b[01;35m\x1b[K~~~~~~~~~~~~~~~^~~~~~~~~~~~~~~~~~~~~~~~~~~~\x1b[m\x1b[K\n'}
[254.839641] (lightning) StderrLine: {'line': b'In file included from \x1b[01m\x1b[K/home/kepler/Documents/Codex/2026-08-14/microsoft-visual-studio-code-stable-vs/outputs/lightning_lm_ws/src/lightning-lm/src/core/lio/imu_processing.hpp:18\x1b[m\x1b[K,\n'}
[254.839724] (lightning) StderrLine: {'line': b'                 from \x1b[01m\x1b[K/home/kepler/Documents/Codex/2026-08-14/microsoft-visual-studio-code-stable-vs/outputs/lightning_lm_ws/src/lightning-lm/src/core/lio/laser_mapping.h:15\x1b[m\x1b[K,\n'}
[254.839762] (lightning) StderrLine: {'line': b'                 from \x1b[01m\x1b[K/home/kepler/Documents/Codex/2026-08-14/microsoft-visual-studio-code-stable-vs/outputs/lightning_lm_ws/src/lightning-lm/src/app/run_frontend_offline.cc:9\x1b[m\x1b[K:\n'}
[254.839794] (lightning) StderrLine: {'line': b'\x1b[01m\x1b[K/home/kepler/Documents/Codex/2026-08-14/microsoft-visual-studio-code-stable-vs/outputs/lightning_lm_ws/src/lightning-lm/src/core/lio/imu_filter.h:\x1b[m\x1b[K In member function \xe2\x80\x98\x1b[01m\x1b[Kdouble lightning::IMUFilter::medianFilter(double, std::deque<double>&)\x1b[m\x1b[K\xe2\x80\x99:\n'}
[254.839874] (lightning) StderrLine: {'line': b'\x1b[01m\x1b[K/home/kepler/Documents/Codex/2026-08-14/microsoft-visual-studio-code-stable-vs/outputs/lightning_lm_ws/src/lightning-lm/src/core/lio/imu_filter.h:152:28:\x1b[m\x1b[K \x1b[01;35m\x1b[Kwarning: \x1b[m\x1b[Kcomparison of integer expressions of different signedness: \xe2\x80\x98\x1b[01m\x1b[Kstd::deque<double>::size_type\x1b[m\x1b[K\xe2\x80\x99 {aka \xe2\x80\x98\x1b[01m\x1b[Klong unsigned int\x1b[m\x1b[K\xe2\x80\x99} and \xe2\x80\x98\x1b[01m\x1b[Kint\x1b[m\x1b[K\xe2\x80\x99 [\x1b[01;35m\x1b[K\x1b]8;;https://gcc.gnu.org/onlinedocs/gcc/Warning-Options.html#index-Wsign-compare\x07-Wsign-compare\x1b]8;;\x07\x1b[m\x1b[K]\n'}
[254.839905] (lightning) StderrLine: {'line': b'  152 |         if (\x1b[01;35m\x1b[Khistory.size() < config_.median_window_size\x1b[m\x1b[K) {\n'}
[254.839933] (lightning) StderrLine: {'line': b'      |             \x1b[01;35m\x1b[K~~~~~~~~~~~~~~~^~~~~~~~~~~~~~~~~~~~~~~~~~~~\x1b[m\x1b[K\n'}
[254.839963] (lightning) StderrLine: {'line': b'\x1b[01m\x1b[K/home/kepler/Documents/Codex/2026-08-14/microsoft-visual-studio-code-stable-vs/outputs/lightning_lm_ws/src/lightning-lm/src/core/lio/imu_filter.h:\x1b[m\x1b[K In member function \xe2\x80\x98\x1b[01m\x1b[Kdouble lightning::IMUFilter::movingAverage(double, std::deque<double>&)\x1b[m\x1b[K\xe2\x80\x99:\n'}
[254.839990] (lightning) StderrLine: {'line': b'\x1b[01m\x1b[K/home/kepler/Documents/Codex/2026-08-14/microsoft-visual-studio-code-stable-vs/outputs/lightning_lm_ws/src/lightning-lm/src/core/lio/imu_filter.h:164:28:\x1b[m\x1b[K \x1b[01;35m\x1b[Kwarning: \x1b[m\x1b[Kcomparison of integer expressions of different signedness: \xe2\x80\x98\x1b[01m\x1b[Kstd::deque<double>::size_type\x1b[m\x1b[K\xe2\x80\x99 {aka \xe2\x80\x98\x1b[01m\x1b[Klong unsigned int\x1b[m\x1b[K\xe2\x80\x99} and \xe2\x80\x98\x1b[01m\x1b[Kint\x1b[m\x1b[K\xe2\x80\x99 [\x1b[01;35m\x1b[K\x1b]8;;https://gcc.gnu.org/onlinedocs/gcc/Warning-Options.html#index-Wsign-compare\x07-Wsign-compare\x1b]8;;\x07\x1b[m\x1b[K]\n'}
[254.840029] (lightning) StderrLine: {'line': b'  164 |         if (\x1b[01;35m\x1b[Khistory.size() < config_.moving_avg_window\x1b[m\x1b[K) {\n'}
[254.840056] (lightning) StderrLine: {'line': b'      |             \x1b[01;35m\x1b[K~~~~~~~~~~~~~~~^~~~~~~~~~~~~~~~~~~~~~~~~~~\x1b[m\x1b[K\n'}
[254.840184] (lightning) StderrLine: {'line': b'\x1b[01m\x1b[K/home/kepler/Documents/Codex/2026-08-14/microsoft-visual-studio-code-stable-vs/outputs/lightning_lm_ws/src/lightning-lm/src/core/lio/imu_filter.h:\x1b[m\x1b[K In member function \xe2\x80\x98\x1b[01m\x1b[Kvoid lightning::IMUFilter::updateStatistics(const lightning::IMU&)\x1b[m\x1b[K\xe2\x80\x99:\n'}
[254.840249] (lightning) StderrLine: {'line': b'\x1b[01m\x1b[K/home/kepler/Documents/Codex/2026-08-14/microsoft-visual-studio-code-stable-vs/outputs/lightning_lm_ws/src/lightning-lm/src/core/lio/imu_filter.h:200:20:\x1b[m\x1b[K \x1b[01;35m\x1b[Kwarning: \x1b[m\x1b[Kunused variable \xe2\x80\x98\x1b[01m\x1b[Kprev_mean\x1b[m\x1b[K\xe2\x80\x99 [\x1b[01;35m\x1b[K\x1b]8;;https://gcc.gnu.org/onlinedocs/gcc/Warning-Options.html#index-Wunused-variable\x07-Wunused-variable\x1b]8;;\x07\x1b[m\x1b[K]\n'}
[254.840286] (lightning) StderrLine: {'line': b'  200 |             double \x1b[01;35m\x1b[Kprev_mean\x1b[m\x1b[K[3] = {gyro_mean_[0], gyro_mean_[1], gyro_mean_[2]};\n'}
[254.840315] (lightning) StderrLine: {'line': b'      |                    \x1b[01;35m\x1b[K^~~~~~~~~\x1b[m\x1b[K\n'}
[254.888153] (-) TimerEvent: {}
[254.988388] (-) TimerEvent: {}
[255.088647] (-) TimerEvent: {}
[255.188921] (-) TimerEvent: {}
[255.289221] (-) TimerEvent: {}
[255.389550] (-) TimerEvent: {}
[255.489845] (-) TimerEvent: {}
[255.590125] (-) TimerEvent: {}
[255.690401] (-) TimerEvent: {}
[255.711336] (lightning) StderrLine: {'line': b'In file included from \x1b[01m\x1b[K/home/kepler/Documents/Codex/2026-08-14/microsoft-visual-studio-code-stable-vs/outputs/lightning_lm_ws/src/lightning-lm/src/app/run_frontend_offline.cc:11\x1b[m\x1b[K:\n'}
[255.711479] (lightning) StderrLine: {'line': b'\x1b[01m\x1b[K/home/kepler/Documents/Codex/2026-08-14/microsoft-visual-studio-code-stable-vs/outputs/lightning_lm_ws/src/lightning-lm/src/wrapper/bag_io.h:\x1b[m\x1b[K In constructor \xe2\x80\x98\x1b[01m\x1b[Klightning::RosbagIO::RosbagIO(std::string, lightning::DatasetType)\x1b[m\x1b[K\xe2\x80\x99:\n'}
[255.711518] (lightning) StderrLine: {'line': b'\x1b[01m\x1b[K/home/kepler/Documents/Codex/2026-08-14/microsoft-visual-studio-code-stable-vs/outputs/lightning_lm_ws/src/lightning-lm/src/wrapper/bag_io.h:38:57:\x1b[m\x1b[K \x1b[01;35m\x1b[Kwarning: \x1b[m\x1b[Kunused parameter \xe2\x80\x98\x1b[01m\x1b[Kdataset_type\x1b[m\x1b[K\xe2\x80\x99 [\x1b[01;35m\x1b[K\x1b]8;;https://gcc.gnu.org/onlinedocs/gcc/Warning-Options.html#index-Wunused-parameter\x07-Wunused-parameter\x1b]8;;\x07\x1b[m\x1b[K]\n'}
[255.711553] (lightning) StderrLine: {'line': b'   38 |     explicit RosbagIO(std::string bag_file, \x1b[01;35m\x1b[KDatasetType dataset_type = DatasetType::NCLT\x1b[m\x1b[K)\n'}
[255.711584] (lightning) StderrLine: {'line': b'      |                                             \x1b[01;35m\x1b[K~~~~~~~~~~~~^~~~~~~~~~~~~~~~~~~~~~~~~~~~~~~~\x1b[m\x1b[K\n'}
[255.790563] (-) TimerEvent: {}
[255.890822] (-) TimerEvent: {}
[255.991144] (-) TimerEvent: {}
[256.091399] (-) TimerEvent: {}
[256.191713] (-) TimerEvent: {}
[256.291943] (-) TimerEvent: {}
[256.392227] (-) TimerEvent: {}
[256.492501] (-) TimerEvent: {}
[256.592818] (-) TimerEvent: {}
[256.693172] (-) TimerEvent: {}
[256.793485] (-) TimerEvent: {}
[256.893854] (-) TimerEvent: {}
[256.994196] (-) TimerEvent: {}
[257.094559] (-) TimerEvent: {}
[257.194907] (-) TimerEvent: {}
[257.295196] (-) TimerEvent: {}
[257.395497] (-) TimerEvent: {}
[257.495822] (-) TimerEvent: {}
[257.596099] (-) TimerEvent: {}
[257.696389] (-) TimerEvent: {}
[257.796690] (-) TimerEvent: {}
[257.896961] (-) TimerEvent: {}
[257.997237] (-) TimerEvent: {}
[258.097597] (-) TimerEvent: {}
[258.197903] (-) TimerEvent: {}
[258.298189] (-) TimerEvent: {}
[258.398497] (-) TimerEvent: {}
[258.498855] (-) TimerEvent: {}
[258.599197] (-) TimerEvent: {}
[258.699573] (-) TimerEvent: {}
[258.799842] (-) TimerEvent: {}
[258.900197] (-) TimerEvent: {}
[259.000537] (-) TimerEvent: {}
[259.100841] (-) TimerEvent: {}
[259.201120] (-) TimerEvent: {}
[259.301488] (-) TimerEvent: {}
[259.401808] (-) TimerEvent: {}
[259.502110] (-) TimerEvent: {}
[259.602420] (-) TimerEvent: {}
[259.702729] (-) TimerEvent: {}
[259.803037] (-) TimerEvent: {}
[259.903519] (-) TimerEvent: {}
[260.003780] (-) TimerEvent: {}
[260.103996] (-) TimerEvent: {}
[260.204219] (-) TimerEvent: {}
[260.304453] (-) TimerEvent: {}
[260.404696] (-) TimerEvent: {}
[260.504955] (-) TimerEvent: {}
[260.581000] (lightning) StdoutLine: {'line': b'[ 91%] \x1b[32m\x1b[1mLinking CXX executable /home/kepler/Documents/Codex/2026-08-14/microsoft-visual-studio-code-stable-vs/outputs/lightning_lm_ws/src/lightning-lm/bin/run_frontend_offline\x1b[0m\n'}
[260.605107] (-) TimerEvent: {}
[260.705364] (-) TimerEvent: {}
[260.805631] (-) TimerEvent: {}
[260.905855] (-) TimerEvent: {}
[261.006071] (-) TimerEvent: {}
[261.106317] (-) TimerEvent: {}
[261.206563] (-) TimerEvent: {}
[261.306824] (-) TimerEvent: {}
[261.407102] (-) TimerEvent: {}
[261.507323] (-) TimerEvent: {}
[261.540492] (lightning) StdoutLine: {'line': b'[ 91%] Built target run_frontend_offline\n'}
[261.573995] (lightning) StdoutLine: {'line': b'[ 91%] \x1b[32mBuilding CXX object src/app/CMakeFiles/run_loop_offline.dir/run_loop_offline.cc.o\x1b[0m\n'}
[261.607427] (-) TimerEvent: {}
[261.707610] (-) TimerEvent: {}
[261.807893] (-) TimerEvent: {}
[261.908194] (-) TimerEvent: {}
[262.008458] (-) TimerEvent: {}
[262.108696] (-) TimerEvent: {}
[262.208958] (-) TimerEvent: {}
[262.309215] (-) TimerEvent: {}
[262.409447] (-) TimerEvent: {}
[262.509710] (-) TimerEvent: {}
[262.609944] (-) TimerEvent: {}
[262.710169] (-) TimerEvent: {}
[262.810435] (-) TimerEvent: {}
[262.910698] (-) TimerEvent: {}
[263.010977] (-) TimerEvent: {}
[263.111251] (-) TimerEvent: {}
[263.211513] (-) TimerEvent: {}
[263.311752] (-) TimerEvent: {}
[263.411997] (-) TimerEvent: {}
[263.512304] (-) TimerEvent: {}
[263.612586] (-) TimerEvent: {}
[263.712905] (-) TimerEvent: {}
[263.813151] (-) TimerEvent: {}
[263.913400] (-) TimerEvent: {}
[264.013679] (-) TimerEvent: {}
[264.113971] (-) TimerEvent: {}
[264.214221] (-) TimerEvent: {}
[264.280105] (lightning) StderrLine: {'line': b'In file included from \x1b[01m\x1b[K/home/kepler/Documents/Codex/2026-08-14/microsoft-visual-studio-code-stable-vs/outputs/lightning_lm_ws/src/lightning-lm/src/core/lio/laser_mapping.h:11\x1b[m\x1b[K,\n'}
[264.280310] (lightning) StderrLine: {'line': b'                 from \x1b[01m\x1b[K/home/kepler/Documents/Codex/2026-08-14/microsoft-visual-studio-code-stable-vs/outputs/lightning_lm_ws/src/lightning-lm/src/app/run_loop_offline.cc:8\x1b[m\x1b[K:\n'}
[264.280349] (lightning) StderrLine: {'line': b'\x1b[01m\x1b[K/home/kepler/Documents/Codex/2026-08-14/microsoft-visual-studio-code-stable-vs/outputs/lightning_lm_ws/src/lightning-lm/src/common/keyframe.h:\x1b[m\x1b[K In constructor \xe2\x80\x98\x1b[01m\x1b[Klightning::Keyframe::Keyframe(long unsigned int, lightning::CloudPtr, lightning::NavState)\x1b[m\x1b[K\xe2\x80\x99:\n'}
[264.280389] (lightning) StderrLine: {'line': b'\x1b[01m\x1b[K/home/kepler/Documents/Codex/2026-08-14/microsoft-visual-studio-code-stable-vs/outputs/lightning_lm_ws/src/lightning-lm/src/common/keyframe.h:74:14:\x1b[m\x1b[K \x1b[01;35m\x1b[Kwarning: \x1b[m\x1b[K\xe2\x80\x98\x1b[01m\x1b[Klightning::Keyframe::state_\x1b[m\x1b[K\xe2\x80\x99 will be initialized after [\x1b[01;35m\x1b[K\x1b]8;;https://gcc.gnu.org/onlinedocs/gcc/Warning-Options.html#index-Wreorder\x07-Wreorder\x1b]8;;\x07\x1b[m\x1b[K]\n'}
[264.280428] (lightning) StderrLine: {'line': b'   74 |     NavState \x1b[01;35m\x1b[Kstate_\x1b[m\x1b[K;  // \xe5\x8d\xa1\xe5\xb0\x94\xe6\x9b\xbc\xe6\xbb\xa4\xe6\xb3\xa2\xe5\x99\xa8\xe7\x8a\xb6\xe6\x80\x81\n'}
[264.280455] (lightning) StderrLine: {'line': b'      |              \x1b[01;35m\x1b[K^~~~~~\x1b[m\x1b[K\n'}
[264.280481] (lightning) StderrLine: {'line': b'\x1b[01m\x1b[K/home/kepler/Documents/Codex/2026-08-14/microsoft-visual-studio-code-stable-vs/outputs/lightning_lm_ws/src/lightning-lm/src/common/keyframe.h:71:9:\x1b[m\x1b[K \x1b[01;35m\x1b[Kwarning: \x1b[m\x1b[K  \xe2\x80\x98\x1b[01m\x1b[Klightning::SE3 lightning::Keyframe::pose_lio_\x1b[m\x1b[K\xe2\x80\x99 [\x1b[01;35m\x1b[K\x1b]8;;https://gcc.gnu.org/onlinedocs/gcc/Warning-Options.html#index-Wreorder\x07-Wreorder\x1b]8;;\x07\x1b[m\x1b[K]\n'}
[264.280508] (lightning) StderrLine: {'line': b'   71 |     SE3 \x1b[01;35m\x1b[Kpose_lio_\x1b[m\x1b[K;  // \xe5\x89\x8d\xe7\xab\xaf\xe7\x9a\x84pose\n'}
[264.280534] (lightning) StderrLine: {'line': b'      |         \x1b[01;35m\x1b[K^~~~~~~~~\x1b[m\x1b[K\n'}
[264.280559] (lightning) StderrLine: {'line': b'\x1b[01m\x1b[K/home/kepler/Documents/Codex/2026-08-14/microsoft-visual-studio-code-stable-vs/outputs/lightning_lm_ws/src/lightning-lm/src/common/keyframe.h:22:5:\x1b[m\x1b[K \x1b[01;35m\x1b[Kwarning: \x1b[m\x1b[K  when initialized here [\x1b[01;35m\x1b[K\x1b]8;;https://gcc.gnu.org/onlinedocs/gcc/Warning-Options.html#index-Wreorder\x07-Wreorder\x1b]8;;\x07\x1b[m\x1b[K]\n'}
[264.280587] (lightning) StderrLine: {'line': b'   22 |     \x1b[01;35m\x1b[KKeyframe\x1b[m\x1b[K(unsigned long id, CloudPtr cloud, NavState state)\n'}
[264.280612] (lightning) StderrLine: {'line': b'      |     \x1b[01;35m\x1b[K^~~~~~~~\x1b[m\x1b[K\n'}
[264.314310] (-) TimerEvent: {}
[264.414556] (-) TimerEvent: {}
[264.514775] (-) TimerEvent: {}
[264.615017] (-) TimerEvent: {}
[264.715259] (-) TimerEvent: {}
[264.815521] (-) TimerEvent: {}
[264.915802] (-) TimerEvent: {}
[265.016201] (-) TimerEvent: {}
[265.116490] (-) TimerEvent: {}
[265.128605] (lightning) StderrLine: {'line': b'In file included from \x1b[01m\x1b[K/home/kepler/Documents/Codex/2026-08-14/microsoft-visual-studio-code-stable-vs/outputs/lightning_lm_ws/src/lightning-lm/src/core/lio/laser_mapping.h:12\x1b[m\x1b[K,\n'}
[265.128731] (lightning) StderrLine: {'line': b'                 from \x1b[01m\x1b[K/home/kepler/Documents/Codex/2026-08-14/microsoft-visual-studio-code-stable-vs/outputs/lightning_lm_ws/src/lightning-lm/src/app/run_loop_offline.cc:8\x1b[m\x1b[K:\n'}
[265.128769] (lightning) StderrLine: {'line': b'\x1b[01m\x1b[K/home/kepler/Documents/Codex/2026-08-14/microsoft-visual-studio-code-stable-vs/outputs/lightning_lm_ws/src/lightning-lm/src/common/options.h:\x1b[m\x1b[K In function \xe2\x80\x98\x1b[01m\x1b[Kvoid lightning::debug::SigHandle(int)\x1b[m\x1b[K\xe2\x80\x99:\n'}
[265.128813] (lightning) StderrLine: {'line': b'\x1b[01m\x1b[K/home/kepler/Documents/Codex/2026-08-14/microsoft-visual-studio-code-stable-vs/outputs/lightning_lm_ws/src/lightning-lm/src/common/options.h:27:27:\x1b[m\x1b[K \x1b[01;35m\x1b[Kwarning: \x1b[m\x1b[Kunused parameter \xe2\x80\x98\x1b[01m\x1b[Ksig\x1b[m\x1b[K\xe2\x80\x99 [\x1b[01;35m\x1b[K\x1b]8;;https://gcc.gnu.org/onlinedocs/gcc/Warning-Options.html#index-Wunused-parameter\x07-Wunused-parameter\x1b]8;;\x07\x1b[m\x1b[K]\n'}
[265.128850] (lightning) StderrLine: {'line': b'   27 | inline void SigHandle(\x1b[01;35m\x1b[Kint sig\x1b[m\x1b[K) {\n'}
[265.128880] (lightning) StderrLine: {'line': b'      |                       \x1b[01;35m\x1b[K~~~~^~~\x1b[m\x1b[K\n'}
[265.216667] (-) TimerEvent: {}
[265.316933] (-) TimerEvent: {}
[265.417247] (-) TimerEvent: {}
[265.517509] (-) TimerEvent: {}
[265.617753] (-) TimerEvent: {}
[265.660025] (lightning) StderrLine: {'line': b'In file included from \x1b[01m\x1b[K/home/kepler/Documents/Codex/2026-08-14/microsoft-visual-studio-code-stable-vs/outputs/lightning_lm_ws/src/lightning-lm/src/core/lio/imu_processing.hpp:18\x1b[m\x1b[K,\n'}
[265.660165] (lightning) StderrLine: {'line': b'                 from \x1b[01m\x1b[K/home/kepler/Documents/Codex/2026-08-14/microsoft-visual-studio-code-stable-vs/outputs/lightning_lm_ws/src/lightning-lm/src/core/lio/laser_mapping.h:15\x1b[m\x1b[K,\n'}
[265.660200] (lightning) StderrLine: {'line': b'                 from \x1b[01m\x1b[K/home/kepler/Documents/Codex/2026-08-14/microsoft-visual-studio-code-stable-vs/outputs/lightning_lm_ws/src/lightning-lm/src/app/run_loop_offline.cc:8\x1b[m\x1b[K:\n'}
[265.660229] (lightning) StderrLine: {'line': b'\x1b[01m\x1b[K/home/kepler/Documents/Codex/2026-08-14/microsoft-visual-studio-code-stable-vs/outputs/lightning_lm_ws/src/lightning-lm/src/core/lio/imu_filter.h:\x1b[m\x1b[K In member function \xe2\x80\x98\x1b[01m\x1b[Kdouble lightning::IMUFilter::processAxis(double, std::deque<double>&, int)\x1b[m\x1b[K\xe2\x80\x99:\n'}
[265.660367] (lightning) StderrLine: {'line': b'\x1b[01m\x1b[K/home/kepler/Documents/Codex/2026-08-14/microsoft-visual-studio-code-stable-vs/outputs/lightning_lm_ws/src/lightning-lm/src/core/lio/imu_filter.h:92:28:\x1b[m\x1b[K \x1b[01;35m\x1b[Kwarning: \x1b[m\x1b[Kcomparison of integer expressions of different signedness: \xe2\x80\x98\x1b[01m\x1b[Kstd::deque<double>::size_type\x1b[m\x1b[K\xe2\x80\x99 {aka \xe2\x80\x98\x1b[01m\x1b[Klong unsigned int\x1b[m\x1b[K\xe2\x80\x99} and \xe2\x80\x98\x1b[01m\x1b[Kint\x1b[m\x1b[K\xe2\x80\x99 [\x1b[01;35m\x1b[K\x1b]8;;https://gcc.gnu.org/onlinedocs/gcc/Warning-Options.html#index-Wsign-compare\x07-Wsign-compare\x1b]8;;\x07\x1b[m\x1b[K]\n'}
[265.660440] (lightning) StderrLine: {'line': b'   92 |         if (\x1b[01;35m\x1b[Khistory.size() >= config_.median_window_size\x1b[m\x1b[K && sample_count_ > 100) {\n'}
[265.660475] (lightning) StderrLine: {'line': b'      |             \x1b[01;35m\x1b[K~~~~~~~~~~~~~~~^~~~~~~~~~~~~~~~~~~~~~~~~~~~~\x1b[m\x1b[K\n'}
[265.660505] (lightning) StderrLine: {'line': b'\x1b[01m\x1b[K/home/kepler/Documents/Codex/2026-08-14/microsoft-visual-studio-code-stable-vs/outputs/lightning_lm_ws/src/lightning-lm/src/core/lio/imu_filter.h:\x1b[m\x1b[K In member function \xe2\x80\x98\x1b[01m\x1b[Kvoid lightning::IMUFilter::updateBuffer(const lightning::IMU&)\x1b[m\x1b[K\xe2\x80\x99:\n'}
[265.660541] (lightning) StderrLine: {'line': b'\x1b[01m\x1b[K/home/kepler/Documents/Codex/2026-08-14/microsoft-visual-studio-code-stable-vs/outputs/lightning_lm_ws/src/lightning-lm/src/core/lio/imu_filter.h:114:39:\x1b[m\x1b[K \x1b[01;35m\x1b[Kwarning: \x1b[m\x1b[Kcomparison of integer expressions of different signedness: \xe2\x80\x98\x1b[01m\x1b[Kstd::deque<double>::size_type\x1b[m\x1b[K\xe2\x80\x99 {aka \xe2\x80\x98\x1b[01m\x1b[Klong unsigned int\x1b[m\x1b[K\xe2\x80\x99} and \xe2\x80\x98\x1b[01m\x1b[Kint\x1b[m\x1b[K\xe2\x80\x99 [\x1b[01;35m\x1b[K\x1b]8;;https://gcc.gnu.org/onlinedocs/gcc/Warning-Options.html#index-Wsign-compare\x07-Wsign-compare\x1b]8;;\x07\x1b[m\x1b[K]\n'}
[265.660572] (lightning) StderrLine: {'line': b'  114 |         while (\x1b[01;35m\x1b[Kgyro_x_history_.size() > max_history\x1b[m\x1b[K) {\n'}
[265.660603] (lightning) StderrLine: {'line': b'      |                \x1b[01;35m\x1b[K~~~~~~~~~~~~~~~~~~~~~~~^~~~~~~~~~~~~\x1b[m\x1b[K\n'}
[265.660630] (lightning) StderrLine: {'line': b'\x1b[01m\x1b[K/home/kepler/Documents/Codex/2026-08-14/microsoft-visual-studio-code-stable-vs/outputs/lightning_lm_ws/src/lightning-lm/src/core/lio/imu_filter.h:\x1b[m\x1b[K In member function \xe2\x80\x98\x1b[01m\x1b[Kdouble lightning::IMUFilter::detectAndRemoveSpike(double, std::deque<double>&, int)\x1b[m\x1b[K\xe2\x80\x99:\n'}
[265.660657] (lightning) StderrLine: {'line': b'\x1b[01m\x1b[K/home/kepler/Documents/Codex/2026-08-14/microsoft-visual-studio-code-stable-vs/outputs/lightning_lm_ws/src/lightning-lm/src/core/lio/imu_filter.h:123:28:\x1b[m\x1b[K \x1b[01;35m\x1b[Kwarning: \x1b[m\x1b[Kcomparison of integer expressions of different signedness: \xe2\x80\x98\x1b[01m\x1b[Kstd::deque<double>::size_type\x1b[m\x1b[K\xe2\x80\x99 {aka \xe2\x80\x98\x1b[01m\x1b[Klong unsigned int\x1b[m\x1b[K\xe2\x80\x99} and \xe2\x80\x98\x1b[01m\x1b[Kint\x1b[m\x1b[K\xe2\x80\x99 [\x1b[01;35m\x1b[K\x1b]8;;https://gcc.gnu.org/onlinedocs/gcc/Warning-Options.html#index-Wsign-compare\x07-Wsign-compare\x1b]8;;\x07\x1b[m\x1b[K]\n'}
[265.660686] (lightning) StderrLine: {'line': b'  123 |         if (\x1b[01;35m\x1b[Khistory.size() < config_.median_window_size\x1b[m\x1b[K) {\n'}
[265.660714] (lightning) StderrLine: {'line': b'      |             \x1b[01;35m\x1b[K~~~~~~~~~~~~~~~^~~~~~~~~~~~~~~~~~~~~~~~~~~~\x1b[m\x1b[K\n'}
[265.660883] (lightning) StderrLine: {'line': b'In file included from \x1b[01m\x1b[K/home/kepler/Documents/Codex/2026-08-14/microsoft-visual-studio-code-stable-vs/outputs/lightning_lm_ws/src/lightning-lm/src/core/lio/imu_processing.hpp:18\x1b[m\x1b[K,\n'}
[265.660915] (lightning) StderrLine: {'line': b'                 from \x1b[01m\x1b[K/home/kepler/Documents/Codex/2026-08-14/microsoft-visual-studio-code-stable-vs/outputs/lightning_lm_ws/src/lightning-lm/src/core/lio/laser_mapping.h:15\x1b[m\x1b[K,\n'}
[265.660947] (lightning) StderrLine: {'line': b'                 from \x1b[01m\x1b[K/home/kepler/Documents/Codex/2026-08-14/microsoft-visual-studio-code-stable-vs/outputs/lightning_lm_ws/src/lightning-lm/src/app/run_loop_offline.cc:8\x1b[m\x1b[K:\n'}
[265.660977] (lightning) StderrLine: {'line': b'\x1b[01m\x1b[K/home/kepler/Documents/Codex/2026-08-14/microsoft-visual-studio-code-stable-vs/outputs/lightning_lm_ws/src/lightning-lm/src/core/lio/imu_filter.h:\x1b[m\x1b[K In member function \xe2\x80\x98\x1b[01m\x1b[Kdouble lightning::IMUFilter::medianFilter(double, std::deque<double>&)\x1b[m\x1b[K\xe2\x80\x99:\n'}
[265.661013] (lightning) StderrLine: {'line': b'\x1b[01m\x1b[K/home/kepler/Documents/Codex/2026-08-14/microsoft-visual-studio-code-stable-vs/outputs/lightning_lm_ws/src/lightning-lm/src/core/lio/imu_filter.h:152:28:\x1b[m\x1b[K \x1b[01;35m\x1b[Kwarning: \x1b[m\x1b[Kcomparison of integer expressions of different signedness: \xe2\x80\x98\x1b[01m\x1b[Kstd::deque<double>::size_type\x1b[m\x1b[K\xe2\x80\x99 {aka \xe2\x80\x98\x1b[01m\x1b[Klong unsigned int\x1b[m\x1b[K\xe2\x80\x99} and \xe2\x80\x98\x1b[01m\x1b[Kint\x1b[m\x1b[K\xe2\x80\x99 [\x1b[01;35m\x1b[K\x1b]8;;https://gcc.gnu.org/onlinedocs/gcc/Warning-Options.html#index-Wsign-compare\x07-Wsign-compare\x1b]8;;\x07\x1b[m\x1b[K]\n'}
[265.661070] (lightning) StderrLine: {'line': b'  152 |         if (\x1b[01;35m\x1b[Khistory.size() < config_.median_window_size\x1b[m\x1b[K) {\n'}
[265.661097] (lightning) StderrLine: {'line': b'      |             \x1b[01;35m\x1b[K~~~~~~~~~~~~~~~^~~~~~~~~~~~~~~~~~~~~~~~~~~~\x1b[m\x1b[K\n'}
[265.661122] (lightning) StderrLine: {'line': b'\x1b[01m\x1b[K/home/kepler/Documents/Codex/2026-08-14/microsoft-visual-studio-code-stable-vs/outputs/lightning_lm_ws/src/lightning-lm/src/core/lio/imu_filter.h:\x1b[m\x1b[K In member function \xe2\x80\x98\x1b[01m\x1b[Kdouble lightning::IMUFilter::movingAverage(double, std::deque<double>&)\x1b[m\x1b[K\xe2\x80\x99:\n'}
[265.661148] (lightning) StderrLine: {'line': b'\x1b[01m\x1b[K/home/kepler/Documents/Codex/2026-08-14/microsoft-visual-studio-code-stable-vs/outputs/lightning_lm_ws/src/lightning-lm/src/core/lio/imu_filter.h:164:28:\x1b[m\x1b[K \x1b[01;35m\x1b[Kwarning: \x1b[m\x1b[Kcomparison of integer expressions of different signedness: \xe2\x80\x98\x1b[01m\x1b[Kstd::deque<double>::size_type\x1b[m\x1b[K\xe2\x80\x99 {aka \xe2\x80\x98\x1b[01m\x1b[Klong unsigned int\x1b[m\x1b[K\xe2\x80\x99} and \xe2\x80\x98\x1b[01m\x1b[Kint\x1b[m\x1b[K\xe2\x80\x99 [\x1b[01;35m\x1b[K\x1b]8;;https://gcc.gnu.org/onlinedocs/gcc/Warning-Options.html#index-Wsign-compare\x07-Wsign-compare\x1b]8;;\x07\x1b[m\x1b[K]\n'}
[265.661176] (lightning) StderrLine: {'line': b'  164 |         if (\x1b[01;35m\x1b[Khistory.size() < config_.moving_avg_window\x1b[m\x1b[K) {\n'}
[265.661203] (lightning) StderrLine: {'line': b'      |             \x1b[01;35m\x1b[K~~~~~~~~~~~~~~~^~~~~~~~~~~~~~~~~~~~~~~~~~~\x1b[m\x1b[K\n'}
[265.661577] (lightning) StderrLine: {'line': b'\x1b[01m\x1b[K/home/kepler/Documents/Codex/2026-08-14/microsoft-visual-studio-code-stable-vs/outputs/lightning_lm_ws/src/lightning-lm/src/core/lio/imu_filter.h:\x1b[m\x1b[K In member function \xe2\x80\x98\x1b[01m\x1b[Kvoid lightning::IMUFilter::updateStatistics(const lightning::IMU&)\x1b[m\x1b[K\xe2\x80\x99:\n'}
[265.661652] (lightning) StderrLine: {'line': b'\x1b[01m\x1b[K/home/kepler/Documents/Codex/2026-08-14/microsoft-visual-studio-code-stable-vs/outputs/lightning_lm_ws/src/lightning-lm/src/core/lio/imu_filter.h:200:20:\x1b[m\x1b[K \x1b[01;35m\x1b[Kwarning: \x1b[m\x1b[Kunused variable \xe2\x80\x98\x1b[01m\x1b[Kprev_mean\x1b[m\x1b[K\xe2\x80\x99 [\x1b[01;35m\x1b[K\x1b]8;;https://gcc.gnu.org/onlinedocs/gcc/Warning-Options.html#index-Wunused-variable\x07-Wunused-variable\x1b]8;;\x07\x1b[m\x1b[K]\n'}
[265.661688] (lightning) StderrLine: {'line': b'  200 |             double \x1b[01;35m\x1b[Kprev_mean\x1b[m\x1b[K[3] = {gyro_mean_[0], gyro_mean_[1], gyro_mean_[2]};\n'}
[265.661717] (lightning) StderrLine: {'line': b'      |                    \x1b[01;35m\x1b[K^~~~~~~~~\x1b[m\x1b[K\n'}
[265.717865] (-) TimerEvent: {}
[265.818120] (-) TimerEvent: {}
[265.918391] (-) TimerEvent: {}
[266.018668] (-) TimerEvent: {}
[266.118944] (-) TimerEvent: {}
[266.219225] (-) TimerEvent: {}
[266.319495] (-) TimerEvent: {}
[266.354202] (lightning) StderrLine: {'line': b'In file included from \x1b[01m\x1b[K/home/kepler/Documents/Codex/2026-08-14/microsoft-visual-studio-code-stable-vs/outputs/lightning_lm_ws/src/lightning-lm/src/core/miao/core/graph/optimizer.h:8\x1b[m\x1b[K,\n'}
[266.354375] (lightning) StderrLine: {'line': b'                 from \x1b[01m\x1b[K/home/kepler/Documents/Codex/2026-08-14/microsoft-visual-studio-code-stable-vs/outputs/lightning_lm_ws/src/lightning-lm/src/core/loop_closing/loop_closing.h:12\x1b[m\x1b[K,\n'}
[266.354421] (lightning) StderrLine: {'line': b'                 from \x1b[01m\x1b[K/home/kepler/Documents/Codex/2026-08-14/microsoft-visual-studio-code-stable-vs/outputs/lightning_lm_ws/src/lightning-lm/src/app/run_loop_offline.cc:9\x1b[m\x1b[K:\n'}
[266.354465] (lightning) StderrLine: {'line': b'\x1b[01m\x1b[K/home/kepler/Documents/Codex/2026-08-14/microsoft-visual-studio-code-stable-vs/outputs/lightning_lm_ws/src/lightning-lm/src/core/miao/core/common/config.h:\x1b[m\x1b[K In constructor \xe2\x80\x98\x1b[01m\x1b[Klightning::miao::OptimizerConfig::OptimizerConfig(lightning::miao::AlgorithmType, lightning::miao::LinearSolverType, bool)\x1b[m\x1b[K\xe2\x80\x99:\n'}
[266.354502] (lightning) StderrLine: {'line': b'\x1b[01m\x1b[K/home/kepler/Documents/Codex/2026-08-14/microsoft-visual-studio-code-stable-vs/outputs/lightning_lm_ws/src/lightning-lm/src/core/miao/core/common/config.h:44:10:\x1b[m\x1b[K \x1b[01;35m\x1b[Kwarning: \x1b[m\x1b[K\xe2\x80\x98\x1b[01m\x1b[Klightning::miao::OptimizerConfig::is_dense_\x1b[m\x1b[K\xe2\x80\x99 will be initialized after [\x1b[01;35m\x1b[K\x1b]8;;https://gcc.gnu.org/onlinedocs/gcc/Warning-Options.html#index-Wreorder\x07-Wreorder\x1b]8;;\x07\x1b[m\x1b[K]\n'}
[266.354537] (lightning) StderrLine: {'line': b'   44 |     bool \x1b[01;35m\x1b[Kis_dense_\x1b[m\x1b[K = true;\n'}
[266.354567] (lightning) StderrLine: {'line': b'      |          \x1b[01;35m\x1b[K^~~~~~~~~\x1b[m\x1b[K\n'}
[266.354596] (lightning) StderrLine: {'line': b'\x1b[01m\x1b[K/home/kepler/Documents/Codex/2026-08-14/microsoft-visual-studio-code-stable-vs/outputs/lightning_lm_ws/src/lightning-lm/src/core/miao/core/common/config.h:39:22:\x1b[m\x1b[K \x1b[01;35m\x1b[Kwarning: \x1b[m\x1b[K  \xe2\x80\x98\x1b[01m\x1b[Klightning::miao::LinearSolverType lightning::miao::OptimizerConfig::linear_solver_type_\x1b[m\x1b[K\xe2\x80\x99 [\x1b[01;35m\x1b[K\x1b]8;;https://gcc.gnu.org/onlinedocs/gcc/Warning-Options.html#index-Wreorder\x07-Wreorder\x1b]8;;\x07\x1b[m\x1b[K]\n'}
[266.354629] (lightning) StderrLine: {'line': b'   39 |     LinearSolverType \x1b[01;35m\x1b[Klinear_solver_type_\x1b[m\x1b[K = LinearSolverType::LINEAR_SOLVER_SPARSE_EIGEN;\n'}
[266.354659] (lightning) StderrLine: {'line': b'      |                      \x1b[01;35m\x1b[K^~~~~~~~~~~~~~~~~~~\x1b[m\x1b[K\n'}
[266.354689] (lightning) StderrLine: {'line': b'\x1b[01m\x1b[K/home/kepler/Documents/Codex/2026-08-14/microsoft-visual-studio-code-stable-vs/outputs/lightning_lm_ws/src/lightning-lm/src/core/miao/core/common/config.h:31:14:\x1b[m\x1b[K \x1b[01;35m\x1b[Kwarning: \x1b[m\x1b[K  when initialized here [\x1b[01;35m\x1b[K\x1b]8;;https://gcc.gnu.org/onlinedocs/gcc/Warning-Options.html#index-Wreorder\x07-Wreorder\x1b]8;;\x07\x1b[m\x1b[K]\n'}
[266.354725] (lightning) StderrLine: {'line': b'   31 |     explicit \x1b[01;35m\x1b[KOptimizerConfig\x1b[m\x1b[K(AlgorithmType algo_type,\n'}
[266.354755] (lightning) StderrLine: {'line': b'      |              \x1b[01;35m\x1b[K^~~~~~~~~~~~~~~\x1b[m\x1b[K\n'}
[266.363972] (lightning) StderrLine: {'line': b'In file included from \x1b[01m\x1b[K/home/kepler/Documents/Codex/2026-08-14/microsoft-visual-studio-code-stable-vs/outputs/lightning_lm_ws/src/lightning-lm/src/core/miao/core/graph/optimizer.h:9\x1b[m\x1b[K,\n'}
[266.364059] (lightning) StderrLine: {'line': b'                 from \x1b[01m\x1b[K/home/kepler/Documents/Codex/2026-08-14/microsoft-visual-studio-code-stable-vs/outputs/lightning_lm_ws/src/lightning-lm/src/core/loop_closing/loop_closing.h:12\x1b[m\x1b[K,\n'}
[266.364186] (lightning) StderrLine: {'line': b'                 from \x1b[01m\x1b[K/home/kepler/Documents/Codex/2026-08-14/microsoft-visual-studio-code-stable-vs/outputs/lightning_lm_ws/src/lightning-lm/src/app/run_loop_offline.cc:9\x1b[m\x1b[K:\n'}
[266.364277] (lightning) StderrLine: {'line': b'\x1b[01m\x1b[K/home/kepler/Documents/Codex/2026-08-14/microsoft-visual-studio-code-stable-vs/outputs/lightning_lm_ws/src/lightning-lm/src/core/miao/core/graph/graph.h:\x1b[m\x1b[K In member function \xe2\x80\x98\x1b[01m\x1b[Kvirtual int lightning::miao::Graph::Optimize(int)\x1b[m\x1b[K\xe2\x80\x99:\n'}
[266.364326] (lightning) StderrLine: {'line': b'\x1b[01m\x1b[K/home/kepler/Documents/Codex/2026-08-14/microsoft-visual-studio-code-stable-vs/outputs/lightning_lm_ws/src/lightning-lm/src/core/miao/core/graph/graph.h:80:30:\x1b[m\x1b[K \x1b[01;35m\x1b[Kwarning: \x1b[m\x1b[Kunused parameter \xe2\x80\x98\x1b[01m\x1b[Kinterations\x1b[m\x1b[K\xe2\x80\x99 [\x1b[01;35m\x1b[K\x1b]8;;https://gcc.gnu.org/onlinedocs/gcc/Warning-Options.html#index-Wunused-parameter\x07-Wunused-parameter\x1b]8;;\x07\x1b[m\x1b[K]\n'}
[266.364357] (lightning) StderrLine: {'line': b'   80 |     virtual int Optimize(\x1b[01;35m\x1b[Kint interations\x1b[m\x1b[K) { return 0; }\n'}
[266.364384] (lightning) StderrLine: {'line': b'      |                          \x1b[01;35m\x1b[K~~~~^~~~~~~~~~~\x1b[m\x1b[K\n'}
[266.419590] (-) TimerEvent: {}
[266.519836] (-) TimerEvent: {}
[266.620097] (-) TimerEvent: {}
[266.717677] (lightning) StderrLine: {'line': b'In file included from \x1b[01m\x1b[K/home/kepler/Documents/Codex/2026-08-14/microsoft-visual-studio-code-stable-vs/outputs/lightning_lm_ws/src/lightning-lm/src/app/run_loop_offline.cc:11\x1b[m\x1b[K:\n'}
[266.717799] (lightning) StderrLine: {'line': b'\x1b[01m\x1b[K/home/kepler/Documents/Codex/2026-08-14/microsoft-visual-studio-code-stable-vs/outputs/lightning_lm_ws/src/lightning-lm/src/wrapper/bag_io.h:\x1b[m\x1b[K In constructor \xe2\x80\x98\x1b[01m\x1b[Klightning::RosbagIO::RosbagIO(std::string, lightning::DatasetType)\x1b[m\x1b[K\xe2\x80\x99:\n'}
[266.717836] (lightning) StderrLine: {'line': b'\x1b[01m\x1b[K/home/kepler/Documents/Codex/2026-08-14/microsoft-visual-studio-code-stable-vs/outputs/lightning_lm_ws/src/lightning-lm/src/wrapper/bag_io.h:38:57:\x1b[m\x1b[K \x1b[01;35m\x1b[Kwarning: \x1b[m\x1b[Kunused parameter \xe2\x80\x98\x1b[01m\x1b[Kdataset_type\x1b[m\x1b[K\xe2\x80\x99 [\x1b[01;35m\x1b[K\x1b]8;;https://gcc.gnu.org/onlinedocs/gcc/Warning-Options.html#index-Wunused-parameter\x07-Wunused-parameter\x1b]8;;\x07\x1b[m\x1b[K]\n'}
[266.717877] (lightning) StderrLine: {'line': b'   38 |     explicit RosbagIO(std::string bag_file, \x1b[01;35m\x1b[KDatasetType dataset_type = DatasetType::NCLT\x1b[m\x1b[K)\n'}
[266.717906] (lightning) StderrLine: {'line': b'      |                                             \x1b[01;35m\x1b[K~~~~~~~~~~~~^~~~~~~~~~~~~~~~~~~~~~~~~~~~~~~~\x1b[m\x1b[K\n'}
[266.720159] (-) TimerEvent: {}
[266.820406] (-) TimerEvent: {}
[266.920652] (-) TimerEvent: {}
[267.020938] (-) TimerEvent: {}
[267.121187] (-) TimerEvent: {}
[267.221457] (-) TimerEvent: {}
[267.321705] (-) TimerEvent: {}
[267.421950] (-) TimerEvent: {}
[267.522207] (-) TimerEvent: {}
[267.622481] (-) TimerEvent: {}
[267.722762] (-) TimerEvent: {}
[267.823021] (-) TimerEvent: {}
[267.923344] (-) TimerEvent: {}
[268.023665] (-) TimerEvent: {}
[268.123969] (-) TimerEvent: {}
[268.224281] (-) TimerEvent: {}
[268.324632] (-) TimerEvent: {}
[268.424999] (-) TimerEvent: {}
[268.525483] (-) TimerEvent: {}
[268.625744] (-) TimerEvent: {}
[268.726065] (-) TimerEvent: {}
[268.826320] (-) TimerEvent: {}
[268.926559] (-) TimerEvent: {}
[269.026845] (-) TimerEvent: {}
[269.127164] (-) TimerEvent: {}
[269.227391] (-) TimerEvent: {}
[269.327659] (-) TimerEvent: {}
[269.427983] (-) TimerEvent: {}
[269.528246] (-) TimerEvent: {}
[269.628564] (-) TimerEvent: {}
[269.728852] (-) TimerEvent: {}
[269.829093] (-) TimerEvent: {}
[269.929312] (-) TimerEvent: {}
[270.029562] (-) TimerEvent: {}
[270.129817] (-) TimerEvent: {}
[270.230094] (-) TimerEvent: {}
[270.330428] (-) TimerEvent: {}
[270.430675] (-) TimerEvent: {}
[270.530950] (-) TimerEvent: {}
[270.631273] (-) TimerEvent: {}
[270.731539] (-) TimerEvent: {}
[270.831792] (-) TimerEvent: {}
[270.932102] (-) TimerEvent: {}
[271.032354] (-) TimerEvent: {}
[271.132590] (-) TimerEvent: {}
[271.232826] (-) TimerEvent: {}
[271.333066] (-) TimerEvent: {}
[271.433283] (-) TimerEvent: {}
[271.455831] (lightning) StdoutLine: {'line': b'[ 92%] \x1b[32m\x1b[1mLinking CXX executable /home/kepler/Documents/Codex/2026-08-14/microsoft-visual-studio-code-stable-vs/outputs/lightning_lm_ws/src/lightning-lm/bin/run_loop_offline\x1b[0m\n'}
[271.533391] (-) TimerEvent: {}
[271.633620] (-) TimerEvent: {}
[271.733913] (-) TimerEvent: {}
[271.834145] (-) TimerEvent: {}
[271.934437] (-) TimerEvent: {}
[272.034725] (-) TimerEvent: {}
[272.134943] (-) TimerEvent: {}
[272.235247] (-) TimerEvent: {}
[272.329332] (lightning) StdoutLine: {'line': b'[ 92%] Built target run_loop_offline\n'}
[272.335372] (-) TimerEvent: {}
[272.363274] (lightning) StdoutLine: {'line': b'[ 93%] \x1b[32mBuilding CXX object src/app/CMakeFiles/run_slam_offline.dir/run_slam_offline.cc.o\x1b[0m\n'}
[272.435498] (-) TimerEvent: {}
[272.535728] (-) TimerEvent: {}
[272.635951] (-) TimerEvent: {}
[272.736224] (-) TimerEvent: {}
[272.836480] (-) TimerEvent: {}
[272.936691] (-) TimerEvent: {}
[273.036953] (-) TimerEvent: {}
[273.137157] (-) TimerEvent: {}
[273.237372] (-) TimerEvent: {}
[273.337628] (-) TimerEvent: {}
[273.437876] (-) TimerEvent: {}
[273.538107] (-) TimerEvent: {}
[273.638383] (-) TimerEvent: {}
[273.738632] (-) TimerEvent: {}
[273.838932] (-) TimerEvent: {}
[273.939200] (-) TimerEvent: {}
[274.039463] (-) TimerEvent: {}
[274.139723] (-) TimerEvent: {}
[274.239947] (-) TimerEvent: {}
[274.340214] (-) TimerEvent: {}
[274.440448] (-) TimerEvent: {}
[274.540679] (-) TimerEvent: {}
[274.640957] (-) TimerEvent: {}
[274.741229] (-) TimerEvent: {}
[274.841495] (-) TimerEvent: {}
[274.941756] (-) TimerEvent: {}
[275.042073] (-) TimerEvent: {}
[275.142290] (-) TimerEvent: {}
[275.242520] (-) TimerEvent: {}
[275.342839] (-) TimerEvent: {}
[275.443126] (-) TimerEvent: {}
[275.543428] (-) TimerEvent: {}
[275.580036] (lightning) StderrLine: {'line': b'In file included from \x1b[01m\x1b[K/home/kepler/Documents/Codex/2026-08-14/microsoft-visual-studio-code-stable-vs/outputs/lightning_lm_ws/src/lightning-lm/src/core/system/slam.h:18\x1b[m\x1b[K,\n'}
[275.580159] (lightning) StderrLine: {'line': b'                 from \x1b[01m\x1b[K/home/kepler/Documents/Codex/2026-08-14/microsoft-visual-studio-code-stable-vs/outputs/lightning_lm_ws/src/lightning-lm/src/app/run_slam_offline.cc:8\x1b[m\x1b[K:\n'}
[275.580193] (lightning) StderrLine: {'line': b'\x1b[01m\x1b[K/home/kepler/Documents/Codex/2026-08-14/microsoft-visual-studio-code-stable-vs/outputs/lightning_lm_ws/src/lightning-lm/src/common/keyframe.h:\x1b[m\x1b[K In constructor \xe2\x80\x98\x1b[01m\x1b[Klightning::Keyframe::Keyframe(long unsigned int, lightning::CloudPtr, lightning::NavState)\x1b[m\x1b[K\xe2\x80\x99:\n'}
[275.580231] (lightning) StderrLine: {'line': b'\x1b[01m\x1b[K/home/kepler/Documents/Codex/2026-08-14/microsoft-visual-studio-code-stable-vs/outputs/lightning_lm_ws/src/lightning-lm/src/common/keyframe.h:74:14:\x1b[m\x1b[K \x1b[01;35m\x1b[Kwarning: \x1b[m\x1b[K\xe2\x80\x98\x1b[01m\x1b[Klightning::Keyframe::state_\x1b[m\x1b[K\xe2\x80\x99 will be initialized after [\x1b[01;35m\x1b[K\x1b]8;;https://gcc.gnu.org/onlinedocs/gcc/Warning-Options.html#index-Wreorder\x07-Wreorder\x1b]8;;\x07\x1b[m\x1b[K]\n'}
[275.580261] (lightning) StderrLine: {'line': b'   74 |     NavState \x1b[01;35m\x1b[Kstate_\x1b[m\x1b[K;  // \xe5\x8d\xa1\xe5\xb0\x94\xe6\x9b\xbc\xe6\xbb\xa4\xe6\xb3\xa2\xe5\x99\xa8\xe7\x8a\xb6\xe6\x80\x81\n'}
[275.580291] (lightning) StderrLine: {'line': b'      |              \x1b[01;35m\x1b[K^~~~~~\x1b[m\x1b[K\n'}
[275.580316] (lightning) StderrLine: {'line': b'\x1b[01m\x1b[K/home/kepler/Documents/Codex/2026-08-14/microsoft-visual-studio-code-stable-vs/outputs/lightning_lm_ws/src/lightning-lm/src/common/keyframe.h:71:9:\x1b[m\x1b[K \x1b[01;35m\x1b[Kwarning: \x1b[m\x1b[K  \xe2\x80\x98\x1b[01m\x1b[Klightning::SE3 lightning::Keyframe::pose_lio_\x1b[m\x1b[K\xe2\x80\x99 [\x1b[01;35m\x1b[K\x1b]8;;https://gcc.gnu.org/onlinedocs/gcc/Warning-Options.html#index-Wreorder\x07-Wreorder\x1b]8;;\x07\x1b[m\x1b[K]\n'}
[275.580344] (lightning) StderrLine: {'line': b'   71 |     SE3 \x1b[01;35m\x1b[Kpose_lio_\x1b[m\x1b[K;  // \xe5\x89\x8d\xe7\xab\xaf\xe7\x9a\x84pose\n'}
[275.580370] (lightning) StderrLine: {'line': b'      |         \x1b[01;35m\x1b[K^~~~~~~~~\x1b[m\x1b[K\n'}
[275.580395] (lightning) StderrLine: {'line': b'\x1b[01m\x1b[K/home/kepler/Documents/Codex/2026-08-14/microsoft-visual-studio-code-stable-vs/outputs/lightning_lm_ws/src/lightning-lm/src/common/keyframe.h:22:5:\x1b[m\x1b[K \x1b[01;35m\x1b[Kwarning: \x1b[m\x1b[K  when initialized here [\x1b[01;35m\x1b[K\x1b]8;;https://gcc.gnu.org/onlinedocs/gcc/Warning-Options.html#index-Wreorder\x07-Wreorder\x1b]8;;\x07\x1b[m\x1b[K]\n'}
[275.580422] (lightning) StderrLine: {'line': b'   22 |     \x1b[01;35m\x1b[KKeyframe\x1b[m\x1b[K(unsigned long id, CloudPtr cloud, NavState state)\n'}
[275.580446] (lightning) StderrLine: {'line': b'      |     \x1b[01;35m\x1b[K^~~~~~~~\x1b[m\x1b[K\n'}
[275.643595] (-) TimerEvent: {}
[275.743859] (-) TimerEvent: {}
[275.844155] (-) TimerEvent: {}
[275.944391] (-) TimerEvent: {}
[276.044610] (-) TimerEvent: {}
[276.112074] (lightning) StderrLine: {'line': b'In file included from \x1b[01m\x1b[K/home/kepler/Documents/Codex/2026-08-14/microsoft-visual-studio-code-stable-vs/outputs/lightning_lm_ws/src/lightning-lm/src/core/lightning_math.hpp:22\x1b[m\x1b[K,\n'}
[276.112196] (lightning) StderrLine: {'line': b'                 from \x1b[01m\x1b[K/home/kepler/Documents/Codex/2026-08-14/microsoft-visual-studio-code-stable-vs/outputs/lightning_lm_ws/src/lightning-lm/src/wrapper/bag_io.h:25\x1b[m\x1b[K,\n'}
[276.112239] (lightning) StderrLine: {'line': b'                 from \x1b[01m\x1b[K/home/kepler/Documents/Codex/2026-08-14/microsoft-visual-studio-code-stable-vs/outputs/lightning_lm_ws/src/lightning-lm/src/app/run_slam_offline.cc:11\x1b[m\x1b[K:\n'}
[276.112268] (lightning) StderrLine: {'line': b'\x1b[01m\x1b[K/home/kepler/Documents/Codex/2026-08-14/microsoft-visual-studio-code-stable-vs/outputs/lightning_lm_ws/src/lightning-lm/src/common/options.h:\x1b[m\x1b[K In function \xe2\x80\x98\x1b[01m\x1b[Kvoid lightning::debug::SigHandle(int)\x1b[m\x1b[K\xe2\x80\x99:\n'}
[276.112297] (lightning) StderrLine: {'line': b'\x1b[01m\x1b[K/home/kepler/Documents/Codex/2026-08-14/microsoft-visual-studio-code-stable-vs/outputs/lightning_lm_ws/src/lightning-lm/src/common/options.h:27:27:\x1b[m\x1b[K \x1b[01;35m\x1b[Kwarning: \x1b[m\x1b[Kunused parameter \xe2\x80\x98\x1b[01m\x1b[Ksig\x1b[m\x1b[K\xe2\x80\x99 [\x1b[01;35m\x1b[K\x1b]8;;https://gcc.gnu.org/onlinedocs/gcc/Warning-Options.html#index-Wunused-parameter\x07-Wunused-parameter\x1b]8;;\x07\x1b[m\x1b[K]\n'}
[276.112329] (lightning) StderrLine: {'line': b'   27 | inline void SigHandle(\x1b[01;35m\x1b[Kint sig\x1b[m\x1b[K) {\n'}
[276.112368] (lightning) StderrLine: {'line': b'      |                       \x1b[01;35m\x1b[K~~~~^~~\x1b[m\x1b[K\n'}
[276.144732] (-) TimerEvent: {}
[276.244981] (-) TimerEvent: {}
[276.345221] (-) TimerEvent: {}
[276.445490] (-) TimerEvent: {}
[276.473126] (lightning) StderrLine: {'line': b'In file included from \x1b[01m\x1b[K/home/kepler/Documents/Codex/2026-08-14/microsoft-visual-studio-code-stable-vs/outputs/lightning_lm_ws/src/lightning-lm/src/app/run_slam_offline.cc:11\x1b[m\x1b[K:\n'}
[276.473266] (lightning) StderrLine: {'line': b'\x1b[01m\x1b[K/home/kepler/Documents/Codex/2026-08-14/microsoft-visual-studio-code-stable-vs/outputs/lightning_lm_ws/src/lightning-lm/src/wrapper/bag_io.h:\x1b[m\x1b[K In constructor \xe2\x80\x98\x1b[01m\x1b[Klightning::RosbagIO::RosbagIO(std::string, lightning::DatasetType)\x1b[m\x1b[K\xe2\x80\x99:\n'}
[276.473310] (lightning) StderrLine: {'line': b'\x1b[01m\x1b[K/home/kepler/Documents/Codex/2026-08-14/microsoft-visual-studio-code-stable-vs/outputs/lightning_lm_ws/src/lightning-lm/src/wrapper/bag_io.h:38:57:\x1b[m\x1b[K \x1b[01;35m\x1b[Kwarning: \x1b[m\x1b[Kunused parameter \xe2\x80\x98\x1b[01m\x1b[Kdataset_type\x1b[m\x1b[K\xe2\x80\x99 [\x1b[01;35m\x1b[K\x1b]8;;https://gcc.gnu.org/onlinedocs/gcc/Warning-Options.html#index-Wunused-parameter\x07-Wunused-parameter\x1b]8;;\x07\x1b[m\x1b[K]\n'}
[276.473344] (lightning) StderrLine: {'line': b'   38 |     explicit RosbagIO(std::string bag_file, \x1b[01;35m\x1b[KDatasetType dataset_type = DatasetType::NCLT\x1b[m\x1b[K)\n'}
[276.473375] (lightning) StderrLine: {'line': b'      |                                             \x1b[01;35m\x1b[K~~~~~~~~~~~~^~~~~~~~~~~~~~~~~~~~~~~~~~~~~~~~\x1b[m\x1b[K\n'}
[276.545608] (-) TimerEvent: {}
[276.645858] (-) TimerEvent: {}
[276.746096] (-) TimerEvent: {}
[276.846303] (-) TimerEvent: {}
[276.946578] (-) TimerEvent: {}
[277.046854] (-) TimerEvent: {}
[277.147138] (-) TimerEvent: {}
[277.247371] (-) TimerEvent: {}
[277.347641] (-) TimerEvent: {}
[277.447892] (-) TimerEvent: {}
[277.548139] (-) TimerEvent: {}
[277.648385] (-) TimerEvent: {}
[277.748653] (-) TimerEvent: {}
[277.848918] (-) TimerEvent: {}
[277.949193] (-) TimerEvent: {}
[278.049475] (-) TimerEvent: {}
[278.149706] (-) TimerEvent: {}
[278.249971] (-) TimerEvent: {}
[278.350221] (-) TimerEvent: {}
[278.450469] (-) TimerEvent: {}
[278.550722] (-) TimerEvent: {}
[278.651002] (-) TimerEvent: {}
[278.751234] (-) TimerEvent: {}
[278.851498] (-) TimerEvent: {}
[278.951741] (-) TimerEvent: {}
[279.051995] (-) TimerEvent: {}
[279.152224] (-) TimerEvent: {}
[279.252487] (-) TimerEvent: {}
[279.352785] (-) TimerEvent: {}
[279.453024] (-) TimerEvent: {}
[279.553331] (-) TimerEvent: {}
[279.653569] (-) TimerEvent: {}
[279.753881] (-) TimerEvent: {}
[279.854113] (-) TimerEvent: {}
[279.954334] (-) TimerEvent: {}
[280.054613] (-) TimerEvent: {}
[280.154892] (-) TimerEvent: {}
[280.255104] (-) TimerEvent: {}
[280.337231] (lightning) StdoutLine: {'line': b'[ 94%] \x1b[32m\x1b[1mLinking CXX executable /home/kepler/Documents/Codex/2026-08-14/microsoft-visual-studio-code-stable-vs/outputs/lightning_lm_ws/src/lightning-lm/bin/run_slam_offline\x1b[0m\n'}
[280.355284] (-) TimerEvent: {}
[280.455489] (-) TimerEvent: {}
[280.555709] (-) TimerEvent: {}
[280.655957] (-) TimerEvent: {}
[280.756210] (-) TimerEvent: {}
[280.856495] (-) TimerEvent: {}
[280.956720] (-) TimerEvent: {}
[281.056997] (-) TimerEvent: {}
[281.157303] (-) TimerEvent: {}
[281.184216] (lightning) StdoutLine: {'line': b'[ 94%] Built target run_slam_offline\n'}
[281.214581] (lightning) StdoutLine: {'line': b'[ 94%] \x1b[32mBuilding CXX object src/app/CMakeFiles/run_slam_online.dir/run_slam_online.cc.o\x1b[0m\n'}
[281.257425] (-) TimerEvent: {}
[281.357625] (-) TimerEvent: {}
[281.457897] (-) TimerEvent: {}
[281.558168] (-) TimerEvent: {}
[281.658436] (-) TimerEvent: {}
[281.758688] (-) TimerEvent: {}
[281.858893] (-) TimerEvent: {}
[281.959132] (-) TimerEvent: {}
[282.059335] (-) TimerEvent: {}
[282.159589] (-) TimerEvent: {}
[282.259850] (-) TimerEvent: {}
[282.360128] (-) TimerEvent: {}
[282.460364] (-) TimerEvent: {}
[282.560596] (-) TimerEvent: {}
[282.660897] (-) TimerEvent: {}
[282.761117] (-) TimerEvent: {}
[282.861356] (-) TimerEvent: {}
[282.961595] (-) TimerEvent: {}
[283.061818] (-) TimerEvent: {}
[283.162125] (-) TimerEvent: {}
[283.262352] (-) TimerEvent: {}
[283.362619] (-) TimerEvent: {}
[283.462906] (-) TimerEvent: {}
[283.563117] (-) TimerEvent: {}
[283.663358] (-) TimerEvent: {}
[283.763607] (-) TimerEvent: {}
[283.863861] (-) TimerEvent: {}
[283.964096] (-) TimerEvent: {}
[284.064351] (-) TimerEvent: {}
[284.164642] (-) TimerEvent: {}
[284.264874] (-) TimerEvent: {}
[284.365147] (-) TimerEvent: {}
[284.438137] (lightning) StderrLine: {'line': b'In file included from \x1b[01m\x1b[K/home/kepler/Documents/Codex/2026-08-14/microsoft-visual-studio-code-stable-vs/outputs/lightning_lm_ws/src/lightning-lm/src/core/system/slam.h:18\x1b[m\x1b[K,\n'}
[284.438283] (lightning) StderrLine: {'line': b'                 from \x1b[01m\x1b[K/home/kepler/Documents/Codex/2026-08-14/microsoft-visual-studio-code-stable-vs/outputs/lightning_lm_ws/src/lightning-lm/src/app/run_slam_online.cc:8\x1b[m\x1b[K:\n'}
[284.438321] (lightning) StderrLine: {'line': b'\x1b[01m\x1b[K/home/kepler/Documents/Codex/2026-08-14/microsoft-visual-studio-code-stable-vs/outputs/lightning_lm_ws/src/lightning-lm/src/common/keyframe.h:\x1b[m\x1b[K In constructor \xe2\x80\x98\x1b[01m\x1b[Klightning::Keyframe::Keyframe(long unsigned int, lightning::CloudPtr, lightning::NavState)\x1b[m\x1b[K\xe2\x80\x99:\n'}
[284.438361] (lightning) StderrLine: {'line': b'\x1b[01m\x1b[K/home/kepler/Documents/Codex/2026-08-14/microsoft-visual-studio-code-stable-vs/outputs/lightning_lm_ws/src/lightning-lm/src/common/keyframe.h:74:14:\x1b[m\x1b[K \x1b[01;35m\x1b[Kwarning: \x1b[m\x1b[K\xe2\x80\x98\x1b[01m\x1b[Klightning::Keyframe::state_\x1b[m\x1b[K\xe2\x80\x99 will be initialized after [\x1b[01;35m\x1b[K\x1b]8;;https://gcc.gnu.org/onlinedocs/gcc/Warning-Options.html#index-Wreorder\x07-Wreorder\x1b]8;;\x07\x1b[m\x1b[K]\n'}
[284.438392] (lightning) StderrLine: {'line': b'   74 |     NavState \x1b[01;35m\x1b[Kstate_\x1b[m\x1b[K;  // \xe5\x8d\xa1\xe5\xb0\x94\xe6\x9b\xbc\xe6\xbb\xa4\xe6\xb3\xa2\xe5\x99\xa8\xe7\x8a\xb6\xe6\x80\x81\n'}
[284.438420] (lightning) StderrLine: {'line': b'      |              \x1b[01;35m\x1b[K^~~~~~\x1b[m\x1b[K\n'}
[284.438446] (lightning) StderrLine: {'line': b'\x1b[01m\x1b[K/home/kepler/Documents/Codex/2026-08-14/microsoft-visual-studio-code-stable-vs/outputs/lightning_lm_ws/src/lightning-lm/src/common/keyframe.h:71:9:\x1b[m\x1b[K \x1b[01;35m\x1b[Kwarning: \x1b[m\x1b[K  \xe2\x80\x98\x1b[01m\x1b[Klightning::SE3 lightning::Keyframe::pose_lio_\x1b[m\x1b[K\xe2\x80\x99 [\x1b[01;35m\x1b[K\x1b]8;;https://gcc.gnu.org/onlinedocs/gcc/Warning-Options.html#index-Wreorder\x07-Wreorder\x1b]8;;\x07\x1b[m\x1b[K]\n'}
[284.438475] (lightning) StderrLine: {'line': b'   71 |     SE3 \x1b[01;35m\x1b[Kpose_lio_\x1b[m\x1b[K;  // \xe5\x89\x8d\xe7\xab\xaf\xe7\x9a\x84pose\n'}
[284.438502] (lightning) StderrLine: {'line': b'      |         \x1b[01;35m\x1b[K^~~~~~~~~\x1b[m\x1b[K\n'}
[284.438528] (lightning) StderrLine: {'line': b'\x1b[01m\x1b[K/home/kepler/Documents/Codex/2026-08-14/microsoft-visual-studio-code-stable-vs/outputs/lightning_lm_ws/src/lightning-lm/src/common/keyframe.h:22:5:\x1b[m\x1b[K \x1b[01;35m\x1b[Kwarning: \x1b[m\x1b[K  when initialized here [\x1b[01;35m\x1b[K\x1b]8;;https://gcc.gnu.org/onlinedocs/gcc/Warning-Options.html#index-Wreorder\x07-Wreorder\x1b]8;;\x07\x1b[m\x1b[K]\n'}
[284.438557] (lightning) StderrLine: {'line': b'   22 |     \x1b[01;35m\x1b[KKeyframe\x1b[m\x1b[K(unsigned long id, CloudPtr cloud, NavState state)\n'}
[284.438582] (lightning) StderrLine: {'line': b'      |     \x1b[01;35m\x1b[K^~~~~~~~\x1b[m\x1b[K\n'}
[284.465220] (-) TimerEvent: {}
[284.565462] (-) TimerEvent: {}
[284.665778] (-) TimerEvent: {}
[284.766079] (-) TimerEvent: {}
[284.866454] (-) TimerEvent: {}
[284.966566] (lightning) StderrLine: {'line': b'In file included from \x1b[01m\x1b[K/home/kepler/Documents/Codex/2026-08-14/microsoft-visual-studio-code-stable-vs/outputs/lightning_lm_ws/src/lightning-lm/src/core/lightning_math.hpp:22\x1b[m\x1b[K,\n'}
[284.966694] (-) TimerEvent: {}
[284.966759] (lightning) StderrLine: {'line': b'                 from \x1b[01m\x1b[K/home/kepler/Documents/Codex/2026-08-14/microsoft-visual-studio-code-stable-vs/outputs/lightning_lm_ws/src/lightning-lm/src/wrapper/bag_io.h:25\x1b[m\x1b[K,\n'}
[284.966796] (lightning) StderrLine: {'line': b'                 from \x1b[01m\x1b[K/home/kepler/Documents/Codex/2026-08-14/microsoft-visual-studio-code-stable-vs/outputs/lightning_lm_ws/src/lightning-lm/src/app/run_slam_online.cc:10\x1b[m\x1b[K:\n'}
[284.966825] (lightning) StderrLine: {'line': b'\x1b[01m\x1b[K/home/kepler/Documents/Codex/2026-08-14/microsoft-visual-studio-code-stable-vs/outputs/lightning_lm_ws/src/lightning-lm/src/common/options.h:\x1b[m\x1b[K In function \xe2\x80\x98\x1b[01m\x1b[Kvoid lightning::debug::SigHandle(int)\x1b[m\x1b[K\xe2\x80\x99:\n'}
[284.966854] (lightning) StderrLine: {'line': b'\x1b[01m\x1b[K/home/kepler/Documents/Codex/2026-08-14/microsoft-visual-studio-code-stable-vs/outputs/lightning_lm_ws/src/lightning-lm/src/common/options.h:27:27:\x1b[m\x1b[K \x1b[01;35m\x1b[Kwarning: \x1b[m\x1b[Kunused parameter \xe2\x80\x98\x1b[01m\x1b[Ksig\x1b[m\x1b[K\xe2\x80\x99 [\x1b[01;35m\x1b[K\x1b]8;;https://gcc.gnu.org/onlinedocs/gcc/Warning-Options.html#index-Wunused-parameter\x07-Wunused-parameter\x1b]8;;\x07\x1b[m\x1b[K]\n'}
[284.966885] (lightning) StderrLine: {'line': b'   27 | inline void SigHandle(\x1b[01;35m\x1b[Kint sig\x1b[m\x1b[K) {\n'}
[284.966912] (lightning) StderrLine: {'line': b'      |                       \x1b[01;35m\x1b[K~~~~^~~\x1b[m\x1b[K\n'}
[285.066791] (-) TimerEvent: {}
[285.167031] (-) TimerEvent: {}
[285.267285] (-) TimerEvent: {}
[285.327925] (lightning) StderrLine: {'line': b'In file included from \x1b[01m\x1b[K/home/kepler/Documents/Codex/2026-08-14/microsoft-visual-studio-code-stable-vs/outputs/lightning_lm_ws/src/lightning-lm/src/app/run_slam_online.cc:10\x1b[m\x1b[K:\n'}
[285.328078] (lightning) StderrLine: {'line': b'\x1b[01m\x1b[K/home/kepler/Documents/Codex/2026-08-14/microsoft-visual-studio-code-stable-vs/outputs/lightning_lm_ws/src/lightning-lm/src/wrapper/bag_io.h:\x1b[m\x1b[K In constructor \xe2\x80\x98\x1b[01m\x1b[Klightning::RosbagIO::RosbagIO(std::string, lightning::DatasetType)\x1b[m\x1b[K\xe2\x80\x99:\n'}
[285.328114] (lightning) StderrLine: {'line': b'\x1b[01m\x1b[K/home/kepler/Documents/Codex/2026-08-14/microsoft-visual-studio-code-stable-vs/outputs/lightning_lm_ws/src/lightning-lm/src/wrapper/bag_io.h:38:57:\x1b[m\x1b[K \x1b[01;35m\x1b[Kwarning: \x1b[m\x1b[Kunused parameter \xe2\x80\x98\x1b[01m\x1b[Kdataset_type\x1b[m\x1b[K\xe2\x80\x99 [\x1b[01;35m\x1b[K\x1b]8;;https://gcc.gnu.org/onlinedocs/gcc/Warning-Options.html#index-Wunused-parameter\x07-Wunused-parameter\x1b]8;;\x07\x1b[m\x1b[K]\n'}
[285.328147] (lightning) StderrLine: {'line': b'   38 |     explicit RosbagIO(std::string bag_file, \x1b[01;35m\x1b[KDatasetType dataset_type = DatasetType::NCLT\x1b[m\x1b[K)\n'}
[285.328177] (lightning) StderrLine: {'line': b'      |                                             \x1b[01;35m\x1b[K~~~~~~~~~~~~^~~~~~~~~~~~~~~~~~~~~~~~~~~~~~~~\x1b[m\x1b[K\n'}
[285.367412] (-) TimerEvent: {}
[285.467665] (-) TimerEvent: {}
[285.567985] (-) TimerEvent: {}
[285.668265] (-) TimerEvent: {}
[285.768558] (-) TimerEvent: {}
[285.868851] (-) TimerEvent: {}
[285.969086] (-) TimerEvent: {}
[286.069417] (-) TimerEvent: {}
[286.169706] (-) TimerEvent: {}
[286.269934] (-) TimerEvent: {}
[286.370239] (-) TimerEvent: {}
[286.470531] (-) TimerEvent: {}
[286.570825] (-) TimerEvent: {}
[286.671106] (-) TimerEvent: {}
[286.771342] (-) TimerEvent: {}
[286.871584] (-) TimerEvent: {}
[286.971884] (-) TimerEvent: {}
[287.072154] (-) TimerEvent: {}
[287.172466] (-) TimerEvent: {}
[287.272724] (-) TimerEvent: {}
[287.373016] (-) TimerEvent: {}
[287.473316] (-) TimerEvent: {}
[287.573630] (-) TimerEvent: {}
[287.673938] (-) TimerEvent: {}
[287.774213] (-) TimerEvent: {}
[287.874489] (-) TimerEvent: {}
[287.974738] (-) TimerEvent: {}
[288.075047] (-) TimerEvent: {}
[288.175345] (-) TimerEvent: {}
[288.275639] (-) TimerEvent: {}
[288.375922] (-) TimerEvent: {}
[288.476186] (-) TimerEvent: {}
[288.576457] (-) TimerEvent: {}
[288.676776] (-) TimerEvent: {}
[288.777062] (-) TimerEvent: {}
[288.877322] (-) TimerEvent: {}
[288.912337] (lightning) StdoutLine: {'line': b'[ 95%] \x1b[32m\x1b[1mLinking CXX executable /home/kepler/Documents/Codex/2026-08-14/microsoft-visual-studio-code-stable-vs/outputs/lightning_lm_ws/src/lightning-lm/bin/run_slam_online\x1b[0m\n'}
[288.977458] (-) TimerEvent: {}
[289.077728] (-) TimerEvent: {}
[289.178022] (-) TimerEvent: {}
[289.278265] (-) TimerEvent: {}
[289.378532] (-) TimerEvent: {}
[289.478803] (-) TimerEvent: {}
[289.579078] (-) TimerEvent: {}
[289.679322] (-) TimerEvent: {}
[289.771991] (lightning) StdoutLine: {'line': b'[ 95%] Built target run_slam_online\n'}
[289.779473] (-) TimerEvent: {}
[289.803980] (lightning) StdoutLine: {'line': b'[ 96%] \x1b[32mBuilding CXX object src/app/CMakeFiles/run_loc_offline.dir/run_loc_offline.cc.o\x1b[0m\n'}
[289.879579] (-) TimerEvent: {}
[289.979815] (-) TimerEvent: {}
[290.080078] (-) TimerEvent: {}
[290.180342] (-) TimerEvent: {}
[290.280619] (-) TimerEvent: {}
[290.380868] (-) TimerEvent: {}
[290.481125] (-) TimerEvent: {}
[290.581395] (-) TimerEvent: {}
[290.681668] (-) TimerEvent: {}
[290.781946] (-) TimerEvent: {}
[290.882182] (-) TimerEvent: {}
[290.982437] (-) TimerEvent: {}
[291.082692] (-) TimerEvent: {}
[291.182952] (-) TimerEvent: {}
[291.283276] (-) TimerEvent: {}
[291.383538] (-) TimerEvent: {}
[291.483846] (-) TimerEvent: {}
[291.584139] (-) TimerEvent: {}
[291.684363] (-) TimerEvent: {}
[291.784609] (-) TimerEvent: {}
[291.884876] (-) TimerEvent: {}
[291.985118] (-) TimerEvent: {}
[292.085373] (-) TimerEvent: {}
[292.185712] (-) TimerEvent: {}
[292.285976] (-) TimerEvent: {}
[292.386217] (-) TimerEvent: {}
[292.486462] (-) TimerEvent: {}
[292.510521] (lightning) StderrLine: {'line': b'In file included from \x1b[01m\x1b[K/home/kepler/Documents/Codex/2026-08-14/microsoft-visual-studio-code-stable-vs/outputs/lightning_lm_ws/src/lightning-lm/src/core/lio/laser_mapping.h:11\x1b[m\x1b[K,\n'}
[292.510644] (lightning) StderrLine: {'line': b'                 from \x1b[01m\x1b[K/home/kepler/Documents/Codex/2026-08-14/microsoft-visual-studio-code-stable-vs/outputs/lightning_lm_ws/src/lightning-lm/src/core/localization/localization.h:7\x1b[m\x1b[K,\n'}
[292.510687] (lightning) StderrLine: {'line': b'                 from \x1b[01m\x1b[K/home/kepler/Documents/Codex/2026-08-14/microsoft-visual-studio-code-stable-vs/outputs/lightning_lm_ws/src/lightning-lm/src/app/run_loc_offline.cc:8\x1b[m\x1b[K:\n'}
[292.510721] (lightning) StderrLine: {'line': b'\x1b[01m\x1b[K/home/kepler/Documents/Codex/2026-08-14/microsoft-visual-studio-code-stable-vs/outputs/lightning_lm_ws/src/lightning-lm/src/common/keyframe.h:\x1b[m\x1b[K In constructor \xe2\x80\x98\x1b[01m\x1b[Klightning::Keyframe::Keyframe(long unsigned int, lightning::CloudPtr, lightning::NavState)\x1b[m\x1b[K\xe2\x80\x99:\n'}
[292.510756] (lightning) StderrLine: {'line': b'\x1b[01m\x1b[K/home/kepler/Documents/Codex/2026-08-14/microsoft-visual-studio-code-stable-vs/outputs/lightning_lm_ws/src/lightning-lm/src/common/keyframe.h:74:14:\x1b[m\x1b[K \x1b[01;35m\x1b[Kwarning: \x1b[m\x1b[K\xe2\x80\x98\x1b[01m\x1b[Klightning::Keyframe::state_\x1b[m\x1b[K\xe2\x80\x99 will be initialized after [\x1b[01;35m\x1b[K\x1b]8;;https://gcc.gnu.org/onlinedocs/gcc/Warning-Options.html#index-Wreorder\x07-Wreorder\x1b]8;;\x07\x1b[m\x1b[K]\n'}
[292.510790] (lightning) StderrLine: {'line': b'   74 |     NavState \x1b[01;35m\x1b[Kstate_\x1b[m\x1b[K;  // \xe5\x8d\xa1\xe5\xb0\x94\xe6\x9b\xbc\xe6\xbb\xa4\xe6\xb3\xa2\xe5\x99\xa8\xe7\x8a\xb6\xe6\x80\x81\n'}
[292.510823] (lightning) StderrLine: {'line': b'      |              \x1b[01;35m\x1b[K^~~~~~\x1b[m\x1b[K\n'}
[292.510853] (lightning) StderrLine: {'line': b'\x1b[01m\x1b[K/home/kepler/Documents/Codex/2026-08-14/microsoft-visual-studio-code-stable-vs/outputs/lightning_lm_ws/src/lightning-lm/src/common/keyframe.h:71:9:\x1b[m\x1b[K \x1b[01;35m\x1b[Kwarning: \x1b[m\x1b[K  \xe2\x80\x98\x1b[01m\x1b[Klightning::SE3 lightning::Keyframe::pose_lio_\x1b[m\x1b[K\xe2\x80\x99 [\x1b[01;35m\x1b[K\x1b]8;;https://gcc.gnu.org/onlinedocs/gcc/Warning-Options.html#index-Wreorder\x07-Wreorder\x1b]8;;\x07\x1b[m\x1b[K]\n'}
[292.510895] (lightning) StderrLine: {'line': b'   71 |     SE3 \x1b[01;35m\x1b[Kpose_lio_\x1b[m\x1b[K;  // \xe5\x89\x8d\xe7\xab\xaf\xe7\x9a\x84pose\n'}
[292.510924] (lightning) StderrLine: {'line': b'      |         \x1b[01;35m\x1b[K^~~~~~~~~\x1b[m\x1b[K\n'}
[292.510954] (lightning) StderrLine: {'line': b'\x1b[01m\x1b[K/home/kepler/Documents/Codex/2026-08-14/microsoft-visual-studio-code-stable-vs/outputs/lightning_lm_ws/src/lightning-lm/src/common/keyframe.h:22:5:\x1b[m\x1b[K \x1b[01;35m\x1b[Kwarning: \x1b[m\x1b[K  when initialized here [\x1b[01;35m\x1b[K\x1b]8;;https://gcc.gnu.org/onlinedocs/gcc/Warning-Options.html#index-Wreorder\x07-Wreorder\x1b]8;;\x07\x1b[m\x1b[K]\n'}
[292.510984] (lightning) StderrLine: {'line': b'   22 |     \x1b[01;35m\x1b[KKeyframe\x1b[m\x1b[K(unsigned long id, CloudPtr cloud, NavState state)\n'}
[292.511025] (lightning) StderrLine: {'line': b'      |     \x1b[01;35m\x1b[K^~~~~~~~\x1b[m\x1b[K\n'}
[292.586589] (-) TimerEvent: {}
[292.686841] (-) TimerEvent: {}
[292.787122] (-) TimerEvent: {}
[292.887397] (-) TimerEvent: {}
[292.987703] (-) TimerEvent: {}
[293.087983] (-) TimerEvent: {}
[293.188207] (-) TimerEvent: {}
[293.288461] (-) TimerEvent: {}
[293.356682] (lightning) StderrLine: {'line': b'In file included from \x1b[01m\x1b[K/home/kepler/Documents/Codex/2026-08-14/microsoft-visual-studio-code-stable-vs/outputs/lightning_lm_ws/src/lightning-lm/src/core/lio/laser_mapping.h:12\x1b[m\x1b[K,\n'}
[293.356823] (lightning) StderrLine: {'line': b'                 from \x1b[01m\x1b[K/home/kepler/Documents/Codex/2026-08-14/microsoft-visual-studio-code-stable-vs/outputs/lightning_lm_ws/src/lightning-lm/src/core/localization/localization.h:7\x1b[m\x1b[K,\n'}
[293.356862] (lightning) StderrLine: {'line': b'                 from \x1b[01m\x1b[K/home/kepler/Documents/Codex/2026-08-14/microsoft-visual-studio-code-stable-vs/outputs/lightning_lm_ws/src/lightning-lm/src/app/run_loc_offline.cc:8\x1b[m\x1b[K:\n'}
[293.356892] (lightning) StderrLine: {'line': b'\x1b[01m\x1b[K/home/kepler/Documents/Codex/2026-08-14/microsoft-visual-studio-code-stable-vs/outputs/lightning_lm_ws/src/lightning-lm/src/common/options.h:\x1b[m\x1b[K In function \xe2\x80\x98\x1b[01m\x1b[Kvoid lightning::debug::SigHandle(int)\x1b[m\x1b[K\xe2\x80\x99:\n'}
[293.356921] (lightning) StderrLine: {'line': b'\x1b[01m\x1b[K/home/kepler/Documents/Codex/2026-08-14/microsoft-visual-studio-code-stable-vs/outputs/lightning_lm_ws/src/lightning-lm/src/common/options.h:27:27:\x1b[m\x1b[K \x1b[01;35m\x1b[Kwarning: \x1b[m\x1b[Kunused parameter \xe2\x80\x98\x1b[01m\x1b[Ksig\x1b[m\x1b[K\xe2\x80\x99 [\x1b[01;35m\x1b[K\x1b]8;;https://gcc.gnu.org/onlinedocs/gcc/Warning-Options.html#index-Wunused-parameter\x07-Wunused-parameter\x1b]8;;\x07\x1b[m\x1b[K]\n'}
[293.356953] (lightning) StderrLine: {'line': b'   27 | inline void SigHandle(\x1b[01;35m\x1b[Kint sig\x1b[m\x1b[K) {\n'}
[293.356980] (lightning) StderrLine: {'line': b'      |                       \x1b[01;35m\x1b[K~~~~^~~\x1b[m\x1b[K\n'}
[293.388589] (-) TimerEvent: {}
[293.488808] (-) TimerEvent: {}
[293.589135] (-) TimerEvent: {}
[293.689418] (-) TimerEvent: {}
[293.789659] (-) TimerEvent: {}
[293.883380] (lightning) StderrLine: {'line': b'In file included from \x1b[01m\x1b[K/home/kepler/Documents/Codex/2026-08-14/microsoft-visual-studio-code-stable-vs/outputs/lightning_lm_ws/src/lightning-lm/src/core/lio/imu_processing.hpp:18\x1b[m\x1b[K,\n'}
[293.883600] (lightning) StderrLine: {'line': b'                 from \x1b[01m\x1b[K/home/kepler/Documents/Codex/2026-08-14/microsoft-visual-studio-code-stable-vs/outputs/lightning_lm_ws/src/lightning-lm/src/core/lio/laser_mapping.h:15\x1b[m\x1b[K,\n'}
[293.883645] (lightning) StderrLine: {'line': b'                 from \x1b[01m\x1b[K/home/kepler/Documents/Codex/2026-08-14/microsoft-visual-studio-code-stable-vs/outputs/lightning_lm_ws/src/lightning-lm/src/core/localization/localization.h:7\x1b[m\x1b[K,\n'}
[293.883692] (lightning) StderrLine: {'line': b'                 from \x1b[01m\x1b[K/home/kepler/Documents/Codex/2026-08-14/microsoft-visual-studio-code-stable-vs/outputs/lightning_lm_ws/src/lightning-lm/src/app/run_loc_offline.cc:8\x1b[m\x1b[K:\n'}
[293.883721] (lightning) StderrLine: {'line': b'\x1b[01m\x1b[K/home/kepler/Documents/Codex/2026-08-14/microsoft-visual-studio-code-stable-vs/outputs/lightning_lm_ws/src/lightning-lm/src/core/lio/imu_filter.h:\x1b[m\x1b[K In member function \xe2\x80\x98\x1b[01m\x1b[Kdouble lightning::IMUFilter::processAxis(double, std::deque<double>&, int)\x1b[m\x1b[K\xe2\x80\x99:\n'}
[293.883750] (lightning) StderrLine: {'line': b'\x1b[01m\x1b[K/home/kepler/Documents/Codex/2026-08-14/microsoft-visual-studio-code-stable-vs/outputs/lightning_lm_ws/src/lightning-lm/src/core/lio/imu_filter.h:92:28:\x1b[m\x1b[K \x1b[01;35m\x1b[Kwarning: \x1b[m\x1b[Kcomparison of integer expressions of different signedness: \xe2\x80\x98\x1b[01m\x1b[Kstd::deque<double>::size_type\x1b[m\x1b[K\xe2\x80\x99 {aka \xe2\x80\x98\x1b[01m\x1b[Klong unsigned int\x1b[m\x1b[K\xe2\x80\x99} and \xe2\x80\x98\x1b[01m\x1b[Kint\x1b[m\x1b[K\xe2\x80\x99 [\x1b[01;35m\x1b[K\x1b]8;;https://gcc.gnu.org/onlinedocs/gcc/Warning-Options.html#index-Wsign-compare\x07-Wsign-compare\x1b]8;;\x07\x1b[m\x1b[K]\n'}
[293.883782] (lightning) StderrLine: {'line': b'   92 |         if (\x1b[01;35m\x1b[Khistory.size() >= config_.median_window_size\x1b[m\x1b[K && sample_count_ > 100) {\n'}
[293.883809] (lightning) StderrLine: {'line': b'      |             \x1b[01;35m\x1b[K~~~~~~~~~~~~~~~^~~~~~~~~~~~~~~~~~~~~~~~~~~~~\x1b[m\x1b[K\n'}
[293.883835] (lightning) StderrLine: {'line': b'\x1b[01m\x1b[K/home/kepler/Documents/Codex/2026-08-14/microsoft-visual-studio-code-stable-vs/outputs/lightning_lm_ws/src/lightning-lm/src/core/lio/imu_filter.h:\x1b[m\x1b[K In member function \xe2\x80\x98\x1b[01m\x1b[Kvoid lightning::IMUFilter::updateBuffer(const lightning::IMU&)\x1b[m\x1b[K\xe2\x80\x99:\n'}
[293.883869] (lightning) StderrLine: {'line': b'\x1b[01m\x1b[K/home/kepler/Documents/Codex/2026-08-14/microsoft-visual-studio-code-stable-vs/outputs/lightning_lm_ws/src/lightning-lm/src/core/lio/imu_filter.h:114:39:\x1b[m\x1b[K \x1b[01;35m\x1b[Kwarning: \x1b[m\x1b[Kcomparison of integer expressions of different signedness: \xe2\x80\x98\x1b[01m\x1b[Kstd::deque<double>::size_type\x1b[m\x1b[K\xe2\x80\x99 {aka \xe2\x80\x98\x1b[01m\x1b[Klong unsigned int\x1b[m\x1b[K\xe2\x80\x99} and \xe2\x80\x98\x1b[01m\x1b[Kint\x1b[m\x1b[K\xe2\x80\x99 [\x1b[01;35m\x1b[K\x1b]8;;https://gcc.gnu.org/onlinedocs/gcc/Warning-Options.html#index-Wsign-compare\x07-Wsign-compare\x1b]8;;\x07\x1b[m\x1b[K]\n'}
[293.883900] (lightning) StderrLine: {'line': b'  114 |         while (\x1b[01;35m\x1b[Kgyro_x_history_.size() > max_history\x1b[m\x1b[K) {\n'}
[293.883927] (lightning) StderrLine: {'line': b'      |                \x1b[01;35m\x1b[K~~~~~~~~~~~~~~~~~~~~~~~^~~~~~~~~~~~~\x1b[m\x1b[K\n'}
[293.883952] (lightning) StderrLine: {'line': b'\x1b[01m\x1b[K/home/kepler/Documents/Codex/2026-08-14/microsoft-visual-studio-code-stable-vs/outputs/lightning_lm_ws/src/lightning-lm/src/core/lio/imu_filter.h:\x1b[m\x1b[K In member function \xe2\x80\x98\x1b[01m\x1b[Kdouble lightning::IMUFilter::detectAndRemoveSpike(double, std::deque<double>&, int)\x1b[m\x1b[K\xe2\x80\x99:\n'}
[293.883978] (lightning) StderrLine: {'line': b'\x1b[01m\x1b[K/home/kepler/Documents/Codex/2026-08-14/microsoft-visual-studio-code-stable-vs/outputs/lightning_lm_ws/src/lightning-lm/src/core/lio/imu_filter.h:123:28:\x1b[m\x1b[K \x1b[01;35m\x1b[Kwarning: \x1b[m\x1b[Kcomparison of integer expressions of different signedness: \xe2\x80\x98\x1b[01m\x1b[Kstd::deque<double>::size_type\x1b[m\x1b[K\xe2\x80\x99 {aka \xe2\x80\x98\x1b[01m\x1b[Klong unsigned int\x1b[m\x1b[K\xe2\x80\x99} and \xe2\x80\x98\x1b[01m\x1b[Kint\x1b[m\x1b[K\xe2\x80\x99 [\x1b[01;35m\x1b[K\x1b]8;;https://gcc.gnu.org/onlinedocs/gcc/Warning-Options.html#index-Wsign-compare\x07-Wsign-compare\x1b]8;;\x07\x1b[m\x1b[K]\n'}
[293.884015] (lightning) StderrLine: {'line': b'  123 |         if (\x1b[01;35m\x1b[Khistory.size() < config_.median_window_size\x1b[m\x1b[K) {\n'}
[293.884044] (lightning) StderrLine: {'line': b'      |             \x1b[01;35m\x1b[K~~~~~~~~~~~~~~~^~~~~~~~~~~~~~~~~~~~~~~~~~~~\x1b[m\x1b[K\n'}
[293.884281] (lightning) StderrLine: {'line': b'In file included from \x1b[01m\x1b[K/home/kepler/Documents/Codex/2026-08-14/microsoft-visual-studio-code-stable-vs/outputs/lightning_lm_ws/src/lightning-lm/src/core/lio/imu_processing.hpp:18\x1b[m\x1b[K,\n'}
[293.884356] (lightning) StderrLine: {'line': b'                 from \x1b[01m\x1b[K/home/kepler/Documents/Codex/2026-08-14/microsoft-visual-studio-code-stable-vs/outputs/lightning_lm_ws/src/lightning-lm/src/core/lio/laser_mapping.h:15\x1b[m\x1b[K,\n'}
[293.884392] (lightning) StderrLine: {'line': b'                 from \x1b[01m\x1b[K/home/kepler/Documents/Codex/2026-08-14/microsoft-visual-studio-code-stable-vs/outputs/lightning_lm_ws/src/lightning-lm/src/core/localization/localization.h:7\x1b[m\x1b[K,\n'}
[293.884422] (lightning) StderrLine: {'line': b'                 from \x1b[01m\x1b[K/home/kepler/Documents/Codex/2026-08-14/microsoft-visual-studio-code-stable-vs/outputs/lightning_lm_ws/src/lightning-lm/src/app/run_loc_offline.cc:8\x1b[m\x1b[K:\n'}
[293.884451] (lightning) StderrLine: {'line': b'\x1b[01m\x1b[K/home/kepler/Documents/Codex/2026-08-14/microsoft-visual-studio-code-stable-vs/outputs/lightning_lm_ws/src/lightning-lm/src/core/lio/imu_filter.h:\x1b[m\x1b[K In member function \xe2\x80\x98\x1b[01m\x1b[Kdouble lightning::IMUFilter::medianFilter(double, std::deque<double>&)\x1b[m\x1b[K\xe2\x80\x99:\n'}
[293.884605] (lightning) StderrLine: {'line': b'\x1b[01m\x1b[K/home/kepler/Documents/Codex/2026-08-14/microsoft-visual-studio-code-stable-vs/outputs/lightning_lm_ws/src/lightning-lm/src/core/lio/imu_filter.h:152:28:\x1b[m\x1b[K \x1b[01;35m\x1b[Kwarning: \x1b[m\x1b[Kcomparison of integer expressions of different signedness: \xe2\x80\x98\x1b[01m\x1b[Kstd::deque<double>::size_type\x1b[m\x1b[K\xe2\x80\x99 {aka \xe2\x80\x98\x1b[01m\x1b[Klong unsigned int\x1b[m\x1b[K\xe2\x80\x99} and \xe2\x80\x98\x1b[01m\x1b[Kint\x1b[m\x1b[K\xe2\x80\x99 [\x1b[01;35m\x1b[K\x1b]8;;https://gcc.gnu.org/onlinedocs/gcc/Warning-Options.html#index-Wsign-compare\x07-Wsign-compare\x1b]8;;\x07\x1b[m\x1b[K]\n'}
[293.884657] (lightning) StderrLine: {'line': b'  152 |         if (\x1b[01;35m\x1b[Khistory.size() < config_.median_window_size\x1b[m\x1b[K) {\n'}
[293.884696] (lightning) StderrLine: {'line': b'      |             \x1b[01;35m\x1b[K~~~~~~~~~~~~~~~^~~~~~~~~~~~~~~~~~~~~~~~~~~~\x1b[m\x1b[K\n'}
[293.884723] (lightning) StderrLine: {'line': b'\x1b[01m\x1b[K/home/kepler/Documents/Codex/2026-08-14/microsoft-visual-studio-code-stable-vs/outputs/lightning_lm_ws/src/lightning-lm/src/core/lio/imu_filter.h:\x1b[m\x1b[K In member function \xe2\x80\x98\x1b[01m\x1b[Kdouble lightning::IMUFilter::movingAverage(double, std::deque<double>&)\x1b[m\x1b[K\xe2\x80\x99:\n'}
[293.884753] (lightning) StderrLine: {'line': b'\x1b[01m\x1b[K/home/kepler/Documents/Codex/2026-08-14/microsoft-visual-studio-code-stable-vs/outputs/lightning_lm_ws/src/lightning-lm/src/core/lio/imu_filter.h:164:28:\x1b[m\x1b[K \x1b[01;35m\x1b[Kwarning: \x1b[m\x1b[Kcomparison of integer expressions of different signedness: \xe2\x80\x98\x1b[01m\x1b[Kstd::deque<double>::size_type\x1b[m\x1b[K\xe2\x80\x99 {aka \xe2\x80\x98\x1b[01m\x1b[Klong unsigned int\x1b[m\x1b[K\xe2\x80\x99} and \xe2\x80\x98\x1b[01m\x1b[Kint\x1b[m\x1b[K\xe2\x80\x99 [\x1b[01;35m\x1b[K\x1b]8;;https://gcc.gnu.org/onlinedocs/gcc/Warning-Options.html#index-Wsign-compare\x07-Wsign-compare\x1b]8;;\x07\x1b[m\x1b[K]\n'}
[293.884856] (lightning) StderrLine: {'line': b'  164 |         if (\x1b[01;35m\x1b[Khistory.size() < config_.moving_avg_window\x1b[m\x1b[K) {\n'}
[293.884884] (lightning) StderrLine: {'line': b'      |             \x1b[01;35m\x1b[K~~~~~~~~~~~~~~~^~~~~~~~~~~~~~~~~~~~~~~~~~~\x1b[m\x1b[K\n'}
[293.884912] (lightning) StderrLine: {'line': b'\x1b[01m\x1b[K/home/kepler/Documents/Codex/2026-08-14/microsoft-visual-studio-code-stable-vs/outputs/lightning_lm_ws/src/lightning-lm/src/core/lio/imu_filter.h:\x1b[m\x1b[K In member function \xe2\x80\x98\x1b[01m\x1b[Kvoid lightning::IMUFilter::updateStatistics(const lightning::IMU&)\x1b[m\x1b[K\xe2\x80\x99:\n'}
[293.884944] (lightning) StderrLine: {'line': b'\x1b[01m\x1b[K/home/kepler/Documents/Codex/2026-08-14/microsoft-visual-studio-code-stable-vs/outputs/lightning_lm_ws/src/lightning-lm/src/core/lio/imu_filter.h:200:20:\x1b[m\x1b[K \x1b[01;35m\x1b[Kwarning: \x1b[m\x1b[Kunused variable \xe2\x80\x98\x1b[01m\x1b[Kprev_mean\x1b[m\x1b[K\xe2\x80\x99 [\x1b[01;35m\x1b[K\x1b]8;;https://gcc.gnu.org/onlinedocs/gcc/Warning-Options.html#index-Wunused-variable\x07-Wunused-variable\x1b]8;;\x07\x1b[m\x1b[K]\n'}
[293.884973] (lightning) StderrLine: {'line': b'  200 |             double \x1b[01;35m\x1b[Kprev_mean\x1b[m\x1b[K[3] = {gyro_mean_[0], gyro_mean_[1], gyro_mean_[2]};\n'}
[293.885000] (lightning) StderrLine: {'line': b'      |                    \x1b[01;35m\x1b[K^~~~~~~~~\x1b[m\x1b[K\n'}
[293.889788] (-) TimerEvent: {}
[293.990025] (-) TimerEvent: {}
[294.090437] (-) TimerEvent: {}
[294.190723] (-) TimerEvent: {}
[294.291018] (-) TimerEvent: {}
[294.391264] (-) TimerEvent: {}
[294.491544] (-) TimerEvent: {}
[294.591792] (-) TimerEvent: {}
[294.692034] (-) TimerEvent: {}
[294.751592] (lightning) StderrLine: {'line': b'In file included from \x1b[01m\x1b[K/home/kepler/Documents/Codex/2026-08-14/microsoft-visual-studio-code-stable-vs/outputs/lightning_lm_ws/src/lightning-lm/src/app/run_loc_offline.cc:11\x1b[m\x1b[K:\n'}
[294.751733] (lightning) StderrLine: {'line': b'\x1b[01m\x1b[K/home/kepler/Documents/Codex/2026-08-14/microsoft-visual-studio-code-stable-vs/outputs/lightning_lm_ws/src/lightning-lm/src/wrapper/bag_io.h:\x1b[m\x1b[K In constructor \xe2\x80\x98\x1b[01m\x1b[Klightning::RosbagIO::RosbagIO(std::string, lightning::DatasetType)\x1b[m\x1b[K\xe2\x80\x99:\n'}
[294.751771] (lightning) StderrLine: {'line': b'\x1b[01m\x1b[K/home/kepler/Documents/Codex/2026-08-14/microsoft-visual-studio-code-stable-vs/outputs/lightning_lm_ws/src/lightning-lm/src/wrapper/bag_io.h:38:57:\x1b[m\x1b[K \x1b[01;35m\x1b[Kwarning: \x1b[m\x1b[Kunused parameter \xe2\x80\x98\x1b[01m\x1b[Kdataset_type\x1b[m\x1b[K\xe2\x80\x99 [\x1b[01;35m\x1b[K\x1b]8;;https://gcc.gnu.org/onlinedocs/gcc/Warning-Options.html#index-Wunused-parameter\x07-Wunused-parameter\x1b]8;;\x07\x1b[m\x1b[K]\n'}
[294.751803] (lightning) StderrLine: {'line': b'   38 |     explicit RosbagIO(std::string bag_file, \x1b[01;35m\x1b[KDatasetType dataset_type = DatasetType::NCLT\x1b[m\x1b[K)\n'}
[294.751832] (lightning) StderrLine: {'line': b'      |                                             \x1b[01;35m\x1b[K~~~~~~~~~~~~^~~~~~~~~~~~~~~~~~~~~~~~~~~~~~~~\x1b[m\x1b[K\n'}
[294.792197] (-) TimerEvent: {}
[294.892441] (-) TimerEvent: {}
[294.992708] (-) TimerEvent: {}
[295.092962] (-) TimerEvent: {}
[295.193218] (-) TimerEvent: {}
[295.293450] (-) TimerEvent: {}
[295.393692] (-) TimerEvent: {}
[295.493917] (-) TimerEvent: {}
[295.594181] (-) TimerEvent: {}
[295.694419] (-) TimerEvent: {}
[295.794674] (-) TimerEvent: {}
[295.894946] (-) TimerEvent: {}
[295.995186] (-) TimerEvent: {}
[296.095436] (-) TimerEvent: {}
[296.195654] (-) TimerEvent: {}
[296.295902] (-) TimerEvent: {}
[296.396183] (-) TimerEvent: {}
[296.496424] (-) TimerEvent: {}
[296.596653] (-) TimerEvent: {}
[296.696866] (-) TimerEvent: {}
[296.797075] (-) TimerEvent: {}
[296.897318] (-) TimerEvent: {}
[296.997563] (-) TimerEvent: {}
[297.097807] (-) TimerEvent: {}
[297.198098] (-) TimerEvent: {}
[297.298312] (-) TimerEvent: {}
[297.398545] (-) TimerEvent: {}
[297.498829] (-) TimerEvent: {}
[297.599089] (-) TimerEvent: {}
[297.699342] (-) TimerEvent: {}
[297.799605] (-) TimerEvent: {}
[297.899900] (-) TimerEvent: {}
[298.000150] (-) TimerEvent: {}
[298.100422] (-) TimerEvent: {}
[298.200691] (-) TimerEvent: {}
[298.300996] (-) TimerEvent: {}
[298.401281] (-) TimerEvent: {}
[298.501550] (-) TimerEvent: {}
[298.601826] (-) TimerEvent: {}
[298.702078] (-) TimerEvent: {}
[298.802332] (-) TimerEvent: {}
[298.833974] (lightning) StdoutLine: {'line': b'[ 96%] \x1b[32m\x1b[1mLinking CXX executable /home/kepler/Documents/Codex/2026-08-14/microsoft-visual-studio-code-stable-vs/outputs/lightning_lm_ws/src/lightning-lm/bin/run_loc_offline\x1b[0m\n'}
[298.902477] (-) TimerEvent: {}
[299.002747] (-) TimerEvent: {}
[299.103023] (-) TimerEvent: {}
[299.203297] (-) TimerEvent: {}
[299.303618] (-) TimerEvent: {}
[299.403917] (-) TimerEvent: {}
[299.504201] (-) TimerEvent: {}
[299.604510] (-) TimerEvent: {}
[299.691072] (lightning) StdoutLine: {'line': b'[ 96%] Built target run_loc_offline\n'}
[299.704632] (-) TimerEvent: {}
[299.720856] (lightning) StdoutLine: {'line': b'[ 97%] \x1b[32mBuilding CXX object src/app/CMakeFiles/run_loc_online.dir/run_loc_online.cc.o\x1b[0m\n'}
[299.804771] (-) TimerEvent: {}
[299.905138] (-) TimerEvent: {}
[300.005452] (-) TimerEvent: {}
[300.105769] (-) TimerEvent: {}
[300.206088] (-) TimerEvent: {}
[300.306479] (-) TimerEvent: {}
[300.406795] (-) TimerEvent: {}
[300.507086] (-) TimerEvent: {}
[300.607318] (-) TimerEvent: {}
[300.707586] (-) TimerEvent: {}
[300.807804] (-) TimerEvent: {}
[300.908056] (-) TimerEvent: {}
[301.008351] (-) TimerEvent: {}
[301.108595] (-) TimerEvent: {}
[301.208857] (-) TimerEvent: {}
[301.309116] (-) TimerEvent: {}
[301.409348] (-) TimerEvent: {}
[301.509582] (-) TimerEvent: {}
[301.609808] (-) TimerEvent: {}
[301.710106] (-) TimerEvent: {}
[301.810402] (-) TimerEvent: {}
[301.910626] (-) TimerEvent: {}
[302.010861] (-) TimerEvent: {}
[302.111110] (-) TimerEvent: {}
[302.211368] (-) TimerEvent: {}
[302.311636] (-) TimerEvent: {}
[302.411929] (-) TimerEvent: {}
[302.512239] (-) TimerEvent: {}
[302.612513] (-) TimerEvent: {}
[302.708349] (lightning) StderrLine: {'line': b'In file included from \x1b[01m\x1b[K/home/kepler/Documents/Codex/2026-08-14/microsoft-visual-studio-code-stable-vs/outputs/lightning_lm_ws/src/lightning-lm/src/core/system/loc_system.h:17\x1b[m\x1b[K,\n'}
[302.708494] (lightning) StderrLine: {'line': b'                 from \x1b[01m\x1b[K/home/kepler/Documents/Codex/2026-08-14/microsoft-visual-studio-code-stable-vs/outputs/lightning_lm_ws/src/lightning-lm/src/app/run_loc_online.cc:8\x1b[m\x1b[K:\n'}
[302.708544] (lightning) StderrLine: {'line': b'\x1b[01m\x1b[K/home/kepler/Documents/Codex/2026-08-14/microsoft-visual-studio-code-stable-vs/outputs/lightning_lm_ws/src/lightning-lm/src/common/keyframe.h:\x1b[m\x1b[K In constructor \xe2\x80\x98\x1b[01m\x1b[Klightning::Keyframe::Keyframe(long unsigned int, lightning::CloudPtr, lightning::NavState)\x1b[m\x1b[K\xe2\x80\x99:\n'}
[302.708581] (lightning) StderrLine: {'line': b'\x1b[01m\x1b[K/home/kepler/Documents/Codex/2026-08-14/microsoft-visual-studio-code-stable-vs/outputs/lightning_lm_ws/src/lightning-lm/src/common/keyframe.h:74:14:\x1b[m\x1b[K \x1b[01;35m\x1b[Kwarning: \x1b[m\x1b[K\xe2\x80\x98\x1b[01m\x1b[Klightning::Keyframe::state_\x1b[m\x1b[K\xe2\x80\x99 will be initialized after [\x1b[01;35m\x1b[K\x1b]8;;https://gcc.gnu.org/onlinedocs/gcc/Warning-Options.html#index-Wreorder\x07-Wreorder\x1b]8;;\x07\x1b[m\x1b[K]\n'}
[302.708618] (lightning) StderrLine: {'line': b'   74 |     NavState \x1b[01;35m\x1b[Kstate_\x1b[m\x1b[K;  // \xe5\x8d\xa1\xe5\xb0\x94\xe6\x9b\xbc\xe6\xbb\xa4\xe6\xb3\xa2\xe5\x99\xa8\xe7\x8a\xb6\xe6\x80\x81\n'}
[302.708651] (lightning) StderrLine: {'line': b'      |              \x1b[01;35m\x1b[K^~~~~~\x1b[m\x1b[K\n'}
[302.708683] (lightning) StderrLine: {'line': b'\x1b[01m\x1b[K/home/kepler/Documents/Codex/2026-08-14/microsoft-visual-studio-code-stable-vs/outputs/lightning_lm_ws/src/lightning-lm/src/common/keyframe.h:71:9:\x1b[m\x1b[K \x1b[01;35m\x1b[Kwarning: \x1b[m\x1b[K  \xe2\x80\x98\x1b[01m\x1b[Klightning::SE3 lightning::Keyframe::pose_lio_\x1b[m\x1b[K\xe2\x80\x99 [\x1b[01;35m\x1b[K\x1b]8;;https://gcc.gnu.org/onlinedocs/gcc/Warning-Options.html#index-Wreorder\x07-Wreorder\x1b]8;;\x07\x1b[m\x1b[K]\n'}
[302.708716] (lightning) StderrLine: {'line': b'   71 |     SE3 \x1b[01;35m\x1b[Kpose_lio_\x1b[m\x1b[K;  // \xe5\x89\x8d\xe7\xab\xaf\xe7\x9a\x84pose\n'}
[302.708748] (lightning) StderrLine: {'line': b'      |         \x1b[01;35m\x1b[K^~~~~~~~~\x1b[m\x1b[K\n'}
[302.708777] (lightning) StderrLine: {'line': b'\x1b[01m\x1b[K/home/kepler/Documents/Codex/2026-08-14/microsoft-visual-studio-code-stable-vs/outputs/lightning_lm_ws/src/lightning-lm/src/common/keyframe.h:22:5:\x1b[m\x1b[K \x1b[01;35m\x1b[Kwarning: \x1b[m\x1b[K  when initialized here [\x1b[01;35m\x1b[K\x1b]8;;https://gcc.gnu.org/onlinedocs/gcc/Warning-Options.html#index-Wreorder\x07-Wreorder\x1b]8;;\x07\x1b[m\x1b[K]\n'}
[302.708809] (lightning) StderrLine: {'line': b'   22 |     \x1b[01;35m\x1b[KKeyframe\x1b[m\x1b[K(unsigned long id, CloudPtr cloud, NavState state)\n'}
[302.708838] (lightning) StderrLine: {'line': b'      |     \x1b[01;35m\x1b[K^~~~~~~~\x1b[m\x1b[K\n'}
[302.712578] (-) TimerEvent: {}
[302.812790] (-) TimerEvent: {}
[302.913187] (-) TimerEvent: {}
[303.013433] (-) TimerEvent: {}
[303.113675] (-) TimerEvent: {}
[303.213960] (-) TimerEvent: {}
[303.314225] (-) TimerEvent: {}
[303.414513] (-) TimerEvent: {}
[303.514829] (-) TimerEvent: {}
[303.615143] (-) TimerEvent: {}
[303.651256] (lightning) StdoutLine: {'line': b'[ 98%] \x1b[32m\x1b[1mLinking CXX executable /home/kepler/Documents/Codex/2026-08-14/microsoft-visual-studio-code-stable-vs/outputs/lightning_lm_ws/src/lightning-lm/bin/run_loc_online\x1b[0m\n'}
[303.715299] (-) TimerEvent: {}
[303.815546] (-) TimerEvent: {}
[303.915785] (-) TimerEvent: {}
[304.016052] (-) TimerEvent: {}
[304.116318] (-) TimerEvent: {}
[304.216576] (-) TimerEvent: {}
[304.316872] (-) TimerEvent: {}
[304.417146] (-) TimerEvent: {}
[304.508662] (lightning) StdoutLine: {'line': b'[ 98%] Built target run_loc_online\n'}
[304.517217] (-) TimerEvent: {}
[304.542424] (lightning) StdoutLine: {'line': b'[ 99%] \x1b[32mBuilding CXX object src/app/CMakeFiles/test_ui.dir/test_ui.cc.o\x1b[0m\n'}
[304.617309] (-) TimerEvent: {}
[304.717511] (-) TimerEvent: {}
[304.817781] (-) TimerEvent: {}
[304.918078] (-) TimerEvent: {}
[305.018285] (-) TimerEvent: {}
[305.118530] (-) TimerEvent: {}
[305.218832] (-) TimerEvent: {}
[305.319094] (-) TimerEvent: {}
[305.419349] (-) TimerEvent: {}
[305.519637] (-) TimerEvent: {}
[305.619956] (-) TimerEvent: {}
[305.720196] (-) TimerEvent: {}
[305.820481] (-) TimerEvent: {}
[305.920760] (-) TimerEvent: {}
[306.021029] (-) TimerEvent: {}
[306.121316] (-) TimerEvent: {}
[306.221602] (-) TimerEvent: {}
[306.315550] (lightning) StderrLine: {'line': b'In file included from \x1b[01m\x1b[K/home/kepler/Documents/Codex/2026-08-14/microsoft-visual-studio-code-stable-vs/outputs/lightning_lm_ws/src/lightning-lm/src/ui/pangolin_window.h:8\x1b[m\x1b[K,\n'}
[306.315667] (lightning) StderrLine: {'line': b'                 from \x1b[01m\x1b[K/home/kepler/Documents/Codex/2026-08-14/microsoft-visual-studio-code-stable-vs/outputs/lightning_lm_ws/src/lightning-lm/src/app/test_ui.cc:5\x1b[m\x1b[K:\n'}
[306.315707] (lightning) StderrLine: {'line': b'\x1b[01m\x1b[K/home/kepler/Documents/Codex/2026-08-14/microsoft-visual-studio-code-stable-vs/outputs/lightning_lm_ws/src/lightning-lm/src/common/keyframe.h:\x1b[m\x1b[K In constructor \xe2\x80\x98\x1b[01m\x1b[Klightning::Keyframe::Keyframe(long unsigned int, lightning::CloudPtr, lightning::NavState)\x1b[m\x1b[K\xe2\x80\x99:\n'}
[306.315749] (lightning) StderrLine: {'line': b'\x1b[01m\x1b[K/home/kepler/Documents/Codex/2026-08-14/microsoft-visual-studio-code-stable-vs/outputs/lightning_lm_ws/src/lightning-lm/src/common/keyframe.h:74:14:\x1b[m\x1b[K \x1b[01;35m\x1b[Kwarning: \x1b[m\x1b[K\xe2\x80\x98\x1b[01m\x1b[Klightning::Keyframe::state_\x1b[m\x1b[K\xe2\x80\x99 will be initialized after [\x1b[01;35m\x1b[K\x1b]8;;https://gcc.gnu.org/onlinedocs/gcc/Warning-Options.html#index-Wreorder\x07-Wreorder\x1b]8;;\x07\x1b[m\x1b[K]\n'}
[306.315779] (lightning) StderrLine: {'line': b'   74 |     NavState \x1b[01;35m\x1b[Kstate_\x1b[m\x1b[K;  // \xe5\x8d\xa1\xe5\xb0\x94\xe6\x9b\xbc\xe6\xbb\xa4\xe6\xb3\xa2\xe5\x99\xa8\xe7\x8a\xb6\xe6\x80\x81\n'}
[306.315809] (lightning) StderrLine: {'line': b'      |              \x1b[01;35m\x1b[K^~~~~~\x1b[m\x1b[K\n'}
[306.315835] (lightning) StderrLine: {'line': b'\x1b[01m\x1b[K/home/kepler/Documents/Codex/2026-08-14/microsoft-visual-studio-code-stable-vs/outputs/lightning_lm_ws/src/lightning-lm/src/common/keyframe.h:71:9:\x1b[m\x1b[K \x1b[01;35m\x1b[Kwarning: \x1b[m\x1b[K  \xe2\x80\x98\x1b[01m\x1b[Klightning::SE3 lightning::Keyframe::pose_lio_\x1b[m\x1b[K\xe2\x80\x99 [\x1b[01;35m\x1b[K\x1b]8;;https://gcc.gnu.org/onlinedocs/gcc/Warning-Options.html#index-Wreorder\x07-Wreorder\x1b]8;;\x07\x1b[m\x1b[K]\n'}
[306.315864] (lightning) StderrLine: {'line': b'   71 |     SE3 \x1b[01;35m\x1b[Kpose_lio_\x1b[m\x1b[K;  // \xe5\x89\x8d\xe7\xab\xaf\xe7\x9a\x84pose\n'}
[306.315890] (lightning) StderrLine: {'line': b'      |         \x1b[01;35m\x1b[K^~~~~~~~~\x1b[m\x1b[K\n'}
[306.315916] (lightning) StderrLine: {'line': b'\x1b[01m\x1b[K/home/kepler/Documents/Codex/2026-08-14/microsoft-visual-studio-code-stable-vs/outputs/lightning_lm_ws/src/lightning-lm/src/common/keyframe.h:22:5:\x1b[m\x1b[K \x1b[01;35m\x1b[Kwarning: \x1b[m\x1b[K  when initialized here [\x1b[01;35m\x1b[K\x1b]8;;https://gcc.gnu.org/onlinedocs/gcc/Warning-Options.html#index-Wreorder\x07-Wreorder\x1b]8;;\x07\x1b[m\x1b[K]\n'}
[306.315944] (lightning) StderrLine: {'line': b'   22 |     \x1b[01;35m\x1b[KKeyframe\x1b[m\x1b[K(unsigned long id, CloudPtr cloud, NavState state)\n'}
[306.315972] (lightning) StderrLine: {'line': b'      |     \x1b[01;35m\x1b[K^~~~~~~~\x1b[m\x1b[K\n'}
[306.321754] (-) TimerEvent: {}
[306.422003] (-) TimerEvent: {}
[306.522239] (-) TimerEvent: {}
[306.622562] (-) TimerEvent: {}
[306.722882] (-) TimerEvent: {}
[306.823182] (-) TimerEvent: {}
[306.923434] (-) TimerEvent: {}
[307.023733] (-) TimerEvent: {}
[307.024689] (lightning) StdoutLine: {'line': b'[100%] \x1b[32m\x1b[1mLinking CXX executable /home/kepler/Documents/Codex/2026-08-14/microsoft-visual-studio-code-stable-vs/outputs/lightning_lm_ws/src/lightning-lm/bin/test_ui\x1b[0m\n'}
[307.123898] (-) TimerEvent: {}
[307.224138] (-) TimerEvent: {}
[307.324367] (-) TimerEvent: {}
[307.424600] (-) TimerEvent: {}
[307.524839] (-) TimerEvent: {}
[307.625150] (-) TimerEvent: {}
[307.725439] (-) TimerEvent: {}
[307.825727] (-) TimerEvent: {}
[307.870180] (lightning) StdoutLine: {'line': b'[100%] Built target test_ui\n'}
[307.883268] (lightning) CommandEnded: {'returncode': 0}
[307.885510] (lightning) JobProgress: {'identifier': 'lightning', 'progress': 'install'}
[307.894523] (lightning) Command: {'cmd': ['/usr/bin/cmake', '--install', '/home/kepler/Documents/Codex/2026-08-14/microsoft-visual-studio-code-stable-vs/outputs/lightning_lm_ws/build/lightning'], 'cwd': '/home/kepler/Documents/Codex/2026-08-14/microsoft-visual-studio-code-stable-vs/outputs/lightning_lm_ws/build/lightning', 'env': OrderedDict([('GJS_DEBUG_TOPICS', 'JS ERROR;JS LOG'), ('LESSOPEN', '| /usr/bin/lesspipe %s'), ('CMAKE_BUILD_PARALLEL_LEVEL', '1'), ('LANGUAGE', 'en_US:en'), ('USER', 'kepler'), ('LC_TIME', 'zh_CN.UTF-8'), ('XDG_SESSION_TYPE', 'wayland'), ('SHLVL', '1'), ('LD_LIBRARY_PATH', '/opt/ros/humble/opt/rviz_ogre_vendor/lib:/opt/ros/humble/lib/x86_64-linux-gnu:/opt/ros/humble/lib'), ('HOME', '/home/kepler'), ('OLDPWD', '/home/kepler'), ('DESKTOP_SESSION', 'ubuntu'), ('GIO_LAUNCHED_DESKTOP_FILE', '/usr/share/applications/terminator.desktop'), ('ROS_PYTHON_VERSION', '3'), ('GNOME_SHELL_SESSION_MODE', 'ubuntu'), ('GTK_MODULES', 'gail:atk-bridge'), ('LC_MONETARY', 'zh_CN.UTF-8'), ('MANAGERPID', '1319'), ('SYSTEMD_EXEC_PID', '1695'), ('MAKEFLAGS', '-j1'), ('DBUS_SESSION_BUS_ADDRESS', 'unix:path=/run/user/1000/bus'), ('COLORTERM', 'truecolor'), ('TERMINATOR_DBUS_NAME', 'net.tenshu.Terminator25ef4b219e3b005583550f2b0f9f990c3'), ('GIO_LAUNCHED_DESKTOP_FILE_PID', '30968'), ('IM_CONFIG_PHASE', '1'), ('WAYLAND_DISPLAY', 'wayland-0'), ('ROS_DISTRO', 'humble'), ('LOGNAME', 'kepler'), ('JOURNAL_STREAM', '8:5678'), ('_', '/usr/bin/colcon'), ('ROS_VERSION', '2'), ('XDG_SESSION_CLASS', 'user'), ('USERNAME', 'kepler'), ('TERM', 'xterm-256color'), ('GNOME_DESKTOP_SESSION_ID', 'this-is-deprecated'), ('ROS_LOCALHOST_ONLY', '0'), ('PATH', '/opt/ros/humble/bin:/usr/local/sbin:/usr/local/bin:/usr/sbin:/usr/bin:/sbin:/bin:/usr/games:/usr/local/games:/snap/bin:/snap/bin'), ('SESSION_MANAGER', 'local/KPLNB151:@/tmp/.ICE-unix/1671,unix/KPLNB151:/tmp/.ICE-unix/1671'), ('INVOCATION_ID', '08e038dd9b564bc1a1c69d6c854f79e8'), ('XDG_MENU_PREFIX', 'gnome-'), ('LC_ADDRESS', 'zh_CN.UTF-8'), ('GNOME_SETUP_DISPLAY', ':1'), ('XDG_RUNTIME_DIR', '/run/user/1000'), ('DISPLAY', ':0'), ('TERMINATOR_DBUS_PATH', '/net/tenshu/Terminator2'), ('LANG', 'en_US.UTF-8'), ('XDG_CURRENT_DESKTOP', 'ubuntu:GNOME'), ('IBUS_DISABLE_SNOOPER', '1'), ('LC_TELEPHONE', 'zh_CN.UTF-8'), ('XMODIFIERS', '@im=ibus'), ('XDG_SESSION_DESKTOP', 'ubuntu'), ('XAUTHORITY', '/run/user/1000/.mutter-Xwaylandauth.QUXZT3'), ('LS_COLORS', 'rs=0:di=01;34:ln=01;36:mh=00:pi=40;33:so=01;35:do=01;35:bd=40;33;01:cd=40;33;01:or=40;31;01:mi=00:su=37;41:sg=30;43:ca=30;41:tw=30;42:ow=34;42:st=37;44:ex=01;32:*.tar=01;31:*.tgz=01;31:*.arc=01;31:*.arj=01;31:*.taz=01;31:*.lha=01;31:*.lz4=01;31:*.lzh=01;31:*.lzma=01;31:*.tlz=01;31:*.txz=01;31:*.tzo=01;31:*.t7z=01;31:*.zip=01;31:*.z=01;31:*.dz=01;31:*.gz=01;31:*.lrz=01;31:*.lz=01;31:*.lzo=01;31:*.xz=01;31:*.zst=01;31:*.tzst=01;31:*.bz2=01;31:*.bz=01;31:*.tbz=01;31:*.tbz2=01;31:*.tz=01;31:*.deb=01;31:*.rpm=01;31:*.jar=01;31:*.war=01;31:*.ear=01;31:*.sar=01;31:*.rar=01;31:*.alz=01;31:*.ace=01;31:*.zoo=01;31:*.cpio=01;31:*.7z=01;31:*.rz=01;31:*.cab=01;31:*.wim=01;31:*.swm=01;31:*.dwm=01;31:*.esd=01;31:*.jpg=01;35:*.jpeg=01;35:*.mjpg=01;35:*.mjpeg=01;35:*.gif=01;35:*.bmp=01;35:*.pbm=01;35:*.pgm=01;35:*.ppm=01;35:*.tga=01;35:*.xbm=01;35:*.xpm=01;35:*.tif=01;35:*.tiff=01;35:*.png=01;35:*.svg=01;35:*.svgz=01;35:*.mng=01;35:*.pcx=01;35:*.mov=01;35:*.mpg=01;35:*.mpeg=01;35:*.m2v=01;35:*.mkv=01;35:*.webm=01;35:*.webp=01;35:*.ogm=01;35:*.mp4=01;35:*.m4v=01;35:*.mp4v=01;35:*.vob=01;35:*.qt=01;35:*.nuv=01;35:*.wmv=01;35:*.asf=01;35:*.rm=01;35:*.rmvb=01;35:*.flc=01;35:*.avi=01;35:*.fli=01;35:*.flv=01;35:*.gl=01;35:*.dl=01;35:*.xcf=01;35:*.xwd=01;35:*.yuv=01;35:*.cgm=01;35:*.emf=01;35:*.ogv=01;35:*.ogx=01;35:*.aac=00;36:*.au=00;36:*.flac=00;36:*.m4a=00;36:*.mid=00;36:*.midi=00;36:*.mka=00;36:*.mp3=00;36:*.mpc=00;36:*.ogg=00;36:*.ra=00;36:*.wav=00;36:*.oga=00;36:*.opus=00;36:*.spx=00;36:*.xspf=00;36:'), ('SSH_AGENT_LAUNCHER', 'gnome-keyring'), ('SSH_AUTH_SOCK', '/run/user/1000/keyring/ssh'), ('AMENT_PREFIX_PATH', '/opt/ros/humble'), ('SHELL', '/bin/bash'), ('LC_NAME', 'zh_CN.UTF-8'), ('TERMINATOR_UUID', 'urn:uuid:b86bba3a-1334-41a8-8474-87f2497b53a7'), ('QT_ACCESSIBILITY', '1'), ('GDMSESSION', 'ubuntu'), ('LESSCLOSE', '/usr/bin/lesspipe %s %s'), ('LC_MEASUREMENT', 'zh_CN.UTF-8'), ('GJS_DEBUG_OUTPUT', 'stderr'), ('LC_IDENTIFICATION', 'zh_CN.UTF-8'), ('QT_IM_MODULE', 'ibus'), ('PWD', '/home/kepler/Documents/Codex/2026-08-14/microsoft-visual-studio-code-stable-vs/outputs/lightning_lm_ws/build/lightning'), ('LC_ALL', 'en_US.UTF-8'), ('XDG_CONFIG_DIRS', '/etc/xdg/xdg-ubuntu:/etc/xdg'), ('XDG_DATA_DIRS', '/usr/share/ubuntu:/usr/local/share/:/usr/share/:/var/lib/snapd/desktop'), ('PYTHONPATH', '/opt/ros/humble/lib/python3.10/site-packages:/opt/ros/humble/local/lib/python3.10/dist-packages'), ('LC_NUMERIC', 'zh_CN.UTF-8'), ('LC_PAPER', 'zh_CN.UTF-8'), ('COLCON', '1'), ('VTE_VERSION', '6800'), ('CMAKE_PREFIX_PATH', '/opt/ros/humble')]), 'shell': False}
[307.901620] (lightning) StdoutLine: {'line': b'-- Install configuration: "Release"\n'}
[307.902809] (lightning) StdoutLine: {'line': b'-- Execute custom install script\n'}
[307.903155] (lightning) StdoutLine: {'line': b'-- Symlinking: /home/kepler/Documents/Codex/2026-08-14/microsoft-visual-studio-code-stable-vs/outputs/lightning_lm_ws/install/lightning/share/ament_index/resource_index/rosidl_interfaces/lightning\n'}
[307.913338] (lightning) StdoutLine: {'line': b'-- Symlinking: /home/kepler/Documents/Codex/2026-08-14/microsoft-visual-studio-code-stable-vs/outputs/lightning_lm_ws/install/lightning/include/lightning/lightning/msg/rosidl_generator_c__visibility_control.h\n'}
[307.919893] (lightning) StdoutLine: {'line': b'-- Symlinking: /home/kepler/Documents/Codex/2026-08-14/microsoft-visual-studio-code-stable-vs/outputs/lightning_lm_ws/install/lightning/include/lightning/lightning/srv/detail/loc_cmd__functions.h\n'}
[307.925858] (-) TimerEvent: {}
[307.926583] (lightning) StdoutLine: {'line': b'-- Symlinking: /home/kepler/Documents/Codex/2026-08-14/microsoft-visual-studio-code-stable-vs/outputs/lightning_lm_ws/install/lightning/include/lightning/lightning/srv/detail/loc_cmd__struct.h\n'}
[307.933602] (lightning) StdoutLine: {'line': b'-- Symlinking: /home/kepler/Documents/Codex/2026-08-14/microsoft-visual-studio-code-stable-vs/outputs/lightning_lm_ws/install/lightning/include/lightning/lightning/srv/detail/loc_cmd__type_support.h\n'}
[307.940183] (lightning) StdoutLine: {'line': b'-- Symlinking: /home/kepler/Documents/Codex/2026-08-14/microsoft-visual-studio-code-stable-vs/outputs/lightning_lm_ws/install/lightning/include/lightning/lightning/srv/detail/save_map__functions.h\n'}
[307.946581] (lightning) StdoutLine: {'line': b'-- Symlinking: /home/kepler/Documents/Codex/2026-08-14/microsoft-visual-studio-code-stable-vs/outputs/lightning_lm_ws/install/lightning/include/lightning/lightning/srv/detail/save_map__struct.h\n'}
[307.953615] (lightning) StdoutLine: {'line': b'-- Symlinking: /home/kepler/Documents/Codex/2026-08-14/microsoft-visual-studio-code-stable-vs/outputs/lightning_lm_ws/install/lightning/include/lightning/lightning/srv/detail/save_map__type_support.h\n'}
[307.958905] (lightning) StdoutLine: {'line': b'-- Symlinking: /home/kepler/Documents/Codex/2026-08-14/microsoft-visual-studio-code-stable-vs/outputs/lightning_lm_ws/install/lightning/include/lightning/lightning/srv/loc_cmd.h\n'}
[307.966458] (lightning) StdoutLine: {'line': b'-- Symlinking: /home/kepler/Documents/Codex/2026-08-14/microsoft-visual-studio-code-stable-vs/outputs/lightning_lm_ws/install/lightning/include/lightning/lightning/srv/save_map.h\n'}
[307.973330] (lightning) StdoutLine: {'line': b'-- Symlinking: /home/kepler/Documents/Codex/2026-08-14/microsoft-visual-studio-code-stable-vs/outputs/lightning_lm_ws/install/lightning/share/lightning/environment/library_path.sh\n'}
[307.978382] (lightning) StdoutLine: {'line': b'-- Symlinking: /home/kepler/Documents/Codex/2026-08-14/microsoft-visual-studio-code-stable-vs/outputs/lightning_lm_ws/install/lightning/share/lightning/environment/library_path.dsv\n'}
[307.984482] (lightning) StdoutLine: {'line': b'-- Symlinking: /home/kepler/Documents/Codex/2026-08-14/microsoft-visual-studio-code-stable-vs/outputs/lightning_lm_ws/install/lightning/include/lightning/lightning/msg/rosidl_typesupport_fastrtps_c__visibility_control.h\n'}
[307.991425] (lightning) StdoutLine: {'line': b'-- Symlinking: /home/kepler/Documents/Codex/2026-08-14/microsoft-visual-studio-code-stable-vs/outputs/lightning_lm_ws/install/lightning/include/lightning/lightning/srv/detail/loc_cmd__rosidl_typesupport_fastrtps_c.h\n'}
[307.997325] (lightning) StdoutLine: {'line': b'-- Symlinking: /home/kepler/Documents/Codex/2026-08-14/microsoft-visual-studio-code-stable-vs/outputs/lightning_lm_ws/install/lightning/include/lightning/lightning/srv/detail/save_map__rosidl_typesupport_fastrtps_c.h\n'}
[308.005292] (lightning) StdoutLine: {'line': b'-- Symlinking: /home/kepler/Documents/Codex/2026-08-14/microsoft-visual-studio-code-stable-vs/outputs/lightning_lm_ws/install/lightning/include/lightning/lightning/msg/rosidl_generator_cpp__visibility_control.hpp\n'}
[308.013157] (lightning) StdoutLine: {'line': b'-- Symlinking: /home/kepler/Documents/Codex/2026-08-14/microsoft-visual-studio-code-stable-vs/outputs/lightning_lm_ws/install/lightning/include/lightning/lightning/srv/detail/loc_cmd__builder.hpp\n'}
[308.021497] (lightning) StdoutLine: {'line': b'-- Symlinking: /home/kepler/Documents/Codex/2026-08-14/microsoft-visual-studio-code-stable-vs/outputs/lightning_lm_ws/install/lightning/include/lightning/lightning/srv/detail/loc_cmd__struct.hpp\n'}
[308.026025] (-) TimerEvent: {}
[308.026333] (lightning) StdoutLine: {'line': b'-- Symlinking: /home/kepler/Documents/Codex/2026-08-14/microsoft-visual-studio-code-stable-vs/outputs/lightning_lm_ws/install/lightning/include/lightning/lightning/srv/detail/loc_cmd__traits.hpp\n'}
[308.033381] (lightning) StdoutLine: {'line': b'-- Symlinking: /home/kepler/Documents/Codex/2026-08-14/microsoft-visual-studio-code-stable-vs/outputs/lightning_lm_ws/install/lightning/include/lightning/lightning/srv/detail/loc_cmd__type_support.hpp\n'}
[308.039515] (lightning) StdoutLine: {'line': b'-- Symlinking: /home/kepler/Documents/Codex/2026-08-14/microsoft-visual-studio-code-stable-vs/outputs/lightning_lm_ws/install/lightning/include/lightning/lightning/srv/detail/save_map__builder.hpp\n'}
[308.046347] (lightning) StdoutLine: {'line': b'-- Symlinking: /home/kepler/Documents/Codex/2026-08-14/microsoft-visual-studio-code-stable-vs/outputs/lightning_lm_ws/install/lightning/include/lightning/lightning/srv/detail/save_map__struct.hpp\n'}
[308.052498] (lightning) StdoutLine: {'line': b'-- Symlinking: /home/kepler/Documents/Codex/2026-08-14/microsoft-visual-studio-code-stable-vs/outputs/lightning_lm_ws/install/lightning/include/lightning/lightning/srv/detail/save_map__traits.hpp\n'}
[308.059588] (lightning) StdoutLine: {'line': b'-- Symlinking: /home/kepler/Documents/Codex/2026-08-14/microsoft-visual-studio-code-stable-vs/outputs/lightning_lm_ws/install/lightning/include/lightning/lightning/srv/detail/save_map__type_support.hpp\n'}
[308.066378] (lightning) StdoutLine: {'line': b'-- Symlinking: /home/kepler/Documents/Codex/2026-08-14/microsoft-visual-studio-code-stable-vs/outputs/lightning_lm_ws/install/lightning/include/lightning/lightning/srv/loc_cmd.hpp\n'}
[308.073178] (lightning) StdoutLine: {'line': b'-- Symlinking: /home/kepler/Documents/Codex/2026-08-14/microsoft-visual-studio-code-stable-vs/outputs/lightning_lm_ws/install/lightning/include/lightning/lightning/srv/save_map.hpp\n'}
[308.078564] (lightning) StdoutLine: {'line': b'-- Symlinking: /home/kepler/Documents/Codex/2026-08-14/microsoft-visual-studio-code-stable-vs/outputs/lightning_lm_ws/install/lightning/include/lightning/lightning/msg/rosidl_typesupport_fastrtps_cpp__visibility_control.h\n'}
[308.085359] (lightning) StdoutLine: {'line': b'-- Symlinking: /home/kepler/Documents/Codex/2026-08-14/microsoft-visual-studio-code-stable-vs/outputs/lightning_lm_ws/install/lightning/include/lightning/lightning/srv/detail/loc_cmd__rosidl_typesupport_fastrtps_cpp.hpp\n'}
[308.090594] (lightning) StdoutLine: {'line': b'-- Symlinking: /home/kepler/Documents/Codex/2026-08-14/microsoft-visual-studio-code-stable-vs/outputs/lightning_lm_ws/install/lightning/include/lightning/lightning/srv/detail/save_map__rosidl_typesupport_fastrtps_cpp.hpp\n'}
[308.096934] (lightning) StdoutLine: {'line': b'-- Symlinking: /home/kepler/Documents/Codex/2026-08-14/microsoft-visual-studio-code-stable-vs/outputs/lightning_lm_ws/install/lightning/include/lightning/lightning/msg/rosidl_typesupport_introspection_c__visibility_control.h\n'}
[308.103471] (lightning) StdoutLine: {'line': b'-- Symlinking: /home/kepler/Documents/Codex/2026-08-14/microsoft-visual-studio-code-stable-vs/outputs/lightning_lm_ws/install/lightning/include/lightning/lightning/srv/detail/loc_cmd__rosidl_typesupport_introspection_c.h\n'}
[308.110425] (lightning) StdoutLine: {'line': b'-- Symlinking: /home/kepler/Documents/Codex/2026-08-14/microsoft-visual-studio-code-stable-vs/outputs/lightning_lm_ws/install/lightning/include/lightning/lightning/srv/detail/save_map__rosidl_typesupport_introspection_c.h\n'}
[308.116822] (lightning) StdoutLine: {'line': b'-- Symlinking: /home/kepler/Documents/Codex/2026-08-14/microsoft-visual-studio-code-stable-vs/outputs/lightning_lm_ws/install/lightning/include/lightning/lightning/srv/detail/loc_cmd__rosidl_typesupport_introspection_cpp.hpp\n'}
[308.123690] (lightning) StdoutLine: {'line': b'-- Symlinking: /home/kepler/Documents/Codex/2026-08-14/microsoft-visual-studio-code-stable-vs/outputs/lightning_lm_ws/install/lightning/include/lightning/lightning/srv/detail/save_map__rosidl_typesupport_introspection_cpp.hpp\n'}
[308.126115] (-) TimerEvent: {}
[308.130351] (lightning) StdoutLine: {'line': b'-- Symlinking: /home/kepler/Documents/Codex/2026-08-14/microsoft-visual-studio-code-stable-vs/outputs/lightning_lm_ws/install/lightning/share/lightning/environment/pythonpath.sh\n'}
[308.136543] (lightning) StdoutLine: {'line': b'-- Symlinking: /home/kepler/Documents/Codex/2026-08-14/microsoft-visual-studio-code-stable-vs/outputs/lightning_lm_ws/install/lightning/share/lightning/environment/pythonpath.dsv\n'}
[308.144635] (lightning) StdoutLine: {'line': b'-- Symlinking: /home/kepler/Documents/Codex/2026-08-14/microsoft-visual-studio-code-stable-vs/outputs/lightning_lm_ws/install/lightning/local/lib/python3.10/dist-packages/lightning-0.0.0-py3.10.egg-info/PKG-INFO\n'}
[308.151852] (lightning) StdoutLine: {'line': b'-- Symlinking: /home/kepler/Documents/Codex/2026-08-14/microsoft-visual-studio-code-stable-vs/outputs/lightning_lm_ws/install/lightning/local/lib/python3.10/dist-packages/lightning-0.0.0-py3.10.egg-info/SOURCES.txt\n'}
[308.158675] (lightning) StdoutLine: {'line': b'-- Symlinking: /home/kepler/Documents/Codex/2026-08-14/microsoft-visual-studio-code-stable-vs/outputs/lightning_lm_ws/install/lightning/local/lib/python3.10/dist-packages/lightning-0.0.0-py3.10.egg-info/dependency_links.txt\n'}
[308.164151] (lightning) StdoutLine: {'line': b'-- Symlinking: /home/kepler/Documents/Codex/2026-08-14/microsoft-visual-studio-code-stable-vs/outputs/lightning_lm_ws/install/lightning/local/lib/python3.10/dist-packages/lightning-0.0.0-py3.10.egg-info/top_level.txt\n'}
[308.169368] (lightning) StdoutLine: {'line': b'-- Symlinking: /home/kepler/Documents/Codex/2026-08-14/microsoft-visual-studio-code-stable-vs/outputs/lightning_lm_ws/install/lightning/local/lib/python3.10/dist-packages/lightning/__init__.py\n'}
[308.176546] (lightning) StdoutLine: {'line': b'-- Symlinking: /home/kepler/Documents/Codex/2026-08-14/microsoft-visual-studio-code-stable-vs/outputs/lightning_lm_ws/install/lightning/local/lib/python3.10/dist-packages/lightning/_lightning_s.ep.rosidl_typesupport_c.c\n'}
[308.184507] (lightning) StdoutLine: {'line': b'-- Symlinking: /home/kepler/Documents/Codex/2026-08-14/microsoft-visual-studio-code-stable-vs/outputs/lightning_lm_ws/install/lightning/local/lib/python3.10/dist-packages/lightning/_lightning_s.ep.rosidl_typesupport_fastrtps_c.c\n'}
[308.192693] (lightning) StdoutLine: {'line': b'-- Symlinking: /home/kepler/Documents/Codex/2026-08-14/microsoft-visual-studio-code-stable-vs/outputs/lightning_lm_ws/install/lightning/local/lib/python3.10/dist-packages/lightning/_lightning_s.ep.rosidl_typesupport_introspection_c.c\n'}
[308.201636] (lightning) StdoutLine: {'line': b'-- Symlinking: /home/kepler/Documents/Codex/2026-08-14/microsoft-visual-studio-code-stable-vs/outputs/lightning_lm_ws/install/lightning/local/lib/python3.10/dist-packages/lightning/liblightning__rosidl_generator_py.so\n'}
[308.210063] (lightning) StdoutLine: {'line': b'-- Symlinking: /home/kepler/Documents/Codex/2026-08-14/microsoft-visual-studio-code-stable-vs/outputs/lightning_lm_ws/install/lightning/local/lib/python3.10/dist-packages/lightning/lightning_s__rosidl_typesupport_c.cpython-310-x86_64-linux-gnu.so\n'}
[308.218118] (lightning) StdoutLine: {'line': b'-- Symlinking: /home/kepler/Documents/Codex/2026-08-14/microsoft-visual-studio-code-stable-vs/outputs/lightning_lm_ws/install/lightning/local/lib/python3.10/dist-packages/lightning/lightning_s__rosidl_typesupport_fastrtps_c.cpython-310-x86_64-linux-gnu.so\n'}
[308.226256] (-) TimerEvent: {}
[308.226525] (lightning) StdoutLine: {'line': b'-- Symlinking: /home/kepler/Documents/Codex/2026-08-14/microsoft-visual-studio-code-stable-vs/outputs/lightning_lm_ws/install/lightning/local/lib/python3.10/dist-packages/lightning/lightning_s__rosidl_typesupport_introspection_c.cpython-310-x86_64-linux-gnu.so\n'}
[308.233058] (lightning) StdoutLine: {'line': b'-- Symlinking: /home/kepler/Documents/Codex/2026-08-14/microsoft-visual-studio-code-stable-vs/outputs/lightning_lm_ws/install/lightning/local/lib/python3.10/dist-packages/lightning/srv/__init__.py\n'}
[308.240053] (lightning) StdoutLine: {'line': b'-- Symlinking: /home/kepler/Documents/Codex/2026-08-14/microsoft-visual-studio-code-stable-vs/outputs/lightning_lm_ws/install/lightning/local/lib/python3.10/dist-packages/lightning/srv/_loc_cmd.py\n'}
[308.247588] (lightning) StdoutLine: {'line': b'-- Symlinking: /home/kepler/Documents/Codex/2026-08-14/microsoft-visual-studio-code-stable-vs/outputs/lightning_lm_ws/install/lightning/local/lib/python3.10/dist-packages/lightning/srv/_loc_cmd_s.c\n'}
[308.255868] (lightning) StdoutLine: {'line': b'-- Symlinking: /home/kepler/Documents/Codex/2026-08-14/microsoft-visual-studio-code-stable-vs/outputs/lightning_lm_ws/install/lightning/local/lib/python3.10/dist-packages/lightning/srv/_save_map.py\n'}
[308.261523] (lightning) StdoutLine: {'line': b'-- Symlinking: /home/kepler/Documents/Codex/2026-08-14/microsoft-visual-studio-code-stable-vs/outputs/lightning_lm_ws/install/lightning/local/lib/python3.10/dist-packages/lightning/srv/_save_map_s.c\n'}
[308.271855] (lightning) StdoutLine: {'line': b'-- Up-to-date symlink: /home/kepler/Documents/Codex/2026-08-14/microsoft-visual-studio-code-stable-vs/outputs/lightning_lm_ws/install/lightning/local/lib/python3.10/dist-packages/lightning/lightning_s__rosidl_typesupport_fastrtps_c.cpython-310-x86_64-linux-gnu.so\n'}
[308.272212] (lightning) StdoutLine: {'line': b'-- Up-to-date symlink: /home/kepler/Documents/Codex/2026-08-14/microsoft-visual-studio-code-stable-vs/outputs/lightning_lm_ws/install/lightning/local/lib/python3.10/dist-packages/lightning/lightning_s__rosidl_typesupport_introspection_c.cpython-310-x86_64-linux-gnu.so\n'}
[308.272466] (lightning) StdoutLine: {'line': b'-- Up-to-date symlink: /home/kepler/Documents/Codex/2026-08-14/microsoft-visual-studio-code-stable-vs/outputs/lightning_lm_ws/install/lightning/local/lib/python3.10/dist-packages/lightning/lightning_s__rosidl_typesupport_c.cpython-310-x86_64-linux-gnu.so\n'}
[308.272699] (lightning) StdoutLine: {'line': b'-- Symlinking: /home/kepler/Documents/Codex/2026-08-14/microsoft-visual-studio-code-stable-vs/outputs/lightning_lm_ws/install/lightning/share/ament_index/resource_index/rust_packages/lightning\n'}
[308.283295] (lightning) StdoutLine: {'line': b'-- Symlinking: /home/kepler/Documents/Codex/2026-08-14/microsoft-visual-studio-code-stable-vs/outputs/lightning_lm_ws/install/lightning/share/lightning/rust/Cargo.toml\n'}
[308.290449] (lightning) StdoutLine: {'line': b'-- Symlinking: /home/kepler/Documents/Codex/2026-08-14/microsoft-visual-studio-code-stable-vs/outputs/lightning_lm_ws/install/lightning/share/lightning/rust/build.rs\n'}
[308.298414] (lightning) StdoutLine: {'line': b'-- Symlinking: /home/kepler/Documents/Codex/2026-08-14/microsoft-visual-studio-code-stable-vs/outputs/lightning_lm_ws/install/lightning/share/lightning/rust/src/lib.rs\n'}
[308.306832] (lightning) StdoutLine: {'line': b'-- Symlinking: /home/kepler/Documents/Codex/2026-08-14/microsoft-visual-studio-code-stable-vs/outputs/lightning_lm_ws/install/lightning/share/lightning/rust/src/srv.rs\n'}
[308.316246] (lightning) StdoutLine: {'line': b'-- Symlinking: /home/kepler/Documents/Codex/2026-08-14/microsoft-visual-studio-code-stable-vs/outputs/lightning_lm_ws/install/lightning/share/lightning/rust/src/srv/rmw.rs\n'}
[308.324672] (lightning) StdoutLine: {'line': b'-- Symlinking: /home/kepler/Documents/Codex/2026-08-14/microsoft-visual-studio-code-stable-vs/outputs/lightning_lm_ws/install/lightning/share/lightning/srv/LocCmd.idl\n'}
[308.326369] (-) TimerEvent: {}
[308.333632] (lightning) StdoutLine: {'line': b'-- Symlinking: /home/kepler/Documents/Codex/2026-08-14/microsoft-visual-studio-code-stable-vs/outputs/lightning_lm_ws/install/lightning/share/lightning/srv/SaveMap.idl\n'}
[308.342365] (lightning) StdoutLine: {'line': b'-- Symlinking: /home/kepler/Documents/Codex/2026-08-14/microsoft-visual-studio-code-stable-vs/outputs/lightning_lm_ws/install/lightning/share/lightning/srv/LocCmd.srv\n'}
[308.349203] (lightning) StdoutLine: {'line': b'-- Symlinking: /home/kepler/Documents/Codex/2026-08-14/microsoft-visual-studio-code-stable-vs/outputs/lightning_lm_ws/install/lightning/share/lightning/srv/LocCmd_Request.msg\n'}
[308.358316] (lightning) StdoutLine: {'line': b'-- Symlinking: /home/kepler/Documents/Codex/2026-08-14/microsoft-visual-studio-code-stable-vs/outputs/lightning_lm_ws/install/lightning/share/lightning/srv/LocCmd_Response.msg\n'}
[308.366155] (lightning) StdoutLine: {'line': b'-- Symlinking: /home/kepler/Documents/Codex/2026-08-14/microsoft-visual-studio-code-stable-vs/outputs/lightning_lm_ws/install/lightning/share/lightning/srv/SaveMap.srv\n'}
[308.374827] (lightning) StdoutLine: {'line': b'-- Symlinking: /home/kepler/Documents/Codex/2026-08-14/microsoft-visual-studio-code-stable-vs/outputs/lightning_lm_ws/install/lightning/share/lightning/srv/SaveMap_Request.msg\n'}
[308.383442] (lightning) StdoutLine: {'line': b'-- Symlinking: /home/kepler/Documents/Codex/2026-08-14/microsoft-visual-studio-code-stable-vs/outputs/lightning_lm_ws/install/lightning/share/lightning/srv/SaveMap_Response.msg\n'}
[308.392655] (lightning) StdoutLine: {'line': b'-- Symlinking: /home/kepler/Documents/Codex/2026-08-14/microsoft-visual-studio-code-stable-vs/outputs/lightning_lm_ws/install/lightning/lib/lightning//config/default.yaml\n'}
[308.402564] (lightning) StdoutLine: {'line': b'-- Symlinking: /home/kepler/Documents/Codex/2026-08-14/microsoft-visual-studio-code-stable-vs/outputs/lightning_lm_ws/install/lightning/lib/lightning//config/default_livox.yaml\n'}
[308.410257] (lightning) StdoutLine: {'line': b'-- Symlinking: /home/kepler/Documents/Codex/2026-08-14/microsoft-visual-studio-code-stable-vs/outputs/lightning_lm_ws/install/lightning/lib/lightning//config/default_nclt.yaml\n'}
[308.418220] (lightning) StdoutLine: {'line': b'-- Symlinking: /home/kepler/Documents/Codex/2026-08-14/microsoft-visual-studio-code-stable-vs/outputs/lightning_lm_ws/install/lightning/lib/lightning//config/default_robosense.yaml\n'}
[308.426594] (-) TimerEvent: {}
[308.426855] (lightning) StdoutLine: {'line': b'-- Symlinking: /home/kepler/Documents/Codex/2026-08-14/microsoft-visual-studio-code-stable-vs/outputs/lightning_lm_ws/install/lightning/lib/lightning//config/default_utbm.yaml\n'}
[308.434042] (lightning) StdoutLine: {'line': b'-- Symlinking: /home/kepler/Documents/Codex/2026-08-14/microsoft-visual-studio-code-stable-vs/outputs/lightning_lm_ws/install/lightning/lib/lightning//config/default_vbr.yaml\n'}
[308.442269] (lightning) StdoutLine: {'line': b'-- Symlinking: /home/kepler/Documents/Codex/2026-08-14/microsoft-visual-studio-code-stable-vs/outputs/lightning_lm_ws/install/lightning/share/ament_index/resource_index/rosidl_interfaces/livox_ros_driver2\n'}
[308.449748] (lightning) StdoutLine: {'line': b'-- Symlinking: /home/kepler/Documents/Codex/2026-08-14/microsoft-visual-studio-code-stable-vs/outputs/lightning_lm_ws/install/lightning/include/livox_ros_driver2/livox_ros_driver2/msg/custom_msg.h\n'}
[308.459227] (lightning) StdoutLine: {'line': b'-- Symlinking: /home/kepler/Documents/Codex/2026-08-14/microsoft-visual-studio-code-stable-vs/outputs/lightning_lm_ws/install/lightning/include/livox_ros_driver2/livox_ros_driver2/msg/custom_point.h\n'}
[308.467415] (lightning) StdoutLine: {'line': b'-- Symlinking: /home/kepler/Documents/Codex/2026-08-14/microsoft-visual-studio-code-stable-vs/outputs/lightning_lm_ws/install/lightning/include/livox_ros_driver2/livox_ros_driver2/msg/detail/custom_msg__functions.h\n'}
[308.474754] (lightning) StdoutLine: {'line': b'-- Symlinking: /home/kepler/Documents/Codex/2026-08-14/microsoft-visual-studio-code-stable-vs/outputs/lightning_lm_ws/install/lightning/include/livox_ros_driver2/livox_ros_driver2/msg/detail/custom_msg__struct.h\n'}
[308.484175] (lightning) StdoutLine: {'line': b'-- Symlinking: /home/kepler/Documents/Codex/2026-08-14/microsoft-visual-studio-code-stable-vs/outputs/lightning_lm_ws/install/lightning/include/livox_ros_driver2/livox_ros_driver2/msg/detail/custom_msg__type_support.h\n'}
[308.489274] (lightning) StdoutLine: {'line': b'-- Symlinking: /home/kepler/Documents/Codex/2026-08-14/microsoft-visual-studio-code-stable-vs/outputs/lightning_lm_ws/install/lightning/include/livox_ros_driver2/livox_ros_driver2/msg/detail/custom_point__functions.h\n'}
[308.494023] (lightning) StdoutLine: {'line': b'-- Symlinking: /home/kepler/Documents/Codex/2026-08-14/microsoft-visual-studio-code-stable-vs/outputs/lightning_lm_ws/install/lightning/include/livox_ros_driver2/livox_ros_driver2/msg/detail/custom_point__struct.h\n'}
[308.501178] (lightning) StdoutLine: {'line': b'-- Symlinking: /home/kepler/Documents/Codex/2026-08-14/microsoft-visual-studio-code-stable-vs/outputs/lightning_lm_ws/install/lightning/include/livox_ros_driver2/livox_ros_driver2/msg/detail/custom_point__type_support.h\n'}
[308.508016] (lightning) StdoutLine: {'line': b'-- Symlinking: /home/kepler/Documents/Codex/2026-08-14/microsoft-visual-studio-code-stable-vs/outputs/lightning_lm_ws/install/lightning/include/livox_ros_driver2/livox_ros_driver2/msg/rosidl_generator_c__visibility_control.h\n'}
[308.514460] (lightning) StdoutLine: {'line': b'-- Symlinking: /home/kepler/Documents/Codex/2026-08-14/microsoft-visual-studio-code-stable-vs/outputs/lightning_lm_ws/install/lightning/include/livox_ros_driver2/livox_ros_driver2/msg/detail/custom_msg__rosidl_typesupport_fastrtps_c.h\n'}
[308.520311] (lightning) StdoutLine: {'line': b'-- Symlinking: /home/kepler/Documents/Codex/2026-08-14/microsoft-visual-studio-code-stable-vs/outputs/lightning_lm_ws/install/lightning/include/livox_ros_driver2/livox_ros_driver2/msg/detail/custom_point__rosidl_typesupport_fastrtps_c.h\n'}
[308.526690] (-) TimerEvent: {}
[308.527298] (lightning) StdoutLine: {'line': b'-- Symlinking: /home/kepler/Documents/Codex/2026-08-14/microsoft-visual-studio-code-stable-vs/outputs/lightning_lm_ws/install/lightning/include/livox_ros_driver2/livox_ros_driver2/msg/rosidl_typesupport_fastrtps_c__visibility_control.h\n'}
[308.534854] (lightning) StdoutLine: {'line': b'-- Symlinking: /home/kepler/Documents/Codex/2026-08-14/microsoft-visual-studio-code-stable-vs/outputs/lightning_lm_ws/install/lightning/include/livox_ros_driver2/livox_ros_driver2/msg/custom_msg.hpp\n'}
[308.543351] (lightning) StdoutLine: {'line': b'-- Symlinking: /home/kepler/Documents/Codex/2026-08-14/microsoft-visual-studio-code-stable-vs/outputs/lightning_lm_ws/install/lightning/include/livox_ros_driver2/livox_ros_driver2/msg/custom_point.hpp\n'}
[308.548975] (lightning) StdoutLine: {'line': b'-- Symlinking: /home/kepler/Documents/Codex/2026-08-14/microsoft-visual-studio-code-stable-vs/outputs/lightning_lm_ws/install/lightning/include/livox_ros_driver2/livox_ros_driver2/msg/detail/custom_msg__builder.hpp\n'}
[308.555470] (lightning) StdoutLine: {'line': b'-- Symlinking: /home/kepler/Documents/Codex/2026-08-14/microsoft-visual-studio-code-stable-vs/outputs/lightning_lm_ws/install/lightning/include/livox_ros_driver2/livox_ros_driver2/msg/detail/custom_msg__struct.hpp\n'}
[308.560794] (lightning) StdoutLine: {'line': b'-- Symlinking: /home/kepler/Documents/Codex/2026-08-14/microsoft-visual-studio-code-stable-vs/outputs/lightning_lm_ws/install/lightning/include/livox_ros_driver2/livox_ros_driver2/msg/detail/custom_msg__traits.hpp\n'}
[308.567337] (lightning) StdoutLine: {'line': b'-- Symlinking: /home/kepler/Documents/Codex/2026-08-14/microsoft-visual-studio-code-stable-vs/outputs/lightning_lm_ws/install/lightning/include/livox_ros_driver2/livox_ros_driver2/msg/detail/custom_msg__type_support.hpp\n'}
[308.573412] (lightning) StdoutLine: {'line': b'-- Symlinking: /home/kepler/Documents/Codex/2026-08-14/microsoft-visual-studio-code-stable-vs/outputs/lightning_lm_ws/install/lightning/include/livox_ros_driver2/livox_ros_driver2/msg/detail/custom_point__builder.hpp\n'}
[308.578593] (lightning) StdoutLine: {'line': b'-- Symlinking: /home/kepler/Documents/Codex/2026-08-14/microsoft-visual-studio-code-stable-vs/outputs/lightning_lm_ws/install/lightning/include/livox_ros_driver2/livox_ros_driver2/msg/detail/custom_point__struct.hpp\n'}
[308.584269] (lightning) StdoutLine: {'line': b'-- Symlinking: /home/kepler/Documents/Codex/2026-08-14/microsoft-visual-studio-code-stable-vs/outputs/lightning_lm_ws/install/lightning/include/livox_ros_driver2/livox_ros_driver2/msg/detail/custom_point__traits.hpp\n'}
[308.589735] (lightning) StdoutLine: {'line': b'-- Symlinking: /home/kepler/Documents/Codex/2026-08-14/microsoft-visual-studio-code-stable-vs/outputs/lightning_lm_ws/install/lightning/include/livox_ros_driver2/livox_ros_driver2/msg/detail/custom_point__type_support.hpp\n'}
[308.600173] (lightning) StdoutLine: {'line': b'-- Symlinking: /home/kepler/Documents/Codex/2026-08-14/microsoft-visual-studio-code-stable-vs/outputs/lightning_lm_ws/install/lightning/include/livox_ros_driver2/livox_ros_driver2/msg/rosidl_generator_cpp__visibility_control.hpp\n'}
[308.608469] (lightning) StdoutLine: {'line': b'-- Symlinking: /home/kepler/Documents/Codex/2026-08-14/microsoft-visual-studio-code-stable-vs/outputs/lightning_lm_ws/install/lightning/include/livox_ros_driver2/livox_ros_driver2/msg/detail/custom_msg__rosidl_typesupport_fastrtps_cpp.hpp\n'}
[308.616294] (lightning) StdoutLine: {'line': b'-- Symlinking: /home/kepler/Documents/Codex/2026-08-14/microsoft-visual-studio-code-stable-vs/outputs/lightning_lm_ws/install/lightning/include/livox_ros_driver2/livox_ros_driver2/msg/detail/custom_point__rosidl_typesupport_fastrtps_cpp.hpp\n'}
[308.625401] (lightning) StdoutLine: {'line': b'-- Symlinking: /home/kepler/Documents/Codex/2026-08-14/microsoft-visual-studio-code-stable-vs/outputs/lightning_lm_ws/install/lightning/include/livox_ros_driver2/livox_ros_driver2/msg/rosidl_typesupport_fastrtps_cpp__visibility_control.h\n'}
[308.626875] (-) TimerEvent: {}
[308.630901] (lightning) StdoutLine: {'line': b'-- Symlinking: /home/kepler/Documents/Codex/2026-08-14/microsoft-visual-studio-code-stable-vs/outputs/lightning_lm_ws/install/lightning/include/livox_ros_driver2/livox_ros_driver2/msg/detail/custom_msg__rosidl_typesupport_introspection_c.h\n'}
[308.637627] (lightning) StdoutLine: {'line': b'-- Symlinking: /home/kepler/Documents/Codex/2026-08-14/microsoft-visual-studio-code-stable-vs/outputs/lightning_lm_ws/install/lightning/include/livox_ros_driver2/livox_ros_driver2/msg/detail/custom_point__rosidl_typesupport_introspection_c.h\n'}
[308.646189] (lightning) StdoutLine: {'line': b'-- Symlinking: /home/kepler/Documents/Codex/2026-08-14/microsoft-visual-studio-code-stable-vs/outputs/lightning_lm_ws/install/lightning/include/livox_ros_driver2/livox_ros_driver2/msg/rosidl_typesupport_introspection_c__visibility_control.h\n'}
[308.654235] (lightning) StdoutLine: {'line': b'-- Symlinking: /home/kepler/Documents/Codex/2026-08-14/microsoft-visual-studio-code-stable-vs/outputs/lightning_lm_ws/install/lightning/include/livox_ros_driver2/livox_ros_driver2/msg/detail/custom_msg__rosidl_typesupport_introspection_cpp.hpp\n'}
[308.661425] (lightning) StdoutLine: {'line': b'-- Symlinking: /home/kepler/Documents/Codex/2026-08-14/microsoft-visual-studio-code-stable-vs/outputs/lightning_lm_ws/install/lightning/include/livox_ros_driver2/livox_ros_driver2/msg/detail/custom_point__rosidl_typesupport_introspection_cpp.hpp\n'}
[308.669477] (lightning) StdoutLine: {'line': b'-- Symlinking: /home/kepler/Documents/Codex/2026-08-14/microsoft-visual-studio-code-stable-vs/outputs/lightning_lm_ws/install/lightning/local/lib/python3.10/dist-packages/livox_ros_driver2--py3.10.egg-info/PKG-INFO\n'}
[308.676786] (lightning) StdoutLine: {'line': b'-- Symlinking: /home/kepler/Documents/Codex/2026-08-14/microsoft-visual-studio-code-stable-vs/outputs/lightning_lm_ws/install/lightning/local/lib/python3.10/dist-packages/livox_ros_driver2--py3.10.egg-info/SOURCES.txt\n'}
[308.685116] (lightning) StdoutLine: {'line': b'-- Symlinking: /home/kepler/Documents/Codex/2026-08-14/microsoft-visual-studio-code-stable-vs/outputs/lightning_lm_ws/install/lightning/local/lib/python3.10/dist-packages/livox_ros_driver2--py3.10.egg-info/dependency_links.txt\n'}
[308.692758] (lightning) StdoutLine: {'line': b'-- Symlinking: /home/kepler/Documents/Codex/2026-08-14/microsoft-visual-studio-code-stable-vs/outputs/lightning_lm_ws/install/lightning/local/lib/python3.10/dist-packages/livox_ros_driver2--py3.10.egg-info/top_level.txt\n'}
[308.699758] (lightning) StdoutLine: {'line': b'-- Symlinking: /home/kepler/Documents/Codex/2026-08-14/microsoft-visual-studio-code-stable-vs/outputs/lightning_lm_ws/install/lightning/local/lib/python3.10/dist-packages/livox_ros_driver2/__init__.py\n'}
[308.708392] (lightning) StdoutLine: {'line': b'-- Symlinking: /home/kepler/Documents/Codex/2026-08-14/microsoft-visual-studio-code-stable-vs/outputs/lightning_lm_ws/install/lightning/local/lib/python3.10/dist-packages/livox_ros_driver2/_livox_ros_driver2_s.ep.rosidl_typesupport_c.c\n'}
[308.714301] (lightning) StdoutLine: {'line': b'-- Symlinking: /home/kepler/Documents/Codex/2026-08-14/microsoft-visual-studio-code-stable-vs/outputs/lightning_lm_ws/install/lightning/local/lib/python3.10/dist-packages/livox_ros_driver2/_livox_ros_driver2_s.ep.rosidl_typesupport_fastrtps_c.c\n'}
[308.719627] (lightning) StdoutLine: {'line': b'-- Symlinking: /home/kepler/Documents/Codex/2026-08-14/microsoft-visual-studio-code-stable-vs/outputs/lightning_lm_ws/install/lightning/local/lib/python3.10/dist-packages/livox_ros_driver2/_livox_ros_driver2_s.ep.rosidl_typesupport_introspection_c.c\n'}
[308.724912] (lightning) StdoutLine: {'line': b'-- Symlinking: /home/kepler/Documents/Codex/2026-08-14/microsoft-visual-studio-code-stable-vs/outputs/lightning_lm_ws/install/lightning/local/lib/python3.10/dist-packages/livox_ros_driver2/liblivox_interfaces2__rosidl_generator_py.so\n'}
[308.727031] (-) TimerEvent: {}
[308.733448] (lightning) StdoutLine: {'line': b'-- Symlinking: /home/kepler/Documents/Codex/2026-08-14/microsoft-visual-studio-code-stable-vs/outputs/lightning_lm_ws/install/lightning/local/lib/python3.10/dist-packages/livox_ros_driver2/livox_ros_driver2_s__rosidl_typesupport_c.cpython-310-x86_64-linux-gnu.so\n'}
[308.741437] (lightning) StdoutLine: {'line': b'-- Symlinking: /home/kepler/Documents/Codex/2026-08-14/microsoft-visual-studio-code-stable-vs/outputs/lightning_lm_ws/install/lightning/local/lib/python3.10/dist-packages/livox_ros_driver2/livox_ros_driver2_s__rosidl_typesupport_fastrtps_c.cpython-310-x86_64-linux-gnu.so\n'}
[308.747299] (lightning) StdoutLine: {'line': b'-- Symlinking: /home/kepler/Documents/Codex/2026-08-14/microsoft-visual-studio-code-stable-vs/outputs/lightning_lm_ws/install/lightning/local/lib/python3.10/dist-packages/livox_ros_driver2/livox_ros_driver2_s__rosidl_typesupport_introspection_c.cpython-310-x86_64-linux-gnu.so\n'}
[308.753923] (lightning) StdoutLine: {'line': b'-- Symlinking: /home/kepler/Documents/Codex/2026-08-14/microsoft-visual-studio-code-stable-vs/outputs/lightning_lm_ws/install/lightning/local/lib/python3.10/dist-packages/livox_ros_driver2/msg/__init__.py\n'}
[308.763044] (lightning) StdoutLine: {'line': b'-- Symlinking: /home/kepler/Documents/Codex/2026-08-14/microsoft-visual-studio-code-stable-vs/outputs/lightning_lm_ws/install/lightning/local/lib/python3.10/dist-packages/livox_ros_driver2/msg/_custom_msg.py\n'}
[308.770688] (lightning) StdoutLine: {'line': b'-- Symlinking: /home/kepler/Documents/Codex/2026-08-14/microsoft-visual-studio-code-stable-vs/outputs/lightning_lm_ws/install/lightning/local/lib/python3.10/dist-packages/livox_ros_driver2/msg/_custom_msg_s.c\n'}
[308.778320] (lightning) StdoutLine: {'line': b'-- Symlinking: /home/kepler/Documents/Codex/2026-08-14/microsoft-visual-studio-code-stable-vs/outputs/lightning_lm_ws/install/lightning/local/lib/python3.10/dist-packages/livox_ros_driver2/msg/_custom_point.py\n'}
[308.786447] (lightning) StdoutLine: {'line': b'-- Symlinking: /home/kepler/Documents/Codex/2026-08-14/microsoft-visual-studio-code-stable-vs/outputs/lightning_lm_ws/install/lightning/local/lib/python3.10/dist-packages/livox_ros_driver2/msg/_custom_point_s.c\n'}
[308.798245] (lightning) StdoutLine: {'line': b'-- Up-to-date symlink: /home/kepler/Documents/Codex/2026-08-14/microsoft-visual-studio-code-stable-vs/outputs/lightning_lm_ws/install/lightning/local/lib/python3.10/dist-packages/livox_ros_driver2/livox_ros_driver2_s__rosidl_typesupport_fastrtps_c.cpython-310-x86_64-linux-gnu.so\n'}
[308.798576] (lightning) StdoutLine: {'line': b'-- Up-to-date symlink: /home/kepler/Documents/Codex/2026-08-14/microsoft-visual-studio-code-stable-vs/outputs/lightning_lm_ws/install/lightning/local/lib/python3.10/dist-packages/livox_ros_driver2/livox_ros_driver2_s__rosidl_typesupport_introspection_c.cpython-310-x86_64-linux-gnu.so\n'}
[308.798721] (lightning) StdoutLine: {'line': b'-- Up-to-date symlink: /home/kepler/Documents/Codex/2026-08-14/microsoft-visual-studio-code-stable-vs/outputs/lightning_lm_ws/install/lightning/local/lib/python3.10/dist-packages/livox_ros_driver2/livox_ros_driver2_s__rosidl_typesupport_c.cpython-310-x86_64-linux-gnu.so\n'}
[308.798849] (lightning) StdoutLine: {'line': b'-- Symlinking: /home/kepler/Documents/Codex/2026-08-14/microsoft-visual-studio-code-stable-vs/outputs/lightning_lm_ws/install/lightning/share/ament_index/resource_index/rust_packages/livox_ros_driver2\n'}
[308.806815] (lightning) StdoutLine: {'line': b'-- Symlinking: /home/kepler/Documents/Codex/2026-08-14/microsoft-visual-studio-code-stable-vs/outputs/lightning_lm_ws/install/lightning/share/livox_ros_driver2/rust/Cargo.toml\n'}
[308.812188] (lightning) StdoutLine: {'line': b'-- Symlinking: /home/kepler/Documents/Codex/2026-08-14/microsoft-visual-studio-code-stable-vs/outputs/lightning_lm_ws/install/lightning/share/livox_ros_driver2/rust/build.rs\n'}
[308.821293] (lightning) StdoutLine: {'line': b'-- Symlinking: /home/kepler/Documents/Codex/2026-08-14/microsoft-visual-studio-code-stable-vs/outputs/lightning_lm_ws/install/lightning/share/livox_ros_driver2/rust/src/lib.rs\n'}
[308.827206] (-) TimerEvent: {}
[308.828778] (lightning) StdoutLine: {'line': b'-- Symlinking: /home/kepler/Documents/Codex/2026-08-14/microsoft-visual-studio-code-stable-vs/outputs/lightning_lm_ws/install/lightning/share/livox_ros_driver2/rust/src/msg.rs\n'}
[308.835660] (lightning) StdoutLine: {'line': b'-- Symlinking: /home/kepler/Documents/Codex/2026-08-14/microsoft-visual-studio-code-stable-vs/outputs/lightning_lm_ws/install/lightning/share/livox_ros_driver2/rust/src/msg/rmw.rs\n'}
[308.842991] (lightning) StdoutLine: {'line': b'-- Symlinking: /home/kepler/Documents/Codex/2026-08-14/microsoft-visual-studio-code-stable-vs/outputs/lightning_lm_ws/install/lightning/share/livox_ros_driver2/msg/CustomPoint.idl\n'}
[308.850475] (lightning) StdoutLine: {'line': b'-- Symlinking: /home/kepler/Documents/Codex/2026-08-14/microsoft-visual-studio-code-stable-vs/outputs/lightning_lm_ws/install/lightning/share/livox_ros_driver2/msg/CustomMsg.idl\n'}
[308.856798] (lightning) StdoutLine: {'line': b'-- Symlinking: /home/kepler/Documents/Codex/2026-08-14/microsoft-visual-studio-code-stable-vs/outputs/lightning_lm_ws/install/lightning/share/livox_ros_driver2/msg/CustomPoint.msg\n'}
[308.862680] (lightning) StdoutLine: {'line': b'-- Symlinking: /home/kepler/Documents/Codex/2026-08-14/microsoft-visual-studio-code-stable-vs/outputs/lightning_lm_ws/install/lightning/share/livox_ros_driver2/msg/CustomMsg.msg\n'}
[308.870498] (lightning) StdoutLine: {'line': b'-- Symlinking: /home/kepler/Documents/Codex/2026-08-14/microsoft-visual-studio-code-stable-vs/outputs/lightning_lm_ws/install/lightning/lib/liblightning.libs.so\n'}
[308.877402] (lightning) StdoutLine: {'line': b'-- Symlinking: /home/kepler/Documents/Codex/2026-08-14/microsoft-visual-studio-code-stable-vs/outputs/lightning_lm_ws/install/lightning/lib/libmiao.core.so\n'}
[308.884258] (lightning) StdoutLine: {'line': b'-- Symlinking: /home/kepler/Documents/Codex/2026-08-14/microsoft-visual-studio-code-stable-vs/outputs/lightning_lm_ws/install/lightning/lib/libmiao.utils.so\n'}
[308.893561] (lightning) StdoutLine: {'line': b'-- Symlinking: /home/kepler/Documents/Codex/2026-08-14/microsoft-visual-studio-code-stable-vs/outputs/lightning_lm_ws/install/lightning/lib/lightning/run_slam_offline\n'}
[308.900237] (lightning) StdoutLine: {'line': b'-- Symlinking: /home/kepler/Documents/Codex/2026-08-14/microsoft-visual-studio-code-stable-vs/outputs/lightning_lm_ws/install/lightning/lib/lightning/run_slam_online\n'}
[308.908746] (lightning) StdoutLine: {'line': b'-- Symlinking: /home/kepler/Documents/Codex/2026-08-14/microsoft-visual-studio-code-stable-vs/outputs/lightning_lm_ws/install/lightning/lib/lightning/run_loc_offline\n'}
[308.914854] (lightning) StdoutLine: {'line': b'-- Symlinking: /home/kepler/Documents/Codex/2026-08-14/microsoft-visual-studio-code-stable-vs/outputs/lightning_lm_ws/install/lightning/lib/lightning/run_loc_online\n'}
[308.922979] (lightning) StdoutLine: {'line': b'-- Symlinking: /home/kepler/Documents/Codex/2026-08-14/microsoft-visual-studio-code-stable-vs/outputs/lightning_lm_ws/install/lightning/share/ament_index/resource_index/package_run_dependencies/lightning\n'}
[308.927292] (-) TimerEvent: {}
[308.931746] (lightning) StdoutLine: {'line': b'-- Symlinking: /home/kepler/Documents/Codex/2026-08-14/microsoft-visual-studio-code-stable-vs/outputs/lightning_lm_ws/install/lightning/share/ament_index/resource_index/parent_prefix_path/lightning\n'}
[308.940886] (lightning) StdoutLine: {'line': b'-- Symlinking: /home/kepler/Documents/Codex/2026-08-14/microsoft-visual-studio-code-stable-vs/outputs/lightning_lm_ws/install/lightning/share/lightning/environment/ament_prefix_path.sh\n'}
[308.946802] (lightning) StdoutLine: {'line': b'-- Symlinking: /home/kepler/Documents/Codex/2026-08-14/microsoft-visual-studio-code-stable-vs/outputs/lightning_lm_ws/install/lightning/share/lightning/environment/ament_prefix_path.dsv\n'}
[308.954474] (lightning) StdoutLine: {'line': b'-- Symlinking: /home/kepler/Documents/Codex/2026-08-14/microsoft-visual-studio-code-stable-vs/outputs/lightning_lm_ws/install/lightning/share/lightning/environment/path.sh\n'}
[308.961807] (lightning) StdoutLine: {'line': b'-- Symlinking: /home/kepler/Documents/Codex/2026-08-14/microsoft-visual-studio-code-stable-vs/outputs/lightning_lm_ws/install/lightning/share/lightning/environment/path.dsv\n'}
[308.969224] (lightning) StdoutLine: {'line': b'-- Symlinking: /home/kepler/Documents/Codex/2026-08-14/microsoft-visual-studio-code-stable-vs/outputs/lightning_lm_ws/install/lightning/share/lightning/local_setup.bash\n'}
[308.976791] (lightning) StdoutLine: {'line': b'-- Symlinking: /home/kepler/Documents/Codex/2026-08-14/microsoft-visual-studio-code-stable-vs/outputs/lightning_lm_ws/install/lightning/share/lightning/local_setup.sh\n'}
[308.983243] (lightning) StdoutLine: {'line': b'-- Symlinking: /home/kepler/Documents/Codex/2026-08-14/microsoft-visual-studio-code-stable-vs/outputs/lightning_lm_ws/install/lightning/share/lightning/local_setup.zsh\n'}
[308.990689] (lightning) StdoutLine: {'line': b'-- Symlinking: /home/kepler/Documents/Codex/2026-08-14/microsoft-visual-studio-code-stable-vs/outputs/lightning_lm_ws/install/lightning/share/lightning/local_setup.dsv\n'}
[308.997401] (lightning) StdoutLine: {'line': b'-- Symlinking: /home/kepler/Documents/Codex/2026-08-14/microsoft-visual-studio-code-stable-vs/outputs/lightning_lm_ws/install/lightning/share/lightning/package.dsv\n'}
[309.004382] (lightning) StdoutLine: {'line': b'-- Symlinking: /home/kepler/Documents/Codex/2026-08-14/microsoft-visual-studio-code-stable-vs/outputs/lightning_lm_ws/install/lightning/share/ament_index/resource_index/packages/lightning\n'}
[309.012121] (lightning) StdoutLine: {'line': b'-- Symlinking: /home/kepler/Documents/Codex/2026-08-14/microsoft-visual-studio-code-stable-vs/outputs/lightning_lm_ws/install/lightning/share/lightning/cmake/rosidl_cmake-extras.cmake\n'}
[309.020737] (lightning) StdoutLine: {'line': b'-- Symlinking: /home/kepler/Documents/Codex/2026-08-14/microsoft-visual-studio-code-stable-vs/outputs/lightning_lm_ws/install/lightning/share/lightning/cmake/ament_cmake_export_dependencies-extras.cmake\n'}
[309.027388] (-) TimerEvent: {}
[309.027904] (lightning) StdoutLine: {'line': b'-- Symlinking: /home/kepler/Documents/Codex/2026-08-14/microsoft-visual-studio-code-stable-vs/outputs/lightning_lm_ws/install/lightning/share/lightning/cmake/ament_cmake_export_include_directories-extras.cmake\n'}
[309.035523] (lightning) StdoutLine: {'line': b'-- Symlinking: /home/kepler/Documents/Codex/2026-08-14/microsoft-visual-studio-code-stable-vs/outputs/lightning_lm_ws/install/lightning/share/lightning/cmake/ament_cmake_export_libraries-extras.cmake\n'}
[309.043715] (lightning) StdoutLine: {'line': b'-- Symlinking: /home/kepler/Documents/Codex/2026-08-14/microsoft-visual-studio-code-stable-vs/outputs/lightning_lm_ws/install/lightning/share/lightning/cmake/ament_cmake_export_targets-extras.cmake\n'}
[309.052332] (lightning) StdoutLine: {'line': b'-- Symlinking: /home/kepler/Documents/Codex/2026-08-14/microsoft-visual-studio-code-stable-vs/outputs/lightning_lm_ws/install/lightning/share/lightning/cmake/rosidl_cmake_export_typesupport_targets-extras.cmake\n'}
[309.060276] (lightning) StdoutLine: {'line': b'-- Symlinking: /home/kepler/Documents/Codex/2026-08-14/microsoft-visual-studio-code-stable-vs/outputs/lightning_lm_ws/install/lightning/share/lightning/cmake/rosidl_cmake_export_typesupport_libraries-extras.cmake\n'}
[309.065420] (lightning) StdoutLine: {'line': b'-- Symlinking: /home/kepler/Documents/Codex/2026-08-14/microsoft-visual-studio-code-stable-vs/outputs/lightning_lm_ws/install/lightning/share/lightning/cmake/rosidl_cmake_aggregate_target-extras.cmake\n'}
[309.074238] (lightning) StdoutLine: {'line': b'-- Symlinking: /home/kepler/Documents/Codex/2026-08-14/microsoft-visual-studio-code-stable-vs/outputs/lightning_lm_ws/install/lightning/share/lightning/cmake/lightningConfig.cmake\n'}
[309.081921] (lightning) StdoutLine: {'line': b'-- Symlinking: /home/kepler/Documents/Codex/2026-08-14/microsoft-visual-studio-code-stable-vs/outputs/lightning_lm_ws/install/lightning/share/lightning/cmake/lightningConfig-version.cmake\n'}
[309.089577] (lightning) StdoutLine: {'line': b'-- Symlinking: /home/kepler/Documents/Codex/2026-08-14/microsoft-visual-studio-code-stable-vs/outputs/lightning_lm_ws/install/lightning/share/lightning/package.xml\n'}
[309.097977] (lightning) StdoutLine: {'line': b'-- Installing: /home/kepler/Documents/Codex/2026-08-14/microsoft-visual-studio-code-stable-vs/outputs/lightning_lm_ws/install/lightning/lib/liblightning__rosidl_generator_c.so\n'}
[309.099141] (lightning) StdoutLine: {'line': b'-- Set runtime path of "/home/kepler/Documents/Codex/2026-08-14/microsoft-visual-studio-code-stable-vs/outputs/lightning_lm_ws/install/lightning/lib/liblightning__rosidl_generator_c.so" to ""\n'}
[309.099183] (lightning) StdoutLine: {'line': b'-- Installing: /home/kepler/Documents/Codex/2026-08-14/microsoft-visual-studio-code-stable-vs/outputs/lightning_lm_ws/install/lightning/lib/liblightning__rosidl_typesupport_fastrtps_c.so\n'}
[309.099651] (lightning) StdoutLine: {'line': b'-- Set runtime path of "/home/kepler/Documents/Codex/2026-08-14/microsoft-visual-studio-code-stable-vs/outputs/lightning_lm_ws/install/lightning/lib/liblightning__rosidl_typesupport_fastrtps_c.so" to ""\n'}
[309.099681] (lightning) StdoutLine: {'line': b'-- Installing: /home/kepler/Documents/Codex/2026-08-14/microsoft-visual-studio-code-stable-vs/outputs/lightning_lm_ws/install/lightning/lib/liblightning__rosidl_typesupport_fastrtps_cpp.so\n'}
[309.099915] (lightning) StdoutLine: {'line': b'-- Set runtime path of "/home/kepler/Documents/Codex/2026-08-14/microsoft-visual-studio-code-stable-vs/outputs/lightning_lm_ws/install/lightning/lib/liblightning__rosidl_typesupport_fastrtps_cpp.so" to ""\n'}
[309.099946] (lightning) StdoutLine: {'line': b'-- Installing: /home/kepler/Documents/Codex/2026-08-14/microsoft-visual-studio-code-stable-vs/outputs/lightning_lm_ws/install/lightning/lib/liblightning__rosidl_typesupport_introspection_c.so\n'}
[309.100202] (lightning) StdoutLine: {'line': b'-- Set runtime path of "/home/kepler/Documents/Codex/2026-08-14/microsoft-visual-studio-code-stable-vs/outputs/lightning_lm_ws/install/lightning/lib/liblightning__rosidl_typesupport_introspection_c.so" to ""\n'}
[309.100231] (lightning) StdoutLine: {'line': b'-- Installing: /home/kepler/Documents/Codex/2026-08-14/microsoft-visual-studio-code-stable-vs/outputs/lightning_lm_ws/install/lightning/lib/liblightning__rosidl_typesupport_c.so\n'}
[309.100463] (lightning) StdoutLine: {'line': b'-- Set runtime path of "/home/kepler/Documents/Codex/2026-08-14/microsoft-visual-studio-code-stable-vs/outputs/lightning_lm_ws/install/lightning/lib/liblightning__rosidl_typesupport_c.so" to ""\n'}
[309.100492] (lightning) StdoutLine: {'line': b'-- Installing: /home/kepler/Documents/Codex/2026-08-14/microsoft-visual-studio-code-stable-vs/outputs/lightning_lm_ws/install/lightning/lib/liblightning__rosidl_typesupport_introspection_cpp.so\n'}
[309.100700] (lightning) StdoutLine: {'line': b'-- Set runtime path of "/home/kepler/Documents/Codex/2026-08-14/microsoft-visual-studio-code-stable-vs/outputs/lightning_lm_ws/install/lightning/lib/liblightning__rosidl_typesupport_introspection_cpp.so" to ""\n'}
[309.100730] (lightning) StdoutLine: {'line': b'-- Installing: /home/kepler/Documents/Codex/2026-08-14/microsoft-visual-studio-code-stable-vs/outputs/lightning_lm_ws/install/lightning/lib/liblightning__rosidl_typesupport_cpp.so\n'}
[309.100814] (lightning) StdoutLine: {'line': b'-- Set runtime path of "/home/kepler/Documents/Codex/2026-08-14/microsoft-visual-studio-code-stable-vs/outputs/lightning_lm_ws/install/lightning/lib/liblightning__rosidl_typesupport_cpp.so" to ""\n'}
[309.127487] (-) TimerEvent: {}
[309.129984] (lightning) StdoutLine: {'line': b"Listing '/home/kepler/Documents/Codex/2026-08-14/microsoft-visual-studio-code-stable-vs/outputs/lightning_lm_ws/install/lightning/local/lib/python3.10/dist-packages/lightning'...\n"}
[309.130058] (lightning) StdoutLine: {'line': b"Compiling '/home/kepler/Documents/Codex/2026-08-14/microsoft-visual-studio-code-stable-vs/outputs/lightning_lm_ws/install/lightning/local/lib/python3.10/dist-packages/lightning/__init__.py'...\n"}
[309.130092] (lightning) StdoutLine: {'line': b"Listing '/home/kepler/Documents/Codex/2026-08-14/microsoft-visual-studio-code-stable-vs/outputs/lightning_lm_ws/install/lightning/local/lib/python3.10/dist-packages/lightning/srv'...\n"}
[309.130121] (lightning) StdoutLine: {'line': b"Compiling '/home/kepler/Documents/Codex/2026-08-14/microsoft-visual-studio-code-stable-vs/outputs/lightning_lm_ws/install/lightning/local/lib/python3.10/dist-packages/lightning/srv/__init__.py'...\n"}
[309.130148] (lightning) StdoutLine: {'line': b"Compiling '/home/kepler/Documents/Codex/2026-08-14/microsoft-visual-studio-code-stable-vs/outputs/lightning_lm_ws/install/lightning/local/lib/python3.10/dist-packages/lightning/srv/_loc_cmd.py'...\n"}
[309.130174] (lightning) StdoutLine: {'line': b"Compiling '/home/kepler/Documents/Codex/2026-08-14/microsoft-visual-studio-code-stable-vs/outputs/lightning_lm_ws/install/lightning/local/lib/python3.10/dist-packages/lightning/srv/_save_map.py'...\n"}
[309.133256] (lightning) StdoutLine: {'line': b'-- Installing: /home/kepler/Documents/Codex/2026-08-14/microsoft-visual-studio-code-stable-vs/outputs/lightning_lm_ws/install/lightning/lib/liblightning__rosidl_generator_py.so\n'}
[309.133471] (lightning) StdoutLine: {'line': b'-- Set runtime path of "/home/kepler/Documents/Codex/2026-08-14/microsoft-visual-studio-code-stable-vs/outputs/lightning_lm_ws/install/lightning/lib/liblightning__rosidl_generator_py.so" to ""\n'}
[309.133946] (lightning) StdoutLine: {'line': b'-- Installing: /home/kepler/Documents/Codex/2026-08-14/microsoft-visual-studio-code-stable-vs/outputs/lightning_lm_ws/install/lightning/lib/liblivox_ros_driver2__rosidl_generator_c.so\n'}
[309.134229] (lightning) StdoutLine: {'line': b'-- Set runtime path of "/home/kepler/Documents/Codex/2026-08-14/microsoft-visual-studio-code-stable-vs/outputs/lightning_lm_ws/install/lightning/lib/liblivox_ros_driver2__rosidl_generator_c.so" to ""\n'}
[309.134336] (lightning) StdoutLine: {'line': b'-- Installing: /home/kepler/Documents/Codex/2026-08-14/microsoft-visual-studio-code-stable-vs/outputs/lightning_lm_ws/install/lightning/lib/liblivox_ros_driver2__rosidl_typesupport_fastrtps_c.so\n'}
[309.134611] (lightning) StdoutLine: {'line': b'-- Set runtime path of "/home/kepler/Documents/Codex/2026-08-14/microsoft-visual-studio-code-stable-vs/outputs/lightning_lm_ws/install/lightning/lib/liblivox_ros_driver2__rosidl_typesupport_fastrtps_c.so" to ""\n'}
[309.134656] (lightning) StdoutLine: {'line': b'-- Installing: /home/kepler/Documents/Codex/2026-08-14/microsoft-visual-studio-code-stable-vs/outputs/lightning_lm_ws/install/lightning/lib/liblivox_ros_driver2__rosidl_typesupport_fastrtps_cpp.so\n'}
[309.134990] (lightning) StdoutLine: {'line': b'-- Set runtime path of "/home/kepler/Documents/Codex/2026-08-14/microsoft-visual-studio-code-stable-vs/outputs/lightning_lm_ws/install/lightning/lib/liblivox_ros_driver2__rosidl_typesupport_fastrtps_cpp.so" to ""\n'}
[309.135042] (lightning) StdoutLine: {'line': b'-- Installing: /home/kepler/Documents/Codex/2026-08-14/microsoft-visual-studio-code-stable-vs/outputs/lightning_lm_ws/install/lightning/lib/liblivox_ros_driver2__rosidl_typesupport_introspection_c.so\n'}
[309.135466] (lightning) StdoutLine: {'line': b'-- Set runtime path of "/home/kepler/Documents/Codex/2026-08-14/microsoft-visual-studio-code-stable-vs/outputs/lightning_lm_ws/install/lightning/lib/liblivox_ros_driver2__rosidl_typesupport_introspection_c.so" to ""\n'}
[309.135532] (lightning) StdoutLine: {'line': b'-- Installing: /home/kepler/Documents/Codex/2026-08-14/microsoft-visual-studio-code-stable-vs/outputs/lightning_lm_ws/install/lightning/lib/liblivox_ros_driver2__rosidl_typesupport_c.so\n'}
[309.135803] (lightning) StdoutLine: {'line': b'-- Set runtime path of "/home/kepler/Documents/Codex/2026-08-14/microsoft-visual-studio-code-stable-vs/outputs/lightning_lm_ws/install/lightning/lib/liblivox_ros_driver2__rosidl_typesupport_c.so" to ""\n'}
[309.135921] (lightning) StdoutLine: {'line': b'-- Installing: /home/kepler/Documents/Codex/2026-08-14/microsoft-visual-studio-code-stable-vs/outputs/lightning_lm_ws/install/lightning/lib/liblivox_ros_driver2__rosidl_typesupport_introspection_cpp.so\n'}
[309.136201] (lightning) StdoutLine: {'line': b'-- Set runtime path of "/home/kepler/Documents/Codex/2026-08-14/microsoft-visual-studio-code-stable-vs/outputs/lightning_lm_ws/install/lightning/lib/liblivox_ros_driver2__rosidl_typesupport_introspection_cpp.so" to ""\n'}
[309.136293] (lightning) StdoutLine: {'line': b'-- Installing: /home/kepler/Documents/Codex/2026-08-14/microsoft-visual-studio-code-stable-vs/outputs/lightning_lm_ws/install/lightning/lib/liblivox_ros_driver2__rosidl_typesupport_cpp.so\n'}
[309.136380] (lightning) StdoutLine: {'line': b'-- Set runtime path of "/home/kepler/Documents/Codex/2026-08-14/microsoft-visual-studio-code-stable-vs/outputs/lightning_lm_ws/install/lightning/lib/liblivox_ros_driver2__rosidl_typesupport_cpp.so" to ""\n'}
[309.163859] (lightning) StdoutLine: {'line': b"Listing '/home/kepler/Documents/Codex/2026-08-14/microsoft-visual-studio-code-stable-vs/outputs/lightning_lm_ws/install/lightning/local/lib/python3.10/dist-packages/livox_ros_driver2'...\n"}
[309.163989] (lightning) StdoutLine: {'line': b"Compiling '/home/kepler/Documents/Codex/2026-08-14/microsoft-visual-studio-code-stable-vs/outputs/lightning_lm_ws/install/lightning/local/lib/python3.10/dist-packages/livox_ros_driver2/__init__.py'...\n"}
[309.164067] (lightning) StdoutLine: {'line': b"Listing '/home/kepler/Documents/Codex/2026-08-14/microsoft-visual-studio-code-stable-vs/outputs/lightning_lm_ws/install/lightning/local/lib/python3.10/dist-packages/livox_ros_driver2/msg'...\n"}
[309.164293] (lightning) StdoutLine: {'line': b"Compiling '/home/kepler/Documents/Codex/2026-08-14/microsoft-visual-studio-code-stable-vs/outputs/lightning_lm_ws/install/lightning/local/lib/python3.10/dist-packages/livox_ros_driver2/msg/__init__.py'...\n"}
[309.164380] (lightning) StdoutLine: {'line': b"Compiling '/home/kepler/Documents/Codex/2026-08-14/microsoft-visual-studio-code-stable-vs/outputs/lightning_lm_ws/install/lightning/local/lib/python3.10/dist-packages/livox_ros_driver2/msg/_custom_msg.py'...\n"}
[309.164424] (lightning) StdoutLine: {'line': b"Compiling '/home/kepler/Documents/Codex/2026-08-14/microsoft-visual-studio-code-stable-vs/outputs/lightning_lm_ws/install/lightning/local/lib/python3.10/dist-packages/livox_ros_driver2/msg/_custom_point.py'...\n"}
[309.167159] (lightning) StdoutLine: {'line': b'-- Installing: /home/kepler/Documents/Codex/2026-08-14/microsoft-visual-studio-code-stable-vs/outputs/lightning_lm_ws/install/lightning/lib/liblivox_interfaces2__rosidl_generator_py.so\n'}
[309.167637] (lightning) StdoutLine: {'line': b'-- Set runtime path of "/home/kepler/Documents/Codex/2026-08-14/microsoft-visual-studio-code-stable-vs/outputs/lightning_lm_ws/install/lightning/lib/liblivox_interfaces2__rosidl_generator_py.so" to ""\n'}
[309.168722] (lightning) StdoutLine: {'line': b'-- Installing: /home/kepler/Documents/Codex/2026-08-14/microsoft-visual-studio-code-stable-vs/outputs/lightning_lm_ws/install/lightning/share/lightning/cmake/export_lightning__rosidl_generator_cExport.cmake\n'}
[309.168905] (lightning) StdoutLine: {'line': b'-- Installing: /home/kepler/Documents/Codex/2026-08-14/microsoft-visual-studio-code-stable-vs/outputs/lightning_lm_ws/install/lightning/share/lightning/cmake/export_lightning__rosidl_generator_cExport-release.cmake\n'}
[309.168999] (lightning) StdoutLine: {'line': b'-- Installing: /home/kepler/Documents/Codex/2026-08-14/microsoft-visual-studio-code-stable-vs/outputs/lightning_lm_ws/install/lightning/share/lightning/cmake/export_lightning__rosidl_typesupport_fastrtps_cExport.cmake\n'}
[309.169042] (lightning) StdoutLine: {'line': b'-- Installing: /home/kepler/Documents/Codex/2026-08-14/microsoft-visual-studio-code-stable-vs/outputs/lightning_lm_ws/install/lightning/share/lightning/cmake/export_lightning__rosidl_typesupport_fastrtps_cExport-release.cmake\n'}
[309.169212] (lightning) StdoutLine: {'line': b'-- Installing: /home/kepler/Documents/Codex/2026-08-14/microsoft-visual-studio-code-stable-vs/outputs/lightning_lm_ws/install/lightning/share/lightning/cmake/export_lightning__rosidl_generator_cppExport.cmake\n'}
[309.169312] (lightning) StdoutLine: {'line': b'-- Installing: /home/kepler/Documents/Codex/2026-08-14/microsoft-visual-studio-code-stable-vs/outputs/lightning_lm_ws/install/lightning/share/lightning/cmake/export_lightning__rosidl_typesupport_fastrtps_cppExport.cmake\n'}
[309.169600] (lightning) StdoutLine: {'line': b'-- Installing: /home/kepler/Documents/Codex/2026-08-14/microsoft-visual-studio-code-stable-vs/outputs/lightning_lm_ws/install/lightning/share/lightning/cmake/export_lightning__rosidl_typesupport_fastrtps_cppExport-release.cmake\n'}
[309.169695] (lightning) StdoutLine: {'line': b'-- Installing: /home/kepler/Documents/Codex/2026-08-14/microsoft-visual-studio-code-stable-vs/outputs/lightning_lm_ws/install/lightning/share/lightning/cmake/lightning__rosidl_typesupport_introspection_cExport.cmake\n'}
[309.169756] (lightning) StdoutLine: {'line': b'-- Installing: /home/kepler/Documents/Codex/2026-08-14/microsoft-visual-studio-code-stable-vs/outputs/lightning_lm_ws/install/lightning/share/lightning/cmake/lightning__rosidl_typesupport_introspection_cExport-release.cmake\n'}
[309.169867] (lightning) StdoutLine: {'line': b'-- Installing: /home/kepler/Documents/Codex/2026-08-14/microsoft-visual-studio-code-stable-vs/outputs/lightning_lm_ws/install/lightning/share/lightning/cmake/lightning__rosidl_typesupport_cExport.cmake\n'}
[309.169997] (lightning) StdoutLine: {'line': b'-- Installing: /home/kepler/Documents/Codex/2026-08-14/microsoft-visual-studio-code-stable-vs/outputs/lightning_lm_ws/install/lightning/share/lightning/cmake/lightning__rosidl_typesupport_cExport-release.cmake\n'}
[309.170122] (lightning) StdoutLine: {'line': b'-- Installing: /home/kepler/Documents/Codex/2026-08-14/microsoft-visual-studio-code-stable-vs/outputs/lightning_lm_ws/install/lightning/share/lightning/cmake/lightning__rosidl_typesupport_introspection_cppExport.cmake\n'}
[309.170258] (lightning) StdoutLine: {'line': b'-- Installing: /home/kepler/Documents/Codex/2026-08-14/microsoft-visual-studio-code-stable-vs/outputs/lightning_lm_ws/install/lightning/share/lightning/cmake/lightning__rosidl_typesupport_introspection_cppExport-release.cmake\n'}
[309.170403] (lightning) StdoutLine: {'line': b'-- Installing: /home/kepler/Documents/Codex/2026-08-14/microsoft-visual-studio-code-stable-vs/outputs/lightning_lm_ws/install/lightning/share/lightning/cmake/lightning__rosidl_typesupport_cppExport.cmake\n'}
[309.170575] (lightning) StdoutLine: {'line': b'-- Installing: /home/kepler/Documents/Codex/2026-08-14/microsoft-visual-studio-code-stable-vs/outputs/lightning_lm_ws/install/lightning/share/lightning/cmake/lightning__rosidl_typesupport_cppExport-release.cmake\n'}
[309.170720] (lightning) StdoutLine: {'line': b'-- Installing: /home/kepler/Documents/Codex/2026-08-14/microsoft-visual-studio-code-stable-vs/outputs/lightning_lm_ws/install/lightning/share/lightning/cmake/export_lightning__rosidl_generator_pyExport.cmake\n'}
[309.170904] (lightning) StdoutLine: {'line': b'-- Installing: /home/kepler/Documents/Codex/2026-08-14/microsoft-visual-studio-code-stable-vs/outputs/lightning_lm_ws/install/lightning/share/lightning/cmake/export_lightning__rosidl_generator_pyExport-release.cmake\n'}
[309.172532] (lightning) CommandEnded: {'returncode': 0}
[309.202746] (lightning) JobEnded: {'identifier': 'lightning', 'rc': 0}
[309.227102] (-) EventReactorShutdown: {}
