[0.000000] (-) TimerEvent: {}
[0.000304] (lightning) JobQueued: {'identifier': 'lightning', 'dependencies': OrderedDict()}
[0.000445] (livox_ros_driver2) JobQueued: {'identifier': 'livox_ros_driver2', 'dependencies': OrderedDict()}
[0.000721] (xyp_mid360_navigation) JobQueued: {'identifier': 'xyp_mid360_navigation', 'dependencies': OrderedDict()}
[0.000823] (lightning_real) JobQueued: {'identifier': 'lightning_real', 'dependencies': OrderedDict([('livox_ros_driver2', '/home/kepler/Documents/Codex/2026-08-14/microsoft-visual-studio-code-stable-vs/outputs/lightning_lm_ws/install/livox_ros_driver2')])}
[0.000916] (lightning_sim) JobQueued: {'identifier': 'lightning_sim', 'dependencies': OrderedDict([('lightning', '/home/kepler/Documents/Codex/2026-08-14/microsoft-visual-studio-code-stable-vs/outputs/lightning_lm_ws/install/lightning')])}
[0.000961] (lightning) JobStarted: {'identifier': 'lightning'}
[0.005973] (lightning) JobProgress: {'identifier': 'lightning', 'progress': 'cmake'}
[0.006917] (lightning) JobProgress: {'identifier': 'lightning', 'progress': 'build'}
[0.007537] (lightning) Command: {'cmd': ['/usr/bin/cmake', '--build', '/home/kepler/Documents/Codex/2026-08-14/microsoft-visual-studio-code-stable-vs/outputs/lightning_lm_ws/build/lightning', '--', '-j28', '-l28'], 'cwd': '/home/kepler/Documents/Codex/2026-08-14/microsoft-visual-studio-code-stable-vs/outputs/lightning_lm_ws/build/lightning', 'env': OrderedDict([('GJS_DEBUG_TOPICS', 'JS ERROR;JS LOG'), ('LESSOPEN', '| /usr/bin/lesspipe %s'), ('LANGUAGE', 'en_US:en'), ('USER', 'kepler'), ('LC_TIME', 'zh_CN.UTF-8'), ('XDG_SESSION_TYPE', 'x11'), ('SHLVL', '1'), ('LD_LIBRARY_PATH', '/home/kepler/Documents/Codex/2026-08-14/microsoft-visual-studio-code-stable-vs/outputs/lightning_lm_ws/install/livox_ros_driver2/lib:/home/kepler/Documents/Codex/2026-08-14/microsoft-visual-studio-code-stable-vs/outputs/lightning_lm_ws/install/lightning/lib:/opt/ros/humble/opt/rviz_ogre_vendor/lib:/opt/ros/humble/lib/x86_64-linux-gnu:/opt/ros/humble/lib'), ('HOME', '/home/kepler'), ('OLDPWD', '/home/kepler/Documents/Codex/2026-08-14/microsoft-visual-studio-code-stable-vs/outputs/lightning_lm_ws'), ('DESKTOP_SESSION', 'ubuntu-xorg'), ('GIO_LAUNCHED_DESKTOP_FILE', '/usr/share/applications/terminator.desktop'), ('ROS_PYTHON_VERSION', '3'), ('GNOME_SHELL_SESSION_MODE', 'ubuntu'), ('GTK_MODULES', 'gail:atk-bridge'), ('LC_MONETARY', 'zh_CN.UTF-8'), ('MANAGERPID', '3500454'), ('SYSTEMD_EXEC_PID', '3501327'), ('DBUS_SESSION_BUS_ADDRESS', 'unix:path=/run/user/1000/bus'), ('COLORTERM', 'truecolor'), ('TERMINATOR_DBUS_NAME', 'net.tenshu.Terminator21a9d5db22c73a993ff0b42f64b396873'), ('GIO_LAUNCHED_DESKTOP_FILE_PID', '274160'), ('COLCON_PREFIX_PATH', '/home/kepler/Documents/Codex/2026-08-14/microsoft-visual-studio-code-stable-vs/outputs/lightning_lm_ws/install'), ('ROS_DISTRO', 'humble'), ('GTK_IM_MODULE', 'ibus'), ('LOGNAME', 'kepler'), ('JOURNAL_STREAM', '8:233841802'), ('_', '/usr/bin/colcon'), ('ROS_VERSION', '2'), ('XDG_SESSION_CLASS', 'user'), ('USERNAME', 'kepler'), ('TERM', 'xterm-256color'), ('GNOME_DESKTOP_SESSION_ID', 'this-is-deprecated'), ('ROS_LOCALHOST_ONLY', '0'), ('WINDOWPATH', '2'), ('PATH', '/opt/ros/humble/bin:/usr/local/sbin:/usr/local/bin:/usr/sbin:/usr/bin:/sbin:/bin:/usr/games:/usr/local/games:/snap/bin:/snap/bin'), ('SESSION_MANAGER', 'local/KPLNB151:@/tmp/.ICE-unix/3501304,unix/KPLNB151:/tmp/.ICE-unix/3501304'), ('INVOCATION_ID', '402358b4ecfa44ad9a5621631f067a89'), ('XDG_MENU_PREFIX', 'gnome-'), ('LC_ADDRESS', 'zh_CN.UTF-8'), ('XDG_RUNTIME_DIR', '/run/user/1000'), ('DISPLAY', ':0'), ('TERMINATOR_DBUS_PATH', '/net/tenshu/Terminator2'), ('LANG', 'en_US.UTF-8'), ('XDG_CURRENT_DESKTOP', 'ubuntu:GNOME'), ('IBUS_DISABLE_SNOOPER', '1'), ('LC_TELEPHONE', 'zh_CN.UTF-8'), ('XMODIFIERS', '@im=ibus'), ('XDG_SESSION_DESKTOP', 'ubuntu-xorg'), ('XAUTHORITY', '/run/user/1000/gdm/Xauthority'), ('LS_COLORS', 'rs=0:di=01;34:ln=01;36:mh=00:pi=40;33:so=01;35:do=01;35:bd=40;33;01:cd=40;33;01:or=40;31;01:mi=00:su=37;41:sg=30;43:ca=30;41:tw=30;42:ow=34;42:st=37;44:ex=01;32:*.tar=01;31:*.tgz=01;31:*.arc=01;31:*.arj=01;31:*.taz=01;31:*.lha=01;31:*.lz4=01;31:*.lzh=01;31:*.lzma=01;31:*.tlz=01;31:*.txz=01;31:*.tzo=01;31:*.t7z=01;31:*.zip=01;31:*.z=01;31:*.dz=01;31:*.gz=01;31:*.lrz=01;31:*.lz=01;31:*.lzo=01;31:*.xz=01;31:*.zst=01;31:*.tzst=01;31:*.bz2=01;31:*.bz=01;31:*.tbz=01;31:*.tbz2=01;31:*.tz=01;31:*.deb=01;31:*.rpm=01;31:*.jar=01;31:*.war=01;31:*.ear=01;31:*.sar=01;31:*.rar=01;31:*.alz=01;31:*.ace=01;31:*.zoo=01;31:*.cpio=01;31:*.7z=01;31:*.rz=01;31:*.cab=01;31:*.wim=01;31:*.swm=01;31:*.dwm=01;31:*.esd=01;31:*.jpg=01;35:*.jpeg=01;35:*.mjpg=01;35:*.mjpeg=01;35:*.gif=01;35:*.bmp=01;35:*.pbm=01;35:*.pgm=01;35:*.ppm=01;35:*.tga=01;35:*.xbm=01;35:*.xpm=01;35:*.tif=01;35:*.tiff=01;35:*.png=01;35:*.svg=01;35:*.svgz=01;35:*.mng=01;35:*.pcx=01;35:*.mov=01;35:*.mpg=01;35:*.mpeg=01;35:*.m2v=01;35:*.mkv=01;35:*.webm=01;35:*.webp=01;35:*.ogm=01;35:*.mp4=01;35:*.m4v=01;35:*.mp4v=01;35:*.vob=01;35:*.qt=01;35:*.nuv=01;35:*.wmv=01;35:*.asf=01;35:*.rm=01;35:*.rmvb=01;35:*.flc=01;35:*.avi=01;35:*.fli=01;35:*.flv=01;35:*.gl=01;35:*.dl=01;35:*.xcf=01;35:*.xwd=01;35:*.yuv=01;35:*.cgm=01;35:*.emf=01;35:*.ogv=01;35:*.ogx=01;35:*.aac=00;36:*.au=00;36:*.flac=00;36:*.m4a=00;36:*.mid=00;36:*.midi=00;36:*.mka=00;36:*.mp3=00;36:*.mpc=00;36:*.ogg=00;36:*.ra=00;36:*.wav=00;36:*.oga=00;36:*.opus=00;36:*.spx=00;36:*.xspf=00;36:'), ('SSH_AGENT_LAUNCHER', 'gnome-keyring'), ('SSH_AUTH_SOCK', '/run/user/1000/keyring/ssh'), ('AMENT_PREFIX_PATH', '/home/kepler/Documents/Codex/2026-08-14/microsoft-visual-studio-code-stable-vs/outputs/lightning_lm_ws/install/xyp_mid360_navigation:/home/kepler/Documents/Codex/2026-08-14/microsoft-visual-studio-code-stable-vs/outputs/lightning_lm_ws/install/lightning_real:/home/kepler/Documents/Codex/2026-08-14/microsoft-visual-studio-code-stable-vs/outputs/lightning_lm_ws/install/livox_ros_driver2:/home/kepler/Documents/Codex/2026-08-14/microsoft-visual-studio-code-stable-vs/outputs/lightning_lm_ws/install/lightning_sim:/home/kepler/Documents/Codex/2026-08-14/microsoft-visual-studio-code-stable-vs/outputs/lightning_lm_ws/install/lightning:/opt/ros/humble'), ('SHELL', '/bin/bash'), ('LC_NAME', 'zh_CN.UTF-8'), ('TERMINATOR_UUID', 'urn:uuid:4b23d2e1-3909-4a06-8b7b-41dcbf283278'), ('QT_ACCESSIBILITY', '1'), ('GDMSESSION', 'ubuntu-xorg'), ('LESSCLOSE', '/usr/bin/lesspipe %s %s'), ('LC_MEASUREMENT', 'zh_CN.UTF-8'), ('GPG_AGENT_INFO', '/run/user/1000/gnupg/S.gpg-agent:0:1'), ('GJS_DEBUG_OUTPUT', 'stderr'), ('LC_IDENTIFICATION', 'zh_CN.UTF-8'), ('QT_IM_MODULE', 'ibus'), ('PWD', '/home/kepler/Documents/Codex/2026-08-14/microsoft-visual-studio-code-stable-vs/outputs/lightning_lm_ws/build/lightning'), ('LC_ALL', 'en_US.UTF-8'), ('XDG_CONFIG_DIRS', '/etc/xdg/xdg-ubuntu-xorg:/etc/xdg'), ('XDG_DATA_DIRS', '/usr/share/ubuntu-xorg:/usr/share/gnome:/usr/local/share/:/usr/share/:/var/lib/snapd/desktop'), ('PYTHONPATH', '/home/kepler/Documents/Codex/2026-08-14/microsoft-visual-studio-code-stable-vs/outputs/lightning_lm_ws/install/livox_ros_driver2/local/lib/python3.10/dist-packages:/home/kepler/Documents/Codex/2026-08-14/microsoft-visual-studio-code-stable-vs/outputs/lightning_lm_ws/install/lightning/local/lib/python3.10/dist-packages:/opt/ros/humble/lib/python3.10/site-packages:/opt/ros/humble/local/lib/python3.10/dist-packages'), ('LC_NUMERIC', 'zh_CN.UTF-8'), ('LC_PAPER', 'zh_CN.UTF-8'), ('COLCON', '1'), ('VTE_VERSION', '6800'), ('CMAKE_PREFIX_PATH', '/home/kepler/Documents/Codex/2026-08-14/microsoft-visual-studio-code-stable-vs/outputs/lightning_lm_ws/install/xyp_mid360_navigation:/home/kepler/Documents/Codex/2026-08-14/microsoft-visual-studio-code-stable-vs/outputs/lightning_lm_ws/install/lightning_real:/home/kepler/Documents/Codex/2026-08-14/microsoft-visual-studio-code-stable-vs/outputs/lightning_lm_ws/install/livox_ros_driver2:/home/kepler/Documents/Codex/2026-08-14/microsoft-visual-studio-code-stable-vs/outputs/lightning_lm_ws/install/lightning_sim:/home/kepler/Documents/Codex/2026-08-14/microsoft-visual-studio-code-stable-vs/outputs/lightning_lm_ws/install/lightning:/opt/ros/humble')]), 'shell': False}
[0.061322] (lightning) StdoutLine: {'line': b'[  1%] Built target lightning__rs\n'}
[0.062507] (lightning) StdoutLine: {'line': b'[  1%] Built target livox_interfaces2__rs\n'}
[0.062810] (lightning) StdoutLine: {'line': b'[  2%] Built target livox_interfaces2__cpp\n'}
[0.064256] (lightning) StdoutLine: {'line': b'[  3%] Built target lightning__cpp\n'}
[0.065337] (lightning) StdoutLine: {'line': b'[  4%] Built target miao.utils\n'}
[0.069041] (lightning) StdoutLine: {'line': b'[ 10%] Built target livox_interfaces2__rosidl_generator_c\n'}
[0.069272] (lightning) StdoutLine: {'line': b'[ 10%] Built target lightning__rosidl_generator_c\n'}
[0.073831] (lightning) StdoutLine: {'line': b'[ 10%] Built target ament_cmake_python_symlink_lightning\n'}
[0.074170] (lightning) StdoutLine: {'line': b'[ 10%] Built target ament_cmake_python_symlink_livox_ros_driver2\n'}
[0.082148] (lightning) StdoutLine: {'line': b'[ 17%] Built target miao.core\n'}
[0.097347] (lightning) StdoutLine: {'line': b'[ 20%] Built target livox_interfaces2__rosidl_typesupport_fastrtps_cpp\n'}
[0.097772] (lightning) StdoutLine: {'line': b'[ 23%] Built target lightning__rosidl_typesupport_introspection_cpp\n'}
[0.099948] (lightning) StdoutLine: {'line': b'[ 26%] Built target livox_interfaces2__rosidl_typesupport_cpp\n'}
[0.100207] (-) TimerEvent: {}
[0.100398] (lightning) StdoutLine: {'line': b'[ 29%] Built target livox_interfaces2__rosidl_typesupport_introspection_cpp\n'}
[0.101766] (lightning) StdoutLine: {'line': b'[ 32%] Built target lightning__rosidl_typesupport_fastrtps_cpp\n'}
[0.102842] (lightning) StdoutLine: {'line': b'[ 35%] Built target lightning__rosidl_typesupport_cpp\n'}
[0.104873] (lightning) StdoutLine: {'line': b'[ 38%] Built target lightning__rosidl_typesupport_c\n'}
[0.105152] (lightning) StdoutLine: {'line': b'[ 41%] Built target livox_interfaces2__rosidl_typesupport_fastrtps_c\n'}
[0.108023] (lightning) StdoutLine: {'line': b'[ 44%] Built target lightning__rosidl_typesupport_fastrtps_c\n'}
[0.108282] (lightning) StdoutLine: {'line': b'[ 47%] Built target livox_interfaces2__rosidl_typesupport_introspection_c\n'}
[0.108498] (lightning) StdoutLine: {'line': b'[ 50%] Built target livox_interfaces2__rosidl_typesupport_c\n'}
[0.109263] (lightning) StdoutLine: {'line': b'[ 53%] Built target lightning__rosidl_typesupport_introspection_c\n'}
[0.129199] (lightning) StdoutLine: {'line': b'[ 53%] Built target livox_interfaces2\n'}
[0.129376] (lightning) StdoutLine: {'line': b'[ 53%] Built target lightning\n'}
[0.148464] (lightning) StdoutLine: {'line': b'[ 54%] Built target lightning__py\n'}
[0.148664] (lightning) StdoutLine: {'line': b'[ 54%] Built target livox_interfaces2__py\n'}
[0.167018] (lightning) StdoutLine: {'line': b'[ 56%] Built target livox_interfaces2__rosidl_generator_py\n'}
[0.168526] (lightning) StdoutLine: {'line': b'[ 58%] Built target lightning__rosidl_generator_py\n'}
[0.182742] (lightning) StdoutLine: {'line': b'[ 60%] Built target lightning__rosidl_typesupport_c__pyext\n'}
[0.182946] (lightning) StdoutLine: {'line': b'[ 61%] Built target livox_ros_driver2__rosidl_typesupport_c__pyext\n'}
[0.183849] (lightning) StdoutLine: {'line': b'[ 63%] Built target livox_ros_driver2__rosidl_typesupport_introspection_c__pyext\n'}
[0.184145] (lightning) StdoutLine: {'line': b'[ 64%] Built target livox_ros_driver2__rosidl_typesupport_fastrtps_c__pyext\n'}
[0.186843] (lightning) StdoutLine: {'line': b'[ 66%] Built target lightning__rosidl_typesupport_fastrtps_c__pyext\n'}
[0.186981] (lightning) StdoutLine: {'line': b'[ 66%] Built target lightning__rosidl_typesupport_introspection_c__pyext\n'}
[0.200296] (-) TimerEvent: {}
[0.212871] (lightning) StdoutLine: {'line': b'[ 89%] Built target lightning.libs\n'}
[0.236810] (lightning) StdoutLine: {'line': b'running egg_info\n'}
[0.237291] (lightning) StdoutLine: {'line': b'writing lightning.egg-info/PKG-INFO\n'}
[0.237466] (lightning) StdoutLine: {'line': b'writing dependency_links to lightning.egg-info/dependency_links.txt\n'}
[0.237600] (lightning) StdoutLine: {'line': b'writing top-level names to lightning.egg-info/top_level.txt\n'}
[0.238812] (lightning) StdoutLine: {'line': b"reading manifest file 'lightning.egg-info/SOURCES.txt'\n"}
[0.239156] (lightning) StdoutLine: {'line': b"writing manifest file 'lightning.egg-info/SOURCES.txt'\n"}
[0.240471] (lightning) StdoutLine: {'line': b'[ 91%] Built target test_ui\n'}
[0.245031] (lightning) StdoutLine: {'line': b'[ 92%] Built target run_loop_offline\n'}
[0.249292] (lightning) StdoutLine: {'line': b'[ 94%] Built target run_loc_online\n'}
[0.249506] (lightning) StdoutLine: {'line': b'[ 96%] Built target run_slam_offline\n'}
[0.252368] (lightning) StdoutLine: {'line': b'[ 97%] Built target run_slam_online\n'}
[0.252497] (lightning) StdoutLine: {'line': b'[ 98%] Built target run_loc_offline\n'}
[0.253246] (lightning) StdoutLine: {'line': b'[100%] Built target run_frontend_offline\n'}
[0.257866] (lightning) StdoutLine: {'line': b'[100%] Built target ament_cmake_python_build_lightning_egg\n'}
[0.272635] (lightning) StderrLine: {'line': b"/usr/lib/python3/dist-packages/setuptools/dist.py:507: UserWarning: The version specified ('') is an invalid version, this may not work as expected with newer versions of setuptools, pip, and PyPI. Please see PEP 440 for more details.\n"}
[0.272843] (lightning) StderrLine: {'line': b'  warnings.warn(\n'}
[0.273990] (lightning) StdoutLine: {'line': b'running egg_info\n'}
[0.274540] (lightning) StdoutLine: {'line': b'writing livox_ros_driver2.egg-info/PKG-INFO\n'}
[0.274635] (lightning) StdoutLine: {'line': b'writing dependency_links to livox_ros_driver2.egg-info/dependency_links.txt\n'}
[0.274724] (lightning) StdoutLine: {'line': b'writing top-level names to livox_ros_driver2.egg-info/top_level.txt\n'}
[0.276011] (lightning) StdoutLine: {'line': b"reading manifest file 'livox_ros_driver2.egg-info/SOURCES.txt'\n"}
[0.276371] (lightning) StdoutLine: {'line': b"writing manifest file 'livox_ros_driver2.egg-info/SOURCES.txt'\n"}
[0.295266] (lightning) StdoutLine: {'line': b'[100%] Built target ament_cmake_python_build_livox_ros_driver2_egg\n'}
[0.300373] (-) TimerEvent: {}
[0.308261] (lightning) CommandEnded: {'returncode': 0}
[0.309546] (lightning) JobProgress: {'identifier': 'lightning', 'progress': 'install'}
[0.322339] (lightning) Command: {'cmd': ['/usr/bin/cmake', '--install', '/home/kepler/Documents/Codex/2026-08-14/microsoft-visual-studio-code-stable-vs/outputs/lightning_lm_ws/build/lightning'], 'cwd': '/home/kepler/Documents/Codex/2026-08-14/microsoft-visual-studio-code-stable-vs/outputs/lightning_lm_ws/build/lightning', 'env': OrderedDict([('GJS_DEBUG_TOPICS', 'JS ERROR;JS LOG'), ('LESSOPEN', '| /usr/bin/lesspipe %s'), ('LANGUAGE', 'en_US:en'), ('USER', 'kepler'), ('LC_TIME', 'zh_CN.UTF-8'), ('XDG_SESSION_TYPE', 'x11'), ('SHLVL', '1'), ('LD_LIBRARY_PATH', '/home/kepler/Documents/Codex/2026-08-14/microsoft-visual-studio-code-stable-vs/outputs/lightning_lm_ws/install/livox_ros_driver2/lib:/home/kepler/Documents/Codex/2026-08-14/microsoft-visual-studio-code-stable-vs/outputs/lightning_lm_ws/install/lightning/lib:/opt/ros/humble/opt/rviz_ogre_vendor/lib:/opt/ros/humble/lib/x86_64-linux-gnu:/opt/ros/humble/lib'), ('HOME', '/home/kepler'), ('OLDPWD', '/home/kepler/Documents/Codex/2026-08-14/microsoft-visual-studio-code-stable-vs/outputs/lightning_lm_ws'), ('DESKTOP_SESSION', 'ubuntu-xorg'), ('GIO_LAUNCHED_DESKTOP_FILE', '/usr/share/applications/terminator.desktop'), ('ROS_PYTHON_VERSION', '3'), ('GNOME_SHELL_SESSION_MODE', 'ubuntu'), ('GTK_MODULES', 'gail:atk-bridge'), ('LC_MONETARY', 'zh_CN.UTF-8'), ('MANAGERPID', '3500454'), ('SYSTEMD_EXEC_PID', '3501327'), ('DBUS_SESSION_BUS_ADDRESS', 'unix:path=/run/user/1000/bus'), ('COLORTERM', 'truecolor'), ('TERMINATOR_DBUS_NAME', 'net.tenshu.Terminator21a9d5db22c73a993ff0b42f64b396873'), ('GIO_LAUNCHED_DESKTOP_FILE_PID', '274160'), ('COLCON_PREFIX_PATH', '/home/kepler/Documents/Codex/2026-08-14/microsoft-visual-studio-code-stable-vs/outputs/lightning_lm_ws/install'), ('ROS_DISTRO', 'humble'), ('GTK_IM_MODULE', 'ibus'), ('LOGNAME', 'kepler'), ('JOURNAL_STREAM', '8:233841802'), ('_', '/usr/bin/colcon'), ('ROS_VERSION', '2'), ('XDG_SESSION_CLASS', 'user'), ('USERNAME', 'kepler'), ('TERM', 'xterm-256color'), ('GNOME_DESKTOP_SESSION_ID', 'this-is-deprecated'), ('ROS_LOCALHOST_ONLY', '0'), ('WINDOWPATH', '2'), ('PATH', '/opt/ros/humble/bin:/usr/local/sbin:/usr/local/bin:/usr/sbin:/usr/bin:/sbin:/bin:/usr/games:/usr/local/games:/snap/bin:/snap/bin'), ('SESSION_MANAGER', 'local/KPLNB151:@/tmp/.ICE-unix/3501304,unix/KPLNB151:/tmp/.ICE-unix/3501304'), ('INVOCATION_ID', '402358b4ecfa44ad9a5621631f067a89'), ('XDG_MENU_PREFIX', 'gnome-'), ('LC_ADDRESS', 'zh_CN.UTF-8'), ('XDG_RUNTIME_DIR', '/run/user/1000'), ('DISPLAY', ':0'), ('TERMINATOR_DBUS_PATH', '/net/tenshu/Terminator2'), ('LANG', 'en_US.UTF-8'), ('XDG_CURRENT_DESKTOP', 'ubuntu:GNOME'), ('IBUS_DISABLE_SNOOPER', '1'), ('LC_TELEPHONE', 'zh_CN.UTF-8'), ('XMODIFIERS', '@im=ibus'), ('XDG_SESSION_DESKTOP', 'ubuntu-xorg'), ('XAUTHORITY', '/run/user/1000/gdm/Xauthority'), ('LS_COLORS', 'rs=0:di=01;34:ln=01;36:mh=00:pi=40;33:so=01;35:do=01;35:bd=40;33;01:cd=40;33;01:or=40;31;01:mi=00:su=37;41:sg=30;43:ca=30;41:tw=30;42:ow=34;42:st=37;44:ex=01;32:*.tar=01;31:*.tgz=01;31:*.arc=01;31:*.arj=01;31:*.taz=01;31:*.lha=01;31:*.lz4=01;31:*.lzh=01;31:*.lzma=01;31:*.tlz=01;31:*.txz=01;31:*.tzo=01;31:*.t7z=01;31:*.zip=01;31:*.z=01;31:*.dz=01;31:*.gz=01;31:*.lrz=01;31:*.lz=01;31:*.lzo=01;31:*.xz=01;31:*.zst=01;31:*.tzst=01;31:*.bz2=01;31:*.bz=01;31:*.tbz=01;31:*.tbz2=01;31:*.tz=01;31:*.deb=01;31:*.rpm=01;31:*.jar=01;31:*.war=01;31:*.ear=01;31:*.sar=01;31:*.rar=01;31:*.alz=01;31:*.ace=01;31:*.zoo=01;31:*.cpio=01;31:*.7z=01;31:*.rz=01;31:*.cab=01;31:*.wim=01;31:*.swm=01;31:*.dwm=01;31:*.esd=01;31:*.jpg=01;35:*.jpeg=01;35:*.mjpg=01;35:*.mjpeg=01;35:*.gif=01;35:*.bmp=01;35:*.pbm=01;35:*.pgm=01;35:*.ppm=01;35:*.tga=01;35:*.xbm=01;35:*.xpm=01;35:*.tif=01;35:*.tiff=01;35:*.png=01;35:*.svg=01;35:*.svgz=01;35:*.mng=01;35:*.pcx=01;35:*.mov=01;35:*.mpg=01;35:*.mpeg=01;35:*.m2v=01;35:*.mkv=01;35:*.webm=01;35:*.webp=01;35:*.ogm=01;35:*.mp4=01;35:*.m4v=01;35:*.mp4v=01;35:*.vob=01;35:*.qt=01;35:*.nuv=01;35:*.wmv=01;35:*.asf=01;35:*.rm=01;35:*.rmvb=01;35:*.flc=01;35:*.avi=01;35:*.fli=01;35:*.flv=01;35:*.gl=01;35:*.dl=01;35:*.xcf=01;35:*.xwd=01;35:*.yuv=01;35:*.cgm=01;35:*.emf=01;35:*.ogv=01;35:*.ogx=01;35:*.aac=00;36:*.au=00;36:*.flac=00;36:*.m4a=00;36:*.mid=00;36:*.midi=00;36:*.mka=00;36:*.mp3=00;36:*.mpc=00;36:*.ogg=00;36:*.ra=00;36:*.wav=00;36:*.oga=00;36:*.opus=00;36:*.spx=00;36:*.xspf=00;36:'), ('SSH_AGENT_LAUNCHER', 'gnome-keyring'), ('SSH_AUTH_SOCK', '/run/user/1000/keyring/ssh'), ('AMENT_PREFIX_PATH', '/home/kepler/Documents/Codex/2026-08-14/microsoft-visual-studio-code-stable-vs/outputs/lightning_lm_ws/install/xyp_mid360_navigation:/home/kepler/Documents/Codex/2026-08-14/microsoft-visual-studio-code-stable-vs/outputs/lightning_lm_ws/install/lightning_real:/home/kepler/Documents/Codex/2026-08-14/microsoft-visual-studio-code-stable-vs/outputs/lightning_lm_ws/install/livox_ros_driver2:/home/kepler/Documents/Codex/2026-08-14/microsoft-visual-studio-code-stable-vs/outputs/lightning_lm_ws/install/lightning_sim:/home/kepler/Documents/Codex/2026-08-14/microsoft-visual-studio-code-stable-vs/outputs/lightning_lm_ws/install/lightning:/opt/ros/humble'), ('SHELL', '/bin/bash'), ('LC_NAME', 'zh_CN.UTF-8'), ('TERMINATOR_UUID', 'urn:uuid:4b23d2e1-3909-4a06-8b7b-41dcbf283278'), ('QT_ACCESSIBILITY', '1'), ('GDMSESSION', 'ubuntu-xorg'), ('LESSCLOSE', '/usr/bin/lesspipe %s %s'), ('LC_MEASUREMENT', 'zh_CN.UTF-8'), ('GPG_AGENT_INFO', '/run/user/1000/gnupg/S.gpg-agent:0:1'), ('GJS_DEBUG_OUTPUT', 'stderr'), ('LC_IDENTIFICATION', 'zh_CN.UTF-8'), ('QT_IM_MODULE', 'ibus'), ('PWD', '/home/kepler/Documents/Codex/2026-08-14/microsoft-visual-studio-code-stable-vs/outputs/lightning_lm_ws/build/lightning'), ('LC_ALL', 'en_US.UTF-8'), ('XDG_CONFIG_DIRS', '/etc/xdg/xdg-ubuntu-xorg:/etc/xdg'), ('XDG_DATA_DIRS', '/usr/share/ubuntu-xorg:/usr/share/gnome:/usr/local/share/:/usr/share/:/var/lib/snapd/desktop'), ('PYTHONPATH', '/home/kepler/Documents/Codex/2026-08-14/microsoft-visual-studio-code-stable-vs/outputs/lightning_lm_ws/install/livox_ros_driver2/local/lib/python3.10/dist-packages:/home/kepler/Documents/Codex/2026-08-14/microsoft-visual-studio-code-stable-vs/outputs/lightning_lm_ws/install/lightning/local/lib/python3.10/dist-packages:/opt/ros/humble/lib/python3.10/site-packages:/opt/ros/humble/local/lib/python3.10/dist-packages'), ('LC_NUMERIC', 'zh_CN.UTF-8'), ('LC_PAPER', 'zh_CN.UTF-8'), ('COLCON', '1'), ('VTE_VERSION', '6800'), ('CMAKE_PREFIX_PATH', '/home/kepler/Documents/Codex/2026-08-14/microsoft-visual-studio-code-stable-vs/outputs/lightning_lm_ws/install/xyp_mid360_navigation:/home/kepler/Documents/Codex/2026-08-14/microsoft-visual-studio-code-stable-vs/outputs/lightning_lm_ws/install/lightning_real:/home/kepler/Documents/Codex/2026-08-14/microsoft-visual-studio-code-stable-vs/outputs/lightning_lm_ws/install/livox_ros_driver2:/home/kepler/Documents/Codex/2026-08-14/microsoft-visual-studio-code-stable-vs/outputs/lightning_lm_ws/install/lightning_sim:/home/kepler/Documents/Codex/2026-08-14/microsoft-visual-studio-code-stable-vs/outputs/lightning_lm_ws/install/lightning:/opt/ros/humble')]), 'shell': False}
[0.334138] (lightning) StdoutLine: {'line': b'-- Install configuration: "Release"\n'}
[0.335510] (lightning) StdoutLine: {'line': b'-- Execute custom install script\n'}
[0.335884] (lightning) StdoutLine: {'line': b'-- Up-to-date symlink: /home/kepler/Documents/Codex/2026-08-14/microsoft-visual-studio-code-stable-vs/outputs/lightning_lm_ws/install/lightning/share/ament_index/resource_index/rosidl_interfaces/lightning\n'}
[0.336482] (lightning) StdoutLine: {'line': b'-- Up-to-date symlink: /home/kepler/Documents/Codex/2026-08-14/microsoft-visual-studio-code-stable-vs/outputs/lightning_lm_ws/install/lightning/include/lightning/lightning/msg/rosidl_generator_c__visibility_control.h\n'}
[0.336803] (lightning) StdoutLine: {'line': b'-- Up-to-date symlink: /home/kepler/Documents/Codex/2026-08-14/microsoft-visual-studio-code-stable-vs/outputs/lightning_lm_ws/install/lightning/include/lightning/lightning/srv/detail/loc_cmd__functions.h\n'}
[0.336983] (lightning) StdoutLine: {'line': b'-- Up-to-date symlink: /home/kepler/Documents/Codex/2026-08-14/microsoft-visual-studio-code-stable-vs/outputs/lightning_lm_ws/install/lightning/include/lightning/lightning/srv/detail/loc_cmd__struct.h\n'}
[0.337060] (lightning) StdoutLine: {'line': b'-- Up-to-date symlink: /home/kepler/Documents/Codex/2026-08-14/microsoft-visual-studio-code-stable-vs/outputs/lightning_lm_ws/install/lightning/include/lightning/lightning/srv/detail/loc_cmd__type_support.h\n'}
[0.337268] (lightning) StdoutLine: {'line': b'-- Up-to-date symlink: /home/kepler/Documents/Codex/2026-08-14/microsoft-visual-studio-code-stable-vs/outputs/lightning_lm_ws/install/lightning/include/lightning/lightning/srv/detail/save_map__functions.h\n'}
[0.337408] (lightning) StdoutLine: {'line': b'-- Up-to-date symlink: /home/kepler/Documents/Codex/2026-08-14/microsoft-visual-studio-code-stable-vs/outputs/lightning_lm_ws/install/lightning/include/lightning/lightning/srv/detail/save_map__struct.h\n'}
[0.337488] (lightning) StdoutLine: {'line': b'-- Up-to-date symlink: /home/kepler/Documents/Codex/2026-08-14/microsoft-visual-studio-code-stable-vs/outputs/lightning_lm_ws/install/lightning/include/lightning/lightning/srv/detail/save_map__type_support.h\n'}
[0.337538] (lightning) StdoutLine: {'line': b'-- Up-to-date symlink: /home/kepler/Documents/Codex/2026-08-14/microsoft-visual-studio-code-stable-vs/outputs/lightning_lm_ws/install/lightning/include/lightning/lightning/srv/loc_cmd.h\n'}
[0.337589] (lightning) StdoutLine: {'line': b'-- Up-to-date symlink: /home/kepler/Documents/Codex/2026-08-14/microsoft-visual-studio-code-stable-vs/outputs/lightning_lm_ws/install/lightning/include/lightning/lightning/srv/save_map.h\n'}
[0.337642] (lightning) StdoutLine: {'line': b'-- Up-to-date symlink: /home/kepler/Documents/Codex/2026-08-14/microsoft-visual-studio-code-stable-vs/outputs/lightning_lm_ws/install/lightning/share/lightning/environment/library_path.sh\n'}
[0.337737] (lightning) StdoutLine: {'line': b'-- Up-to-date symlink: /home/kepler/Documents/Codex/2026-08-14/microsoft-visual-studio-code-stable-vs/outputs/lightning_lm_ws/install/lightning/share/lightning/environment/library_path.dsv\n'}
[0.338062] (lightning) StdoutLine: {'line': b'-- Up-to-date symlink: /home/kepler/Documents/Codex/2026-08-14/microsoft-visual-studio-code-stable-vs/outputs/lightning_lm_ws/install/lightning/include/lightning/lightning/msg/rosidl_typesupport_fastrtps_c__visibility_control.h\n'}
[0.338167] (lightning) StdoutLine: {'line': b'-- Up-to-date symlink: /home/kepler/Documents/Codex/2026-08-14/microsoft-visual-studio-code-stable-vs/outputs/lightning_lm_ws/install/lightning/include/lightning/lightning/srv/detail/loc_cmd__rosidl_typesupport_fastrtps_c.h\n'}
[0.338264] (lightning) StdoutLine: {'line': b'-- Up-to-date symlink: /home/kepler/Documents/Codex/2026-08-14/microsoft-visual-studio-code-stable-vs/outputs/lightning_lm_ws/install/lightning/include/lightning/lightning/srv/detail/save_map__rosidl_typesupport_fastrtps_c.h\n'}
[0.338630] (lightning) StdoutLine: {'line': b'-- Up-to-date symlink: /home/kepler/Documents/Codex/2026-08-14/microsoft-visual-studio-code-stable-vs/outputs/lightning_lm_ws/install/lightning/include/lightning/lightning/msg/rosidl_generator_cpp__visibility_control.hpp\n'}
[0.338738] (lightning) StdoutLine: {'line': b'-- Up-to-date symlink: /home/kepler/Documents/Codex/2026-08-14/microsoft-visual-studio-code-stable-vs/outputs/lightning_lm_ws/install/lightning/include/lightning/lightning/srv/detail/loc_cmd__builder.hpp\n'}
[0.338844] (lightning) StdoutLine: {'line': b'-- Up-to-date symlink: /home/kepler/Documents/Codex/2026-08-14/microsoft-visual-studio-code-stable-vs/outputs/lightning_lm_ws/install/lightning/include/lightning/lightning/srv/detail/loc_cmd__struct.hpp\n'}
[0.338949] (lightning) StdoutLine: {'line': b'-- Up-to-date symlink: /home/kepler/Documents/Codex/2026-08-14/microsoft-visual-studio-code-stable-vs/outputs/lightning_lm_ws/install/lightning/include/lightning/lightning/srv/detail/loc_cmd__traits.hpp\n'}
[0.339046] (lightning) StdoutLine: {'line': b'-- Up-to-date symlink: /home/kepler/Documents/Codex/2026-08-14/microsoft-visual-studio-code-stable-vs/outputs/lightning_lm_ws/install/lightning/include/lightning/lightning/srv/detail/loc_cmd__type_support.hpp\n'}
[0.339144] (lightning) StdoutLine: {'line': b'-- Up-to-date symlink: /home/kepler/Documents/Codex/2026-08-14/microsoft-visual-studio-code-stable-vs/outputs/lightning_lm_ws/install/lightning/include/lightning/lightning/srv/detail/save_map__builder.hpp\n'}
[0.339241] (lightning) StdoutLine: {'line': b'-- Up-to-date symlink: /home/kepler/Documents/Codex/2026-08-14/microsoft-visual-studio-code-stable-vs/outputs/lightning_lm_ws/install/lightning/include/lightning/lightning/srv/detail/save_map__struct.hpp\n'}
[0.339347] (lightning) StdoutLine: {'line': b'-- Up-to-date symlink: /home/kepler/Documents/Codex/2026-08-14/microsoft-visual-studio-code-stable-vs/outputs/lightning_lm_ws/install/lightning/include/lightning/lightning/srv/detail/save_map__traits.hpp\n'}
[0.339449] (lightning) StdoutLine: {'line': b'-- Up-to-date symlink: /home/kepler/Documents/Codex/2026-08-14/microsoft-visual-studio-code-stable-vs/outputs/lightning_lm_ws/install/lightning/include/lightning/lightning/srv/detail/save_map__type_support.hpp\n'}
[0.339528] (lightning) StdoutLine: {'line': b'-- Up-to-date symlink: /home/kepler/Documents/Codex/2026-08-14/microsoft-visual-studio-code-stable-vs/outputs/lightning_lm_ws/install/lightning/include/lightning/lightning/srv/loc_cmd.hpp\n'}
[0.339603] (lightning) StdoutLine: {'line': b'-- Up-to-date symlink: /home/kepler/Documents/Codex/2026-08-14/microsoft-visual-studio-code-stable-vs/outputs/lightning_lm_ws/install/lightning/include/lightning/lightning/srv/save_map.hpp\n'}
[0.339964] (lightning) StdoutLine: {'line': b'-- Up-to-date symlink: /home/kepler/Documents/Codex/2026-08-14/microsoft-visual-studio-code-stable-vs/outputs/lightning_lm_ws/install/lightning/include/lightning/lightning/msg/rosidl_typesupport_fastrtps_cpp__visibility_control.h\n'}
[0.340050] (lightning) StdoutLine: {'line': b'-- Up-to-date symlink: /home/kepler/Documents/Codex/2026-08-14/microsoft-visual-studio-code-stable-vs/outputs/lightning_lm_ws/install/lightning/include/lightning/lightning/srv/detail/loc_cmd__rosidl_typesupport_fastrtps_cpp.hpp\n'}
[0.340127] (lightning) StdoutLine: {'line': b'-- Up-to-date symlink: /home/kepler/Documents/Codex/2026-08-14/microsoft-visual-studio-code-stable-vs/outputs/lightning_lm_ws/install/lightning/include/lightning/lightning/srv/detail/save_map__rosidl_typesupport_fastrtps_cpp.hpp\n'}
[0.340376] (lightning) StdoutLine: {'line': b'-- Up-to-date symlink: /home/kepler/Documents/Codex/2026-08-14/microsoft-visual-studio-code-stable-vs/outputs/lightning_lm_ws/install/lightning/include/lightning/lightning/msg/rosidl_typesupport_introspection_c__visibility_control.h\n'}
[0.340456] (lightning) StdoutLine: {'line': b'-- Up-to-date symlink: /home/kepler/Documents/Codex/2026-08-14/microsoft-visual-studio-code-stable-vs/outputs/lightning_lm_ws/install/lightning/include/lightning/lightning/srv/detail/loc_cmd__rosidl_typesupport_introspection_c.h\n'}
[0.340535] (lightning) StdoutLine: {'line': b'-- Up-to-date symlink: /home/kepler/Documents/Codex/2026-08-14/microsoft-visual-studio-code-stable-vs/outputs/lightning_lm_ws/install/lightning/include/lightning/lightning/srv/detail/save_map__rosidl_typesupport_introspection_c.h\n'}
[0.340765] (lightning) StdoutLine: {'line': b'-- Up-to-date symlink: /home/kepler/Documents/Codex/2026-08-14/microsoft-visual-studio-code-stable-vs/outputs/lightning_lm_ws/install/lightning/include/lightning/lightning/srv/detail/loc_cmd__rosidl_typesupport_introspection_cpp.hpp\n'}
[0.340845] (lightning) StdoutLine: {'line': b'-- Up-to-date symlink: /home/kepler/Documents/Codex/2026-08-14/microsoft-visual-studio-code-stable-vs/outputs/lightning_lm_ws/install/lightning/include/lightning/lightning/srv/detail/save_map__rosidl_typesupport_introspection_cpp.hpp\n'}
[0.340979] (lightning) StdoutLine: {'line': b'-- Up-to-date symlink: /home/kepler/Documents/Codex/2026-08-14/microsoft-visual-studio-code-stable-vs/outputs/lightning_lm_ws/install/lightning/share/lightning/environment/pythonpath.sh\n'}
[0.341105] (lightning) StdoutLine: {'line': b'-- Up-to-date symlink: /home/kepler/Documents/Codex/2026-08-14/microsoft-visual-studio-code-stable-vs/outputs/lightning_lm_ws/install/lightning/share/lightning/environment/pythonpath.dsv\n'}
[0.341337] (lightning) StdoutLine: {'line': b'-- Up-to-date symlink: /home/kepler/Documents/Codex/2026-08-14/microsoft-visual-studio-code-stable-vs/outputs/lightning_lm_ws/install/lightning/local/lib/python3.10/dist-packages/lightning-0.0.0-py3.10.egg-info/PKG-INFO\n'}
[0.341420] (lightning) StdoutLine: {'line': b'-- Up-to-date symlink: /home/kepler/Documents/Codex/2026-08-14/microsoft-visual-studio-code-stable-vs/outputs/lightning_lm_ws/install/lightning/local/lib/python3.10/dist-packages/lightning-0.0.0-py3.10.egg-info/SOURCES.txt\n'}
[0.341481] (lightning) StdoutLine: {'line': b'-- Up-to-date symlink: /home/kepler/Documents/Codex/2026-08-14/microsoft-visual-studio-code-stable-vs/outputs/lightning_lm_ws/install/lightning/local/lib/python3.10/dist-packages/lightning-0.0.0-py3.10.egg-info/dependency_links.txt\n'}
[0.341545] (lightning) StdoutLine: {'line': b'-- Up-to-date symlink: /home/kepler/Documents/Codex/2026-08-14/microsoft-visual-studio-code-stable-vs/outputs/lightning_lm_ws/install/lightning/local/lib/python3.10/dist-packages/lightning-0.0.0-py3.10.egg-info/top_level.txt\n'}
[0.341881] (lightning) StdoutLine: {'line': b'-- Up-to-date symlink: /home/kepler/Documents/Codex/2026-08-14/microsoft-visual-studio-code-stable-vs/outputs/lightning_lm_ws/install/lightning/local/lib/python3.10/dist-packages/lightning/__init__.py\n'}
[0.341953] (lightning) StdoutLine: {'line': b'-- Up-to-date symlink: /home/kepler/Documents/Codex/2026-08-14/microsoft-visual-studio-code-stable-vs/outputs/lightning_lm_ws/install/lightning/local/lib/python3.10/dist-packages/lightning/_lightning_s.ep.rosidl_typesupport_c.c\n'}
[0.342007] (lightning) StdoutLine: {'line': b'-- Up-to-date symlink: /home/kepler/Documents/Codex/2026-08-14/microsoft-visual-studio-code-stable-vs/outputs/lightning_lm_ws/install/lightning/local/lib/python3.10/dist-packages/lightning/_lightning_s.ep.rosidl_typesupport_fastrtps_c.c\n'}
[0.342071] (lightning) StdoutLine: {'line': b'-- Up-to-date symlink: /home/kepler/Documents/Codex/2026-08-14/microsoft-visual-studio-code-stable-vs/outputs/lightning_lm_ws/install/lightning/local/lib/python3.10/dist-packages/lightning/_lightning_s.ep.rosidl_typesupport_introspection_c.c\n'}
[0.342133] (lightning) StdoutLine: {'line': b'-- Up-to-date symlink: /home/kepler/Documents/Codex/2026-08-14/microsoft-visual-studio-code-stable-vs/outputs/lightning_lm_ws/install/lightning/local/lib/python3.10/dist-packages/lightning/liblightning__rosidl_generator_py.so\n'}
[0.342197] (lightning) StdoutLine: {'line': b'-- Up-to-date symlink: /home/kepler/Documents/Codex/2026-08-14/microsoft-visual-studio-code-stable-vs/outputs/lightning_lm_ws/install/lightning/local/lib/python3.10/dist-packages/lightning/lightning_s__rosidl_typesupport_c.cpython-310-x86_64-linux-gnu.so\n'}
[0.342258] (lightning) StdoutLine: {'line': b'-- Up-to-date symlink: /home/kepler/Documents/Codex/2026-08-14/microsoft-visual-studio-code-stable-vs/outputs/lightning_lm_ws/install/lightning/local/lib/python3.10/dist-packages/lightning/lightning_s__rosidl_typesupport_fastrtps_c.cpython-310-x86_64-linux-gnu.so\n'}
[0.342320] (lightning) StdoutLine: {'line': b'-- Up-to-date symlink: /home/kepler/Documents/Codex/2026-08-14/microsoft-visual-studio-code-stable-vs/outputs/lightning_lm_ws/install/lightning/local/lib/python3.10/dist-packages/lightning/lightning_s__rosidl_typesupport_introspection_c.cpython-310-x86_64-linux-gnu.so\n'}
[0.342383] (lightning) StdoutLine: {'line': b'-- Up-to-date symlink: /home/kepler/Documents/Codex/2026-08-14/microsoft-visual-studio-code-stable-vs/outputs/lightning_lm_ws/install/lightning/local/lib/python3.10/dist-packages/lightning/srv/__init__.py\n'}
[0.342449] (lightning) StdoutLine: {'line': b'-- Up-to-date symlink: /home/kepler/Documents/Codex/2026-08-14/microsoft-visual-studio-code-stable-vs/outputs/lightning_lm_ws/install/lightning/local/lib/python3.10/dist-packages/lightning/srv/_loc_cmd.py\n'}
[0.342511] (lightning) StdoutLine: {'line': b'-- Up-to-date symlink: /home/kepler/Documents/Codex/2026-08-14/microsoft-visual-studio-code-stable-vs/outputs/lightning_lm_ws/install/lightning/local/lib/python3.10/dist-packages/lightning/srv/_loc_cmd_s.c\n'}
[0.342572] (lightning) StdoutLine: {'line': b'-- Up-to-date symlink: /home/kepler/Documents/Codex/2026-08-14/microsoft-visual-studio-code-stable-vs/outputs/lightning_lm_ws/install/lightning/local/lib/python3.10/dist-packages/lightning/srv/_save_map.py\n'}
[0.342634] (lightning) StdoutLine: {'line': b'-- Up-to-date symlink: /home/kepler/Documents/Codex/2026-08-14/microsoft-visual-studio-code-stable-vs/outputs/lightning_lm_ws/install/lightning/local/lib/python3.10/dist-packages/lightning/srv/_save_map_s.c\n'}
[0.342804] (lightning) StdoutLine: {'line': b'-- Up-to-date symlink: /home/kepler/Documents/Codex/2026-08-14/microsoft-visual-studio-code-stable-vs/outputs/lightning_lm_ws/install/lightning/local/lib/python3.10/dist-packages/lightning/lightning_s__rosidl_typesupport_fastrtps_c.cpython-310-x86_64-linux-gnu.so\n'}
[0.342959] (lightning) StdoutLine: {'line': b'-- Up-to-date symlink: /home/kepler/Documents/Codex/2026-08-14/microsoft-visual-studio-code-stable-vs/outputs/lightning_lm_ws/install/lightning/local/lib/python3.10/dist-packages/lightning/lightning_s__rosidl_typesupport_introspection_c.cpython-310-x86_64-linux-gnu.so\n'}
[0.343107] (lightning) StdoutLine: {'line': b'-- Up-to-date symlink: /home/kepler/Documents/Codex/2026-08-14/microsoft-visual-studio-code-stable-vs/outputs/lightning_lm_ws/install/lightning/local/lib/python3.10/dist-packages/lightning/lightning_s__rosidl_typesupport_c.cpython-310-x86_64-linux-gnu.so\n'}
[0.343217] (lightning) StdoutLine: {'line': b'-- Up-to-date symlink: /home/kepler/Documents/Codex/2026-08-14/microsoft-visual-studio-code-stable-vs/outputs/lightning_lm_ws/install/lightning/share/ament_index/resource_index/rust_packages/lightning\n'}
[0.343432] (lightning) StdoutLine: {'line': b'-- Up-to-date symlink: /home/kepler/Documents/Codex/2026-08-14/microsoft-visual-studio-code-stable-vs/outputs/lightning_lm_ws/install/lightning/share/lightning/rust/Cargo.toml\n'}
[0.343498] (lightning) StdoutLine: {'line': b'-- Up-to-date symlink: /home/kepler/Documents/Codex/2026-08-14/microsoft-visual-studio-code-stable-vs/outputs/lightning_lm_ws/install/lightning/share/lightning/rust/build.rs\n'}
[0.343562] (lightning) StdoutLine: {'line': b'-- Up-to-date symlink: /home/kepler/Documents/Codex/2026-08-14/microsoft-visual-studio-code-stable-vs/outputs/lightning_lm_ws/install/lightning/share/lightning/rust/src/lib.rs\n'}
[0.343626] (lightning) StdoutLine: {'line': b'-- Up-to-date symlink: /home/kepler/Documents/Codex/2026-08-14/microsoft-visual-studio-code-stable-vs/outputs/lightning_lm_ws/install/lightning/share/lightning/rust/src/srv.rs\n'}
[0.343692] (lightning) StdoutLine: {'line': b'-- Up-to-date symlink: /home/kepler/Documents/Codex/2026-08-14/microsoft-visual-studio-code-stable-vs/outputs/lightning_lm_ws/install/lightning/share/lightning/rust/src/srv/rmw.rs\n'}
[0.343782] (lightning) StdoutLine: {'line': b'-- Up-to-date symlink: /home/kepler/Documents/Codex/2026-08-14/microsoft-visual-studio-code-stable-vs/outputs/lightning_lm_ws/install/lightning/share/lightning/srv/LocCmd.idl\n'}
[0.343875] (lightning) StdoutLine: {'line': b'-- Up-to-date symlink: /home/kepler/Documents/Codex/2026-08-14/microsoft-visual-studio-code-stable-vs/outputs/lightning_lm_ws/install/lightning/share/lightning/srv/SaveMap.idl\n'}
[0.343961] (lightning) StdoutLine: {'line': b'-- Up-to-date symlink: /home/kepler/Documents/Codex/2026-08-14/microsoft-visual-studio-code-stable-vs/outputs/lightning_lm_ws/install/lightning/share/lightning/srv/LocCmd.srv\n'}
[0.344044] (lightning) StdoutLine: {'line': b'-- Up-to-date symlink: /home/kepler/Documents/Codex/2026-08-14/microsoft-visual-studio-code-stable-vs/outputs/lightning_lm_ws/install/lightning/share/lightning/srv/LocCmd_Request.msg\n'}
[0.344123] (lightning) StdoutLine: {'line': b'-- Up-to-date symlink: /home/kepler/Documents/Codex/2026-08-14/microsoft-visual-studio-code-stable-vs/outputs/lightning_lm_ws/install/lightning/share/lightning/srv/LocCmd_Response.msg\n'}
[0.344199] (lightning) StdoutLine: {'line': b'-- Up-to-date symlink: /home/kepler/Documents/Codex/2026-08-14/microsoft-visual-studio-code-stable-vs/outputs/lightning_lm_ws/install/lightning/share/lightning/srv/SaveMap.srv\n'}
[0.344276] (lightning) StdoutLine: {'line': b'-- Up-to-date symlink: /home/kepler/Documents/Codex/2026-08-14/microsoft-visual-studio-code-stable-vs/outputs/lightning_lm_ws/install/lightning/share/lightning/srv/SaveMap_Request.msg\n'}
[0.344351] (lightning) StdoutLine: {'line': b'-- Up-to-date symlink: /home/kepler/Documents/Codex/2026-08-14/microsoft-visual-studio-code-stable-vs/outputs/lightning_lm_ws/install/lightning/share/lightning/srv/SaveMap_Response.msg\n'}
[0.344527] (lightning) StdoutLine: {'line': b'-- Up-to-date symlink: /home/kepler/Documents/Codex/2026-08-14/microsoft-visual-studio-code-stable-vs/outputs/lightning_lm_ws/install/lightning/lib/lightning//config/default.yaml\n'}
[0.344584] (lightning) StdoutLine: {'line': b'-- Up-to-date symlink: /home/kepler/Documents/Codex/2026-08-14/microsoft-visual-studio-code-stable-vs/outputs/lightning_lm_ws/install/lightning/lib/lightning//config/default_livox.yaml\n'}
[0.344639] (lightning) StdoutLine: {'line': b'-- Up-to-date symlink: /home/kepler/Documents/Codex/2026-08-14/microsoft-visual-studio-code-stable-vs/outputs/lightning_lm_ws/install/lightning/lib/lightning//config/default_nclt.yaml\n'}
[0.344698] (lightning) StdoutLine: {'line': b'-- Up-to-date symlink: /home/kepler/Documents/Codex/2026-08-14/microsoft-visual-studio-code-stable-vs/outputs/lightning_lm_ws/install/lightning/lib/lightning//config/default_robosense.yaml\n'}
[0.344752] (lightning) StdoutLine: {'line': b'-- Up-to-date symlink: /home/kepler/Documents/Codex/2026-08-14/microsoft-visual-studio-code-stable-vs/outputs/lightning_lm_ws/install/lightning/lib/lightning//config/default_utbm.yaml\n'}
[0.344805] (lightning) StdoutLine: {'line': b'-- Up-to-date symlink: /home/kepler/Documents/Codex/2026-08-14/microsoft-visual-studio-code-stable-vs/outputs/lightning_lm_ws/install/lightning/lib/lightning//config/default_vbr.yaml\n'}
[0.344930] (lightning) StdoutLine: {'line': b'-- Up-to-date symlink: /home/kepler/Documents/Codex/2026-08-14/microsoft-visual-studio-code-stable-vs/outputs/lightning_lm_ws/install/lightning/share/ament_index/resource_index/rosidl_interfaces/livox_ros_driver2\n'}
[0.345159] (lightning) StdoutLine: {'line': b'-- Up-to-date symlink: /home/kepler/Documents/Codex/2026-08-14/microsoft-visual-studio-code-stable-vs/outputs/lightning_lm_ws/install/lightning/include/livox_ros_driver2/livox_ros_driver2/msg/custom_msg.h\n'}
[0.345218] (lightning) StdoutLine: {'line': b'-- Up-to-date symlink: /home/kepler/Documents/Codex/2026-08-14/microsoft-visual-studio-code-stable-vs/outputs/lightning_lm_ws/install/lightning/include/livox_ros_driver2/livox_ros_driver2/msg/custom_point.h\n'}
[0.345281] (lightning) StdoutLine: {'line': b'-- Up-to-date symlink: /home/kepler/Documents/Codex/2026-08-14/microsoft-visual-studio-code-stable-vs/outputs/lightning_lm_ws/install/lightning/include/livox_ros_driver2/livox_ros_driver2/msg/detail/custom_msg__functions.h\n'}
[0.345344] (lightning) StdoutLine: {'line': b'-- Up-to-date symlink: /home/kepler/Documents/Codex/2026-08-14/microsoft-visual-studio-code-stable-vs/outputs/lightning_lm_ws/install/lightning/include/livox_ros_driver2/livox_ros_driver2/msg/detail/custom_msg__struct.h\n'}
[0.345422] (lightning) StdoutLine: {'line': b'-- Up-to-date symlink: /home/kepler/Documents/Codex/2026-08-14/microsoft-visual-studio-code-stable-vs/outputs/lightning_lm_ws/install/lightning/include/livox_ros_driver2/livox_ros_driver2/msg/detail/custom_msg__type_support.h\n'}
[0.345547] (lightning) StdoutLine: {'line': b'-- Up-to-date symlink: /home/kepler/Documents/Codex/2026-08-14/microsoft-visual-studio-code-stable-vs/outputs/lightning_lm_ws/install/lightning/include/livox_ros_driver2/livox_ros_driver2/msg/detail/custom_point__functions.h\n'}
[0.345585] (lightning) StdoutLine: {'line': b'-- Up-to-date symlink: /home/kepler/Documents/Codex/2026-08-14/microsoft-visual-studio-code-stable-vs/outputs/lightning_lm_ws/install/lightning/include/livox_ros_driver2/livox_ros_driver2/msg/detail/custom_point__struct.h\n'}
[0.345633] (lightning) StdoutLine: {'line': b'-- Up-to-date symlink: /home/kepler/Documents/Codex/2026-08-14/microsoft-visual-studio-code-stable-vs/outputs/lightning_lm_ws/install/lightning/include/livox_ros_driver2/livox_ros_driver2/msg/detail/custom_point__type_support.h\n'}
[0.345686] (lightning) StdoutLine: {'line': b'-- Up-to-date symlink: /home/kepler/Documents/Codex/2026-08-14/microsoft-visual-studio-code-stable-vs/outputs/lightning_lm_ws/install/lightning/include/livox_ros_driver2/livox_ros_driver2/msg/rosidl_generator_c__visibility_control.h\n'}
[0.345894] (lightning) StdoutLine: {'line': b'-- Up-to-date symlink: /home/kepler/Documents/Codex/2026-08-14/microsoft-visual-studio-code-stable-vs/outputs/lightning_lm_ws/install/lightning/include/livox_ros_driver2/livox_ros_driver2/msg/detail/custom_msg__rosidl_typesupport_fastrtps_c.h\n'}
[0.345959] (lightning) StdoutLine: {'line': b'-- Up-to-date symlink: /home/kepler/Documents/Codex/2026-08-14/microsoft-visual-studio-code-stable-vs/outputs/lightning_lm_ws/install/lightning/include/livox_ros_driver2/livox_ros_driver2/msg/detail/custom_point__rosidl_typesupport_fastrtps_c.h\n'}
[0.346018] (lightning) StdoutLine: {'line': b'-- Up-to-date symlink: /home/kepler/Documents/Codex/2026-08-14/microsoft-visual-studio-code-stable-vs/outputs/lightning_lm_ws/install/lightning/include/livox_ros_driver2/livox_ros_driver2/msg/rosidl_typesupport_fastrtps_c__visibility_control.h\n'}
[0.346244] (lightning) StdoutLine: {'line': b'-- Up-to-date symlink: /home/kepler/Documents/Codex/2026-08-14/microsoft-visual-studio-code-stable-vs/outputs/lightning_lm_ws/install/lightning/include/livox_ros_driver2/livox_ros_driver2/msg/custom_msg.hpp\n'}
[0.346303] (lightning) StdoutLine: {'line': b'-- Up-to-date symlink: /home/kepler/Documents/Codex/2026-08-14/microsoft-visual-studio-code-stable-vs/outputs/lightning_lm_ws/install/lightning/include/livox_ros_driver2/livox_ros_driver2/msg/custom_point.hpp\n'}
[0.346367] (lightning) StdoutLine: {'line': b'-- Up-to-date symlink: /home/kepler/Documents/Codex/2026-08-14/microsoft-visual-studio-code-stable-vs/outputs/lightning_lm_ws/install/lightning/include/livox_ros_driver2/livox_ros_driver2/msg/detail/custom_msg__builder.hpp\n'}
[0.346427] (lightning) StdoutLine: {'line': b'-- Up-to-date symlink: /home/kepler/Documents/Codex/2026-08-14/microsoft-visual-studio-code-stable-vs/outputs/lightning_lm_ws/install/lightning/include/livox_ros_driver2/livox_ros_driver2/msg/detail/custom_msg__struct.hpp\n'}
[0.346488] (lightning) StdoutLine: {'line': b'-- Up-to-date symlink: /home/kepler/Documents/Codex/2026-08-14/microsoft-visual-studio-code-stable-vs/outputs/lightning_lm_ws/install/lightning/include/livox_ros_driver2/livox_ros_driver2/msg/detail/custom_msg__traits.hpp\n'}
[0.346548] (lightning) StdoutLine: {'line': b'-- Up-to-date symlink: /home/kepler/Documents/Codex/2026-08-14/microsoft-visual-studio-code-stable-vs/outputs/lightning_lm_ws/install/lightning/include/livox_ros_driver2/livox_ros_driver2/msg/detail/custom_msg__type_support.hpp\n'}
[0.346608] (lightning) StdoutLine: {'line': b'-- Up-to-date symlink: /home/kepler/Documents/Codex/2026-08-14/microsoft-visual-studio-code-stable-vs/outputs/lightning_lm_ws/install/lightning/include/livox_ros_driver2/livox_ros_driver2/msg/detail/custom_point__builder.hpp\n'}
[0.346667] (lightning) StdoutLine: {'line': b'-- Up-to-date symlink: /home/kepler/Documents/Codex/2026-08-14/microsoft-visual-studio-code-stable-vs/outputs/lightning_lm_ws/install/lightning/include/livox_ros_driver2/livox_ros_driver2/msg/detail/custom_point__struct.hpp\n'}
[0.346974] (lightning) StdoutLine: {'line': b'-- Up-to-date symlink: /home/kepler/Documents/Codex/2026-08-14/microsoft-visual-studio-code-stable-vs/outputs/lightning_lm_ws/install/lightning/include/livox_ros_driver2/livox_ros_driver2/msg/detail/custom_point__traits.hpp\n'}
[0.347007] (lightning) StdoutLine: {'line': b'-- Up-to-date symlink: /home/kepler/Documents/Codex/2026-08-14/microsoft-visual-studio-code-stable-vs/outputs/lightning_lm_ws/install/lightning/include/livox_ros_driver2/livox_ros_driver2/msg/detail/custom_point__type_support.hpp\n'}
[0.347035] (lightning) StdoutLine: {'line': b'-- Up-to-date symlink: /home/kepler/Documents/Codex/2026-08-14/microsoft-visual-studio-code-stable-vs/outputs/lightning_lm_ws/install/lightning/include/livox_ros_driver2/livox_ros_driver2/msg/rosidl_generator_cpp__visibility_control.hpp\n'}
[0.347160] (lightning) StdoutLine: {'line': b'-- Up-to-date symlink: /home/kepler/Documents/Codex/2026-08-14/microsoft-visual-studio-code-stable-vs/outputs/lightning_lm_ws/install/lightning/include/livox_ros_driver2/livox_ros_driver2/msg/detail/custom_msg__rosidl_typesupport_fastrtps_cpp.hpp\n'}
[0.347204] (lightning) StdoutLine: {'line': b'-- Up-to-date symlink: /home/kepler/Documents/Codex/2026-08-14/microsoft-visual-studio-code-stable-vs/outputs/lightning_lm_ws/install/lightning/include/livox_ros_driver2/livox_ros_driver2/msg/detail/custom_point__rosidl_typesupport_fastrtps_cpp.hpp\n'}
[0.347321] (lightning) StdoutLine: {'line': b'-- Up-to-date symlink: /home/kepler/Documents/Codex/2026-08-14/microsoft-visual-studio-code-stable-vs/outputs/lightning_lm_ws/install/lightning/include/livox_ros_driver2/livox_ros_driver2/msg/rosidl_typesupport_fastrtps_cpp__visibility_control.h\n'}
[0.347400] (lightning) StdoutLine: {'line': b'-- Up-to-date symlink: /home/kepler/Documents/Codex/2026-08-14/microsoft-visual-studio-code-stable-vs/outputs/lightning_lm_ws/install/lightning/include/livox_ros_driver2/livox_ros_driver2/msg/detail/custom_msg__rosidl_typesupport_introspection_c.h\n'}
[0.347462] (lightning) StdoutLine: {'line': b'-- Up-to-date symlink: /home/kepler/Documents/Codex/2026-08-14/microsoft-visual-studio-code-stable-vs/outputs/lightning_lm_ws/install/lightning/include/livox_ros_driver2/livox_ros_driver2/msg/detail/custom_point__rosidl_typesupport_introspection_c.h\n'}
[0.347522] (lightning) StdoutLine: {'line': b'-- Up-to-date symlink: /home/kepler/Documents/Codex/2026-08-14/microsoft-visual-studio-code-stable-vs/outputs/lightning_lm_ws/install/lightning/include/livox_ros_driver2/livox_ros_driver2/msg/rosidl_typesupport_introspection_c__visibility_control.h\n'}
[0.347695] (lightning) StdoutLine: {'line': b'-- Up-to-date symlink: /home/kepler/Documents/Codex/2026-08-14/microsoft-visual-studio-code-stable-vs/outputs/lightning_lm_ws/install/lightning/include/livox_ros_driver2/livox_ros_driver2/msg/detail/custom_msg__rosidl_typesupport_introspection_cpp.hpp\n'}
[0.347785] (lightning) StdoutLine: {'line': b'-- Up-to-date symlink: /home/kepler/Documents/Codex/2026-08-14/microsoft-visual-studio-code-stable-vs/outputs/lightning_lm_ws/install/lightning/include/livox_ros_driver2/livox_ros_driver2/msg/detail/custom_point__rosidl_typesupport_introspection_cpp.hpp\n'}
[0.347957] (lightning) StdoutLine: {'line': b'-- Up-to-date symlink: /home/kepler/Documents/Codex/2026-08-14/microsoft-visual-studio-code-stable-vs/outputs/lightning_lm_ws/install/lightning/local/lib/python3.10/dist-packages/livox_ros_driver2--py3.10.egg-info/PKG-INFO\n'}
[0.348019] (lightning) StdoutLine: {'line': b'-- Up-to-date symlink: /home/kepler/Documents/Codex/2026-08-14/microsoft-visual-studio-code-stable-vs/outputs/lightning_lm_ws/install/lightning/local/lib/python3.10/dist-packages/livox_ros_driver2--py3.10.egg-info/SOURCES.txt\n'}
[0.348078] (lightning) StdoutLine: {'line': b'-- Up-to-date symlink: /home/kepler/Documents/Codex/2026-08-14/microsoft-visual-studio-code-stable-vs/outputs/lightning_lm_ws/install/lightning/local/lib/python3.10/dist-packages/livox_ros_driver2--py3.10.egg-info/dependency_links.txt\n'}
[0.348138] (lightning) StdoutLine: {'line': b'-- Up-to-date symlink: /home/kepler/Documents/Codex/2026-08-14/microsoft-visual-studio-code-stable-vs/outputs/lightning_lm_ws/install/lightning/local/lib/python3.10/dist-packages/livox_ros_driver2--py3.10.egg-info/top_level.txt\n'}
[0.348461] (lightning) StdoutLine: {'line': b'-- Up-to-date symlink: /home/kepler/Documents/Codex/2026-08-14/microsoft-visual-studio-code-stable-vs/outputs/lightning_lm_ws/install/lightning/local/lib/python3.10/dist-packages/livox_ros_driver2/__init__.py\n'}
[0.348526] (lightning) StdoutLine: {'line': b'-- Up-to-date symlink: /home/kepler/Documents/Codex/2026-08-14/microsoft-visual-studio-code-stable-vs/outputs/lightning_lm_ws/install/lightning/local/lib/python3.10/dist-packages/livox_ros_driver2/_livox_ros_driver2_s.ep.rosidl_typesupport_c.c\n'}
[0.348587] (lightning) StdoutLine: {'line': b'-- Up-to-date symlink: /home/kepler/Documents/Codex/2026-08-14/microsoft-visual-studio-code-stable-vs/outputs/lightning_lm_ws/install/lightning/local/lib/python3.10/dist-packages/livox_ros_driver2/_livox_ros_driver2_s.ep.rosidl_typesupport_fastrtps_c.c\n'}
[0.348649] (lightning) StdoutLine: {'line': b'-- Up-to-date symlink: /home/kepler/Documents/Codex/2026-08-14/microsoft-visual-studio-code-stable-vs/outputs/lightning_lm_ws/install/lightning/local/lib/python3.10/dist-packages/livox_ros_driver2/_livox_ros_driver2_s.ep.rosidl_typesupport_introspection_c.c\n'}
[0.348721] (lightning) StdoutLine: {'line': b'-- Up-to-date symlink: /home/kepler/Documents/Codex/2026-08-14/microsoft-visual-studio-code-stable-vs/outputs/lightning_lm_ws/install/lightning/local/lib/python3.10/dist-packages/livox_ros_driver2/liblivox_interfaces2__rosidl_generator_py.so\n'}
[0.348784] (lightning) StdoutLine: {'line': b'-- Up-to-date symlink: /home/kepler/Documents/Codex/2026-08-14/microsoft-visual-studio-code-stable-vs/outputs/lightning_lm_ws/install/lightning/local/lib/python3.10/dist-packages/livox_ros_driver2/livox_ros_driver2_s__rosidl_typesupport_c.cpython-310-x86_64-linux-gnu.so\n'}
[0.348844] (lightning) StdoutLine: {'line': b'-- Up-to-date symlink: /home/kepler/Documents/Codex/2026-08-14/microsoft-visual-studio-code-stable-vs/outputs/lightning_lm_ws/install/lightning/local/lib/python3.10/dist-packages/livox_ros_driver2/livox_ros_driver2_s__rosidl_typesupport_fastrtps_c.cpython-310-x86_64-linux-gnu.so\n'}
[0.348915] (lightning) StdoutLine: {'line': b'-- Up-to-date symlink: /home/kepler/Documents/Codex/2026-08-14/microsoft-visual-studio-code-stable-vs/outputs/lightning_lm_ws/install/lightning/local/lib/python3.10/dist-packages/livox_ros_driver2/livox_ros_driver2_s__rosidl_typesupport_introspection_c.cpython-310-x86_64-linux-gnu.so\n'}
[0.348986] (lightning) StdoutLine: {'line': b'-- Up-to-date symlink: /home/kepler/Documents/Codex/2026-08-14/microsoft-visual-studio-code-stable-vs/outputs/lightning_lm_ws/install/lightning/local/lib/python3.10/dist-packages/livox_ros_driver2/msg/__init__.py\n'}
[0.349041] (lightning) StdoutLine: {'line': b'-- Up-to-date symlink: /home/kepler/Documents/Codex/2026-08-14/microsoft-visual-studio-code-stable-vs/outputs/lightning_lm_ws/install/lightning/local/lib/python3.10/dist-packages/livox_ros_driver2/msg/_custom_msg.py\n'}
[0.349100] (lightning) StdoutLine: {'line': b'-- Up-to-date symlink: /home/kepler/Documents/Codex/2026-08-14/microsoft-visual-studio-code-stable-vs/outputs/lightning_lm_ws/install/lightning/local/lib/python3.10/dist-packages/livox_ros_driver2/msg/_custom_msg_s.c\n'}
[0.349160] (lightning) StdoutLine: {'line': b'-- Up-to-date symlink: /home/kepler/Documents/Codex/2026-08-14/microsoft-visual-studio-code-stable-vs/outputs/lightning_lm_ws/install/lightning/local/lib/python3.10/dist-packages/livox_ros_driver2/msg/_custom_point.py\n'}
[0.349220] (lightning) StdoutLine: {'line': b'-- Up-to-date symlink: /home/kepler/Documents/Codex/2026-08-14/microsoft-visual-studio-code-stable-vs/outputs/lightning_lm_ws/install/lightning/local/lib/python3.10/dist-packages/livox_ros_driver2/msg/_custom_point_s.c\n'}
[0.349378] (lightning) StdoutLine: {'line': b'-- Up-to-date symlink: /home/kepler/Documents/Codex/2026-08-14/microsoft-visual-studio-code-stable-vs/outputs/lightning_lm_ws/install/lightning/local/lib/python3.10/dist-packages/livox_ros_driver2/livox_ros_driver2_s__rosidl_typesupport_fastrtps_c.cpython-310-x86_64-linux-gnu.so\n'}
[0.349523] (lightning) StdoutLine: {'line': b'-- Up-to-date symlink: /home/kepler/Documents/Codex/2026-08-14/microsoft-visual-studio-code-stable-vs/outputs/lightning_lm_ws/install/lightning/local/lib/python3.10/dist-packages/livox_ros_driver2/livox_ros_driver2_s__rosidl_typesupport_introspection_c.cpython-310-x86_64-linux-gnu.so\n'}
[0.349661] (lightning) StdoutLine: {'line': b'-- Up-to-date symlink: /home/kepler/Documents/Codex/2026-08-14/microsoft-visual-studio-code-stable-vs/outputs/lightning_lm_ws/install/lightning/local/lib/python3.10/dist-packages/livox_ros_driver2/livox_ros_driver2_s__rosidl_typesupport_c.cpython-310-x86_64-linux-gnu.so\n'}
[0.349756] (lightning) StdoutLine: {'line': b'-- Up-to-date symlink: /home/kepler/Documents/Codex/2026-08-14/microsoft-visual-studio-code-stable-vs/outputs/lightning_lm_ws/install/lightning/share/ament_index/resource_index/rust_packages/livox_ros_driver2\n'}
[0.349966] (lightning) StdoutLine: {'line': b'-- Up-to-date symlink: /home/kepler/Documents/Codex/2026-08-14/microsoft-visual-studio-code-stable-vs/outputs/lightning_lm_ws/install/lightning/share/livox_ros_driver2/rust/Cargo.toml\n'}
[0.350028] (lightning) StdoutLine: {'line': b'-- Up-to-date symlink: /home/kepler/Documents/Codex/2026-08-14/microsoft-visual-studio-code-stable-vs/outputs/lightning_lm_ws/install/lightning/share/livox_ros_driver2/rust/build.rs\n'}
[0.350087] (lightning) StdoutLine: {'line': b'-- Up-to-date symlink: /home/kepler/Documents/Codex/2026-08-14/microsoft-visual-studio-code-stable-vs/outputs/lightning_lm_ws/install/lightning/share/livox_ros_driver2/rust/src/lib.rs\n'}
[0.350147] (lightning) StdoutLine: {'line': b'-- Up-to-date symlink: /home/kepler/Documents/Codex/2026-08-14/microsoft-visual-studio-code-stable-vs/outputs/lightning_lm_ws/install/lightning/share/livox_ros_driver2/rust/src/msg.rs\n'}
[0.350208] (lightning) StdoutLine: {'line': b'-- Up-to-date symlink: /home/kepler/Documents/Codex/2026-08-14/microsoft-visual-studio-code-stable-vs/outputs/lightning_lm_ws/install/lightning/share/livox_ros_driver2/rust/src/msg/rmw.rs\n'}
[0.350303] (lightning) StdoutLine: {'line': b'-- Up-to-date symlink: /home/kepler/Documents/Codex/2026-08-14/microsoft-visual-studio-code-stable-vs/outputs/lightning_lm_ws/install/lightning/share/livox_ros_driver2/msg/CustomPoint.idl\n'}
[0.350397] (lightning) StdoutLine: {'line': b'-- Up-to-date symlink: /home/kepler/Documents/Codex/2026-08-14/microsoft-visual-studio-code-stable-vs/outputs/lightning_lm_ws/install/lightning/share/livox_ros_driver2/msg/CustomMsg.idl\n'}
[0.350484] (lightning) StdoutLine: {'line': b'-- Up-to-date symlink: /home/kepler/Documents/Codex/2026-08-14/microsoft-visual-studio-code-stable-vs/outputs/lightning_lm_ws/install/lightning/share/livox_ros_driver2/msg/CustomPoint.msg\n'}
[0.350563] (lightning) StdoutLine: {'line': b'-- Up-to-date symlink: /home/kepler/Documents/Codex/2026-08-14/microsoft-visual-studio-code-stable-vs/outputs/lightning_lm_ws/install/lightning/share/livox_ros_driver2/msg/CustomMsg.msg\n'}
[0.350708] (lightning) StdoutLine: {'line': b'-- Up-to-date symlink: /home/kepler/Documents/Codex/2026-08-14/microsoft-visual-studio-code-stable-vs/outputs/lightning_lm_ws/install/lightning/lib/liblightning.libs.so\n'}
[0.350794] (lightning) StdoutLine: {'line': b'-- Up-to-date symlink: /home/kepler/Documents/Codex/2026-08-14/microsoft-visual-studio-code-stable-vs/outputs/lightning_lm_ws/install/lightning/lib/libmiao.core.so\n'}
[0.350889] (lightning) StdoutLine: {'line': b'-- Up-to-date symlink: /home/kepler/Documents/Codex/2026-08-14/microsoft-visual-studio-code-stable-vs/outputs/lightning_lm_ws/install/lightning/lib/libmiao.utils.so\n'}
[0.351055] (lightning) StdoutLine: {'line': b'-- Up-to-date symlink: /home/kepler/Documents/Codex/2026-08-14/microsoft-visual-studio-code-stable-vs/outputs/lightning_lm_ws/install/lightning/lib/lightning/run_slam_offline\n'}
[0.351189] (lightning) StdoutLine: {'line': b'-- Up-to-date symlink: /home/kepler/Documents/Codex/2026-08-14/microsoft-visual-studio-code-stable-vs/outputs/lightning_lm_ws/install/lightning/lib/lightning/run_slam_online\n'}
[0.351288] (lightning) StdoutLine: {'line': b'-- Up-to-date symlink: /home/kepler/Documents/Codex/2026-08-14/microsoft-visual-studio-code-stable-vs/outputs/lightning_lm_ws/install/lightning/lib/lightning/run_loc_offline\n'}
[0.351360] (lightning) StdoutLine: {'line': b'-- Up-to-date symlink: /home/kepler/Documents/Codex/2026-08-14/microsoft-visual-studio-code-stable-vs/outputs/lightning_lm_ws/install/lightning/lib/lightning/run_loc_online\n'}
[0.351442] (lightning) StdoutLine: {'line': b'-- Up-to-date symlink: /home/kepler/Documents/Codex/2026-08-14/microsoft-visual-studio-code-stable-vs/outputs/lightning_lm_ws/install/lightning/share/ament_index/resource_index/package_run_dependencies/lightning\n'}
[0.351525] (lightning) StdoutLine: {'line': b'-- Up-to-date symlink: /home/kepler/Documents/Codex/2026-08-14/microsoft-visual-studio-code-stable-vs/outputs/lightning_lm_ws/install/lightning/share/ament_index/resource_index/parent_prefix_path/lightning\n'}
[0.351606] (lightning) StdoutLine: {'line': b'-- Up-to-date symlink: /home/kepler/Documents/Codex/2026-08-14/microsoft-visual-studio-code-stable-vs/outputs/lightning_lm_ws/install/lightning/share/lightning/environment/ament_prefix_path.sh\n'}
[0.351687] (lightning) StdoutLine: {'line': b'-- Up-to-date symlink: /home/kepler/Documents/Codex/2026-08-14/microsoft-visual-studio-code-stable-vs/outputs/lightning_lm_ws/install/lightning/share/lightning/environment/ament_prefix_path.dsv\n'}
[0.351764] (lightning) StdoutLine: {'line': b'-- Up-to-date symlink: /home/kepler/Documents/Codex/2026-08-14/microsoft-visual-studio-code-stable-vs/outputs/lightning_lm_ws/install/lightning/share/lightning/environment/path.sh\n'}
[0.351844] (lightning) StdoutLine: {'line': b'-- Up-to-date symlink: /home/kepler/Documents/Codex/2026-08-14/microsoft-visual-studio-code-stable-vs/outputs/lightning_lm_ws/install/lightning/share/lightning/environment/path.dsv\n'}
[0.351935] (lightning) StdoutLine: {'line': b'-- Up-to-date symlink: /home/kepler/Documents/Codex/2026-08-14/microsoft-visual-studio-code-stable-vs/outputs/lightning_lm_ws/install/lightning/share/lightning/local_setup.bash\n'}
[0.352014] (lightning) StdoutLine: {'line': b'-- Up-to-date symlink: /home/kepler/Documents/Codex/2026-08-14/microsoft-visual-studio-code-stable-vs/outputs/lightning_lm_ws/install/lightning/share/lightning/local_setup.sh\n'}
[0.352093] (lightning) StdoutLine: {'line': b'-- Up-to-date symlink: /home/kepler/Documents/Codex/2026-08-14/microsoft-visual-studio-code-stable-vs/outputs/lightning_lm_ws/install/lightning/share/lightning/local_setup.zsh\n'}
[0.352181] (lightning) StdoutLine: {'line': b'-- Up-to-date symlink: /home/kepler/Documents/Codex/2026-08-14/microsoft-visual-studio-code-stable-vs/outputs/lightning_lm_ws/install/lightning/share/lightning/local_setup.dsv\n'}
[0.352248] (lightning) StdoutLine: {'line': b'-- Symlinking: /home/kepler/Documents/Codex/2026-08-14/microsoft-visual-studio-code-stable-vs/outputs/lightning_lm_ws/install/lightning/share/lightning/package.dsv\n'}
[0.358483] (lightning) StdoutLine: {'line': b'-- Up-to-date symlink: /home/kepler/Documents/Codex/2026-08-14/microsoft-visual-studio-code-stable-vs/outputs/lightning_lm_ws/install/lightning/share/ament_index/resource_index/packages/lightning\n'}
[0.358597] (lightning) StdoutLine: {'line': b'-- Up-to-date symlink: /home/kepler/Documents/Codex/2026-08-14/microsoft-visual-studio-code-stable-vs/outputs/lightning_lm_ws/install/lightning/share/lightning/cmake/rosidl_cmake-extras.cmake\n'}
[0.358674] (lightning) StdoutLine: {'line': b'-- Up-to-date symlink: /home/kepler/Documents/Codex/2026-08-14/microsoft-visual-studio-code-stable-vs/outputs/lightning_lm_ws/install/lightning/share/lightning/cmake/ament_cmake_export_dependencies-extras.cmake\n'}
[0.358762] (lightning) StdoutLine: {'line': b'-- Up-to-date symlink: /home/kepler/Documents/Codex/2026-08-14/microsoft-visual-studio-code-stable-vs/outputs/lightning_lm_ws/install/lightning/share/lightning/cmake/ament_cmake_export_include_directories-extras.cmake\n'}
[0.358843] (lightning) StdoutLine: {'line': b'-- Up-to-date symlink: /home/kepler/Documents/Codex/2026-08-14/microsoft-visual-studio-code-stable-vs/outputs/lightning_lm_ws/install/lightning/share/lightning/cmake/ament_cmake_export_libraries-extras.cmake\n'}
[0.358929] (lightning) StdoutLine: {'line': b'-- Up-to-date symlink: /home/kepler/Documents/Codex/2026-08-14/microsoft-visual-studio-code-stable-vs/outputs/lightning_lm_ws/install/lightning/share/lightning/cmake/ament_cmake_export_targets-extras.cmake\n'}
[0.359009] (lightning) StdoutLine: {'line': b'-- Up-to-date symlink: /home/kepler/Documents/Codex/2026-08-14/microsoft-visual-studio-code-stable-vs/outputs/lightning_lm_ws/install/lightning/share/lightning/cmake/rosidl_cmake_export_typesupport_targets-extras.cmake\n'}
[0.359087] (lightning) StdoutLine: {'line': b'-- Up-to-date symlink: /home/kepler/Documents/Codex/2026-08-14/microsoft-visual-studio-code-stable-vs/outputs/lightning_lm_ws/install/lightning/share/lightning/cmake/rosidl_cmake_export_typesupport_libraries-extras.cmake\n'}
[0.359169] (lightning) StdoutLine: {'line': b'-- Up-to-date symlink: /home/kepler/Documents/Codex/2026-08-14/microsoft-visual-studio-code-stable-vs/outputs/lightning_lm_ws/install/lightning/share/lightning/cmake/rosidl_cmake_aggregate_target-extras.cmake\n'}
[0.359248] (lightning) StdoutLine: {'line': b'-- Up-to-date symlink: /home/kepler/Documents/Codex/2026-08-14/microsoft-visual-studio-code-stable-vs/outputs/lightning_lm_ws/install/lightning/share/lightning/cmake/lightningConfig.cmake\n'}
[0.359326] (lightning) StdoutLine: {'line': b'-- Up-to-date symlink: /home/kepler/Documents/Codex/2026-08-14/microsoft-visual-studio-code-stable-vs/outputs/lightning_lm_ws/install/lightning/share/lightning/cmake/lightningConfig-version.cmake\n'}
[0.359405] (lightning) StdoutLine: {'line': b'-- Up-to-date symlink: /home/kepler/Documents/Codex/2026-08-14/microsoft-visual-studio-code-stable-vs/outputs/lightning_lm_ws/install/lightning/share/lightning/package.xml\n'}
[0.359493] (lightning) StdoutLine: {'line': b'-- Up-to-date: /home/kepler/Documents/Codex/2026-08-14/microsoft-visual-studio-code-stable-vs/outputs/lightning_lm_ws/install/lightning/lib/liblightning__rosidl_generator_c.so\n'}
[0.359637] (lightning) StdoutLine: {'line': b'-- Up-to-date: /home/kepler/Documents/Codex/2026-08-14/microsoft-visual-studio-code-stable-vs/outputs/lightning_lm_ws/install/lightning/lib/liblightning__rosidl_typesupport_fastrtps_c.so\n'}
[0.359769] (lightning) StdoutLine: {'line': b'-- Up-to-date: /home/kepler/Documents/Codex/2026-08-14/microsoft-visual-studio-code-stable-vs/outputs/lightning_lm_ws/install/lightning/lib/liblightning__rosidl_typesupport_fastrtps_cpp.so\n'}
[0.359905] (lightning) StdoutLine: {'line': b'-- Up-to-date: /home/kepler/Documents/Codex/2026-08-14/microsoft-visual-studio-code-stable-vs/outputs/lightning_lm_ws/install/lightning/lib/liblightning__rosidl_typesupport_introspection_c.so\n'}
[0.360026] (lightning) StdoutLine: {'line': b'-- Up-to-date: /home/kepler/Documents/Codex/2026-08-14/microsoft-visual-studio-code-stable-vs/outputs/lightning_lm_ws/install/lightning/lib/liblightning__rosidl_typesupport_c.so\n'}
[0.360146] (lightning) StdoutLine: {'line': b'-- Up-to-date: /home/kepler/Documents/Codex/2026-08-14/microsoft-visual-studio-code-stable-vs/outputs/lightning_lm_ws/install/lightning/lib/liblightning__rosidl_typesupport_introspection_cpp.so\n'}
[0.360268] (lightning) StdoutLine: {'line': b'-- Up-to-date: /home/kepler/Documents/Codex/2026-08-14/microsoft-visual-studio-code-stable-vs/outputs/lightning_lm_ws/install/lightning/lib/liblightning__rosidl_typesupport_cpp.so\n'}
[0.382995] (lightning) StdoutLine: {'line': b"Listing '/home/kepler/Documents/Codex/2026-08-14/microsoft-visual-studio-code-stable-vs/outputs/lightning_lm_ws/install/lightning/local/lib/python3.10/dist-packages/lightning'...\n"}
[0.383154] (lightning) StdoutLine: {'line': b"Listing '/home/kepler/Documents/Codex/2026-08-14/microsoft-visual-studio-code-stable-vs/outputs/lightning_lm_ws/install/lightning/local/lib/python3.10/dist-packages/lightning/srv'...\n"}
[0.386096] (lightning) StdoutLine: {'line': b'-- Up-to-date: /home/kepler/Documents/Codex/2026-08-14/microsoft-visual-studio-code-stable-vs/outputs/lightning_lm_ws/install/lightning/lib/liblightning__rosidl_generator_py.so\n'}
[0.386515] (lightning) StdoutLine: {'line': b'-- Up-to-date: /home/kepler/Documents/Codex/2026-08-14/microsoft-visual-studio-code-stable-vs/outputs/lightning_lm_ws/install/lightning/lib/liblivox_ros_driver2__rosidl_generator_c.so\n'}
[0.386647] (lightning) StdoutLine: {'line': b'-- Up-to-date: /home/kepler/Documents/Codex/2026-08-14/microsoft-visual-studio-code-stable-vs/outputs/lightning_lm_ws/install/lightning/lib/liblivox_ros_driver2__rosidl_typesupport_fastrtps_c.so\n'}
[0.386758] (lightning) StdoutLine: {'line': b'-- Up-to-date: /home/kepler/Documents/Codex/2026-08-14/microsoft-visual-studio-code-stable-vs/outputs/lightning_lm_ws/install/lightning/lib/liblivox_ros_driver2__rosidl_typesupport_fastrtps_cpp.so\n'}
[0.386845] (lightning) StdoutLine: {'line': b'-- Up-to-date: /home/kepler/Documents/Codex/2026-08-14/microsoft-visual-studio-code-stable-vs/outputs/lightning_lm_ws/install/lightning/lib/liblivox_ros_driver2__rosidl_typesupport_introspection_c.so\n'}
[0.386942] (lightning) StdoutLine: {'line': b'-- Up-to-date: /home/kepler/Documents/Codex/2026-08-14/microsoft-visual-studio-code-stable-vs/outputs/lightning_lm_ws/install/lightning/lib/liblivox_ros_driver2__rosidl_typesupport_c.so\n'}
[0.387099] (lightning) StdoutLine: {'line': b'-- Up-to-date: /home/kepler/Documents/Codex/2026-08-14/microsoft-visual-studio-code-stable-vs/outputs/lightning_lm_ws/install/lightning/lib/liblivox_ros_driver2__rosidl_typesupport_introspection_cpp.so\n'}
[0.387224] (lightning) StdoutLine: {'line': b'-- Up-to-date: /home/kepler/Documents/Codex/2026-08-14/microsoft-visual-studio-code-stable-vs/outputs/lightning_lm_ws/install/lightning/lib/liblivox_ros_driver2__rosidl_typesupport_cpp.so\n'}
[0.400490] (-) TimerEvent: {}
[0.409508] (lightning) StdoutLine: {'line': b"Listing '/home/kepler/Documents/Codex/2026-08-14/microsoft-visual-studio-code-stable-vs/outputs/lightning_lm_ws/install/lightning/local/lib/python3.10/dist-packages/livox_ros_driver2'...\n"}
[0.409665] (lightning) StdoutLine: {'line': b"Listing '/home/kepler/Documents/Codex/2026-08-14/microsoft-visual-studio-code-stable-vs/outputs/lightning_lm_ws/install/lightning/local/lib/python3.10/dist-packages/livox_ros_driver2/msg'...\n"}
[0.412350] (lightning) StdoutLine: {'line': b'-- Up-to-date: /home/kepler/Documents/Codex/2026-08-14/microsoft-visual-studio-code-stable-vs/outputs/lightning_lm_ws/install/lightning/lib/liblivox_interfaces2__rosidl_generator_py.so\n'}
[0.412820] (lightning) StdoutLine: {'line': b'-- Up-to-date: /home/kepler/Documents/Codex/2026-08-14/microsoft-visual-studio-code-stable-vs/outputs/lightning_lm_ws/install/lightning/share/lightning/cmake/export_lightning__rosidl_generator_cExport.cmake\n'}
[0.412978] (lightning) StdoutLine: {'line': b'-- Up-to-date: /home/kepler/Documents/Codex/2026-08-14/microsoft-visual-studio-code-stable-vs/outputs/lightning_lm_ws/install/lightning/share/lightning/cmake/export_lightning__rosidl_generator_cExport-release.cmake\n'}
[0.413097] (lightning) StdoutLine: {'line': b'-- Up-to-date: /home/kepler/Documents/Codex/2026-08-14/microsoft-visual-studio-code-stable-vs/outputs/lightning_lm_ws/install/lightning/share/lightning/cmake/export_lightning__rosidl_typesupport_fastrtps_cExport.cmake\n'}
[0.413190] (lightning) StdoutLine: {'line': b'-- Up-to-date: /home/kepler/Documents/Codex/2026-08-14/microsoft-visual-studio-code-stable-vs/outputs/lightning_lm_ws/install/lightning/share/lightning/cmake/export_lightning__rosidl_typesupport_fastrtps_cExport-release.cmake\n'}
[0.413280] (lightning) StdoutLine: {'line': b'-- Up-to-date: /home/kepler/Documents/Codex/2026-08-14/microsoft-visual-studio-code-stable-vs/outputs/lightning_lm_ws/install/lightning/share/lightning/cmake/export_lightning__rosidl_generator_cppExport.cmake\n'}
[0.413351] (lightning) StdoutLine: {'line': b'-- Up-to-date: /home/kepler/Documents/Codex/2026-08-14/microsoft-visual-studio-code-stable-vs/outputs/lightning_lm_ws/install/lightning/share/lightning/cmake/export_lightning__rosidl_typesupport_fastrtps_cppExport.cmake\n'}
[0.413436] (lightning) StdoutLine: {'line': b'-- Up-to-date: /home/kepler/Documents/Codex/2026-08-14/microsoft-visual-studio-code-stable-vs/outputs/lightning_lm_ws/install/lightning/share/lightning/cmake/export_lightning__rosidl_typesupport_fastrtps_cppExport-release.cmake\n'}
[0.413504] (lightning) StdoutLine: {'line': b'-- Up-to-date: /home/kepler/Documents/Codex/2026-08-14/microsoft-visual-studio-code-stable-vs/outputs/lightning_lm_ws/install/lightning/share/lightning/cmake/lightning__rosidl_typesupport_introspection_cExport.cmake\n'}
[0.413570] (lightning) StdoutLine: {'line': b'-- Up-to-date: /home/kepler/Documents/Codex/2026-08-14/microsoft-visual-studio-code-stable-vs/outputs/lightning_lm_ws/install/lightning/share/lightning/cmake/lightning__rosidl_typesupport_introspection_cExport-release.cmake\n'}
[0.413636] (lightning) StdoutLine: {'line': b'-- Up-to-date: /home/kepler/Documents/Codex/2026-08-14/microsoft-visual-studio-code-stable-vs/outputs/lightning_lm_ws/install/lightning/share/lightning/cmake/lightning__rosidl_typesupport_cExport.cmake\n'}
[0.413702] (lightning) StdoutLine: {'line': b'-- Up-to-date: /home/kepler/Documents/Codex/2026-08-14/microsoft-visual-studio-code-stable-vs/outputs/lightning_lm_ws/install/lightning/share/lightning/cmake/lightning__rosidl_typesupport_cExport-release.cmake\n'}
[0.413765] (lightning) StdoutLine: {'line': b'-- Up-to-date: /home/kepler/Documents/Codex/2026-08-14/microsoft-visual-studio-code-stable-vs/outputs/lightning_lm_ws/install/lightning/share/lightning/cmake/lightning__rosidl_typesupport_introspection_cppExport.cmake\n'}
[0.413840] (lightning) StdoutLine: {'line': b'-- Up-to-date: /home/kepler/Documents/Codex/2026-08-14/microsoft-visual-studio-code-stable-vs/outputs/lightning_lm_ws/install/lightning/share/lightning/cmake/lightning__rosidl_typesupport_introspection_cppExport-release.cmake\n'}
[0.413925] (lightning) StdoutLine: {'line': b'-- Up-to-date: /home/kepler/Documents/Codex/2026-08-14/microsoft-visual-studio-code-stable-vs/outputs/lightning_lm_ws/install/lightning/share/lightning/cmake/lightning__rosidl_typesupport_cppExport.cmake\n'}
[0.413992] (lightning) StdoutLine: {'line': b'-- Up-to-date: /home/kepler/Documents/Codex/2026-08-14/microsoft-visual-studio-code-stable-vs/outputs/lightning_lm_ws/install/lightning/share/lightning/cmake/lightning__rosidl_typesupport_cppExport-release.cmake\n'}
[0.414061] (lightning) StdoutLine: {'line': b'-- Up-to-date: /home/kepler/Documents/Codex/2026-08-14/microsoft-visual-studio-code-stable-vs/outputs/lightning_lm_ws/install/lightning/share/lightning/cmake/export_lightning__rosidl_generator_pyExport.cmake\n'}
[0.414127] (lightning) StdoutLine: {'line': b'-- Up-to-date: /home/kepler/Documents/Codex/2026-08-14/microsoft-visual-studio-code-stable-vs/outputs/lightning_lm_ws/install/lightning/share/lightning/cmake/export_lightning__rosidl_generator_pyExport-release.cmake\n'}
[0.415076] (lightning) CommandEnded: {'returncode': 0}
[0.431319] (lightning) JobEnded: {'identifier': 'lightning', 'rc': 0}
[0.432242] (livox_ros_driver2) JobStarted: {'identifier': 'livox_ros_driver2'}
[0.435926] (livox_ros_driver2) JobProgress: {'identifier': 'livox_ros_driver2', 'progress': 'cmake'}
[0.436755] (livox_ros_driver2) JobProgress: {'identifier': 'livox_ros_driver2', 'progress': 'build'}
[0.437302] (livox_ros_driver2) Command: {'cmd': ['/usr/bin/cmake', '--build', '/home/kepler/Documents/Codex/2026-08-14/microsoft-visual-studio-code-stable-vs/outputs/lightning_lm_ws/build/livox_ros_driver2', '--', '-j28', '-l28'], 'cwd': '/home/kepler/Documents/Codex/2026-08-14/microsoft-visual-studio-code-stable-vs/outputs/lightning_lm_ws/build/livox_ros_driver2', 'env': OrderedDict([('GJS_DEBUG_TOPICS', 'JS ERROR;JS LOG'), ('LESSOPEN', '| /usr/bin/lesspipe %s'), ('LANGUAGE', 'en_US:en'), ('USER', 'kepler'), ('LC_TIME', 'zh_CN.UTF-8'), ('XDG_SESSION_TYPE', 'x11'), ('SHLVL', '1'), ('LD_LIBRARY_PATH', '/home/kepler/Documents/Codex/2026-08-14/microsoft-visual-studio-code-stable-vs/outputs/lightning_lm_ws/install/livox_ros_driver2/lib:/home/kepler/Documents/Codex/2026-08-14/microsoft-visual-studio-code-stable-vs/outputs/lightning_lm_ws/install/lightning/lib:/opt/ros/humble/opt/rviz_ogre_vendor/lib:/opt/ros/humble/lib/x86_64-linux-gnu:/opt/ros/humble/lib'), ('HOME', '/home/kepler'), ('OLDPWD', '/home/kepler/Documents/Codex/2026-08-14/microsoft-visual-studio-code-stable-vs/outputs/lightning_lm_ws'), ('DESKTOP_SESSION', 'ubuntu-xorg'), ('GIO_LAUNCHED_DESKTOP_FILE', '/usr/share/applications/terminator.desktop'), ('ROS_PYTHON_VERSION', '3'), ('GNOME_SHELL_SESSION_MODE', 'ubuntu'), ('GTK_MODULES', 'gail:atk-bridge'), ('LC_MONETARY', 'zh_CN.UTF-8'), ('MANAGERPID', '3500454'), ('SYSTEMD_EXEC_PID', '3501327'), ('DBUS_SESSION_BUS_ADDRESS', 'unix:path=/run/user/1000/bus'), ('COLORTERM', 'truecolor'), ('TERMINATOR_DBUS_NAME', 'net.tenshu.Terminator21a9d5db22c73a993ff0b42f64b396873'), ('GIO_LAUNCHED_DESKTOP_FILE_PID', '274160'), ('COLCON_PREFIX_PATH', '/home/kepler/Documents/Codex/2026-08-14/microsoft-visual-studio-code-stable-vs/outputs/lightning_lm_ws/install'), ('ROS_DISTRO', 'humble'), ('GTK_IM_MODULE', 'ibus'), ('LOGNAME', 'kepler'), ('JOURNAL_STREAM', '8:233841802'), ('_', '/usr/bin/colcon'), ('ROS_VERSION', '2'), ('XDG_SESSION_CLASS', 'user'), ('USERNAME', 'kepler'), ('TERM', 'xterm-256color'), ('GNOME_DESKTOP_SESSION_ID', 'this-is-deprecated'), ('ROS_LOCALHOST_ONLY', '0'), ('WINDOWPATH', '2'), ('PATH', '/opt/ros/humble/bin:/usr/local/sbin:/usr/local/bin:/usr/sbin:/usr/bin:/sbin:/bin:/usr/games:/usr/local/games:/snap/bin:/snap/bin'), ('SESSION_MANAGER', 'local/KPLNB151:@/tmp/.ICE-unix/3501304,unix/KPLNB151:/tmp/.ICE-unix/3501304'), ('INVOCATION_ID', '402358b4ecfa44ad9a5621631f067a89'), ('XDG_MENU_PREFIX', 'gnome-'), ('LC_ADDRESS', 'zh_CN.UTF-8'), ('XDG_RUNTIME_DIR', '/run/user/1000'), ('DISPLAY', ':0'), ('TERMINATOR_DBUS_PATH', '/net/tenshu/Terminator2'), ('LANG', 'en_US.UTF-8'), ('XDG_CURRENT_DESKTOP', 'ubuntu:GNOME'), ('IBUS_DISABLE_SNOOPER', '1'), ('LC_TELEPHONE', 'zh_CN.UTF-8'), ('XMODIFIERS', '@im=ibus'), ('XDG_SESSION_DESKTOP', 'ubuntu-xorg'), ('XAUTHORITY', '/run/user/1000/gdm/Xauthority'), ('LS_COLORS', 'rs=0:di=01;34:ln=01;36:mh=00:pi=40;33:so=01;35:do=01;35:bd=40;33;01:cd=40;33;01:or=40;31;01:mi=00:su=37;41:sg=30;43:ca=30;41:tw=30;42:ow=34;42:st=37;44:ex=01;32:*.tar=01;31:*.tgz=01;31:*.arc=01;31:*.arj=01;31:*.taz=01;31:*.lha=01;31:*.lz4=01;31:*.lzh=01;31:*.lzma=01;31:*.tlz=01;31:*.txz=01;31:*.tzo=01;31:*.t7z=01;31:*.zip=01;31:*.z=01;31:*.dz=01;31:*.gz=01;31:*.lrz=01;31:*.lz=01;31:*.lzo=01;31:*.xz=01;31:*.zst=01;31:*.tzst=01;31:*.bz2=01;31:*.bz=01;31:*.tbz=01;31:*.tbz2=01;31:*.tz=01;31:*.deb=01;31:*.rpm=01;31:*.jar=01;31:*.war=01;31:*.ear=01;31:*.sar=01;31:*.rar=01;31:*.alz=01;31:*.ace=01;31:*.zoo=01;31:*.cpio=01;31:*.7z=01;31:*.rz=01;31:*.cab=01;31:*.wim=01;31:*.swm=01;31:*.dwm=01;31:*.esd=01;31:*.jpg=01;35:*.jpeg=01;35:*.mjpg=01;35:*.mjpeg=01;35:*.gif=01;35:*.bmp=01;35:*.pbm=01;35:*.pgm=01;35:*.ppm=01;35:*.tga=01;35:*.xbm=01;35:*.xpm=01;35:*.tif=01;35:*.tiff=01;35:*.png=01;35:*.svg=01;35:*.svgz=01;35:*.mng=01;35:*.pcx=01;35:*.mov=01;35:*.mpg=01;35:*.mpeg=01;35:*.m2v=01;35:*.mkv=01;35:*.webm=01;35:*.webp=01;35:*.ogm=01;35:*.mp4=01;35:*.m4v=01;35:*.mp4v=01;35:*.vob=01;35:*.qt=01;35:*.nuv=01;35:*.wmv=01;35:*.asf=01;35:*.rm=01;35:*.rmvb=01;35:*.flc=01;35:*.avi=01;35:*.fli=01;35:*.flv=01;35:*.gl=01;35:*.dl=01;35:*.xcf=01;35:*.xwd=01;35:*.yuv=01;35:*.cgm=01;35:*.emf=01;35:*.ogv=01;35:*.ogx=01;35:*.aac=00;36:*.au=00;36:*.flac=00;36:*.m4a=00;36:*.mid=00;36:*.midi=00;36:*.mka=00;36:*.mp3=00;36:*.mpc=00;36:*.ogg=00;36:*.ra=00;36:*.wav=00;36:*.oga=00;36:*.opus=00;36:*.spx=00;36:*.xspf=00;36:'), ('SSH_AGENT_LAUNCHER', 'gnome-keyring'), ('SSH_AUTH_SOCK', '/run/user/1000/keyring/ssh'), ('AMENT_PREFIX_PATH', '/home/kepler/Documents/Codex/2026-08-14/microsoft-visual-studio-code-stable-vs/outputs/lightning_lm_ws/install/xyp_mid360_navigation:/home/kepler/Documents/Codex/2026-08-14/microsoft-visual-studio-code-stable-vs/outputs/lightning_lm_ws/install/lightning_real:/home/kepler/Documents/Codex/2026-08-14/microsoft-visual-studio-code-stable-vs/outputs/lightning_lm_ws/install/livox_ros_driver2:/home/kepler/Documents/Codex/2026-08-14/microsoft-visual-studio-code-stable-vs/outputs/lightning_lm_ws/install/lightning_sim:/home/kepler/Documents/Codex/2026-08-14/microsoft-visual-studio-code-stable-vs/outputs/lightning_lm_ws/install/lightning:/opt/ros/humble'), ('SHELL', '/bin/bash'), ('LC_NAME', 'zh_CN.UTF-8'), ('TERMINATOR_UUID', 'urn:uuid:4b23d2e1-3909-4a06-8b7b-41dcbf283278'), ('QT_ACCESSIBILITY', '1'), ('GDMSESSION', 'ubuntu-xorg'), ('LESSCLOSE', '/usr/bin/lesspipe %s %s'), ('LC_MEASUREMENT', 'zh_CN.UTF-8'), ('GPG_AGENT_INFO', '/run/user/1000/gnupg/S.gpg-agent:0:1'), ('GJS_DEBUG_OUTPUT', 'stderr'), ('LC_IDENTIFICATION', 'zh_CN.UTF-8'), ('QT_IM_MODULE', 'ibus'), ('PWD', '/home/kepler/Documents/Codex/2026-08-14/microsoft-visual-studio-code-stable-vs/outputs/lightning_lm_ws/build/livox_ros_driver2'), ('LC_ALL', 'en_US.UTF-8'), ('XDG_CONFIG_DIRS', '/etc/xdg/xdg-ubuntu-xorg:/etc/xdg'), ('XDG_DATA_DIRS', '/usr/share/ubuntu-xorg:/usr/share/gnome:/usr/local/share/:/usr/share/:/var/lib/snapd/desktop'), ('PYTHONPATH', '/home/kepler/Documents/Codex/2026-08-14/microsoft-visual-studio-code-stable-vs/outputs/lightning_lm_ws/install/livox_ros_driver2/local/lib/python3.10/dist-packages:/home/kepler/Documents/Codex/2026-08-14/microsoft-visual-studio-code-stable-vs/outputs/lightning_lm_ws/install/lightning/local/lib/python3.10/dist-packages:/opt/ros/humble/lib/python3.10/site-packages:/opt/ros/humble/local/lib/python3.10/dist-packages'), ('LC_NUMERIC', 'zh_CN.UTF-8'), ('LC_PAPER', 'zh_CN.UTF-8'), ('COLCON', '1'), ('VTE_VERSION', '6800'), ('CMAKE_PREFIX_PATH', '/home/kepler/Documents/Codex/2026-08-14/microsoft-visual-studio-code-stable-vs/outputs/lightning_lm_ws/install/xyp_mid360_navigation:/home/kepler/Documents/Codex/2026-08-14/microsoft-visual-studio-code-stable-vs/outputs/lightning_lm_ws/install/lightning_real:/home/kepler/Documents/Codex/2026-08-14/microsoft-visual-studio-code-stable-vs/outputs/lightning_lm_ws/install/livox_ros_driver2:/home/kepler/Documents/Codex/2026-08-14/microsoft-visual-studio-code-stable-vs/outputs/lightning_lm_ws/install/lightning_sim:/home/kepler/Documents/Codex/2026-08-14/microsoft-visual-studio-code-stable-vs/outputs/lightning_lm_ws/install/lightning:/opt/ros/humble')]), 'shell': False}
[0.496008] (livox_ros_driver2) StdoutLine: {'line': b'[  1%] Built target livox_interfaces2__cpp\n'}
[0.496332] (livox_ros_driver2) StdoutLine: {'line': b'[  3%] Built target livox_interfaces2__rs\n'}
[0.498343] (livox_ros_driver2) StdoutLine: {'line': b'[ 10%] Built target livox_interfaces2__rosidl_generator_c\n'}
[0.498714] (livox_ros_driver2) StdoutLine: {'line': b'[ 10%] Built target ament_cmake_python_symlink_livox_ros_driver2\n'}
[0.500566] (-) TimerEvent: {}
[0.503608] (livox_ros_driver2) StdoutLine: {'line': b'[ 13%] Built target livox_ros_driver2_node\n'}
[0.514166] (livox_ros_driver2) StdoutLine: {'line': b'[ 20%] Built target livox_interfaces2__rosidl_typesupport_cpp\n'}
[0.515935] (livox_ros_driver2) StdoutLine: {'line': b'[ 27%] Built target livox_interfaces2__rosidl_typesupport_fastrtps_c\n'}
[0.516708] (livox_ros_driver2) StdoutLine: {'line': b'[ 39%] Built target livox_interfaces2__rosidl_typesupport_introspection_cpp\n'}
[0.516795] (livox_ros_driver2) StdoutLine: {'line': b'[ 41%] Built target livox_interfaces2__rosidl_typesupport_c\n'}
[0.517734] (livox_ros_driver2) StdoutLine: {'line': b'[ 48%] Built target livox_interfaces2__rosidl_typesupport_fastrtps_cpp\n'}
[0.519484] (livox_ros_driver2) StdoutLine: {'line': b'[ 55%] Built target livox_interfaces2__rosidl_typesupport_introspection_c\n'}
[0.534770] (livox_ros_driver2) StdoutLine: {'line': b'[ 55%] Built target livox_interfaces2\n'}
[0.551919] (livox_ros_driver2) StdoutLine: {'line': b'[ 56%] Built target livox_interfaces2__py\n'}
[0.554995] (livox_ros_driver2) StdoutLine: {'line': b'[ 84%] Built target livox_ros_driver2\n'}
[0.571837] (livox_ros_driver2) StdoutLine: {'line': b'[ 89%] Built target livox_interfaces2__rosidl_generator_py\n'}
[0.591349] (livox_ros_driver2) StdoutLine: {'line': b'[ 93%] Built target livox_ros_driver2__rosidl_typesupport_fastrtps_c__pyext\n'}
[0.593068] (livox_ros_driver2) StdoutLine: {'line': b'[100%] Built target livox_ros_driver2__rosidl_typesupport_introspection_c__pyext\n'}
[0.593161] (livox_ros_driver2) StdoutLine: {'line': b'[100%] Built target livox_ros_driver2__rosidl_typesupport_c__pyext\n'}
[0.600712] (-) TimerEvent: {}
[0.650873] (livox_ros_driver2) StdoutLine: {'line': b'running egg_info\n'}
[0.651377] (livox_ros_driver2) StdoutLine: {'line': b'writing livox_ros_driver2.egg-info/PKG-INFO\n'}
[0.651526] (livox_ros_driver2) StdoutLine: {'line': b'writing dependency_links to livox_ros_driver2.egg-info/dependency_links.txt\n'}
[0.651599] (livox_ros_driver2) StdoutLine: {'line': b'writing top-level names to livox_ros_driver2.egg-info/top_level.txt\n'}
[0.652795] (livox_ros_driver2) StdoutLine: {'line': b"reading manifest file 'livox_ros_driver2.egg-info/SOURCES.txt'\n"}
[0.653124] (livox_ros_driver2) StdoutLine: {'line': b"writing manifest file 'livox_ros_driver2.egg-info/SOURCES.txt'\n"}
[0.669635] (livox_ros_driver2) StdoutLine: {'line': b'[100%] Built target ament_cmake_python_build_livox_ros_driver2_egg\n'}
[0.680308] (livox_ros_driver2) CommandEnded: {'returncode': 0}
[0.681040] (livox_ros_driver2) JobProgress: {'identifier': 'livox_ros_driver2', 'progress': 'install'}
[0.681607] (livox_ros_driver2) Command: {'cmd': ['/usr/bin/cmake', '--install', '/home/kepler/Documents/Codex/2026-08-14/microsoft-visual-studio-code-stable-vs/outputs/lightning_lm_ws/build/livox_ros_driver2'], 'cwd': '/home/kepler/Documents/Codex/2026-08-14/microsoft-visual-studio-code-stable-vs/outputs/lightning_lm_ws/build/livox_ros_driver2', 'env': OrderedDict([('GJS_DEBUG_TOPICS', 'JS ERROR;JS LOG'), ('LESSOPEN', '| /usr/bin/lesspipe %s'), ('LANGUAGE', 'en_US:en'), ('USER', 'kepler'), ('LC_TIME', 'zh_CN.UTF-8'), ('XDG_SESSION_TYPE', 'x11'), ('SHLVL', '1'), ('LD_LIBRARY_PATH', '/home/kepler/Documents/Codex/2026-08-14/microsoft-visual-studio-code-stable-vs/outputs/lightning_lm_ws/install/livox_ros_driver2/lib:/home/kepler/Documents/Codex/2026-08-14/microsoft-visual-studio-code-stable-vs/outputs/lightning_lm_ws/install/lightning/lib:/opt/ros/humble/opt/rviz_ogre_vendor/lib:/opt/ros/humble/lib/x86_64-linux-gnu:/opt/ros/humble/lib'), ('HOME', '/home/kepler'), ('OLDPWD', '/home/kepler/Documents/Codex/2026-08-14/microsoft-visual-studio-code-stable-vs/outputs/lightning_lm_ws'), ('DESKTOP_SESSION', 'ubuntu-xorg'), ('GIO_LAUNCHED_DESKTOP_FILE', '/usr/share/applications/terminator.desktop'), ('ROS_PYTHON_VERSION', '3'), ('GNOME_SHELL_SESSION_MODE', 'ubuntu'), ('GTK_MODULES', 'gail:atk-bridge'), ('LC_MONETARY', 'zh_CN.UTF-8'), ('MANAGERPID', '3500454'), ('SYSTEMD_EXEC_PID', '3501327'), ('DBUS_SESSION_BUS_ADDRESS', 'unix:path=/run/user/1000/bus'), ('COLORTERM', 'truecolor'), ('TERMINATOR_DBUS_NAME', 'net.tenshu.Terminator21a9d5db22c73a993ff0b42f64b396873'), ('GIO_LAUNCHED_DESKTOP_FILE_PID', '274160'), ('COLCON_PREFIX_PATH', '/home/kepler/Documents/Codex/2026-08-14/microsoft-visual-studio-code-stable-vs/outputs/lightning_lm_ws/install'), ('ROS_DISTRO', 'humble'), ('GTK_IM_MODULE', 'ibus'), ('LOGNAME', 'kepler'), ('JOURNAL_STREAM', '8:233841802'), ('_', '/usr/bin/colcon'), ('ROS_VERSION', '2'), ('XDG_SESSION_CLASS', 'user'), ('USERNAME', 'kepler'), ('TERM', 'xterm-256color'), ('GNOME_DESKTOP_SESSION_ID', 'this-is-deprecated'), ('ROS_LOCALHOST_ONLY', '0'), ('WINDOWPATH', '2'), ('PATH', '/opt/ros/humble/bin:/usr/local/sbin:/usr/local/bin:/usr/sbin:/usr/bin:/sbin:/bin:/usr/games:/usr/local/games:/snap/bin:/snap/bin'), ('SESSION_MANAGER', 'local/KPLNB151:@/tmp/.ICE-unix/3501304,unix/KPLNB151:/tmp/.ICE-unix/3501304'), ('INVOCATION_ID', '402358b4ecfa44ad9a5621631f067a89'), ('XDG_MENU_PREFIX', 'gnome-'), ('LC_ADDRESS', 'zh_CN.UTF-8'), ('XDG_RUNTIME_DIR', '/run/user/1000'), ('DISPLAY', ':0'), ('TERMINATOR_DBUS_PATH', '/net/tenshu/Terminator2'), ('LANG', 'en_US.UTF-8'), ('XDG_CURRENT_DESKTOP', 'ubuntu:GNOME'), ('IBUS_DISABLE_SNOOPER', '1'), ('LC_TELEPHONE', 'zh_CN.UTF-8'), ('XMODIFIERS', '@im=ibus'), ('XDG_SESSION_DESKTOP', 'ubuntu-xorg'), ('XAUTHORITY', '/run/user/1000/gdm/Xauthority'), ('LS_COLORS', 'rs=0:di=01;34:ln=01;36:mh=00:pi=40;33:so=01;35:do=01;35:bd=40;33;01:cd=40;33;01:or=40;31;01:mi=00:su=37;41:sg=30;43:ca=30;41:tw=30;42:ow=34;42:st=37;44:ex=01;32:*.tar=01;31:*.tgz=01;31:*.arc=01;31:*.arj=01;31:*.taz=01;31:*.lha=01;31:*.lz4=01;31:*.lzh=01;31:*.lzma=01;31:*.tlz=01;31:*.txz=01;31:*.tzo=01;31:*.t7z=01;31:*.zip=01;31:*.z=01;31:*.dz=01;31:*.gz=01;31:*.lrz=01;31:*.lz=01;31:*.lzo=01;31:*.xz=01;31:*.zst=01;31:*.tzst=01;31:*.bz2=01;31:*.bz=01;31:*.tbz=01;31:*.tbz2=01;31:*.tz=01;31:*.deb=01;31:*.rpm=01;31:*.jar=01;31:*.war=01;31:*.ear=01;31:*.sar=01;31:*.rar=01;31:*.alz=01;31:*.ace=01;31:*.zoo=01;31:*.cpio=01;31:*.7z=01;31:*.rz=01;31:*.cab=01;31:*.wim=01;31:*.swm=01;31:*.dwm=01;31:*.esd=01;31:*.jpg=01;35:*.jpeg=01;35:*.mjpg=01;35:*.mjpeg=01;35:*.gif=01;35:*.bmp=01;35:*.pbm=01;35:*.pgm=01;35:*.ppm=01;35:*.tga=01;35:*.xbm=01;35:*.xpm=01;35:*.tif=01;35:*.tiff=01;35:*.png=01;35:*.svg=01;35:*.svgz=01;35:*.mng=01;35:*.pcx=01;35:*.mov=01;35:*.mpg=01;35:*.mpeg=01;35:*.m2v=01;35:*.mkv=01;35:*.webm=01;35:*.webp=01;35:*.ogm=01;35:*.mp4=01;35:*.m4v=01;35:*.mp4v=01;35:*.vob=01;35:*.qt=01;35:*.nuv=01;35:*.wmv=01;35:*.asf=01;35:*.rm=01;35:*.rmvb=01;35:*.flc=01;35:*.avi=01;35:*.fli=01;35:*.flv=01;35:*.gl=01;35:*.dl=01;35:*.xcf=01;35:*.xwd=01;35:*.yuv=01;35:*.cgm=01;35:*.emf=01;35:*.ogv=01;35:*.ogx=01;35:*.aac=00;36:*.au=00;36:*.flac=00;36:*.m4a=00;36:*.mid=00;36:*.midi=00;36:*.mka=00;36:*.mp3=00;36:*.mpc=00;36:*.ogg=00;36:*.ra=00;36:*.wav=00;36:*.oga=00;36:*.opus=00;36:*.spx=00;36:*.xspf=00;36:'), ('SSH_AGENT_LAUNCHER', 'gnome-keyring'), ('SSH_AUTH_SOCK', '/run/user/1000/keyring/ssh'), ('AMENT_PREFIX_PATH', '/home/kepler/Documents/Codex/2026-08-14/microsoft-visual-studio-code-stable-vs/outputs/lightning_lm_ws/install/xyp_mid360_navigation:/home/kepler/Documents/Codex/2026-08-14/microsoft-visual-studio-code-stable-vs/outputs/lightning_lm_ws/install/lightning_real:/home/kepler/Documents/Codex/2026-08-14/microsoft-visual-studio-code-stable-vs/outputs/lightning_lm_ws/install/livox_ros_driver2:/home/kepler/Documents/Codex/2026-08-14/microsoft-visual-studio-code-stable-vs/outputs/lightning_lm_ws/install/lightning_sim:/home/kepler/Documents/Codex/2026-08-14/microsoft-visual-studio-code-stable-vs/outputs/lightning_lm_ws/install/lightning:/opt/ros/humble'), ('SHELL', '/bin/bash'), ('LC_NAME', 'zh_CN.UTF-8'), ('TERMINATOR_UUID', 'urn:uuid:4b23d2e1-3909-4a06-8b7b-41dcbf283278'), ('QT_ACCESSIBILITY', '1'), ('GDMSESSION', 'ubuntu-xorg'), ('LESSCLOSE', '/usr/bin/lesspipe %s %s'), ('LC_MEASUREMENT', 'zh_CN.UTF-8'), ('GPG_AGENT_INFO', '/run/user/1000/gnupg/S.gpg-agent:0:1'), ('GJS_DEBUG_OUTPUT', 'stderr'), ('LC_IDENTIFICATION', 'zh_CN.UTF-8'), ('QT_IM_MODULE', 'ibus'), ('PWD', '/home/kepler/Documents/Codex/2026-08-14/microsoft-visual-studio-code-stable-vs/outputs/lightning_lm_ws/build/livox_ros_driver2'), ('LC_ALL', 'en_US.UTF-8'), ('XDG_CONFIG_DIRS', '/etc/xdg/xdg-ubuntu-xorg:/etc/xdg'), ('XDG_DATA_DIRS', '/usr/share/ubuntu-xorg:/usr/share/gnome:/usr/local/share/:/usr/share/:/var/lib/snapd/desktop'), ('PYTHONPATH', '/home/kepler/Documents/Codex/2026-08-14/microsoft-visual-studio-code-stable-vs/outputs/lightning_lm_ws/install/livox_ros_driver2/local/lib/python3.10/dist-packages:/home/kepler/Documents/Codex/2026-08-14/microsoft-visual-studio-code-stable-vs/outputs/lightning_lm_ws/install/lightning/local/lib/python3.10/dist-packages:/opt/ros/humble/lib/python3.10/site-packages:/opt/ros/humble/local/lib/python3.10/dist-packages'), ('LC_NUMERIC', 'zh_CN.UTF-8'), ('LC_PAPER', 'zh_CN.UTF-8'), ('COLCON', '1'), ('VTE_VERSION', '6800'), ('CMAKE_PREFIX_PATH', '/home/kepler/Documents/Codex/2026-08-14/microsoft-visual-studio-code-stable-vs/outputs/lightning_lm_ws/install/xyp_mid360_navigation:/home/kepler/Documents/Codex/2026-08-14/microsoft-visual-studio-code-stable-vs/outputs/lightning_lm_ws/install/lightning_real:/home/kepler/Documents/Codex/2026-08-14/microsoft-visual-studio-code-stable-vs/outputs/lightning_lm_ws/install/livox_ros_driver2:/home/kepler/Documents/Codex/2026-08-14/microsoft-visual-studio-code-stable-vs/outputs/lightning_lm_ws/install/lightning_sim:/home/kepler/Documents/Codex/2026-08-14/microsoft-visual-studio-code-stable-vs/outputs/lightning_lm_ws/install/lightning:/opt/ros/humble')]), 'shell': False}
[0.692461] (livox_ros_driver2) StdoutLine: {'line': b'-- Install configuration: "Release"\n'}
[0.693233] (livox_ros_driver2) StdoutLine: {'line': b'-- Execute custom install script\n'}
[0.693562] (livox_ros_driver2) StdoutLine: {'line': b'-- Up-to-date symlink: /home/kepler/Documents/Codex/2026-08-14/microsoft-visual-studio-code-stable-vs/outputs/lightning_lm_ws/install/livox_ros_driver2/share/ament_index/resource_index/rosidl_interfaces/livox_ros_driver2\n'}
[0.694102] (livox_ros_driver2) StdoutLine: {'line': b'-- Up-to-date symlink: /home/kepler/Documents/Codex/2026-08-14/microsoft-visual-studio-code-stable-vs/outputs/lightning_lm_ws/install/livox_ros_driver2/include/livox_ros_driver2/livox_ros_driver2/msg/custom_msg.h\n'}
[0.694299] (livox_ros_driver2) StdoutLine: {'line': b'-- Up-to-date symlink: /home/kepler/Documents/Codex/2026-08-14/microsoft-visual-studio-code-stable-vs/outputs/lightning_lm_ws/install/livox_ros_driver2/include/livox_ros_driver2/livox_ros_driver2/msg/custom_point.h\n'}
[0.694422] (livox_ros_driver2) StdoutLine: {'line': b'-- Up-to-date symlink: /home/kepler/Documents/Codex/2026-08-14/microsoft-visual-studio-code-stable-vs/outputs/lightning_lm_ws/install/livox_ros_driver2/include/livox_ros_driver2/livox_ros_driver2/msg/detail/custom_msg__functions.h\n'}
[0.694601] (livox_ros_driver2) StdoutLine: {'line': b'-- Up-to-date symlink: /home/kepler/Documents/Codex/2026-08-14/microsoft-visual-studio-code-stable-vs/outputs/lightning_lm_ws/install/livox_ros_driver2/include/livox_ros_driver2/livox_ros_driver2/msg/detail/custom_msg__struct.h\n'}
[0.694786] (livox_ros_driver2) StdoutLine: {'line': b'-- Up-to-date symlink: /home/kepler/Documents/Codex/2026-08-14/microsoft-visual-studio-code-stable-vs/outputs/lightning_lm_ws/install/livox_ros_driver2/include/livox_ros_driver2/livox_ros_driver2/msg/detail/custom_msg__type_support.h\n'}
[0.694912] (livox_ros_driver2) StdoutLine: {'line': b'-- Up-to-date symlink: /home/kepler/Documents/Codex/2026-08-14/microsoft-visual-studio-code-stable-vs/outputs/lightning_lm_ws/install/livox_ros_driver2/include/livox_ros_driver2/livox_ros_driver2/msg/detail/custom_point__functions.h\n'}
[0.695012] (livox_ros_driver2) StdoutLine: {'line': b'-- Up-to-date symlink: /home/kepler/Documents/Codex/2026-08-14/microsoft-visual-studio-code-stable-vs/outputs/lightning_lm_ws/install/livox_ros_driver2/include/livox_ros_driver2/livox_ros_driver2/msg/detail/custom_point__struct.h\n'}
[0.695228] (livox_ros_driver2) StdoutLine: {'line': b'-- Up-to-date symlink: /home/kepler/Documents/Codex/2026-08-14/microsoft-visual-studio-code-stable-vs/outputs/lightning_lm_ws/install/livox_ros_driver2/include/livox_ros_driver2/livox_ros_driver2/msg/detail/custom_point__type_support.h\n'}
[0.695336] (livox_ros_driver2) StdoutLine: {'line': b'-- Up-to-date symlink: /home/kepler/Documents/Codex/2026-08-14/microsoft-visual-studio-code-stable-vs/outputs/lightning_lm_ws/install/livox_ros_driver2/include/livox_ros_driver2/livox_ros_driver2/msg/rosidl_generator_c__visibility_control.h\n'}
[0.695526] (livox_ros_driver2) StdoutLine: {'line': b'-- Up-to-date symlink: /home/kepler/Documents/Codex/2026-08-14/microsoft-visual-studio-code-stable-vs/outputs/lightning_lm_ws/install/livox_ros_driver2/share/livox_ros_driver2/environment/library_path.sh\n'}
[0.695717] (livox_ros_driver2) StdoutLine: {'line': b'-- Up-to-date symlink: /home/kepler/Documents/Codex/2026-08-14/microsoft-visual-studio-code-stable-vs/outputs/lightning_lm_ws/install/livox_ros_driver2/share/livox_ros_driver2/environment/library_path.dsv\n'}
[0.696155] (livox_ros_driver2) StdoutLine: {'line': b'-- Up-to-date symlink: /home/kepler/Documents/Codex/2026-08-14/microsoft-visual-studio-code-stable-vs/outputs/lightning_lm_ws/install/livox_ros_driver2/include/livox_ros_driver2/livox_ros_driver2/msg/detail/custom_msg__rosidl_typesupport_fastrtps_c.h\n'}
[0.696386] (livox_ros_driver2) StdoutLine: {'line': b'-- Up-to-date symlink: /home/kepler/Documents/Codex/2026-08-14/microsoft-visual-studio-code-stable-vs/outputs/lightning_lm_ws/install/livox_ros_driver2/include/livox_ros_driver2/livox_ros_driver2/msg/detail/custom_point__rosidl_typesupport_fastrtps_c.h\n'}
[0.696484] (livox_ros_driver2) StdoutLine: {'line': b'-- Up-to-date symlink: /home/kepler/Documents/Codex/2026-08-14/microsoft-visual-studio-code-stable-vs/outputs/lightning_lm_ws/install/livox_ros_driver2/include/livox_ros_driver2/livox_ros_driver2/msg/rosidl_typesupport_fastrtps_c__visibility_control.h\n'}
[0.696646] (livox_ros_driver2) StdoutLine: {'line': b'-- Up-to-date symlink: /home/kepler/Documents/Codex/2026-08-14/microsoft-visual-studio-code-stable-vs/outputs/lightning_lm_ws/install/livox_ros_driver2/include/livox_ros_driver2/livox_ros_driver2/msg/detail/custom_msg__rosidl_typesupport_introspection_c.h\n'}
[0.696781] (livox_ros_driver2) StdoutLine: {'line': b'-- Up-to-date symlink: /home/kepler/Documents/Codex/2026-08-14/microsoft-visual-studio-code-stable-vs/outputs/lightning_lm_ws/install/livox_ros_driver2/include/livox_ros_driver2/livox_ros_driver2/msg/detail/custom_point__rosidl_typesupport_introspection_c.h\n'}
[0.696871] (livox_ros_driver2) StdoutLine: {'line': b'-- Up-to-date symlink: /home/kepler/Documents/Codex/2026-08-14/microsoft-visual-studio-code-stable-vs/outputs/lightning_lm_ws/install/livox_ros_driver2/include/livox_ros_driver2/livox_ros_driver2/msg/rosidl_typesupport_introspection_c__visibility_control.h\n'}
[0.697209] (livox_ros_driver2) StdoutLine: {'line': b'-- Up-to-date symlink: /home/kepler/Documents/Codex/2026-08-14/microsoft-visual-studio-code-stable-vs/outputs/lightning_lm_ws/install/livox_ros_driver2/include/livox_ros_driver2/livox_ros_driver2/msg/custom_msg.hpp\n'}
[0.697327] (livox_ros_driver2) StdoutLine: {'line': b'-- Up-to-date symlink: /home/kepler/Documents/Codex/2026-08-14/microsoft-visual-studio-code-stable-vs/outputs/lightning_lm_ws/install/livox_ros_driver2/include/livox_ros_driver2/livox_ros_driver2/msg/custom_point.hpp\n'}
[0.697441] (livox_ros_driver2) StdoutLine: {'line': b'-- Up-to-date symlink: /home/kepler/Documents/Codex/2026-08-14/microsoft-visual-studio-code-stable-vs/outputs/lightning_lm_ws/install/livox_ros_driver2/include/livox_ros_driver2/livox_ros_driver2/msg/detail/custom_msg__builder.hpp\n'}
[0.697551] (livox_ros_driver2) StdoutLine: {'line': b'-- Up-to-date symlink: /home/kepler/Documents/Codex/2026-08-14/microsoft-visual-studio-code-stable-vs/outputs/lightning_lm_ws/install/livox_ros_driver2/include/livox_ros_driver2/livox_ros_driver2/msg/detail/custom_msg__struct.hpp\n'}
[0.697663] (livox_ros_driver2) StdoutLine: {'line': b'-- Up-to-date symlink: /home/kepler/Documents/Codex/2026-08-14/microsoft-visual-studio-code-stable-vs/outputs/lightning_lm_ws/install/livox_ros_driver2/include/livox_ros_driver2/livox_ros_driver2/msg/detail/custom_msg__traits.hpp\n'}
[0.697772] (livox_ros_driver2) StdoutLine: {'line': b'-- Up-to-date symlink: /home/kepler/Documents/Codex/2026-08-14/microsoft-visual-studio-code-stable-vs/outputs/lightning_lm_ws/install/livox_ros_driver2/include/livox_ros_driver2/livox_ros_driver2/msg/detail/custom_msg__type_support.hpp\n'}
[0.697888] (livox_ros_driver2) StdoutLine: {'line': b'-- Up-to-date symlink: /home/kepler/Documents/Codex/2026-08-14/microsoft-visual-studio-code-stable-vs/outputs/lightning_lm_ws/install/livox_ros_driver2/include/livox_ros_driver2/livox_ros_driver2/msg/detail/custom_point__builder.hpp\n'}
[0.698003] (livox_ros_driver2) StdoutLine: {'line': b'-- Up-to-date symlink: /home/kepler/Documents/Codex/2026-08-14/microsoft-visual-studio-code-stable-vs/outputs/lightning_lm_ws/install/livox_ros_driver2/include/livox_ros_driver2/livox_ros_driver2/msg/detail/custom_point__struct.hpp\n'}
[0.698113] (livox_ros_driver2) StdoutLine: {'line': b'-- Up-to-date symlink: /home/kepler/Documents/Codex/2026-08-14/microsoft-visual-studio-code-stable-vs/outputs/lightning_lm_ws/install/livox_ros_driver2/include/livox_ros_driver2/livox_ros_driver2/msg/detail/custom_point__traits.hpp\n'}
[0.698332] (livox_ros_driver2) StdoutLine: {'line': b'-- Up-to-date symlink: /home/kepler/Documents/Codex/2026-08-14/microsoft-visual-studio-code-stable-vs/outputs/lightning_lm_ws/install/livox_ros_driver2/include/livox_ros_driver2/livox_ros_driver2/msg/detail/custom_point__type_support.hpp\n'}
[0.698441] (livox_ros_driver2) StdoutLine: {'line': b'-- Up-to-date symlink: /home/kepler/Documents/Codex/2026-08-14/microsoft-visual-studio-code-stable-vs/outputs/lightning_lm_ws/install/livox_ros_driver2/include/livox_ros_driver2/livox_ros_driver2/msg/rosidl_generator_cpp__visibility_control.hpp\n'}
[0.699082] (livox_ros_driver2) StdoutLine: {'line': b'-- Up-to-date symlink: /home/kepler/Documents/Codex/2026-08-14/microsoft-visual-studio-code-stable-vs/outputs/lightning_lm_ws/install/livox_ros_driver2/include/livox_ros_driver2/livox_ros_driver2/msg/detail/custom_msg__rosidl_typesupport_fastrtps_cpp.hpp\n'}
[0.699276] (livox_ros_driver2) StdoutLine: {'line': b'-- Up-to-date symlink: /home/kepler/Documents/Codex/2026-08-14/microsoft-visual-studio-code-stable-vs/outputs/lightning_lm_ws/install/livox_ros_driver2/include/livox_ros_driver2/livox_ros_driver2/msg/detail/custom_point__rosidl_typesupport_fastrtps_cpp.hpp\n'}
[0.699345] (livox_ros_driver2) StdoutLine: {'line': b'-- Up-to-date symlink: /home/kepler/Documents/Codex/2026-08-14/microsoft-visual-studio-code-stable-vs/outputs/lightning_lm_ws/install/livox_ros_driver2/include/livox_ros_driver2/livox_ros_driver2/msg/rosidl_typesupport_fastrtps_cpp__visibility_control.h\n'}
[0.699533] (livox_ros_driver2) StdoutLine: {'line': b'-- Up-to-date symlink: /home/kepler/Documents/Codex/2026-08-14/microsoft-visual-studio-code-stable-vs/outputs/lightning_lm_ws/install/livox_ros_driver2/include/livox_ros_driver2/livox_ros_driver2/msg/detail/custom_msg__rosidl_typesupport_introspection_cpp.hpp\n'}
[0.699678] (livox_ros_driver2) StdoutLine: {'line': b'-- Up-to-date symlink: /home/kepler/Documents/Codex/2026-08-14/microsoft-visual-studio-code-stable-vs/outputs/lightning_lm_ws/install/livox_ros_driver2/include/livox_ros_driver2/livox_ros_driver2/msg/detail/custom_point__rosidl_typesupport_introspection_cpp.hpp\n'}
[0.699774] (livox_ros_driver2) StdoutLine: {'line': b'-- Up-to-date symlink: /home/kepler/Documents/Codex/2026-08-14/microsoft-visual-studio-code-stable-vs/outputs/lightning_lm_ws/install/livox_ros_driver2/share/livox_ros_driver2/environment/pythonpath.sh\n'}
[0.699916] (livox_ros_driver2) StdoutLine: {'line': b'-- Up-to-date symlink: /home/kepler/Documents/Codex/2026-08-14/microsoft-visual-studio-code-stable-vs/outputs/lightning_lm_ws/install/livox_ros_driver2/share/livox_ros_driver2/environment/pythonpath.dsv\n'}
[0.700247] (livox_ros_driver2) StdoutLine: {'line': b'-- Up-to-date symlink: /home/kepler/Documents/Codex/2026-08-14/microsoft-visual-studio-code-stable-vs/outputs/lightning_lm_ws/install/livox_ros_driver2/local/lib/python3.10/dist-packages/livox_ros_driver2-1.0.0-py3.10.egg-info/PKG-INFO\n'}
[0.700361] (livox_ros_driver2) StdoutLine: {'line': b'-- Up-to-date symlink: /home/kepler/Documents/Codex/2026-08-14/microsoft-visual-studio-code-stable-vs/outputs/lightning_lm_ws/install/livox_ros_driver2/local/lib/python3.10/dist-packages/livox_ros_driver2-1.0.0-py3.10.egg-info/SOURCES.txt\n'}
[0.700501] (livox_ros_driver2) StdoutLine: {'line': b'-- Up-to-date symlink: /home/kepler/Documents/Codex/2026-08-14/microsoft-visual-studio-code-stable-vs/outputs/lightning_lm_ws/install/livox_ros_driver2/local/lib/python3.10/dist-packages/livox_ros_driver2-1.0.0-py3.10.egg-info/dependency_links.txt\n'}
[0.700613] (livox_ros_driver2) StdoutLine: {'line': b'-- Up-to-date symlink: /home/kepler/Documents/Codex/2026-08-14/microsoft-visual-studio-code-stable-vs/outputs/lightning_lm_ws/install/livox_ros_driver2/local/lib/python3.10/dist-packages/livox_ros_driver2-1.0.0-py3.10.egg-info/top_level.txt\n'}
[0.700762] (-) TimerEvent: {}
[0.701363] (livox_ros_driver2) StdoutLine: {'line': b'-- Up-to-date symlink: /home/kepler/Documents/Codex/2026-08-14/microsoft-visual-studio-code-stable-vs/outputs/lightning_lm_ws/install/livox_ros_driver2/local/lib/python3.10/dist-packages/livox_ros_driver2/__init__.py\n'}
[0.701460] (livox_ros_driver2) StdoutLine: {'line': b'-- Up-to-date symlink: /home/kepler/Documents/Codex/2026-08-14/microsoft-visual-studio-code-stable-vs/outputs/lightning_lm_ws/install/livox_ros_driver2/local/lib/python3.10/dist-packages/livox_ros_driver2/_livox_ros_driver2_s.ep.rosidl_typesupport_c.c\n'}
[0.701547] (livox_ros_driver2) StdoutLine: {'line': b'-- Up-to-date symlink: /home/kepler/Documents/Codex/2026-08-14/microsoft-visual-studio-code-stable-vs/outputs/lightning_lm_ws/install/livox_ros_driver2/local/lib/python3.10/dist-packages/livox_ros_driver2/_livox_ros_driver2_s.ep.rosidl_typesupport_fastrtps_c.c\n'}
[0.701644] (livox_ros_driver2) StdoutLine: {'line': b'-- Up-to-date symlink: /home/kepler/Documents/Codex/2026-08-14/microsoft-visual-studio-code-stable-vs/outputs/lightning_lm_ws/install/livox_ros_driver2/local/lib/python3.10/dist-packages/livox_ros_driver2/_livox_ros_driver2_s.ep.rosidl_typesupport_introspection_c.c\n'}
[0.701753] (livox_ros_driver2) StdoutLine: {'line': b'-- Up-to-date symlink: /home/kepler/Documents/Codex/2026-08-14/microsoft-visual-studio-code-stable-vs/outputs/lightning_lm_ws/install/livox_ros_driver2/local/lib/python3.10/dist-packages/livox_ros_driver2/liblivox_interfaces2__rosidl_generator_py.so\n'}
[0.701867] (livox_ros_driver2) StdoutLine: {'line': b'-- Up-to-date symlink: /home/kepler/Documents/Codex/2026-08-14/microsoft-visual-studio-code-stable-vs/outputs/lightning_lm_ws/install/livox_ros_driver2/local/lib/python3.10/dist-packages/livox_ros_driver2/livox_ros_driver2_s__rosidl_typesupport_c.cpython-310-x86_64-linux-gnu.so\n'}
[0.701981] (livox_ros_driver2) StdoutLine: {'line': b'-- Up-to-date symlink: /home/kepler/Documents/Codex/2026-08-14/microsoft-visual-studio-code-stable-vs/outputs/lightning_lm_ws/install/livox_ros_driver2/local/lib/python3.10/dist-packages/livox_ros_driver2/livox_ros_driver2_s__rosidl_typesupport_fastrtps_c.cpython-310-x86_64-linux-gnu.so\n'}
[0.702090] (livox_ros_driver2) StdoutLine: {'line': b'-- Up-to-date symlink: /home/kepler/Documents/Codex/2026-08-14/microsoft-visual-studio-code-stable-vs/outputs/lightning_lm_ws/install/livox_ros_driver2/local/lib/python3.10/dist-packages/livox_ros_driver2/livox_ros_driver2_s__rosidl_typesupport_introspection_c.cpython-310-x86_64-linux-gnu.so\n'}
[0.702202] (livox_ros_driver2) StdoutLine: {'line': b'-- Up-to-date symlink: /home/kepler/Documents/Codex/2026-08-14/microsoft-visual-studio-code-stable-vs/outputs/lightning_lm_ws/install/livox_ros_driver2/local/lib/python3.10/dist-packages/livox_ros_driver2/msg/__init__.py\n'}
[0.702371] (livox_ros_driver2) StdoutLine: {'line': b'-- Up-to-date symlink: /home/kepler/Documents/Codex/2026-08-14/microsoft-visual-studio-code-stable-vs/outputs/lightning_lm_ws/install/livox_ros_driver2/local/lib/python3.10/dist-packages/livox_ros_driver2/msg/_custom_msg.py\n'}
[0.702530] (livox_ros_driver2) StdoutLine: {'line': b'-- Up-to-date symlink: /home/kepler/Documents/Codex/2026-08-14/microsoft-visual-studio-code-stable-vs/outputs/lightning_lm_ws/install/livox_ros_driver2/local/lib/python3.10/dist-packages/livox_ros_driver2/msg/_custom_msg_s.c\n'}
[0.702640] (livox_ros_driver2) StdoutLine: {'line': b'-- Up-to-date symlink: /home/kepler/Documents/Codex/2026-08-14/microsoft-visual-studio-code-stable-vs/outputs/lightning_lm_ws/install/livox_ros_driver2/local/lib/python3.10/dist-packages/livox_ros_driver2/msg/_custom_point.py\n'}
[0.702757] (livox_ros_driver2) StdoutLine: {'line': b'-- Up-to-date symlink: /home/kepler/Documents/Codex/2026-08-14/microsoft-visual-studio-code-stable-vs/outputs/lightning_lm_ws/install/livox_ros_driver2/local/lib/python3.10/dist-packages/livox_ros_driver2/msg/_custom_point_s.c\n'}
[0.703053] (livox_ros_driver2) StdoutLine: {'line': b'-- Up-to-date symlink: /home/kepler/Documents/Codex/2026-08-14/microsoft-visual-studio-code-stable-vs/outputs/lightning_lm_ws/install/livox_ros_driver2/local/lib/python3.10/dist-packages/livox_ros_driver2/livox_ros_driver2_s__rosidl_typesupport_fastrtps_c.cpython-310-x86_64-linux-gnu.so\n'}
[0.703299] (livox_ros_driver2) StdoutLine: {'line': b'-- Up-to-date symlink: /home/kepler/Documents/Codex/2026-08-14/microsoft-visual-studio-code-stable-vs/outputs/lightning_lm_ws/install/livox_ros_driver2/local/lib/python3.10/dist-packages/livox_ros_driver2/livox_ros_driver2_s__rosidl_typesupport_introspection_c.cpython-310-x86_64-linux-gnu.so\n'}
[0.703535] (livox_ros_driver2) StdoutLine: {'line': b'-- Up-to-date symlink: /home/kepler/Documents/Codex/2026-08-14/microsoft-visual-studio-code-stable-vs/outputs/lightning_lm_ws/install/livox_ros_driver2/local/lib/python3.10/dist-packages/livox_ros_driver2/livox_ros_driver2_s__rosidl_typesupport_c.cpython-310-x86_64-linux-gnu.so\n'}
[0.703738] (livox_ros_driver2) StdoutLine: {'line': b'-- Up-to-date symlink: /home/kepler/Documents/Codex/2026-08-14/microsoft-visual-studio-code-stable-vs/outputs/lightning_lm_ws/install/livox_ros_driver2/share/ament_index/resource_index/rust_packages/livox_ros_driver2\n'}
[0.704102] (livox_ros_driver2) StdoutLine: {'line': b'-- Up-to-date symlink: /home/kepler/Documents/Codex/2026-08-14/microsoft-visual-studio-code-stable-vs/outputs/lightning_lm_ws/install/livox_ros_driver2/share/livox_ros_driver2/rust/Cargo.toml\n'}
[0.704213] (livox_ros_driver2) StdoutLine: {'line': b'-- Up-to-date symlink: /home/kepler/Documents/Codex/2026-08-14/microsoft-visual-studio-code-stable-vs/outputs/lightning_lm_ws/install/livox_ros_driver2/share/livox_ros_driver2/rust/build.rs\n'}
[0.704327] (livox_ros_driver2) StdoutLine: {'line': b'-- Up-to-date symlink: /home/kepler/Documents/Codex/2026-08-14/microsoft-visual-studio-code-stable-vs/outputs/lightning_lm_ws/install/livox_ros_driver2/share/livox_ros_driver2/rust/src/lib.rs\n'}
[0.704460] (livox_ros_driver2) StdoutLine: {'line': b'-- Up-to-date symlink: /home/kepler/Documents/Codex/2026-08-14/microsoft-visual-studio-code-stable-vs/outputs/lightning_lm_ws/install/livox_ros_driver2/share/livox_ros_driver2/rust/src/msg.rs\n'}
[0.704573] (livox_ros_driver2) StdoutLine: {'line': b'-- Up-to-date symlink: /home/kepler/Documents/Codex/2026-08-14/microsoft-visual-studio-code-stable-vs/outputs/lightning_lm_ws/install/livox_ros_driver2/share/livox_ros_driver2/rust/src/msg/rmw.rs\n'}
[0.704732] (livox_ros_driver2) StdoutLine: {'line': b'-- Up-to-date symlink: /home/kepler/Documents/Codex/2026-08-14/microsoft-visual-studio-code-stable-vs/outputs/lightning_lm_ws/install/livox_ros_driver2/share/livox_ros_driver2/msg/CustomPoint.idl\n'}
[0.704894] (livox_ros_driver2) StdoutLine: {'line': b'-- Up-to-date symlink: /home/kepler/Documents/Codex/2026-08-14/microsoft-visual-studio-code-stable-vs/outputs/lightning_lm_ws/install/livox_ros_driver2/share/livox_ros_driver2/msg/CustomMsg.idl\n'}
[0.705066] (livox_ros_driver2) StdoutLine: {'line': b'-- Up-to-date symlink: /home/kepler/Documents/Codex/2026-08-14/microsoft-visual-studio-code-stable-vs/outputs/lightning_lm_ws/install/livox_ros_driver2/share/livox_ros_driver2/msg/CustomPoint.msg\n'}
[0.705208] (livox_ros_driver2) StdoutLine: {'line': b'-- Up-to-date symlink: /home/kepler/Documents/Codex/2026-08-14/microsoft-visual-studio-code-stable-vs/outputs/lightning_lm_ws/install/livox_ros_driver2/share/livox_ros_driver2/msg/CustomMsg.msg\n'}
[0.705354] (livox_ros_driver2) StdoutLine: {'line': b'-- Up-to-date symlink: /home/kepler/Documents/Codex/2026-08-14/microsoft-visual-studio-code-stable-vs/outputs/lightning_lm_ws/install/livox_ros_driver2/lib/liblivox_lidar_sdk_shared.so\n'}
[0.705577] (livox_ros_driver2) StdoutLine: {'line': b'-- Up-to-date symlink: /home/kepler/Documents/Codex/2026-08-14/microsoft-visual-studio-code-stable-vs/outputs/lightning_lm_ws/install/livox_ros_driver2/lib/livox_ros_driver2/livox_ros_driver2_node\n'}
[0.705788] (livox_ros_driver2) StdoutLine: {'line': b'-- Up-to-date symlink: /home/kepler/Documents/Codex/2026-08-14/microsoft-visual-studio-code-stable-vs/outputs/lightning_lm_ws/install/livox_ros_driver2/lib/liblivox_ros_driver2.so\n'}
[0.706161] (livox_ros_driver2) StdoutLine: {'line': b'-- Up-to-date symlink: /home/kepler/Documents/Codex/2026-08-14/microsoft-visual-studio-code-stable-vs/outputs/lightning_lm_ws/install/livox_ros_driver2/share/livox_ros_driver2/config/HAP_config.json\n'}
[0.706275] (livox_ros_driver2) StdoutLine: {'line': b'-- Up-to-date symlink: /home/kepler/Documents/Codex/2026-08-14/microsoft-visual-studio-code-stable-vs/outputs/lightning_lm_ws/install/livox_ros_driver2/share/livox_ros_driver2/config/MID360_config.json\n'}
[0.706367] (livox_ros_driver2) StdoutLine: {'line': b'-- Up-to-date symlink: /home/kepler/Documents/Codex/2026-08-14/microsoft-visual-studio-code-stable-vs/outputs/lightning_lm_ws/install/livox_ros_driver2/share/livox_ros_driver2/config/MID360s_config.json\n'}
[0.706469] (livox_ros_driver2) StdoutLine: {'line': b'-- Up-to-date symlink: /home/kepler/Documents/Codex/2026-08-14/microsoft-visual-studio-code-stable-vs/outputs/lightning_lm_ws/install/livox_ros_driver2/share/livox_ros_driver2/config/display_point_cloud_ROS2.rviz\n'}
[0.706625] (livox_ros_driver2) StdoutLine: {'line': b'-- Up-to-date symlink: /home/kepler/Documents/Codex/2026-08-14/microsoft-visual-studio-code-stable-vs/outputs/lightning_lm_ws/install/livox_ros_driver2/share/livox_ros_driver2/config/mixed_HAP_MID360_config.json\n'}
[0.706995] (livox_ros_driver2) StdoutLine: {'line': b'-- Up-to-date symlink: /home/kepler/Documents/Codex/2026-08-14/microsoft-visual-studio-code-stable-vs/outputs/lightning_lm_ws/install/livox_ros_driver2/share/livox_ros_driver2/launch/msg_HAP_launch.py\n'}
[0.707095] (livox_ros_driver2) StdoutLine: {'line': b'-- Up-to-date symlink: /home/kepler/Documents/Codex/2026-08-14/microsoft-visual-studio-code-stable-vs/outputs/lightning_lm_ws/install/livox_ros_driver2/share/livox_ros_driver2/launch/msg_MID360_launch.py\n'}
[0.707200] (livox_ros_driver2) StdoutLine: {'line': b'-- Up-to-date symlink: /home/kepler/Documents/Codex/2026-08-14/microsoft-visual-studio-code-stable-vs/outputs/lightning_lm_ws/install/livox_ros_driver2/share/livox_ros_driver2/launch/msg_MID360s_launch.py\n'}
[0.707333] (livox_ros_driver2) StdoutLine: {'line': b'-- Up-to-date symlink: /home/kepler/Documents/Codex/2026-08-14/microsoft-visual-studio-code-stable-vs/outputs/lightning_lm_ws/install/livox_ros_driver2/share/livox_ros_driver2/launch/rviz_HAP_launch.py\n'}
[0.707432] (livox_ros_driver2) StdoutLine: {'line': b'-- Up-to-date symlink: /home/kepler/Documents/Codex/2026-08-14/microsoft-visual-studio-code-stable-vs/outputs/lightning_lm_ws/install/livox_ros_driver2/share/livox_ros_driver2/launch/rviz_MID360_launch.py\n'}
[0.707540] (livox_ros_driver2) StdoutLine: {'line': b'-- Up-to-date symlink: /home/kepler/Documents/Codex/2026-08-14/microsoft-visual-studio-code-stable-vs/outputs/lightning_lm_ws/install/livox_ros_driver2/share/livox_ros_driver2/launch/rviz_MID360s_launch.py\n'}
[0.707641] (livox_ros_driver2) StdoutLine: {'line': b'-- Up-to-date symlink: /home/kepler/Documents/Codex/2026-08-14/microsoft-visual-studio-code-stable-vs/outputs/lightning_lm_ws/install/livox_ros_driver2/share/livox_ros_driver2/launch/rviz_mixed.py\n'}
[0.707891] (livox_ros_driver2) StdoutLine: {'line': b'-- Up-to-date symlink: /home/kepler/Documents/Codex/2026-08-14/microsoft-visual-studio-code-stable-vs/outputs/lightning_lm_ws/install/livox_ros_driver2/share/ament_index/resource_index/package_run_dependencies/livox_ros_driver2\n'}
[0.708014] (livox_ros_driver2) StdoutLine: {'line': b'-- Up-to-date symlink: /home/kepler/Documents/Codex/2026-08-14/microsoft-visual-studio-code-stable-vs/outputs/lightning_lm_ws/install/livox_ros_driver2/share/ament_index/resource_index/parent_prefix_path/livox_ros_driver2\n'}
[0.708219] (livox_ros_driver2) StdoutLine: {'line': b'-- Up-to-date symlink: /home/kepler/Documents/Codex/2026-08-14/microsoft-visual-studio-code-stable-vs/outputs/lightning_lm_ws/install/livox_ros_driver2/share/livox_ros_driver2/environment/ament_prefix_path.sh\n'}
[0.708311] (livox_ros_driver2) StdoutLine: {'line': b'-- Up-to-date symlink: /home/kepler/Documents/Codex/2026-08-14/microsoft-visual-studio-code-stable-vs/outputs/lightning_lm_ws/install/livox_ros_driver2/share/livox_ros_driver2/environment/ament_prefix_path.dsv\n'}
[0.708474] (livox_ros_driver2) StdoutLine: {'line': b'-- Up-to-date symlink: /home/kepler/Documents/Codex/2026-08-14/microsoft-visual-studio-code-stable-vs/outputs/lightning_lm_ws/install/livox_ros_driver2/share/livox_ros_driver2/environment/path.sh\n'}
[0.708623] (livox_ros_driver2) StdoutLine: {'line': b'-- Up-to-date symlink: /home/kepler/Documents/Codex/2026-08-14/microsoft-visual-studio-code-stable-vs/outputs/lightning_lm_ws/install/livox_ros_driver2/share/livox_ros_driver2/environment/path.dsv\n'}
[0.708781] (livox_ros_driver2) StdoutLine: {'line': b'-- Up-to-date symlink: /home/kepler/Documents/Codex/2026-08-14/microsoft-visual-studio-code-stable-vs/outputs/lightning_lm_ws/install/livox_ros_driver2/share/livox_ros_driver2/local_setup.bash\n'}
[0.708949] (livox_ros_driver2) StdoutLine: {'line': b'-- Up-to-date symlink: /home/kepler/Documents/Codex/2026-08-14/microsoft-visual-studio-code-stable-vs/outputs/lightning_lm_ws/install/livox_ros_driver2/share/livox_ros_driver2/local_setup.sh\n'}
[0.709092] (livox_ros_driver2) StdoutLine: {'line': b'-- Up-to-date symlink: /home/kepler/Documents/Codex/2026-08-14/microsoft-visual-studio-code-stable-vs/outputs/lightning_lm_ws/install/livox_ros_driver2/share/livox_ros_driver2/local_setup.zsh\n'}
[0.709229] (livox_ros_driver2) StdoutLine: {'line': b'-- Up-to-date symlink: /home/kepler/Documents/Codex/2026-08-14/microsoft-visual-studio-code-stable-vs/outputs/lightning_lm_ws/install/livox_ros_driver2/share/livox_ros_driver2/local_setup.dsv\n'}
[0.709325] (livox_ros_driver2) StdoutLine: {'line': b'-- Symlinking: /home/kepler/Documents/Codex/2026-08-14/microsoft-visual-studio-code-stable-vs/outputs/lightning_lm_ws/install/livox_ros_driver2/share/livox_ros_driver2/package.dsv\n'}
[0.716233] (livox_ros_driver2) StdoutLine: {'line': b'-- Up-to-date symlink: /home/kepler/Documents/Codex/2026-08-14/microsoft-visual-studio-code-stable-vs/outputs/lightning_lm_ws/install/livox_ros_driver2/share/ament_index/resource_index/packages/livox_ros_driver2\n'}
[0.716404] (livox_ros_driver2) StdoutLine: {'line': b'-- Up-to-date symlink: /home/kepler/Documents/Codex/2026-08-14/microsoft-visual-studio-code-stable-vs/outputs/lightning_lm_ws/install/livox_ros_driver2/share/ament_index/resource_index/rclcpp_components/livox_ros_driver2\n'}
[0.716537] (livox_ros_driver2) StdoutLine: {'line': b'-- Up-to-date symlink: /home/kepler/Documents/Codex/2026-08-14/microsoft-visual-studio-code-stable-vs/outputs/lightning_lm_ws/install/livox_ros_driver2/share/livox_ros_driver2/cmake/rosidl_cmake-extras.cmake\n'}
[0.716693] (livox_ros_driver2) StdoutLine: {'line': b'-- Up-to-date symlink: /home/kepler/Documents/Codex/2026-08-14/microsoft-visual-studio-code-stable-vs/outputs/lightning_lm_ws/install/livox_ros_driver2/share/livox_ros_driver2/cmake/ament_cmake_export_dependencies-extras.cmake\n'}
[0.716844] (livox_ros_driver2) StdoutLine: {'line': b'-- Up-to-date symlink: /home/kepler/Documents/Codex/2026-08-14/microsoft-visual-studio-code-stable-vs/outputs/lightning_lm_ws/install/livox_ros_driver2/share/livox_ros_driver2/cmake/ament_cmake_export_include_directories-extras.cmake\n'}
[0.717025] (livox_ros_driver2) StdoutLine: {'line': b'-- Up-to-date symlink: /home/kepler/Documents/Codex/2026-08-14/microsoft-visual-studio-code-stable-vs/outputs/lightning_lm_ws/install/livox_ros_driver2/share/livox_ros_driver2/cmake/ament_cmake_export_libraries-extras.cmake\n'}
[0.717194] (livox_ros_driver2) StdoutLine: {'line': b'-- Up-to-date symlink: /home/kepler/Documents/Codex/2026-08-14/microsoft-visual-studio-code-stable-vs/outputs/lightning_lm_ws/install/livox_ros_driver2/share/livox_ros_driver2/cmake/ament_cmake_export_targets-extras.cmake\n'}
[0.717361] (livox_ros_driver2) StdoutLine: {'line': b'-- Up-to-date symlink: /home/kepler/Documents/Codex/2026-08-14/microsoft-visual-studio-code-stable-vs/outputs/lightning_lm_ws/install/livox_ros_driver2/share/livox_ros_driver2/cmake/rosidl_cmake_export_typesupport_targets-extras.cmake\n'}
[0.717505] (livox_ros_driver2) StdoutLine: {'line': b'-- Up-to-date symlink: /home/kepler/Documents/Codex/2026-08-14/microsoft-visual-studio-code-stable-vs/outputs/lightning_lm_ws/install/livox_ros_driver2/share/livox_ros_driver2/cmake/rosidl_cmake_export_typesupport_libraries-extras.cmake\n'}
[0.717656] (livox_ros_driver2) StdoutLine: {'line': b'-- Up-to-date symlink: /home/kepler/Documents/Codex/2026-08-14/microsoft-visual-studio-code-stable-vs/outputs/lightning_lm_ws/install/livox_ros_driver2/share/livox_ros_driver2/cmake/rosidl_cmake_aggregate_target-extras.cmake\n'}
[0.717818] (livox_ros_driver2) StdoutLine: {'line': b'-- Up-to-date symlink: /home/kepler/Documents/Codex/2026-08-14/microsoft-visual-studio-code-stable-vs/outputs/lightning_lm_ws/install/livox_ros_driver2/share/livox_ros_driver2/cmake/livox_ros_driver2Config.cmake\n'}
[0.717934] (livox_ros_driver2) StdoutLine: {'line': b'-- Up-to-date symlink: /home/kepler/Documents/Codex/2026-08-14/microsoft-visual-studio-code-stable-vs/outputs/lightning_lm_ws/install/livox_ros_driver2/share/livox_ros_driver2/cmake/livox_ros_driver2Config-version.cmake\n'}
[0.718082] (livox_ros_driver2) StdoutLine: {'line': b'-- Up-to-date symlink: /home/kepler/Documents/Codex/2026-08-14/microsoft-visual-studio-code-stable-vs/outputs/lightning_lm_ws/install/livox_ros_driver2/share/livox_ros_driver2/package.xml\n'}
[0.718293] (livox_ros_driver2) StdoutLine: {'line': b'-- Up-to-date: /home/kepler/Documents/Codex/2026-08-14/microsoft-visual-studio-code-stable-vs/outputs/lightning_lm_ws/install/livox_ros_driver2/lib/liblivox_ros_driver2__rosidl_generator_c.so\n'}
[0.718559] (livox_ros_driver2) StdoutLine: {'line': b'-- Up-to-date: /home/kepler/Documents/Codex/2026-08-14/microsoft-visual-studio-code-stable-vs/outputs/lightning_lm_ws/install/livox_ros_driver2/lib/liblivox_ros_driver2__rosidl_typesupport_fastrtps_c.so\n'}
[0.718796] (livox_ros_driver2) StdoutLine: {'line': b'-- Up-to-date: /home/kepler/Documents/Codex/2026-08-14/microsoft-visual-studio-code-stable-vs/outputs/lightning_lm_ws/install/livox_ros_driver2/lib/liblivox_ros_driver2__rosidl_typesupport_introspection_c.so\n'}
[0.719028] (livox_ros_driver2) StdoutLine: {'line': b'-- Up-to-date: /home/kepler/Documents/Codex/2026-08-14/microsoft-visual-studio-code-stable-vs/outputs/lightning_lm_ws/install/livox_ros_driver2/lib/liblivox_ros_driver2__rosidl_typesupport_c.so\n'}
[0.719368] (livox_ros_driver2) StdoutLine: {'line': b'-- Up-to-date: /home/kepler/Documents/Codex/2026-08-14/microsoft-visual-studio-code-stable-vs/outputs/lightning_lm_ws/install/livox_ros_driver2/lib/liblivox_ros_driver2__rosidl_typesupport_fastrtps_cpp.so\n'}
[0.719614] (livox_ros_driver2) StdoutLine: {'line': b'-- Up-to-date: /home/kepler/Documents/Codex/2026-08-14/microsoft-visual-studio-code-stable-vs/outputs/lightning_lm_ws/install/livox_ros_driver2/lib/liblivox_ros_driver2__rosidl_typesupport_introspection_cpp.so\n'}
[0.719881] (livox_ros_driver2) StdoutLine: {'line': b'-- Up-to-date: /home/kepler/Documents/Codex/2026-08-14/microsoft-visual-studio-code-stable-vs/outputs/lightning_lm_ws/install/livox_ros_driver2/lib/liblivox_ros_driver2__rosidl_typesupport_cpp.so\n'}
[0.750928] (livox_ros_driver2) StdoutLine: {'line': b"Listing '/home/kepler/Documents/Codex/2026-08-14/microsoft-visual-studio-code-stable-vs/outputs/lightning_lm_ws/install/livox_ros_driver2/local/lib/python3.10/dist-packages/livox_ros_driver2'...\n"}
[0.751076] (livox_ros_driver2) StdoutLine: {'line': b"Listing '/home/kepler/Documents/Codex/2026-08-14/microsoft-visual-studio-code-stable-vs/outputs/lightning_lm_ws/install/livox_ros_driver2/local/lib/python3.10/dist-packages/livox_ros_driver2/msg'...\n"}
[0.754490] (livox_ros_driver2) StdoutLine: {'line': b'-- Up-to-date: /home/kepler/Documents/Codex/2026-08-14/microsoft-visual-studio-code-stable-vs/outputs/lightning_lm_ws/install/livox_ros_driver2/lib/liblivox_interfaces2__rosidl_generator_py.so\n'}
[0.754782] (livox_ros_driver2) StdoutLine: {'line': b'-- Up-to-date: /home/kepler/Documents/Codex/2026-08-14/microsoft-visual-studio-code-stable-vs/outputs/lightning_lm_ws/install/livox_ros_driver2/share/livox_ros_driver2/cmake/export_livox_interfaces2__rosidl_generator_cExport.cmake\n'}
[0.754897] (livox_ros_driver2) StdoutLine: {'line': b'-- Up-to-date: /home/kepler/Documents/Codex/2026-08-14/microsoft-visual-studio-code-stable-vs/outputs/lightning_lm_ws/install/livox_ros_driver2/share/livox_ros_driver2/cmake/export_livox_interfaces2__rosidl_generator_cExport-release.cmake\n'}
[0.754983] (livox_ros_driver2) StdoutLine: {'line': b'-- Up-to-date: /home/kepler/Documents/Codex/2026-08-14/microsoft-visual-studio-code-stable-vs/outputs/lightning_lm_ws/install/livox_ros_driver2/share/livox_ros_driver2/cmake/export_livox_interfaces2__rosidl_typesupport_fastrtps_cExport.cmake\n'}
[0.755061] (livox_ros_driver2) StdoutLine: {'line': b'-- Up-to-date: /home/kepler/Documents/Codex/2026-08-14/microsoft-visual-studio-code-stable-vs/outputs/lightning_lm_ws/install/livox_ros_driver2/share/livox_ros_driver2/cmake/export_livox_interfaces2__rosidl_typesupport_fastrtps_cExport-release.cmake\n'}
[0.755147] (livox_ros_driver2) StdoutLine: {'line': b'-- Up-to-date: /home/kepler/Documents/Codex/2026-08-14/microsoft-visual-studio-code-stable-vs/outputs/lightning_lm_ws/install/livox_ros_driver2/share/livox_ros_driver2/cmake/livox_interfaces2__rosidl_typesupport_introspection_cExport.cmake\n'}
[0.755213] (livox_ros_driver2) StdoutLine: {'line': b'-- Up-to-date: /home/kepler/Documents/Codex/2026-08-14/microsoft-visual-studio-code-stable-vs/outputs/lightning_lm_ws/install/livox_ros_driver2/share/livox_ros_driver2/cmake/livox_interfaces2__rosidl_typesupport_introspection_cExport-release.cmake\n'}
[0.755294] (livox_ros_driver2) StdoutLine: {'line': b'-- Up-to-date: /home/kepler/Documents/Codex/2026-08-14/microsoft-visual-studio-code-stable-vs/outputs/lightning_lm_ws/install/livox_ros_driver2/share/livox_ros_driver2/cmake/livox_interfaces2__rosidl_typesupport_cExport.cmake\n'}
[0.755389] (livox_ros_driver2) StdoutLine: {'line': b'-- Up-to-date: /home/kepler/Documents/Codex/2026-08-14/microsoft-visual-studio-code-stable-vs/outputs/lightning_lm_ws/install/livox_ros_driver2/share/livox_ros_driver2/cmake/livox_interfaces2__rosidl_typesupport_cExport-release.cmake\n'}
[0.755454] (livox_ros_driver2) StdoutLine: {'line': b'-- Up-to-date: /home/kepler/Documents/Codex/2026-08-14/microsoft-visual-studio-code-stable-vs/outputs/lightning_lm_ws/install/livox_ros_driver2/share/livox_ros_driver2/cmake/export_livox_interfaces2__rosidl_generator_cppExport.cmake\n'}
[0.755539] (livox_ros_driver2) StdoutLine: {'line': b'-- Up-to-date: /home/kepler/Documents/Codex/2026-08-14/microsoft-visual-studio-code-stable-vs/outputs/lightning_lm_ws/install/livox_ros_driver2/share/livox_ros_driver2/cmake/export_livox_interfaces2__rosidl_typesupport_fastrtps_cppExport.cmake\n'}
[0.755623] (livox_ros_driver2) StdoutLine: {'line': b'-- Up-to-date: /home/kepler/Documents/Codex/2026-08-14/microsoft-visual-studio-code-stable-vs/outputs/lightning_lm_ws/install/livox_ros_driver2/share/livox_ros_driver2/cmake/export_livox_interfaces2__rosidl_typesupport_fastrtps_cppExport-release.cmake\n'}
[0.755688] (livox_ros_driver2) StdoutLine: {'line': b'-- Up-to-date: /home/kepler/Documents/Codex/2026-08-14/microsoft-visual-studio-code-stable-vs/outputs/lightning_lm_ws/install/livox_ros_driver2/share/livox_ros_driver2/cmake/livox_interfaces2__rosidl_typesupport_introspection_cppExport.cmake\n'}
[0.755783] (livox_ros_driver2) StdoutLine: {'line': b'-- Up-to-date: /home/kepler/Documents/Codex/2026-08-14/microsoft-visual-studio-code-stable-vs/outputs/lightning_lm_ws/install/livox_ros_driver2/share/livox_ros_driver2/cmake/livox_interfaces2__rosidl_typesupport_introspection_cppExport-release.cmake\n'}
[0.755875] (livox_ros_driver2) StdoutLine: {'line': b'-- Up-to-date: /home/kepler/Documents/Codex/2026-08-14/microsoft-visual-studio-code-stable-vs/outputs/lightning_lm_ws/install/livox_ros_driver2/share/livox_ros_driver2/cmake/livox_interfaces2__rosidl_typesupport_cppExport.cmake\n'}
[0.755949] (livox_ros_driver2) StdoutLine: {'line': b'-- Up-to-date: /home/kepler/Documents/Codex/2026-08-14/microsoft-visual-studio-code-stable-vs/outputs/lightning_lm_ws/install/livox_ros_driver2/share/livox_ros_driver2/cmake/livox_interfaces2__rosidl_typesupport_cppExport-release.cmake\n'}
[0.756012] (livox_ros_driver2) StdoutLine: {'line': b'-- Up-to-date: /home/kepler/Documents/Codex/2026-08-14/microsoft-visual-studio-code-stable-vs/outputs/lightning_lm_ws/install/livox_ros_driver2/share/livox_ros_driver2/cmake/export_livox_interfaces2__rosidl_generator_pyExport.cmake\n'}
[0.756074] (livox_ros_driver2) StdoutLine: {'line': b'-- Up-to-date: /home/kepler/Documents/Codex/2026-08-14/microsoft-visual-studio-code-stable-vs/outputs/lightning_lm_ws/install/livox_ros_driver2/share/livox_ros_driver2/cmake/export_livox_interfaces2__rosidl_generator_pyExport-release.cmake\n'}
[0.758056] (livox_ros_driver2) CommandEnded: {'returncode': 0}
[0.776505] (livox_ros_driver2) JobEnded: {'identifier': 'livox_ros_driver2', 'rc': 0}
[0.777532] (xyp_mid360_navigation) JobStarted: {'identifier': 'xyp_mid360_navigation'}
[0.782543] (xyp_mid360_navigation) JobProgress: {'identifier': 'xyp_mid360_navigation', 'progress': 'cmake'}
[0.783073] (xyp_mid360_navigation) JobProgress: {'identifier': 'xyp_mid360_navigation', 'progress': 'build'}
[0.783251] (xyp_mid360_navigation) Command: {'cmd': ['/usr/bin/cmake', '--build', '/home/kepler/Documents/Codex/2026-08-14/microsoft-visual-studio-code-stable-vs/outputs/lightning_lm_ws/build/xyp_mid360_navigation', '--', '-j28', '-l28'], 'cwd': '/home/kepler/Documents/Codex/2026-08-14/microsoft-visual-studio-code-stable-vs/outputs/lightning_lm_ws/build/xyp_mid360_navigation', 'env': OrderedDict([('GJS_DEBUG_TOPICS', 'JS ERROR;JS LOG'), ('LESSOPEN', '| /usr/bin/lesspipe %s'), ('LANGUAGE', 'en_US:en'), ('USER', 'kepler'), ('LC_TIME', 'zh_CN.UTF-8'), ('XDG_SESSION_TYPE', 'x11'), ('SHLVL', '1'), ('LD_LIBRARY_PATH', '/home/kepler/Documents/Codex/2026-08-14/microsoft-visual-studio-code-stable-vs/outputs/lightning_lm_ws/install/livox_ros_driver2/lib:/home/kepler/Documents/Codex/2026-08-14/microsoft-visual-studio-code-stable-vs/outputs/lightning_lm_ws/install/lightning/lib:/opt/ros/humble/opt/rviz_ogre_vendor/lib:/opt/ros/humble/lib/x86_64-linux-gnu:/opt/ros/humble/lib'), ('HOME', '/home/kepler'), ('OLDPWD', '/home/kepler/Documents/Codex/2026-08-14/microsoft-visual-studio-code-stable-vs/outputs/lightning_lm_ws'), ('DESKTOP_SESSION', 'ubuntu-xorg'), ('GIO_LAUNCHED_DESKTOP_FILE', '/usr/share/applications/terminator.desktop'), ('ROS_PYTHON_VERSION', '3'), ('GNOME_SHELL_SESSION_MODE', 'ubuntu'), ('GTK_MODULES', 'gail:atk-bridge'), ('LC_MONETARY', 'zh_CN.UTF-8'), ('MANAGERPID', '3500454'), ('SYSTEMD_EXEC_PID', '3501327'), ('DBUS_SESSION_BUS_ADDRESS', 'unix:path=/run/user/1000/bus'), ('COLORTERM', 'truecolor'), ('TERMINATOR_DBUS_NAME', 'net.tenshu.Terminator21a9d5db22c73a993ff0b42f64b396873'), ('GIO_LAUNCHED_DESKTOP_FILE_PID', '274160'), ('COLCON_PREFIX_PATH', '/home/kepler/Documents/Codex/2026-08-14/microsoft-visual-studio-code-stable-vs/outputs/lightning_lm_ws/install'), ('ROS_DISTRO', 'humble'), ('GTK_IM_MODULE', 'ibus'), ('LOGNAME', 'kepler'), ('JOURNAL_STREAM', '8:233841802'), ('_', '/usr/bin/colcon'), ('ROS_VERSION', '2'), ('XDG_SESSION_CLASS', 'user'), ('USERNAME', 'kepler'), ('TERM', 'xterm-256color'), ('GNOME_DESKTOP_SESSION_ID', 'this-is-deprecated'), ('ROS_LOCALHOST_ONLY', '0'), ('WINDOWPATH', '2'), ('PATH', '/opt/ros/humble/bin:/usr/local/sbin:/usr/local/bin:/usr/sbin:/usr/bin:/sbin:/bin:/usr/games:/usr/local/games:/snap/bin:/snap/bin'), ('SESSION_MANAGER', 'local/KPLNB151:@/tmp/.ICE-unix/3501304,unix/KPLNB151:/tmp/.ICE-unix/3501304'), ('INVOCATION_ID', '402358b4ecfa44ad9a5621631f067a89'), ('XDG_MENU_PREFIX', 'gnome-'), ('LC_ADDRESS', 'zh_CN.UTF-8'), ('XDG_RUNTIME_DIR', '/run/user/1000'), ('DISPLAY', ':0'), ('TERMINATOR_DBUS_PATH', '/net/tenshu/Terminator2'), ('LANG', 'en_US.UTF-8'), ('XDG_CURRENT_DESKTOP', 'ubuntu:GNOME'), ('IBUS_DISABLE_SNOOPER', '1'), ('LC_TELEPHONE', 'zh_CN.UTF-8'), ('XMODIFIERS', '@im=ibus'), ('XDG_SESSION_DESKTOP', 'ubuntu-xorg'), ('XAUTHORITY', '/run/user/1000/gdm/Xauthority'), ('LS_COLORS', 'rs=0:di=01;34:ln=01;36:mh=00:pi=40;33:so=01;35:do=01;35:bd=40;33;01:cd=40;33;01:or=40;31;01:mi=00:su=37;41:sg=30;43:ca=30;41:tw=30;42:ow=34;42:st=37;44:ex=01;32:*.tar=01;31:*.tgz=01;31:*.arc=01;31:*.arj=01;31:*.taz=01;31:*.lha=01;31:*.lz4=01;31:*.lzh=01;31:*.lzma=01;31:*.tlz=01;31:*.txz=01;31:*.tzo=01;31:*.t7z=01;31:*.zip=01;31:*.z=01;31:*.dz=01;31:*.gz=01;31:*.lrz=01;31:*.lz=01;31:*.lzo=01;31:*.xz=01;31:*.zst=01;31:*.tzst=01;31:*.bz2=01;31:*.bz=01;31:*.tbz=01;31:*.tbz2=01;31:*.tz=01;31:*.deb=01;31:*.rpm=01;31:*.jar=01;31:*.war=01;31:*.ear=01;31:*.sar=01;31:*.rar=01;31:*.alz=01;31:*.ace=01;31:*.zoo=01;31:*.cpio=01;31:*.7z=01;31:*.rz=01;31:*.cab=01;31:*.wim=01;31:*.swm=01;31:*.dwm=01;31:*.esd=01;31:*.jpg=01;35:*.jpeg=01;35:*.mjpg=01;35:*.mjpeg=01;35:*.gif=01;35:*.bmp=01;35:*.pbm=01;35:*.pgm=01;35:*.ppm=01;35:*.tga=01;35:*.xbm=01;35:*.xpm=01;35:*.tif=01;35:*.tiff=01;35:*.png=01;35:*.svg=01;35:*.svgz=01;35:*.mng=01;35:*.pcx=01;35:*.mov=01;35:*.mpg=01;35:*.mpeg=01;35:*.m2v=01;35:*.mkv=01;35:*.webm=01;35:*.webp=01;35:*.ogm=01;35:*.mp4=01;35:*.m4v=01;35:*.mp4v=01;35:*.vob=01;35:*.qt=01;35:*.nuv=01;35:*.wmv=01;35:*.asf=01;35:*.rm=01;35:*.rmvb=01;35:*.flc=01;35:*.avi=01;35:*.fli=01;35:*.flv=01;35:*.gl=01;35:*.dl=01;35:*.xcf=01;35:*.xwd=01;35:*.yuv=01;35:*.cgm=01;35:*.emf=01;35:*.ogv=01;35:*.ogx=01;35:*.aac=00;36:*.au=00;36:*.flac=00;36:*.m4a=00;36:*.mid=00;36:*.midi=00;36:*.mka=00;36:*.mp3=00;36:*.mpc=00;36:*.ogg=00;36:*.ra=00;36:*.wav=00;36:*.oga=00;36:*.opus=00;36:*.spx=00;36:*.xspf=00;36:'), ('SSH_AGENT_LAUNCHER', 'gnome-keyring'), ('SSH_AUTH_SOCK', '/run/user/1000/keyring/ssh'), ('AMENT_PREFIX_PATH', '/home/kepler/Documents/Codex/2026-08-14/microsoft-visual-studio-code-stable-vs/outputs/lightning_lm_ws/install/xyp_mid360_navigation:/home/kepler/Documents/Codex/2026-08-14/microsoft-visual-studio-code-stable-vs/outputs/lightning_lm_ws/install/lightning_real:/home/kepler/Documents/Codex/2026-08-14/microsoft-visual-studio-code-stable-vs/outputs/lightning_lm_ws/install/livox_ros_driver2:/home/kepler/Documents/Codex/2026-08-14/microsoft-visual-studio-code-stable-vs/outputs/lightning_lm_ws/install/lightning_sim:/home/kepler/Documents/Codex/2026-08-14/microsoft-visual-studio-code-stable-vs/outputs/lightning_lm_ws/install/lightning:/opt/ros/humble'), ('SHELL', '/bin/bash'), ('LC_NAME', 'zh_CN.UTF-8'), ('TERMINATOR_UUID', 'urn:uuid:4b23d2e1-3909-4a06-8b7b-41dcbf283278'), ('QT_ACCESSIBILITY', '1'), ('GDMSESSION', 'ubuntu-xorg'), ('LESSCLOSE', '/usr/bin/lesspipe %s %s'), ('LC_MEASUREMENT', 'zh_CN.UTF-8'), ('GPG_AGENT_INFO', '/run/user/1000/gnupg/S.gpg-agent:0:1'), ('GJS_DEBUG_OUTPUT', 'stderr'), ('LC_IDENTIFICATION', 'zh_CN.UTF-8'), ('QT_IM_MODULE', 'ibus'), ('PWD', '/home/kepler/Documents/Codex/2026-08-14/microsoft-visual-studio-code-stable-vs/outputs/lightning_lm_ws/build/xyp_mid360_navigation'), ('LC_ALL', 'en_US.UTF-8'), ('XDG_CONFIG_DIRS', '/etc/xdg/xdg-ubuntu-xorg:/etc/xdg'), ('XDG_DATA_DIRS', '/usr/share/ubuntu-xorg:/usr/share/gnome:/usr/local/share/:/usr/share/:/var/lib/snapd/desktop'), ('PYTHONPATH', '/home/kepler/Documents/Codex/2026-08-14/microsoft-visual-studio-code-stable-vs/outputs/lightning_lm_ws/install/livox_ros_driver2/local/lib/python3.10/dist-packages:/home/kepler/Documents/Codex/2026-08-14/microsoft-visual-studio-code-stable-vs/outputs/lightning_lm_ws/install/lightning/local/lib/python3.10/dist-packages:/opt/ros/humble/lib/python3.10/site-packages:/opt/ros/humble/local/lib/python3.10/dist-packages'), ('LC_NUMERIC', 'zh_CN.UTF-8'), ('LC_PAPER', 'zh_CN.UTF-8'), ('COLCON', '1'), ('VTE_VERSION', '6800'), ('CMAKE_PREFIX_PATH', '/home/kepler/Documents/Codex/2026-08-14/microsoft-visual-studio-code-stable-vs/outputs/lightning_lm_ws/install/xyp_mid360_navigation:/home/kepler/Documents/Codex/2026-08-14/microsoft-visual-studio-code-stable-vs/outputs/lightning_lm_ws/install/lightning_real:/home/kepler/Documents/Codex/2026-08-14/microsoft-visual-studio-code-stable-vs/outputs/lightning_lm_ws/install/livox_ros_driver2:/home/kepler/Documents/Codex/2026-08-14/microsoft-visual-studio-code-stable-vs/outputs/lightning_lm_ws/install/lightning_sim:/home/kepler/Documents/Codex/2026-08-14/microsoft-visual-studio-code-stable-vs/outputs/lightning_lm_ws/install/lightning:/opt/ros/humble')]), 'shell': False}
[0.800892] (-) TimerEvent: {}
[0.819756] (xyp_mid360_navigation) CommandEnded: {'returncode': 0}
[0.820424] (xyp_mid360_navigation) JobProgress: {'identifier': 'xyp_mid360_navigation', 'progress': 'install'}
[0.820595] (xyp_mid360_navigation) Command: {'cmd': ['/usr/bin/cmake', '--install', '/home/kepler/Documents/Codex/2026-08-14/microsoft-visual-studio-code-stable-vs/outputs/lightning_lm_ws/build/xyp_mid360_navigation'], 'cwd': '/home/kepler/Documents/Codex/2026-08-14/microsoft-visual-studio-code-stable-vs/outputs/lightning_lm_ws/build/xyp_mid360_navigation', 'env': OrderedDict([('GJS_DEBUG_TOPICS', 'JS ERROR;JS LOG'), ('LESSOPEN', '| /usr/bin/lesspipe %s'), ('LANGUAGE', 'en_US:en'), ('USER', 'kepler'), ('LC_TIME', 'zh_CN.UTF-8'), ('XDG_SESSION_TYPE', 'x11'), ('SHLVL', '1'), ('LD_LIBRARY_PATH', '/home/kepler/Documents/Codex/2026-08-14/microsoft-visual-studio-code-stable-vs/outputs/lightning_lm_ws/install/livox_ros_driver2/lib:/home/kepler/Documents/Codex/2026-08-14/microsoft-visual-studio-code-stable-vs/outputs/lightning_lm_ws/install/lightning/lib:/opt/ros/humble/opt/rviz_ogre_vendor/lib:/opt/ros/humble/lib/x86_64-linux-gnu:/opt/ros/humble/lib'), ('HOME', '/home/kepler'), ('OLDPWD', '/home/kepler/Documents/Codex/2026-08-14/microsoft-visual-studio-code-stable-vs/outputs/lightning_lm_ws'), ('DESKTOP_SESSION', 'ubuntu-xorg'), ('GIO_LAUNCHED_DESKTOP_FILE', '/usr/share/applications/terminator.desktop'), ('ROS_PYTHON_VERSION', '3'), ('GNOME_SHELL_SESSION_MODE', 'ubuntu'), ('GTK_MODULES', 'gail:atk-bridge'), ('LC_MONETARY', 'zh_CN.UTF-8'), ('MANAGERPID', '3500454'), ('SYSTEMD_EXEC_PID', '3501327'), ('DBUS_SESSION_BUS_ADDRESS', 'unix:path=/run/user/1000/bus'), ('COLORTERM', 'truecolor'), ('TERMINATOR_DBUS_NAME', 'net.tenshu.Terminator21a9d5db22c73a993ff0b42f64b396873'), ('GIO_LAUNCHED_DESKTOP_FILE_PID', '274160'), ('COLCON_PREFIX_PATH', '/home/kepler/Documents/Codex/2026-08-14/microsoft-visual-studio-code-stable-vs/outputs/lightning_lm_ws/install'), ('ROS_DISTRO', 'humble'), ('GTK_IM_MODULE', 'ibus'), ('LOGNAME', 'kepler'), ('JOURNAL_STREAM', '8:233841802'), ('_', '/usr/bin/colcon'), ('ROS_VERSION', '2'), ('XDG_SESSION_CLASS', 'user'), ('USERNAME', 'kepler'), ('TERM', 'xterm-256color'), ('GNOME_DESKTOP_SESSION_ID', 'this-is-deprecated'), ('ROS_LOCALHOST_ONLY', '0'), ('WINDOWPATH', '2'), ('PATH', '/opt/ros/humble/bin:/usr/local/sbin:/usr/local/bin:/usr/sbin:/usr/bin:/sbin:/bin:/usr/games:/usr/local/games:/snap/bin:/snap/bin'), ('SESSION_MANAGER', 'local/KPLNB151:@/tmp/.ICE-unix/3501304,unix/KPLNB151:/tmp/.ICE-unix/3501304'), ('INVOCATION_ID', '402358b4ecfa44ad9a5621631f067a89'), ('XDG_MENU_PREFIX', 'gnome-'), ('LC_ADDRESS', 'zh_CN.UTF-8'), ('XDG_RUNTIME_DIR', '/run/user/1000'), ('DISPLAY', ':0'), ('TERMINATOR_DBUS_PATH', '/net/tenshu/Terminator2'), ('LANG', 'en_US.UTF-8'), ('XDG_CURRENT_DESKTOP', 'ubuntu:GNOME'), ('IBUS_DISABLE_SNOOPER', '1'), ('LC_TELEPHONE', 'zh_CN.UTF-8'), ('XMODIFIERS', '@im=ibus'), ('XDG_SESSION_DESKTOP', 'ubuntu-xorg'), ('XAUTHORITY', '/run/user/1000/gdm/Xauthority'), ('LS_COLORS', 'rs=0:di=01;34:ln=01;36:mh=00:pi=40;33:so=01;35:do=01;35:bd=40;33;01:cd=40;33;01:or=40;31;01:mi=00:su=37;41:sg=30;43:ca=30;41:tw=30;42:ow=34;42:st=37;44:ex=01;32:*.tar=01;31:*.tgz=01;31:*.arc=01;31:*.arj=01;31:*.taz=01;31:*.lha=01;31:*.lz4=01;31:*.lzh=01;31:*.lzma=01;31:*.tlz=01;31:*.txz=01;31:*.tzo=01;31:*.t7z=01;31:*.zip=01;31:*.z=01;31:*.dz=01;31:*.gz=01;31:*.lrz=01;31:*.lz=01;31:*.lzo=01;31:*.xz=01;31:*.zst=01;31:*.tzst=01;31:*.bz2=01;31:*.bz=01;31:*.tbz=01;31:*.tbz2=01;31:*.tz=01;31:*.deb=01;31:*.rpm=01;31:*.jar=01;31:*.war=01;31:*.ear=01;31:*.sar=01;31:*.rar=01;31:*.alz=01;31:*.ace=01;31:*.zoo=01;31:*.cpio=01;31:*.7z=01;31:*.rz=01;31:*.cab=01;31:*.wim=01;31:*.swm=01;31:*.dwm=01;31:*.esd=01;31:*.jpg=01;35:*.jpeg=01;35:*.mjpg=01;35:*.mjpeg=01;35:*.gif=01;35:*.bmp=01;35:*.pbm=01;35:*.pgm=01;35:*.ppm=01;35:*.tga=01;35:*.xbm=01;35:*.xpm=01;35:*.tif=01;35:*.tiff=01;35:*.png=01;35:*.svg=01;35:*.svgz=01;35:*.mng=01;35:*.pcx=01;35:*.mov=01;35:*.mpg=01;35:*.mpeg=01;35:*.m2v=01;35:*.mkv=01;35:*.webm=01;35:*.webp=01;35:*.ogm=01;35:*.mp4=01;35:*.m4v=01;35:*.mp4v=01;35:*.vob=01;35:*.qt=01;35:*.nuv=01;35:*.wmv=01;35:*.asf=01;35:*.rm=01;35:*.rmvb=01;35:*.flc=01;35:*.avi=01;35:*.fli=01;35:*.flv=01;35:*.gl=01;35:*.dl=01;35:*.xcf=01;35:*.xwd=01;35:*.yuv=01;35:*.cgm=01;35:*.emf=01;35:*.ogv=01;35:*.ogx=01;35:*.aac=00;36:*.au=00;36:*.flac=00;36:*.m4a=00;36:*.mid=00;36:*.midi=00;36:*.mka=00;36:*.mp3=00;36:*.mpc=00;36:*.ogg=00;36:*.ra=00;36:*.wav=00;36:*.oga=00;36:*.opus=00;36:*.spx=00;36:*.xspf=00;36:'), ('SSH_AGENT_LAUNCHER', 'gnome-keyring'), ('SSH_AUTH_SOCK', '/run/user/1000/keyring/ssh'), ('AMENT_PREFIX_PATH', '/home/kepler/Documents/Codex/2026-08-14/microsoft-visual-studio-code-stable-vs/outputs/lightning_lm_ws/install/xyp_mid360_navigation:/home/kepler/Documents/Codex/2026-08-14/microsoft-visual-studio-code-stable-vs/outputs/lightning_lm_ws/install/lightning_real:/home/kepler/Documents/Codex/2026-08-14/microsoft-visual-studio-code-stable-vs/outputs/lightning_lm_ws/install/livox_ros_driver2:/home/kepler/Documents/Codex/2026-08-14/microsoft-visual-studio-code-stable-vs/outputs/lightning_lm_ws/install/lightning_sim:/home/kepler/Documents/Codex/2026-08-14/microsoft-visual-studio-code-stable-vs/outputs/lightning_lm_ws/install/lightning:/opt/ros/humble'), ('SHELL', '/bin/bash'), ('LC_NAME', 'zh_CN.UTF-8'), ('TERMINATOR_UUID', 'urn:uuid:4b23d2e1-3909-4a06-8b7b-41dcbf283278'), ('QT_ACCESSIBILITY', '1'), ('GDMSESSION', 'ubuntu-xorg'), ('LESSCLOSE', '/usr/bin/lesspipe %s %s'), ('LC_MEASUREMENT', 'zh_CN.UTF-8'), ('GPG_AGENT_INFO', '/run/user/1000/gnupg/S.gpg-agent:0:1'), ('GJS_DEBUG_OUTPUT', 'stderr'), ('LC_IDENTIFICATION', 'zh_CN.UTF-8'), ('QT_IM_MODULE', 'ibus'), ('PWD', '/home/kepler/Documents/Codex/2026-08-14/microsoft-visual-studio-code-stable-vs/outputs/lightning_lm_ws/build/xyp_mid360_navigation'), ('LC_ALL', 'en_US.UTF-8'), ('XDG_CONFIG_DIRS', '/etc/xdg/xdg-ubuntu-xorg:/etc/xdg'), ('XDG_DATA_DIRS', '/usr/share/ubuntu-xorg:/usr/share/gnome:/usr/local/share/:/usr/share/:/var/lib/snapd/desktop'), ('PYTHONPATH', '/home/kepler/Documents/Codex/2026-08-14/microsoft-visual-studio-code-stable-vs/outputs/lightning_lm_ws/install/livox_ros_driver2/local/lib/python3.10/dist-packages:/home/kepler/Documents/Codex/2026-08-14/microsoft-visual-studio-code-stable-vs/outputs/lightning_lm_ws/install/lightning/local/lib/python3.10/dist-packages:/opt/ros/humble/lib/python3.10/site-packages:/opt/ros/humble/local/lib/python3.10/dist-packages'), ('LC_NUMERIC', 'zh_CN.UTF-8'), ('LC_PAPER', 'zh_CN.UTF-8'), ('COLCON', '1'), ('VTE_VERSION', '6800'), ('CMAKE_PREFIX_PATH', '/home/kepler/Documents/Codex/2026-08-14/microsoft-visual-studio-code-stable-vs/outputs/lightning_lm_ws/install/xyp_mid360_navigation:/home/kepler/Documents/Codex/2026-08-14/microsoft-visual-studio-code-stable-vs/outputs/lightning_lm_ws/install/lightning_real:/home/kepler/Documents/Codex/2026-08-14/microsoft-visual-studio-code-stable-vs/outputs/lightning_lm_ws/install/livox_ros_driver2:/home/kepler/Documents/Codex/2026-08-14/microsoft-visual-studio-code-stable-vs/outputs/lightning_lm_ws/install/lightning_sim:/home/kepler/Documents/Codex/2026-08-14/microsoft-visual-studio-code-stable-vs/outputs/lightning_lm_ws/install/lightning:/opt/ros/humble')]), 'shell': False}
[0.828681] (xyp_mid360_navigation) StdoutLine: {'line': b'-- Install configuration: ""\n'}
[0.829175] (xyp_mid360_navigation) StdoutLine: {'line': b'-- Execute custom install script\n'}
[0.829423] (xyp_mid360_navigation) StdoutLine: {'line': b'-- Up-to-date symlink: /home/kepler/Documents/Codex/2026-08-14/microsoft-visual-studio-code-stable-vs/outputs/lightning_lm_ws/install/xyp_mid360_navigation/lib/xyp_mid360_navigation/odom_handedness_adapter.py\n'}
[0.829544] (xyp_mid360_navigation) StdoutLine: {'line': b'-- Up-to-date symlink: /home/kepler/Documents/Codex/2026-08-14/microsoft-visual-studio-code-stable-vs/outputs/lightning_lm_ws/install/xyp_mid360_navigation/lib/xyp_mid360_navigation/plan_follow_waypoints.py\n'}
[0.829921] (xyp_mid360_navigation) StdoutLine: {'line': b'-- Up-to-date symlink: /home/kepler/Documents/Codex/2026-08-14/microsoft-visual-studio-code-stable-vs/outputs/lightning_lm_ws/install/xyp_mid360_navigation/share/xyp_mid360_navigation/config/nav2_odom_mid360.yaml\n'}
[0.830248] (xyp_mid360_navigation) StdoutLine: {'line': b'-- Up-to-date symlink: /home/kepler/Documents/Codex/2026-08-14/microsoft-visual-studio-code-stable-vs/outputs/lightning_lm_ws/install/xyp_mid360_navigation/share/xyp_mid360_navigation/launch/__pycache__/inspect_costmaps.launch.cpython-310.pyc\n'}
[0.830366] (xyp_mid360_navigation) StdoutLine: {'line': b'-- Up-to-date symlink: /home/kepler/Documents/Codex/2026-08-14/microsoft-visual-studio-code-stable-vs/outputs/lightning_lm_ws/install/xyp_mid360_navigation/share/xyp_mid360_navigation/launch/__pycache__/navigation_chassis.launch.cpython-310.pyc\n'}
[0.830479] (xyp_mid360_navigation) StdoutLine: {'line': b'-- Up-to-date symlink: /home/kepler/Documents/Codex/2026-08-14/microsoft-visual-studio-code-stable-vs/outputs/lightning_lm_ws/install/xyp_mid360_navigation/share/xyp_mid360_navigation/launch/inspect_costmaps.launch.py\n'}
[0.830589] (xyp_mid360_navigation) StdoutLine: {'line': b'-- Up-to-date symlink: /home/kepler/Documents/Codex/2026-08-14/microsoft-visual-studio-code-stable-vs/outputs/lightning_lm_ws/install/xyp_mid360_navigation/share/xyp_mid360_navigation/launch/navigation_chassis.launch.py\n'}
[0.830772] (xyp_mid360_navigation) StdoutLine: {'line': b'-- Up-to-date symlink: /home/kepler/Documents/Codex/2026-08-14/microsoft-visual-studio-code-stable-vs/outputs/lightning_lm_ws/install/xyp_mid360_navigation/share/ament_index/resource_index/package_run_dependencies/xyp_mid360_navigation\n'}
[0.830968] (xyp_mid360_navigation) StdoutLine: {'line': b'-- Up-to-date symlink: /home/kepler/Documents/Codex/2026-08-14/microsoft-visual-studio-code-stable-vs/outputs/lightning_lm_ws/install/xyp_mid360_navigation/share/ament_index/resource_index/parent_prefix_path/xyp_mid360_navigation\n'}
[0.831128] (xyp_mid360_navigation) StdoutLine: {'line': b'-- Up-to-date symlink: /home/kepler/Documents/Codex/2026-08-14/microsoft-visual-studio-code-stable-vs/outputs/lightning_lm_ws/install/xyp_mid360_navigation/share/xyp_mid360_navigation/environment/ament_prefix_path.sh\n'}
[0.831292] (xyp_mid360_navigation) StdoutLine: {'line': b'-- Up-to-date symlink: /home/kepler/Documents/Codex/2026-08-14/microsoft-visual-studio-code-stable-vs/outputs/lightning_lm_ws/install/xyp_mid360_navigation/share/xyp_mid360_navigation/environment/ament_prefix_path.dsv\n'}
[0.831444] (xyp_mid360_navigation) StdoutLine: {'line': b'-- Up-to-date symlink: /home/kepler/Documents/Codex/2026-08-14/microsoft-visual-studio-code-stable-vs/outputs/lightning_lm_ws/install/xyp_mid360_navigation/share/xyp_mid360_navigation/environment/path.sh\n'}
[0.831600] (xyp_mid360_navigation) StdoutLine: {'line': b'-- Up-to-date symlink: /home/kepler/Documents/Codex/2026-08-14/microsoft-visual-studio-code-stable-vs/outputs/lightning_lm_ws/install/xyp_mid360_navigation/share/xyp_mid360_navigation/environment/path.dsv\n'}
[0.831784] (xyp_mid360_navigation) StdoutLine: {'line': b'-- Up-to-date symlink: /home/kepler/Documents/Codex/2026-08-14/microsoft-visual-studio-code-stable-vs/outputs/lightning_lm_ws/install/xyp_mid360_navigation/share/xyp_mid360_navigation/local_setup.bash\n'}
[0.832058] (xyp_mid360_navigation) StdoutLine: {'line': b'-- Up-to-date symlink: /home/kepler/Documents/Codex/2026-08-14/microsoft-visual-studio-code-stable-vs/outputs/lightning_lm_ws/install/xyp_mid360_navigation/share/xyp_mid360_navigation/local_setup.sh\n'}
[0.832169] (xyp_mid360_navigation) StdoutLine: {'line': b'-- Up-to-date symlink: /home/kepler/Documents/Codex/2026-08-14/microsoft-visual-studio-code-stable-vs/outputs/lightning_lm_ws/install/xyp_mid360_navigation/share/xyp_mid360_navigation/local_setup.zsh\n'}
[0.832339] (xyp_mid360_navigation) StdoutLine: {'line': b'-- Up-to-date symlink: /home/kepler/Documents/Codex/2026-08-14/microsoft-visual-studio-code-stable-vs/outputs/lightning_lm_ws/install/xyp_mid360_navigation/share/xyp_mid360_navigation/local_setup.dsv\n'}
[0.832442] (xyp_mid360_navigation) StdoutLine: {'line': b'-- Symlinking: /home/kepler/Documents/Codex/2026-08-14/microsoft-visual-studio-code-stable-vs/outputs/lightning_lm_ws/install/xyp_mid360_navigation/share/xyp_mid360_navigation/package.dsv\n'}
[0.839754] (xyp_mid360_navigation) StdoutLine: {'line': b'-- Up-to-date symlink: /home/kepler/Documents/Codex/2026-08-14/microsoft-visual-studio-code-stable-vs/outputs/lightning_lm_ws/install/xyp_mid360_navigation/share/ament_index/resource_index/packages/xyp_mid360_navigation\n'}
[0.839974] (xyp_mid360_navigation) StdoutLine: {'line': b'-- Up-to-date symlink: /home/kepler/Documents/Codex/2026-08-14/microsoft-visual-studio-code-stable-vs/outputs/lightning_lm_ws/install/xyp_mid360_navigation/share/xyp_mid360_navigation/cmake/xyp_mid360_navigationConfig.cmake\n'}
[0.840054] (xyp_mid360_navigation) StdoutLine: {'line': b'-- Up-to-date symlink: /home/kepler/Documents/Codex/2026-08-14/microsoft-visual-studio-code-stable-vs/outputs/lightning_lm_ws/install/xyp_mid360_navigation/share/xyp_mid360_navigation/cmake/xyp_mid360_navigationConfig-version.cmake\n'}
[0.840140] (xyp_mid360_navigation) StdoutLine: {'line': b'-- Up-to-date symlink: /home/kepler/Documents/Codex/2026-08-14/microsoft-visual-studio-code-stable-vs/outputs/lightning_lm_ws/install/xyp_mid360_navigation/share/xyp_mid360_navigation/package.xml\n'}
[0.842233] (xyp_mid360_navigation) CommandEnded: {'returncode': 0}
[0.853892] (xyp_mid360_navigation) JobEnded: {'identifier': 'xyp_mid360_navigation', 'rc': 0}
[0.854673] (lightning_real) JobStarted: {'identifier': 'lightning_real'}
[0.860440] (lightning_real) JobProgress: {'identifier': 'lightning_real', 'progress': 'cmake'}
[0.861560] (lightning_real) JobProgress: {'identifier': 'lightning_real', 'progress': 'build'}
[0.861887] (lightning_real) Command: {'cmd': ['/usr/bin/cmake', '--build', '/home/kepler/Documents/Codex/2026-08-14/microsoft-visual-studio-code-stable-vs/outputs/lightning_lm_ws/build/lightning_real', '--', '-j28', '-l28'], 'cwd': '/home/kepler/Documents/Codex/2026-08-14/microsoft-visual-studio-code-stable-vs/outputs/lightning_lm_ws/build/lightning_real', 'env': OrderedDict([('GJS_DEBUG_TOPICS', 'JS ERROR;JS LOG'), ('LESSOPEN', '| /usr/bin/lesspipe %s'), ('LANGUAGE', 'en_US:en'), ('USER', 'kepler'), ('LC_TIME', 'zh_CN.UTF-8'), ('XDG_SESSION_TYPE', 'x11'), ('SHLVL', '1'), ('LD_LIBRARY_PATH', '/home/kepler/Documents/Codex/2026-08-14/microsoft-visual-studio-code-stable-vs/outputs/lightning_lm_ws/install/livox_ros_driver2/lib:/home/kepler/Documents/Codex/2026-08-14/microsoft-visual-studio-code-stable-vs/outputs/lightning_lm_ws/install/lightning/lib:/opt/ros/humble/opt/rviz_ogre_vendor/lib:/opt/ros/humble/lib/x86_64-linux-gnu:/opt/ros/humble/lib'), ('HOME', '/home/kepler'), ('OLDPWD', '/home/kepler/Documents/Codex/2026-08-14/microsoft-visual-studio-code-stable-vs/outputs/lightning_lm_ws'), ('DESKTOP_SESSION', 'ubuntu-xorg'), ('GIO_LAUNCHED_DESKTOP_FILE', '/usr/share/applications/terminator.desktop'), ('ROS_PYTHON_VERSION', '3'), ('GNOME_SHELL_SESSION_MODE', 'ubuntu'), ('GTK_MODULES', 'gail:atk-bridge'), ('LC_MONETARY', 'zh_CN.UTF-8'), ('MANAGERPID', '3500454'), ('SYSTEMD_EXEC_PID', '3501327'), ('DBUS_SESSION_BUS_ADDRESS', 'unix:path=/run/user/1000/bus'), ('COLORTERM', 'truecolor'), ('TERMINATOR_DBUS_NAME', 'net.tenshu.Terminator21a9d5db22c73a993ff0b42f64b396873'), ('GIO_LAUNCHED_DESKTOP_FILE_PID', '274160'), ('COLCON_PREFIX_PATH', '/home/kepler/Documents/Codex/2026-08-14/microsoft-visual-studio-code-stable-vs/outputs/lightning_lm_ws/install'), ('ROS_DISTRO', 'humble'), ('GTK_IM_MODULE', 'ibus'), ('LOGNAME', 'kepler'), ('JOURNAL_STREAM', '8:233841802'), ('_', '/usr/bin/colcon'), ('ROS_VERSION', '2'), ('XDG_SESSION_CLASS', 'user'), ('USERNAME', 'kepler'), ('TERM', 'xterm-256color'), ('GNOME_DESKTOP_SESSION_ID', 'this-is-deprecated'), ('ROS_LOCALHOST_ONLY', '0'), ('WINDOWPATH', '2'), ('PATH', '/opt/ros/humble/bin:/usr/local/sbin:/usr/local/bin:/usr/sbin:/usr/bin:/sbin:/bin:/usr/games:/usr/local/games:/snap/bin:/snap/bin'), ('SESSION_MANAGER', 'local/KPLNB151:@/tmp/.ICE-unix/3501304,unix/KPLNB151:/tmp/.ICE-unix/3501304'), ('INVOCATION_ID', '402358b4ecfa44ad9a5621631f067a89'), ('XDG_MENU_PREFIX', 'gnome-'), ('LC_ADDRESS', 'zh_CN.UTF-8'), ('XDG_RUNTIME_DIR', '/run/user/1000'), ('DISPLAY', ':0'), ('TERMINATOR_DBUS_PATH', '/net/tenshu/Terminator2'), ('LANG', 'en_US.UTF-8'), ('XDG_CURRENT_DESKTOP', 'ubuntu:GNOME'), ('IBUS_DISABLE_SNOOPER', '1'), ('LC_TELEPHONE', 'zh_CN.UTF-8'), ('XMODIFIERS', '@im=ibus'), ('XDG_SESSION_DESKTOP', 'ubuntu-xorg'), ('XAUTHORITY', '/run/user/1000/gdm/Xauthority'), ('LS_COLORS', 'rs=0:di=01;34:ln=01;36:mh=00:pi=40;33:so=01;35:do=01;35:bd=40;33;01:cd=40;33;01:or=40;31;01:mi=00:su=37;41:sg=30;43:ca=30;41:tw=30;42:ow=34;42:st=37;44:ex=01;32:*.tar=01;31:*.tgz=01;31:*.arc=01;31:*.arj=01;31:*.taz=01;31:*.lha=01;31:*.lz4=01;31:*.lzh=01;31:*.lzma=01;31:*.tlz=01;31:*.txz=01;31:*.tzo=01;31:*.t7z=01;31:*.zip=01;31:*.z=01;31:*.dz=01;31:*.gz=01;31:*.lrz=01;31:*.lz=01;31:*.lzo=01;31:*.xz=01;31:*.zst=01;31:*.tzst=01;31:*.bz2=01;31:*.bz=01;31:*.tbz=01;31:*.tbz2=01;31:*.tz=01;31:*.deb=01;31:*.rpm=01;31:*.jar=01;31:*.war=01;31:*.ear=01;31:*.sar=01;31:*.rar=01;31:*.alz=01;31:*.ace=01;31:*.zoo=01;31:*.cpio=01;31:*.7z=01;31:*.rz=01;31:*.cab=01;31:*.wim=01;31:*.swm=01;31:*.dwm=01;31:*.esd=01;31:*.jpg=01;35:*.jpeg=01;35:*.mjpg=01;35:*.mjpeg=01;35:*.gif=01;35:*.bmp=01;35:*.pbm=01;35:*.pgm=01;35:*.ppm=01;35:*.tga=01;35:*.xbm=01;35:*.xpm=01;35:*.tif=01;35:*.tiff=01;35:*.png=01;35:*.svg=01;35:*.svgz=01;35:*.mng=01;35:*.pcx=01;35:*.mov=01;35:*.mpg=01;35:*.mpeg=01;35:*.m2v=01;35:*.mkv=01;35:*.webm=01;35:*.webp=01;35:*.ogm=01;35:*.mp4=01;35:*.m4v=01;35:*.mp4v=01;35:*.vob=01;35:*.qt=01;35:*.nuv=01;35:*.wmv=01;35:*.asf=01;35:*.rm=01;35:*.rmvb=01;35:*.flc=01;35:*.avi=01;35:*.fli=01;35:*.flv=01;35:*.gl=01;35:*.dl=01;35:*.xcf=01;35:*.xwd=01;35:*.yuv=01;35:*.cgm=01;35:*.emf=01;35:*.ogv=01;35:*.ogx=01;35:*.aac=00;36:*.au=00;36:*.flac=00;36:*.m4a=00;36:*.mid=00;36:*.midi=00;36:*.mka=00;36:*.mp3=00;36:*.mpc=00;36:*.ogg=00;36:*.ra=00;36:*.wav=00;36:*.oga=00;36:*.opus=00;36:*.spx=00;36:*.xspf=00;36:'), ('SSH_AGENT_LAUNCHER', 'gnome-keyring'), ('SSH_AUTH_SOCK', '/run/user/1000/keyring/ssh'), ('AMENT_PREFIX_PATH', '/home/kepler/Documents/Codex/2026-08-14/microsoft-visual-studio-code-stable-vs/outputs/lightning_lm_ws/install/xyp_mid360_navigation:/home/kepler/Documents/Codex/2026-08-14/microsoft-visual-studio-code-stable-vs/outputs/lightning_lm_ws/install/lightning_real:/home/kepler/Documents/Codex/2026-08-14/microsoft-visual-studio-code-stable-vs/outputs/lightning_lm_ws/install/livox_ros_driver2:/home/kepler/Documents/Codex/2026-08-14/microsoft-visual-studio-code-stable-vs/outputs/lightning_lm_ws/install/lightning_sim:/home/kepler/Documents/Codex/2026-08-14/microsoft-visual-studio-code-stable-vs/outputs/lightning_lm_ws/install/lightning:/opt/ros/humble'), ('SHELL', '/bin/bash'), ('LC_NAME', 'zh_CN.UTF-8'), ('TERMINATOR_UUID', 'urn:uuid:4b23d2e1-3909-4a06-8b7b-41dcbf283278'), ('QT_ACCESSIBILITY', '1'), ('GDMSESSION', 'ubuntu-xorg'), ('LESSCLOSE', '/usr/bin/lesspipe %s %s'), ('LC_MEASUREMENT', 'zh_CN.UTF-8'), ('GPG_AGENT_INFO', '/run/user/1000/gnupg/S.gpg-agent:0:1'), ('GJS_DEBUG_OUTPUT', 'stderr'), ('LC_IDENTIFICATION', 'zh_CN.UTF-8'), ('QT_IM_MODULE', 'ibus'), ('PWD', '/home/kepler/Documents/Codex/2026-08-14/microsoft-visual-studio-code-stable-vs/outputs/lightning_lm_ws/build/lightning_real'), ('LC_ALL', 'en_US.UTF-8'), ('XDG_CONFIG_DIRS', '/etc/xdg/xdg-ubuntu-xorg:/etc/xdg'), ('XDG_DATA_DIRS', '/usr/share/ubuntu-xorg:/usr/share/gnome:/usr/local/share/:/usr/share/:/var/lib/snapd/desktop'), ('PYTHONPATH', '/home/kepler/Documents/Codex/2026-08-14/microsoft-visual-studio-code-stable-vs/outputs/lightning_lm_ws/install/livox_ros_driver2/local/lib/python3.10/dist-packages:/home/kepler/Documents/Codex/2026-08-14/microsoft-visual-studio-code-stable-vs/outputs/lightning_lm_ws/install/lightning/local/lib/python3.10/dist-packages:/opt/ros/humble/lib/python3.10/site-packages:/opt/ros/humble/local/lib/python3.10/dist-packages'), ('LC_NUMERIC', 'zh_CN.UTF-8'), ('LC_PAPER', 'zh_CN.UTF-8'), ('COLCON', '1'), ('VTE_VERSION', '6800'), ('CMAKE_PREFIX_PATH', '/home/kepler/Documents/Codex/2026-08-14/microsoft-visual-studio-code-stable-vs/outputs/lightning_lm_ws/install/livox_ros_driver2:/home/kepler/Documents/Codex/2026-08-14/microsoft-visual-studio-code-stable-vs/outputs/lightning_lm_ws/install/xyp_mid360_navigation:/home/kepler/Documents/Codex/2026-08-14/microsoft-visual-studio-code-stable-vs/outputs/lightning_lm_ws/install/lightning_real:/home/kepler/Documents/Codex/2026-08-14/microsoft-visual-studio-code-stable-vs/outputs/lightning_lm_ws/install/lightning_sim:/home/kepler/Documents/Codex/2026-08-14/microsoft-visual-studio-code-stable-vs/outputs/lightning_lm_ws/install/lightning:/opt/ros/humble')]), 'shell': False}
[0.900995] (-) TimerEvent: {}
[0.909332] (lightning_real) StdoutLine: {'line': b'[100%] Built target livox_custom_to_pointcloud2\n'}
[0.920173] (lightning_real) CommandEnded: {'returncode': 0}
[0.920869] (lightning_real) JobProgress: {'identifier': 'lightning_real', 'progress': 'install'}
[0.921804] (lightning_real) Command: {'cmd': ['/usr/bin/cmake', '--install', '/home/kepler/Documents/Codex/2026-08-14/microsoft-visual-studio-code-stable-vs/outputs/lightning_lm_ws/build/lightning_real'], 'cwd': '/home/kepler/Documents/Codex/2026-08-14/microsoft-visual-studio-code-stable-vs/outputs/lightning_lm_ws/build/lightning_real', 'env': OrderedDict([('GJS_DEBUG_TOPICS', 'JS ERROR;JS LOG'), ('LESSOPEN', '| /usr/bin/lesspipe %s'), ('LANGUAGE', 'en_US:en'), ('USER', 'kepler'), ('LC_TIME', 'zh_CN.UTF-8'), ('XDG_SESSION_TYPE', 'x11'), ('SHLVL', '1'), ('LD_LIBRARY_PATH', '/home/kepler/Documents/Codex/2026-08-14/microsoft-visual-studio-code-stable-vs/outputs/lightning_lm_ws/install/livox_ros_driver2/lib:/home/kepler/Documents/Codex/2026-08-14/microsoft-visual-studio-code-stable-vs/outputs/lightning_lm_ws/install/lightning/lib:/opt/ros/humble/opt/rviz_ogre_vendor/lib:/opt/ros/humble/lib/x86_64-linux-gnu:/opt/ros/humble/lib'), ('HOME', '/home/kepler'), ('OLDPWD', '/home/kepler/Documents/Codex/2026-08-14/microsoft-visual-studio-code-stable-vs/outputs/lightning_lm_ws'), ('DESKTOP_SESSION', 'ubuntu-xorg'), ('GIO_LAUNCHED_DESKTOP_FILE', '/usr/share/applications/terminator.desktop'), ('ROS_PYTHON_VERSION', '3'), ('GNOME_SHELL_SESSION_MODE', 'ubuntu'), ('GTK_MODULES', 'gail:atk-bridge'), ('LC_MONETARY', 'zh_CN.UTF-8'), ('MANAGERPID', '3500454'), ('SYSTEMD_EXEC_PID', '3501327'), ('DBUS_SESSION_BUS_ADDRESS', 'unix:path=/run/user/1000/bus'), ('COLORTERM', 'truecolor'), ('TERMINATOR_DBUS_NAME', 'net.tenshu.Terminator21a9d5db22c73a993ff0b42f64b396873'), ('GIO_LAUNCHED_DESKTOP_FILE_PID', '274160'), ('COLCON_PREFIX_PATH', '/home/kepler/Documents/Codex/2026-08-14/microsoft-visual-studio-code-stable-vs/outputs/lightning_lm_ws/install'), ('ROS_DISTRO', 'humble'), ('GTK_IM_MODULE', 'ibus'), ('LOGNAME', 'kepler'), ('JOURNAL_STREAM', '8:233841802'), ('_', '/usr/bin/colcon'), ('ROS_VERSION', '2'), ('XDG_SESSION_CLASS', 'user'), ('USERNAME', 'kepler'), ('TERM', 'xterm-256color'), ('GNOME_DESKTOP_SESSION_ID', 'this-is-deprecated'), ('ROS_LOCALHOST_ONLY', '0'), ('WINDOWPATH', '2'), ('PATH', '/opt/ros/humble/bin:/usr/local/sbin:/usr/local/bin:/usr/sbin:/usr/bin:/sbin:/bin:/usr/games:/usr/local/games:/snap/bin:/snap/bin'), ('SESSION_MANAGER', 'local/KPLNB151:@/tmp/.ICE-unix/3501304,unix/KPLNB151:/tmp/.ICE-unix/3501304'), ('INVOCATION_ID', '402358b4ecfa44ad9a5621631f067a89'), ('XDG_MENU_PREFIX', 'gnome-'), ('LC_ADDRESS', 'zh_CN.UTF-8'), ('XDG_RUNTIME_DIR', '/run/user/1000'), ('DISPLAY', ':0'), ('TERMINATOR_DBUS_PATH', '/net/tenshu/Terminator2'), ('LANG', 'en_US.UTF-8'), ('XDG_CURRENT_DESKTOP', 'ubuntu:GNOME'), ('IBUS_DISABLE_SNOOPER', '1'), ('LC_TELEPHONE', 'zh_CN.UTF-8'), ('XMODIFIERS', '@im=ibus'), ('XDG_SESSION_DESKTOP', 'ubuntu-xorg'), ('XAUTHORITY', '/run/user/1000/gdm/Xauthority'), ('LS_COLORS', 'rs=0:di=01;34:ln=01;36:mh=00:pi=40;33:so=01;35:do=01;35:bd=40;33;01:cd=40;33;01:or=40;31;01:mi=00:su=37;41:sg=30;43:ca=30;41:tw=30;42:ow=34;42:st=37;44:ex=01;32:*.tar=01;31:*.tgz=01;31:*.arc=01;31:*.arj=01;31:*.taz=01;31:*.lha=01;31:*.lz4=01;31:*.lzh=01;31:*.lzma=01;31:*.tlz=01;31:*.txz=01;31:*.tzo=01;31:*.t7z=01;31:*.zip=01;31:*.z=01;31:*.dz=01;31:*.gz=01;31:*.lrz=01;31:*.lz=01;31:*.lzo=01;31:*.xz=01;31:*.zst=01;31:*.tzst=01;31:*.bz2=01;31:*.bz=01;31:*.tbz=01;31:*.tbz2=01;31:*.tz=01;31:*.deb=01;31:*.rpm=01;31:*.jar=01;31:*.war=01;31:*.ear=01;31:*.sar=01;31:*.rar=01;31:*.alz=01;31:*.ace=01;31:*.zoo=01;31:*.cpio=01;31:*.7z=01;31:*.rz=01;31:*.cab=01;31:*.wim=01;31:*.swm=01;31:*.dwm=01;31:*.esd=01;31:*.jpg=01;35:*.jpeg=01;35:*.mjpg=01;35:*.mjpeg=01;35:*.gif=01;35:*.bmp=01;35:*.pbm=01;35:*.pgm=01;35:*.ppm=01;35:*.tga=01;35:*.xbm=01;35:*.xpm=01;35:*.tif=01;35:*.tiff=01;35:*.png=01;35:*.svg=01;35:*.svgz=01;35:*.mng=01;35:*.pcx=01;35:*.mov=01;35:*.mpg=01;35:*.mpeg=01;35:*.m2v=01;35:*.mkv=01;35:*.webm=01;35:*.webp=01;35:*.ogm=01;35:*.mp4=01;35:*.m4v=01;35:*.mp4v=01;35:*.vob=01;35:*.qt=01;35:*.nuv=01;35:*.wmv=01;35:*.asf=01;35:*.rm=01;35:*.rmvb=01;35:*.flc=01;35:*.avi=01;35:*.fli=01;35:*.flv=01;35:*.gl=01;35:*.dl=01;35:*.xcf=01;35:*.xwd=01;35:*.yuv=01;35:*.cgm=01;35:*.emf=01;35:*.ogv=01;35:*.ogx=01;35:*.aac=00;36:*.au=00;36:*.flac=00;36:*.m4a=00;36:*.mid=00;36:*.midi=00;36:*.mka=00;36:*.mp3=00;36:*.mpc=00;36:*.ogg=00;36:*.ra=00;36:*.wav=00;36:*.oga=00;36:*.opus=00;36:*.spx=00;36:*.xspf=00;36:'), ('SSH_AGENT_LAUNCHER', 'gnome-keyring'), ('SSH_AUTH_SOCK', '/run/user/1000/keyring/ssh'), ('AMENT_PREFIX_PATH', '/home/kepler/Documents/Codex/2026-08-14/microsoft-visual-studio-code-stable-vs/outputs/lightning_lm_ws/install/xyp_mid360_navigation:/home/kepler/Documents/Codex/2026-08-14/microsoft-visual-studio-code-stable-vs/outputs/lightning_lm_ws/install/lightning_real:/home/kepler/Documents/Codex/2026-08-14/microsoft-visual-studio-code-stable-vs/outputs/lightning_lm_ws/install/livox_ros_driver2:/home/kepler/Documents/Codex/2026-08-14/microsoft-visual-studio-code-stable-vs/outputs/lightning_lm_ws/install/lightning_sim:/home/kepler/Documents/Codex/2026-08-14/microsoft-visual-studio-code-stable-vs/outputs/lightning_lm_ws/install/lightning:/opt/ros/humble'), ('SHELL', '/bin/bash'), ('LC_NAME', 'zh_CN.UTF-8'), ('TERMINATOR_UUID', 'urn:uuid:4b23d2e1-3909-4a06-8b7b-41dcbf283278'), ('QT_ACCESSIBILITY', '1'), ('GDMSESSION', 'ubuntu-xorg'), ('LESSCLOSE', '/usr/bin/lesspipe %s %s'), ('LC_MEASUREMENT', 'zh_CN.UTF-8'), ('GPG_AGENT_INFO', '/run/user/1000/gnupg/S.gpg-agent:0:1'), ('GJS_DEBUG_OUTPUT', 'stderr'), ('LC_IDENTIFICATION', 'zh_CN.UTF-8'), ('QT_IM_MODULE', 'ibus'), ('PWD', '/home/kepler/Documents/Codex/2026-08-14/microsoft-visual-studio-code-stable-vs/outputs/lightning_lm_ws/build/lightning_real'), ('LC_ALL', 'en_US.UTF-8'), ('XDG_CONFIG_DIRS', '/etc/xdg/xdg-ubuntu-xorg:/etc/xdg'), ('XDG_DATA_DIRS', '/usr/share/ubuntu-xorg:/usr/share/gnome:/usr/local/share/:/usr/share/:/var/lib/snapd/desktop'), ('PYTHONPATH', '/home/kepler/Documents/Codex/2026-08-14/microsoft-visual-studio-code-stable-vs/outputs/lightning_lm_ws/install/livox_ros_driver2/local/lib/python3.10/dist-packages:/home/kepler/Documents/Codex/2026-08-14/microsoft-visual-studio-code-stable-vs/outputs/lightning_lm_ws/install/lightning/local/lib/python3.10/dist-packages:/opt/ros/humble/lib/python3.10/site-packages:/opt/ros/humble/local/lib/python3.10/dist-packages'), ('LC_NUMERIC', 'zh_CN.UTF-8'), ('LC_PAPER', 'zh_CN.UTF-8'), ('COLCON', '1'), ('VTE_VERSION', '6800'), ('CMAKE_PREFIX_PATH', '/home/kepler/Documents/Codex/2026-08-14/microsoft-visual-studio-code-stable-vs/outputs/lightning_lm_ws/install/livox_ros_driver2:/home/kepler/Documents/Codex/2026-08-14/microsoft-visual-studio-code-stable-vs/outputs/lightning_lm_ws/install/xyp_mid360_navigation:/home/kepler/Documents/Codex/2026-08-14/microsoft-visual-studio-code-stable-vs/outputs/lightning_lm_ws/install/lightning_real:/home/kepler/Documents/Codex/2026-08-14/microsoft-visual-studio-code-stable-vs/outputs/lightning_lm_ws/install/lightning_sim:/home/kepler/Documents/Codex/2026-08-14/microsoft-visual-studio-code-stable-vs/outputs/lightning_lm_ws/install/lightning:/opt/ros/humble')]), 'shell': False}
[0.929197] (lightning_real) StdoutLine: {'line': b'-- Install configuration: ""\n'}
[0.929653] (lightning_real) StdoutLine: {'line': b'-- Execute custom install script\n'}
[0.930100] (lightning_real) StdoutLine: {'line': b'-- Up-to-date symlink: /home/kepler/Documents/Codex/2026-08-14/microsoft-visual-studio-code-stable-vs/outputs/lightning_lm_ws/install/lightning_real/lib/lightning_real/livox_custom_to_pointcloud2\n'}
[0.930207] (lightning_real) StdoutLine: {'line': b'-- Up-to-date symlink: /home/kepler/Documents/Codex/2026-08-14/microsoft-visual-studio-code-stable-vs/outputs/lightning_lm_ws/install/lightning_real/lib/lightning_real/run_offline_slam.sh\n'}
[0.930460] (lightning_real) StdoutLine: {'line': b'-- Up-to-date symlink: /home/kepler/Documents/Codex/2026-08-14/microsoft-visual-studio-code-stable-vs/outputs/lightning_lm_ws/install/lightning_real/share/lightning_real/launch/__pycache__/online_mapping.launch.cpython-310.pyc\n'}
[0.930571] (lightning_real) StdoutLine: {'line': b'-- Up-to-date symlink: /home/kepler/Documents/Codex/2026-08-14/microsoft-visual-studio-code-stable-vs/outputs/lightning_lm_ws/install/lightning_real/share/lightning_real/launch/online_mapping.launch.py\n'}
[0.930654] (lightning_real) StdoutLine: {'line': b'-- Up-to-date symlink: /home/kepler/Documents/Codex/2026-08-14/microsoft-visual-studio-code-stable-vs/outputs/lightning_lm_ws/install/lightning_real/share/lightning_real/launch/view_mid360.launch.py\n'}
[0.930748] (lightning_real) StdoutLine: {'line': b'-- Up-to-date symlink: /home/kepler/Documents/Codex/2026-08-14/microsoft-visual-studio-code-stable-vs/outputs/lightning_lm_ws/install/lightning_real/share/lightning_real/rviz/mid360_raw.rviz\n'}
[0.930834] (lightning_real) StdoutLine: {'line': b'-- Up-to-date symlink: /home/kepler/Documents/Codex/2026-08-14/microsoft-visual-studio-code-stable-vs/outputs/lightning_lm_ws/install/lightning_real/share/lightning_real/rviz/online_mapping.rviz\n'}
[0.930924] (lightning_real) StdoutLine: {'line': b'-- Up-to-date symlink: /home/kepler/Documents/Codex/2026-08-14/microsoft-visual-studio-code-stable-vs/outputs/lightning_lm_ws/install/lightning_real/share/lightning_real/config/mid360_real.yaml\n'}
[0.931034] (lightning_real) StdoutLine: {'line': b'-- Up-to-date symlink: /home/kepler/Documents/Codex/2026-08-14/microsoft-visual-studio-code-stable-vs/outputs/lightning_lm_ws/install/lightning_real/share/ament_index/resource_index/package_run_dependencies/lightning_real\n'}
[0.931133] (lightning_real) StdoutLine: {'line': b'-- Up-to-date symlink: /home/kepler/Documents/Codex/2026-08-14/microsoft-visual-studio-code-stable-vs/outputs/lightning_lm_ws/install/lightning_real/share/ament_index/resource_index/parent_prefix_path/lightning_real\n'}
[0.931220] (lightning_real) StdoutLine: {'line': b'-- Up-to-date symlink: /home/kepler/Documents/Codex/2026-08-14/microsoft-visual-studio-code-stable-vs/outputs/lightning_lm_ws/install/lightning_real/share/lightning_real/environment/ament_prefix_path.sh\n'}
[0.931307] (lightning_real) StdoutLine: {'line': b'-- Up-to-date symlink: /home/kepler/Documents/Codex/2026-08-14/microsoft-visual-studio-code-stable-vs/outputs/lightning_lm_ws/install/lightning_real/share/lightning_real/environment/ament_prefix_path.dsv\n'}
[0.931392] (lightning_real) StdoutLine: {'line': b'-- Up-to-date symlink: /home/kepler/Documents/Codex/2026-08-14/microsoft-visual-studio-code-stable-vs/outputs/lightning_lm_ws/install/lightning_real/share/lightning_real/environment/path.sh\n'}
[0.931476] (lightning_real) StdoutLine: {'line': b'-- Up-to-date symlink: /home/kepler/Documents/Codex/2026-08-14/microsoft-visual-studio-code-stable-vs/outputs/lightning_lm_ws/install/lightning_real/share/lightning_real/environment/path.dsv\n'}
[0.931559] (lightning_real) StdoutLine: {'line': b'-- Up-to-date symlink: /home/kepler/Documents/Codex/2026-08-14/microsoft-visual-studio-code-stable-vs/outputs/lightning_lm_ws/install/lightning_real/share/lightning_real/local_setup.bash\n'}
[0.931641] (lightning_real) StdoutLine: {'line': b'-- Up-to-date symlink: /home/kepler/Documents/Codex/2026-08-14/microsoft-visual-studio-code-stable-vs/outputs/lightning_lm_ws/install/lightning_real/share/lightning_real/local_setup.sh\n'}
[0.931736] (lightning_real) StdoutLine: {'line': b'-- Up-to-date symlink: /home/kepler/Documents/Codex/2026-08-14/microsoft-visual-studio-code-stable-vs/outputs/lightning_lm_ws/install/lightning_real/share/lightning_real/local_setup.zsh\n'}
[0.931813] (lightning_real) StdoutLine: {'line': b'-- Up-to-date symlink: /home/kepler/Documents/Codex/2026-08-14/microsoft-visual-studio-code-stable-vs/outputs/lightning_lm_ws/install/lightning_real/share/lightning_real/local_setup.dsv\n'}
[0.931900] (lightning_real) StdoutLine: {'line': b'-- Symlinking: /home/kepler/Documents/Codex/2026-08-14/microsoft-visual-studio-code-stable-vs/outputs/lightning_lm_ws/install/lightning_real/share/lightning_real/package.dsv\n'}
[0.939871] (lightning_real) StdoutLine: {'line': b'-- Up-to-date symlink: /home/kepler/Documents/Codex/2026-08-14/microsoft-visual-studio-code-stable-vs/outputs/lightning_lm_ws/install/lightning_real/share/ament_index/resource_index/packages/lightning_real\n'}
[0.940043] (lightning_real) StdoutLine: {'line': b'-- Up-to-date symlink: /home/kepler/Documents/Codex/2026-08-14/microsoft-visual-studio-code-stable-vs/outputs/lightning_lm_ws/install/lightning_real/share/lightning_real/cmake/lightning_realConfig.cmake\n'}
[0.940145] (lightning_real) StdoutLine: {'line': b'-- Up-to-date symlink: /home/kepler/Documents/Codex/2026-08-14/microsoft-visual-studio-code-stable-vs/outputs/lightning_lm_ws/install/lightning_real/share/lightning_real/cmake/lightning_realConfig-version.cmake\n'}
[0.940217] (lightning_real) StdoutLine: {'line': b'-- Up-to-date symlink: /home/kepler/Documents/Codex/2026-08-14/microsoft-visual-studio-code-stable-vs/outputs/lightning_lm_ws/install/lightning_real/share/lightning_real/package.xml\n'}
[0.941635] (lightning_real) CommandEnded: {'returncode': 0}
[0.949865] (lightning_real) JobEnded: {'identifier': 'lightning_real', 'rc': 0}
[0.950560] (lightning_sim) JobStarted: {'identifier': 'lightning_sim'}
[0.957740] (lightning_sim) JobProgress: {'identifier': 'lightning_sim', 'progress': 'cmake'}
[0.958270] (lightning_sim) JobProgress: {'identifier': 'lightning_sim', 'progress': 'build'}
[0.958753] (lightning_sim) Command: {'cmd': ['/usr/bin/cmake', '--build', '/home/kepler/Documents/Codex/2026-08-14/microsoft-visual-studio-code-stable-vs/outputs/lightning_lm_ws/build/lightning_sim', '--', '-j28', '-l28'], 'cwd': '/home/kepler/Documents/Codex/2026-08-14/microsoft-visual-studio-code-stable-vs/outputs/lightning_lm_ws/build/lightning_sim', 'env': OrderedDict([('GJS_DEBUG_TOPICS', 'JS ERROR;JS LOG'), ('LESSOPEN', '| /usr/bin/lesspipe %s'), ('LANGUAGE', 'en_US:en'), ('USER', 'kepler'), ('LC_TIME', 'zh_CN.UTF-8'), ('XDG_SESSION_TYPE', 'x11'), ('SHLVL', '1'), ('LD_LIBRARY_PATH', '/home/kepler/Documents/Codex/2026-08-14/microsoft-visual-studio-code-stable-vs/outputs/lightning_lm_ws/install/lightning/lib:/home/kepler/Documents/Codex/2026-08-14/microsoft-visual-studio-code-stable-vs/outputs/lightning_lm_ws/install/livox_ros_driver2/lib:/opt/ros/humble/opt/rviz_ogre_vendor/lib:/opt/ros/humble/lib/x86_64-linux-gnu:/opt/ros/humble/lib'), ('HOME', '/home/kepler'), ('OLDPWD', '/home/kepler/Documents/Codex/2026-08-14/microsoft-visual-studio-code-stable-vs/outputs/lightning_lm_ws'), ('DESKTOP_SESSION', 'ubuntu-xorg'), ('GIO_LAUNCHED_DESKTOP_FILE', '/usr/share/applications/terminator.desktop'), ('ROS_PYTHON_VERSION', '3'), ('GNOME_SHELL_SESSION_MODE', 'ubuntu'), ('GTK_MODULES', 'gail:atk-bridge'), ('LC_MONETARY', 'zh_CN.UTF-8'), ('MANAGERPID', '3500454'), ('SYSTEMD_EXEC_PID', '3501327'), ('DBUS_SESSION_BUS_ADDRESS', 'unix:path=/run/user/1000/bus'), ('COLORTERM', 'truecolor'), ('TERMINATOR_DBUS_NAME', 'net.tenshu.Terminator21a9d5db22c73a993ff0b42f64b396873'), ('GIO_LAUNCHED_DESKTOP_FILE_PID', '274160'), ('COLCON_PREFIX_PATH', '/home/kepler/Documents/Codex/2026-08-14/microsoft-visual-studio-code-stable-vs/outputs/lightning_lm_ws/install'), ('ROS_DISTRO', 'humble'), ('GTK_IM_MODULE', 'ibus'), ('LOGNAME', 'kepler'), ('JOURNAL_STREAM', '8:233841802'), ('_', '/usr/bin/colcon'), ('ROS_VERSION', '2'), ('XDG_SESSION_CLASS', 'user'), ('USERNAME', 'kepler'), ('TERM', 'xterm-256color'), ('GNOME_DESKTOP_SESSION_ID', 'this-is-deprecated'), ('ROS_LOCALHOST_ONLY', '0'), ('WINDOWPATH', '2'), ('PATH', '/opt/ros/humble/bin:/usr/local/sbin:/usr/local/bin:/usr/sbin:/usr/bin:/sbin:/bin:/usr/games:/usr/local/games:/snap/bin:/snap/bin'), ('SESSION_MANAGER', 'local/KPLNB151:@/tmp/.ICE-unix/3501304,unix/KPLNB151:/tmp/.ICE-unix/3501304'), ('INVOCATION_ID', '402358b4ecfa44ad9a5621631f067a89'), ('XDG_MENU_PREFIX', 'gnome-'), ('LC_ADDRESS', 'zh_CN.UTF-8'), ('XDG_RUNTIME_DIR', '/run/user/1000'), ('DISPLAY', ':0'), ('TERMINATOR_DBUS_PATH', '/net/tenshu/Terminator2'), ('LANG', 'en_US.UTF-8'), ('XDG_CURRENT_DESKTOP', 'ubuntu:GNOME'), ('IBUS_DISABLE_SNOOPER', '1'), ('LC_TELEPHONE', 'zh_CN.UTF-8'), ('XMODIFIERS', '@im=ibus'), ('XDG_SESSION_DESKTOP', 'ubuntu-xorg'), ('XAUTHORITY', '/run/user/1000/gdm/Xauthority'), ('LS_COLORS', 'rs=0:di=01;34:ln=01;36:mh=00:pi=40;33:so=01;35:do=01;35:bd=40;33;01:cd=40;33;01:or=40;31;01:mi=00:su=37;41:sg=30;43:ca=30;41:tw=30;42:ow=34;42:st=37;44:ex=01;32:*.tar=01;31:*.tgz=01;31:*.arc=01;31:*.arj=01;31:*.taz=01;31:*.lha=01;31:*.lz4=01;31:*.lzh=01;31:*.lzma=01;31:*.tlz=01;31:*.txz=01;31:*.tzo=01;31:*.t7z=01;31:*.zip=01;31:*.z=01;31:*.dz=01;31:*.gz=01;31:*.lrz=01;31:*.lz=01;31:*.lzo=01;31:*.xz=01;31:*.zst=01;31:*.tzst=01;31:*.bz2=01;31:*.bz=01;31:*.tbz=01;31:*.tbz2=01;31:*.tz=01;31:*.deb=01;31:*.rpm=01;31:*.jar=01;31:*.war=01;31:*.ear=01;31:*.sar=01;31:*.rar=01;31:*.alz=01;31:*.ace=01;31:*.zoo=01;31:*.cpio=01;31:*.7z=01;31:*.rz=01;31:*.cab=01;31:*.wim=01;31:*.swm=01;31:*.dwm=01;31:*.esd=01;31:*.jpg=01;35:*.jpeg=01;35:*.mjpg=01;35:*.mjpeg=01;35:*.gif=01;35:*.bmp=01;35:*.pbm=01;35:*.pgm=01;35:*.ppm=01;35:*.tga=01;35:*.xbm=01;35:*.xpm=01;35:*.tif=01;35:*.tiff=01;35:*.png=01;35:*.svg=01;35:*.svgz=01;35:*.mng=01;35:*.pcx=01;35:*.mov=01;35:*.mpg=01;35:*.mpeg=01;35:*.m2v=01;35:*.mkv=01;35:*.webm=01;35:*.webp=01;35:*.ogm=01;35:*.mp4=01;35:*.m4v=01;35:*.mp4v=01;35:*.vob=01;35:*.qt=01;35:*.nuv=01;35:*.wmv=01;35:*.asf=01;35:*.rm=01;35:*.rmvb=01;35:*.flc=01;35:*.avi=01;35:*.fli=01;35:*.flv=01;35:*.gl=01;35:*.dl=01;35:*.xcf=01;35:*.xwd=01;35:*.yuv=01;35:*.cgm=01;35:*.emf=01;35:*.ogv=01;35:*.ogx=01;35:*.aac=00;36:*.au=00;36:*.flac=00;36:*.m4a=00;36:*.mid=00;36:*.midi=00;36:*.mka=00;36:*.mp3=00;36:*.mpc=00;36:*.ogg=00;36:*.ra=00;36:*.wav=00;36:*.oga=00;36:*.opus=00;36:*.spx=00;36:*.xspf=00;36:'), ('SSH_AGENT_LAUNCHER', 'gnome-keyring'), ('SSH_AUTH_SOCK', '/run/user/1000/keyring/ssh'), ('AMENT_PREFIX_PATH', '/home/kepler/Documents/Codex/2026-08-14/microsoft-visual-studio-code-stable-vs/outputs/lightning_lm_ws/install/xyp_mid360_navigation:/home/kepler/Documents/Codex/2026-08-14/microsoft-visual-studio-code-stable-vs/outputs/lightning_lm_ws/install/lightning_real:/home/kepler/Documents/Codex/2026-08-14/microsoft-visual-studio-code-stable-vs/outputs/lightning_lm_ws/install/livox_ros_driver2:/home/kepler/Documents/Codex/2026-08-14/microsoft-visual-studio-code-stable-vs/outputs/lightning_lm_ws/install/lightning_sim:/home/kepler/Documents/Codex/2026-08-14/microsoft-visual-studio-code-stable-vs/outputs/lightning_lm_ws/install/lightning:/opt/ros/humble'), ('SHELL', '/bin/bash'), ('LC_NAME', 'zh_CN.UTF-8'), ('TERMINATOR_UUID', 'urn:uuid:4b23d2e1-3909-4a06-8b7b-41dcbf283278'), ('QT_ACCESSIBILITY', '1'), ('GDMSESSION', 'ubuntu-xorg'), ('LESSCLOSE', '/usr/bin/lesspipe %s %s'), ('LC_MEASUREMENT', 'zh_CN.UTF-8'), ('GPG_AGENT_INFO', '/run/user/1000/gnupg/S.gpg-agent:0:1'), ('GJS_DEBUG_OUTPUT', 'stderr'), ('LC_IDENTIFICATION', 'zh_CN.UTF-8'), ('QT_IM_MODULE', 'ibus'), ('PWD', '/home/kepler/Documents/Codex/2026-08-14/microsoft-visual-studio-code-stable-vs/outputs/lightning_lm_ws/build/lightning_sim'), ('LC_ALL', 'en_US.UTF-8'), ('XDG_CONFIG_DIRS', '/etc/xdg/xdg-ubuntu-xorg:/etc/xdg'), ('XDG_DATA_DIRS', '/usr/share/ubuntu-xorg:/usr/share/gnome:/usr/local/share/:/usr/share/:/var/lib/snapd/desktop'), ('PYTHONPATH', '/home/kepler/Documents/Codex/2026-08-14/microsoft-visual-studio-code-stable-vs/outputs/lightning_lm_ws/install/livox_ros_driver2/local/lib/python3.10/dist-packages:/home/kepler/Documents/Codex/2026-08-14/microsoft-visual-studio-code-stable-vs/outputs/lightning_lm_ws/install/lightning/local/lib/python3.10/dist-packages:/opt/ros/humble/lib/python3.10/site-packages:/opt/ros/humble/local/lib/python3.10/dist-packages'), ('LC_NUMERIC', 'zh_CN.UTF-8'), ('LC_PAPER', 'zh_CN.UTF-8'), ('COLCON', '1'), ('VTE_VERSION', '6800'), ('CMAKE_PREFIX_PATH', '/home/kepler/Documents/Codex/2026-08-14/microsoft-visual-studio-code-stable-vs/outputs/lightning_lm_ws/install/lightning:/home/kepler/Documents/Codex/2026-08-14/microsoft-visual-studio-code-stable-vs/outputs/lightning_lm_ws/install/xyp_mid360_navigation:/home/kepler/Documents/Codex/2026-08-14/microsoft-visual-studio-code-stable-vs/outputs/lightning_lm_ws/install/lightning_real:/home/kepler/Documents/Codex/2026-08-14/microsoft-visual-studio-code-stable-vs/outputs/lightning_lm_ws/install/livox_ros_driver2:/home/kepler/Documents/Codex/2026-08-14/microsoft-visual-studio-code-stable-vs/outputs/lightning_lm_ws/install/lightning_sim:/opt/ros/humble')]), 'shell': False}
[1.001132] (-) TimerEvent: {}
[1.010979] (lightning_sim) StdoutLine: {'line': b'[100%] Built target sim_cloud_adapter\n'}
[1.021560] (lightning_sim) CommandEnded: {'returncode': 0}
[1.022225] (lightning_sim) JobProgress: {'identifier': 'lightning_sim', 'progress': 'install'}
[1.022443] (lightning_sim) Command: {'cmd': ['/usr/bin/cmake', '--install', '/home/kepler/Documents/Codex/2026-08-14/microsoft-visual-studio-code-stable-vs/outputs/lightning_lm_ws/build/lightning_sim'], 'cwd': '/home/kepler/Documents/Codex/2026-08-14/microsoft-visual-studio-code-stable-vs/outputs/lightning_lm_ws/build/lightning_sim', 'env': OrderedDict([('GJS_DEBUG_TOPICS', 'JS ERROR;JS LOG'), ('LESSOPEN', '| /usr/bin/lesspipe %s'), ('LANGUAGE', 'en_US:en'), ('USER', 'kepler'), ('LC_TIME', 'zh_CN.UTF-8'), ('XDG_SESSION_TYPE', 'x11'), ('SHLVL', '1'), ('LD_LIBRARY_PATH', '/home/kepler/Documents/Codex/2026-08-14/microsoft-visual-studio-code-stable-vs/outputs/lightning_lm_ws/install/lightning/lib:/home/kepler/Documents/Codex/2026-08-14/microsoft-visual-studio-code-stable-vs/outputs/lightning_lm_ws/install/livox_ros_driver2/lib:/opt/ros/humble/opt/rviz_ogre_vendor/lib:/opt/ros/humble/lib/x86_64-linux-gnu:/opt/ros/humble/lib'), ('HOME', '/home/kepler'), ('OLDPWD', '/home/kepler/Documents/Codex/2026-08-14/microsoft-visual-studio-code-stable-vs/outputs/lightning_lm_ws'), ('DESKTOP_SESSION', 'ubuntu-xorg'), ('GIO_LAUNCHED_DESKTOP_FILE', '/usr/share/applications/terminator.desktop'), ('ROS_PYTHON_VERSION', '3'), ('GNOME_SHELL_SESSION_MODE', 'ubuntu'), ('GTK_MODULES', 'gail:atk-bridge'), ('LC_MONETARY', 'zh_CN.UTF-8'), ('MANAGERPID', '3500454'), ('SYSTEMD_EXEC_PID', '3501327'), ('DBUS_SESSION_BUS_ADDRESS', 'unix:path=/run/user/1000/bus'), ('COLORTERM', 'truecolor'), ('TERMINATOR_DBUS_NAME', 'net.tenshu.Terminator21a9d5db22c73a993ff0b42f64b396873'), ('GIO_LAUNCHED_DESKTOP_FILE_PID', '274160'), ('COLCON_PREFIX_PATH', '/home/kepler/Documents/Codex/2026-08-14/microsoft-visual-studio-code-stable-vs/outputs/lightning_lm_ws/install'), ('ROS_DISTRO', 'humble'), ('GTK_IM_MODULE', 'ibus'), ('LOGNAME', 'kepler'), ('JOURNAL_STREAM', '8:233841802'), ('_', '/usr/bin/colcon'), ('ROS_VERSION', '2'), ('XDG_SESSION_CLASS', 'user'), ('USERNAME', 'kepler'), ('TERM', 'xterm-256color'), ('GNOME_DESKTOP_SESSION_ID', 'this-is-deprecated'), ('ROS_LOCALHOST_ONLY', '0'), ('WINDOWPATH', '2'), ('PATH', '/opt/ros/humble/bin:/usr/local/sbin:/usr/local/bin:/usr/sbin:/usr/bin:/sbin:/bin:/usr/games:/usr/local/games:/snap/bin:/snap/bin'), ('SESSION_MANAGER', 'local/KPLNB151:@/tmp/.ICE-unix/3501304,unix/KPLNB151:/tmp/.ICE-unix/3501304'), ('INVOCATION_ID', '402358b4ecfa44ad9a5621631f067a89'), ('XDG_MENU_PREFIX', 'gnome-'), ('LC_ADDRESS', 'zh_CN.UTF-8'), ('XDG_RUNTIME_DIR', '/run/user/1000'), ('DISPLAY', ':0'), ('TERMINATOR_DBUS_PATH', '/net/tenshu/Terminator2'), ('LANG', 'en_US.UTF-8'), ('XDG_CURRENT_DESKTOP', 'ubuntu:GNOME'), ('IBUS_DISABLE_SNOOPER', '1'), ('LC_TELEPHONE', 'zh_CN.UTF-8'), ('XMODIFIERS', '@im=ibus'), ('XDG_SESSION_DESKTOP', 'ubuntu-xorg'), ('XAUTHORITY', '/run/user/1000/gdm/Xauthority'), ('LS_COLORS', 'rs=0:di=01;34:ln=01;36:mh=00:pi=40;33:so=01;35:do=01;35:bd=40;33;01:cd=40;33;01:or=40;31;01:mi=00:su=37;41:sg=30;43:ca=30;41:tw=30;42:ow=34;42:st=37;44:ex=01;32:*.tar=01;31:*.tgz=01;31:*.arc=01;31:*.arj=01;31:*.taz=01;31:*.lha=01;31:*.lz4=01;31:*.lzh=01;31:*.lzma=01;31:*.tlz=01;31:*.txz=01;31:*.tzo=01;31:*.t7z=01;31:*.zip=01;31:*.z=01;31:*.dz=01;31:*.gz=01;31:*.lrz=01;31:*.lz=01;31:*.lzo=01;31:*.xz=01;31:*.zst=01;31:*.tzst=01;31:*.bz2=01;31:*.bz=01;31:*.tbz=01;31:*.tbz2=01;31:*.tz=01;31:*.deb=01;31:*.rpm=01;31:*.jar=01;31:*.war=01;31:*.ear=01;31:*.sar=01;31:*.rar=01;31:*.alz=01;31:*.ace=01;31:*.zoo=01;31:*.cpio=01;31:*.7z=01;31:*.rz=01;31:*.cab=01;31:*.wim=01;31:*.swm=01;31:*.dwm=01;31:*.esd=01;31:*.jpg=01;35:*.jpeg=01;35:*.mjpg=01;35:*.mjpeg=01;35:*.gif=01;35:*.bmp=01;35:*.pbm=01;35:*.pgm=01;35:*.ppm=01;35:*.tga=01;35:*.xbm=01;35:*.xpm=01;35:*.tif=01;35:*.tiff=01;35:*.png=01;35:*.svg=01;35:*.svgz=01;35:*.mng=01;35:*.pcx=01;35:*.mov=01;35:*.mpg=01;35:*.mpeg=01;35:*.m2v=01;35:*.mkv=01;35:*.webm=01;35:*.webp=01;35:*.ogm=01;35:*.mp4=01;35:*.m4v=01;35:*.mp4v=01;35:*.vob=01;35:*.qt=01;35:*.nuv=01;35:*.wmv=01;35:*.asf=01;35:*.rm=01;35:*.rmvb=01;35:*.flc=01;35:*.avi=01;35:*.fli=01;35:*.flv=01;35:*.gl=01;35:*.dl=01;35:*.xcf=01;35:*.xwd=01;35:*.yuv=01;35:*.cgm=01;35:*.emf=01;35:*.ogv=01;35:*.ogx=01;35:*.aac=00;36:*.au=00;36:*.flac=00;36:*.m4a=00;36:*.mid=00;36:*.midi=00;36:*.mka=00;36:*.mp3=00;36:*.mpc=00;36:*.ogg=00;36:*.ra=00;36:*.wav=00;36:*.oga=00;36:*.opus=00;36:*.spx=00;36:*.xspf=00;36:'), ('SSH_AGENT_LAUNCHER', 'gnome-keyring'), ('SSH_AUTH_SOCK', '/run/user/1000/keyring/ssh'), ('AMENT_PREFIX_PATH', '/home/kepler/Documents/Codex/2026-08-14/microsoft-visual-studio-code-stable-vs/outputs/lightning_lm_ws/install/xyp_mid360_navigation:/home/kepler/Documents/Codex/2026-08-14/microsoft-visual-studio-code-stable-vs/outputs/lightning_lm_ws/install/lightning_real:/home/kepler/Documents/Codex/2026-08-14/microsoft-visual-studio-code-stable-vs/outputs/lightning_lm_ws/install/livox_ros_driver2:/home/kepler/Documents/Codex/2026-08-14/microsoft-visual-studio-code-stable-vs/outputs/lightning_lm_ws/install/lightning_sim:/home/kepler/Documents/Codex/2026-08-14/microsoft-visual-studio-code-stable-vs/outputs/lightning_lm_ws/install/lightning:/opt/ros/humble'), ('SHELL', '/bin/bash'), ('LC_NAME', 'zh_CN.UTF-8'), ('TERMINATOR_UUID', 'urn:uuid:4b23d2e1-3909-4a06-8b7b-41dcbf283278'), ('QT_ACCESSIBILITY', '1'), ('GDMSESSION', 'ubuntu-xorg'), ('LESSCLOSE', '/usr/bin/lesspipe %s %s'), ('LC_MEASUREMENT', 'zh_CN.UTF-8'), ('GPG_AGENT_INFO', '/run/user/1000/gnupg/S.gpg-agent:0:1'), ('GJS_DEBUG_OUTPUT', 'stderr'), ('LC_IDENTIFICATION', 'zh_CN.UTF-8'), ('QT_IM_MODULE', 'ibus'), ('PWD', '/home/kepler/Documents/Codex/2026-08-14/microsoft-visual-studio-code-stable-vs/outputs/lightning_lm_ws/build/lightning_sim'), ('LC_ALL', 'en_US.UTF-8'), ('XDG_CONFIG_DIRS', '/etc/xdg/xdg-ubuntu-xorg:/etc/xdg'), ('XDG_DATA_DIRS', '/usr/share/ubuntu-xorg:/usr/share/gnome:/usr/local/share/:/usr/share/:/var/lib/snapd/desktop'), ('PYTHONPATH', '/home/kepler/Documents/Codex/2026-08-14/microsoft-visual-studio-code-stable-vs/outputs/lightning_lm_ws/install/livox_ros_driver2/local/lib/python3.10/dist-packages:/home/kepler/Documents/Codex/2026-08-14/microsoft-visual-studio-code-stable-vs/outputs/lightning_lm_ws/install/lightning/local/lib/python3.10/dist-packages:/opt/ros/humble/lib/python3.10/site-packages:/opt/ros/humble/local/lib/python3.10/dist-packages'), ('LC_NUMERIC', 'zh_CN.UTF-8'), ('LC_PAPER', 'zh_CN.UTF-8'), ('COLCON', '1'), ('VTE_VERSION', '6800'), ('CMAKE_PREFIX_PATH', '/home/kepler/Documents/Codex/2026-08-14/microsoft-visual-studio-code-stable-vs/outputs/lightning_lm_ws/install/lightning:/home/kepler/Documents/Codex/2026-08-14/microsoft-visual-studio-code-stable-vs/outputs/lightning_lm_ws/install/xyp_mid360_navigation:/home/kepler/Documents/Codex/2026-08-14/microsoft-visual-studio-code-stable-vs/outputs/lightning_lm_ws/install/lightning_real:/home/kepler/Documents/Codex/2026-08-14/microsoft-visual-studio-code-stable-vs/outputs/lightning_lm_ws/install/livox_ros_driver2:/home/kepler/Documents/Codex/2026-08-14/microsoft-visual-studio-code-stable-vs/outputs/lightning_lm_ws/install/lightning_sim:/opt/ros/humble')]), 'shell': False}
[1.029695] (lightning_sim) StdoutLine: {'line': b'-- Install configuration: ""\n'}
[1.030023] (lightning_sim) StdoutLine: {'line': b'-- Execute custom install script\n'}
[1.030217] (lightning_sim) StdoutLine: {'line': b'-- Up-to-date symlink: /home/kepler/Documents/Codex/2026-08-14/microsoft-visual-studio-code-stable-vs/outputs/lightning_lm_ws/install/lightning_sim/lib/lightning_sim/sim_cloud_adapter\n'}
[1.030325] (lightning_sim) StdoutLine: {'line': b'-- Up-to-date symlink: /home/kepler/Documents/Codex/2026-08-14/microsoft-visual-studio-code-stable-vs/outputs/lightning_lm_ws/install/lightning_sim/lib/lightning_sim/record_sim_bag.sh\n'}
[1.030440] (lightning_sim) StdoutLine: {'line': b'-- Up-to-date symlink: /home/kepler/Documents/Codex/2026-08-14/microsoft-visual-studio-code-stable-vs/outputs/lightning_lm_ws/install/lightning_sim/lib/lightning_sim/run_offline_slam.sh\n'}
[1.030630] (lightning_sim) StdoutLine: {'line': b'-- Symlinking: /home/kepler/Documents/Codex/2026-08-14/microsoft-visual-studio-code-stable-vs/outputs/lightning_lm_ws/install/lightning_sim/share/lightning_sim/launch/__pycache__/online_mapping.launch.cpython-310.pyc\n'}
[1.037233] (lightning_sim) StdoutLine: {'line': b'-- Symlinking: /home/kepler/Documents/Codex/2026-08-14/microsoft-visual-studio-code-stable-vs/outputs/lightning_lm_ws/install/lightning_sim/share/lightning_sim/launch/__pycache__/world.launch.cpython-310.pyc\n'}
[1.045606] (lightning_sim) StdoutLine: {'line': b'-- Up-to-date symlink: /home/kepler/Documents/Codex/2026-08-14/microsoft-visual-studio-code-stable-vs/outputs/lightning_lm_ws/install/lightning_sim/share/lightning_sim/launch/online_mapping.launch.py\n'}
[1.045811] (lightning_sim) StdoutLine: {'line': b'-- Up-to-date symlink: /home/kepler/Documents/Codex/2026-08-14/microsoft-visual-studio-code-stable-vs/outputs/lightning_lm_ws/install/lightning_sim/share/lightning_sim/launch/world.launch.py\n'}
[1.045907] (lightning_sim) StdoutLine: {'line': b'-- Up-to-date symlink: /home/kepler/Documents/Codex/2026-08-14/microsoft-visual-studio-code-stable-vs/outputs/lightning_lm_ws/install/lightning_sim/share/lightning_sim/config/lightning_sim.yaml\n'}
[1.046096] (lightning_sim) StdoutLine: {'line': b'-- Up-to-date symlink: /home/kepler/Documents/Codex/2026-08-14/microsoft-visual-studio-code-stable-vs/outputs/lightning_lm_ws/install/lightning_sim/share/lightning_sim/models/lightning_cart/model.config\n'}
[1.046295] (lightning_sim) StdoutLine: {'line': b'-- Up-to-date symlink: /home/kepler/Documents/Codex/2026-08-14/microsoft-visual-studio-code-stable-vs/outputs/lightning_lm_ws/install/lightning_sim/share/lightning_sim/models/lightning_cart/model.sdf\n'}
[1.046392] (lightning_sim) StdoutLine: {'line': b'-- Up-to-date symlink: /home/kepler/Documents/Codex/2026-08-14/microsoft-visual-studio-code-stable-vs/outputs/lightning_lm_ws/install/lightning_sim/share/lightning_sim/rviz/online_mapping.rviz\n'}
[1.046482] (lightning_sim) StdoutLine: {'line': b'-- Up-to-date symlink: /home/kepler/Documents/Codex/2026-08-14/microsoft-visual-studio-code-stable-vs/outputs/lightning_lm_ws/install/lightning_sim/share/lightning_sim/worlds/baseline_world.sdf\n'}
[1.046569] (lightning_sim) StdoutLine: {'line': b'-- Up-to-date symlink: /home/kepler/Documents/Codex/2026-08-14/microsoft-visual-studio-code-stable-vs/outputs/lightning_lm_ws/install/lightning_sim/share/ament_index/resource_index/package_run_dependencies/lightning_sim\n'}
[1.046656] (lightning_sim) StdoutLine: {'line': b'-- Up-to-date symlink: /home/kepler/Documents/Codex/2026-08-14/microsoft-visual-studio-code-stable-vs/outputs/lightning_lm_ws/install/lightning_sim/share/ament_index/resource_index/parent_prefix_path/lightning_sim\n'}
[1.046730] (lightning_sim) StdoutLine: {'line': b'-- Up-to-date symlink: /home/kepler/Documents/Codex/2026-08-14/microsoft-visual-studio-code-stable-vs/outputs/lightning_lm_ws/install/lightning_sim/share/lightning_sim/environment/ament_prefix_path.sh\n'}
[1.046802] (lightning_sim) StdoutLine: {'line': b'-- Up-to-date symlink: /home/kepler/Documents/Codex/2026-08-14/microsoft-visual-studio-code-stable-vs/outputs/lightning_lm_ws/install/lightning_sim/share/lightning_sim/environment/ament_prefix_path.dsv\n'}
[1.046914] (lightning_sim) StdoutLine: {'line': b'-- Up-to-date symlink: /home/kepler/Documents/Codex/2026-08-14/microsoft-visual-studio-code-stable-vs/outputs/lightning_lm_ws/install/lightning_sim/share/lightning_sim/environment/path.sh\n'}
[1.047001] (lightning_sim) StdoutLine: {'line': b'-- Up-to-date symlink: /home/kepler/Documents/Codex/2026-08-14/microsoft-visual-studio-code-stable-vs/outputs/lightning_lm_ws/install/lightning_sim/share/lightning_sim/environment/path.dsv\n'}
[1.047072] (lightning_sim) StdoutLine: {'line': b'-- Up-to-date symlink: /home/kepler/Documents/Codex/2026-08-14/microsoft-visual-studio-code-stable-vs/outputs/lightning_lm_ws/install/lightning_sim/share/lightning_sim/local_setup.bash\n'}
[1.047165] (lightning_sim) StdoutLine: {'line': b'-- Up-to-date symlink: /home/kepler/Documents/Codex/2026-08-14/microsoft-visual-studio-code-stable-vs/outputs/lightning_lm_ws/install/lightning_sim/share/lightning_sim/local_setup.sh\n'}
[1.047259] (lightning_sim) StdoutLine: {'line': b'-- Up-to-date symlink: /home/kepler/Documents/Codex/2026-08-14/microsoft-visual-studio-code-stable-vs/outputs/lightning_lm_ws/install/lightning_sim/share/lightning_sim/local_setup.zsh\n'}
[1.047345] (lightning_sim) StdoutLine: {'line': b'-- Up-to-date symlink: /home/kepler/Documents/Codex/2026-08-14/microsoft-visual-studio-code-stable-vs/outputs/lightning_lm_ws/install/lightning_sim/share/lightning_sim/local_setup.dsv\n'}
[1.047411] (lightning_sim) StdoutLine: {'line': b'-- Symlinking: /home/kepler/Documents/Codex/2026-08-14/microsoft-visual-studio-code-stable-vs/outputs/lightning_lm_ws/install/lightning_sim/share/lightning_sim/package.dsv\n'}
[1.055747] (lightning_sim) StdoutLine: {'line': b'-- Up-to-date symlink: /home/kepler/Documents/Codex/2026-08-14/microsoft-visual-studio-code-stable-vs/outputs/lightning_lm_ws/install/lightning_sim/share/ament_index/resource_index/packages/lightning_sim\n'}
[1.055890] (lightning_sim) StdoutLine: {'line': b'-- Up-to-date symlink: /home/kepler/Documents/Codex/2026-08-14/microsoft-visual-studio-code-stable-vs/outputs/lightning_lm_ws/install/lightning_sim/share/lightning_sim/cmake/lightning_simConfig.cmake\n'}
[1.055979] (lightning_sim) StdoutLine: {'line': b'-- Up-to-date symlink: /home/kepler/Documents/Codex/2026-08-14/microsoft-visual-studio-code-stable-vs/outputs/lightning_lm_ws/install/lightning_sim/share/lightning_sim/cmake/lightning_simConfig-version.cmake\n'}
[1.056043] (lightning_sim) StdoutLine: {'line': b'-- Up-to-date symlink: /home/kepler/Documents/Codex/2026-08-14/microsoft-visual-studio-code-stable-vs/outputs/lightning_lm_ws/install/lightning_sim/share/lightning_sim/package.xml\n'}
[1.057360] (lightning_sim) CommandEnded: {'returncode': 0}
[1.065825] (lightning_sim) JobEnded: {'identifier': 'lightning_sim', 'rc': 0}
[1.066473] (-) EventReactorShutdown: {}
