[0.133s] DEBUG:colcon:Command line arguments: ['/usr/bin/colcon', 'build', '--packages-select', 'lightning', '--symlink-install']
[0.133s] DEBUG:colcon:Parsed command line arguments: Namespace(log_base=None, log_level=None, verb_name='build', build_base='build', install_base='install', merge_install=False, symlink_install=True, test_result_base=None, continue_on_error=False, executor='parallel', parallel_workers=28, event_handlers=None, ignore_user_meta=False, metas=['./colcon.meta'], base_paths=['.'], packages_ignore=None, packages_ignore_regex=None, paths=None, packages_up_to=None, packages_up_to_regex=None, packages_above=None, packages_above_and_dependencies=None, packages_above_depth=None, packages_select_by_dep=None, packages_skip_by_dep=None, packages_skip_up_to=None, packages_select_build_failed=False, packages_skip_build_finished=False, packages_select_test_failures=False, packages_skip_test_passed=False, packages_select=['lightning'], packages_skip=None, packages_select_regex=None, packages_skip_regex=None, packages_start=None, packages_end=None, allow_overriding=[], cmake_args=None, cmake_target=None, cmake_target_skip_unavailable=False, cmake_clean_cache=False, cmake_clean_first=False, cmake_force_configure=False, ament_cmake_args=None, catkin_cmake_args=None, catkin_skip_building_tests=False, verb_parser=<colcon_defaults.argument_parser.defaults.DefaultArgumentsDecorator object at 0x7c23d75fffd0>, verb_extension=<colcon_core.verb.build.BuildVerb object at 0x7c23d75ffac0>, main=<bound method BuildVerb.main of <colcon_core.verb.build.BuildVerb object at 0x7c23d75ffac0>>)
[0.347s] Level 1:colcon.colcon_core.package_discovery:discover_packages(colcon_meta) check parameters
[0.348s] Level 1:colcon.colcon_core.package_discovery:discover_packages(recursive) check parameters
[0.348s] Level 1:colcon.colcon_core.package_discovery:discover_packages(ignore) check parameters
[0.348s] Level 1:colcon.colcon_core.package_discovery:discover_packages(path) check parameters
[0.348s] Level 1:colcon.colcon_core.package_discovery:discover_packages(colcon_meta) discover
[0.348s] Level 1:colcon.colcon_core.package_discovery:discover_packages(recursive) discover
[0.348s] INFO:colcon.colcon_core.package_discovery:Crawling recursively for packages in '/home/kepler/lightning_lm_ws'
[0.348s] Level 1:colcon.colcon_core.package_identification:_identify(.) by extensions ['ignore', 'ignore_ament_install']
[0.348s] Level 1:colcon.colcon_core.package_identification:_identify(.) by extension 'ignore'
[0.348s] Level 1:colcon.colcon_core.package_identification:_identify(.) by extension 'ignore_ament_install'
[0.348s] Level 1:colcon.colcon_core.package_identification:_identify(.) by extensions ['colcon_pkg']
[0.348s] Level 1:colcon.colcon_core.package_identification:_identify(.) by extension 'colcon_pkg'
[0.348s] Level 1:colcon.colcon_core.package_identification:_identify(.) by extensions ['colcon_meta']
[0.348s] Level 1:colcon.colcon_core.package_identification:_identify(.) by extension 'colcon_meta'
[0.348s] Level 1:colcon.colcon_core.package_identification:_identify(.) by extensions ['ros']
[0.348s] Level 1:colcon.colcon_core.package_identification:_identify(.) by extension 'ros'
[0.361s] Level 1:colcon.colcon_core.package_identification:_identify(.) by extensions ['cmake', 'python']
[0.361s] Level 1:colcon.colcon_core.package_identification:_identify(.) by extension 'cmake'
[0.361s] Level 1:colcon.colcon_core.package_identification:_identify(.) by extension 'python'
[0.361s] Level 1:colcon.colcon_core.package_identification:_identify(.) by extensions ['python_setup_py']
[0.361s] Level 1:colcon.colcon_core.package_identification:_identify(.) by extension 'python_setup_py'
[0.361s] Level 1:colcon.colcon_core.package_identification:_identify(bags) by extensions ['ignore', 'ignore_ament_install']
[0.361s] Level 1:colcon.colcon_core.package_identification:_identify(bags) by extension 'ignore'
[0.361s] Level 1:colcon.colcon_core.package_identification:_identify(bags) by extension 'ignore_ament_install'
[0.361s] Level 1:colcon.colcon_core.package_identification:_identify(bags) by extensions ['colcon_pkg']
[0.361s] Level 1:colcon.colcon_core.package_identification:_identify(bags) by extension 'colcon_pkg'
[0.361s] Level 1:colcon.colcon_core.package_identification:_identify(bags) by extensions ['colcon_meta']
[0.361s] Level 1:colcon.colcon_core.package_identification:_identify(bags) by extension 'colcon_meta'
[0.361s] Level 1:colcon.colcon_core.package_identification:_identify(bags) by extensions ['ros']
[0.361s] Level 1:colcon.colcon_core.package_identification:_identify(bags) by extension 'ros'
[0.362s] Level 1:colcon.colcon_core.package_identification:_identify(bags) by extensions ['cmake', 'python']
[0.362s] Level 1:colcon.colcon_core.package_identification:_identify(bags) by extension 'cmake'
[0.362s] Level 1:colcon.colcon_core.package_identification:_identify(bags) by extension 'python'
[0.362s] Level 1:colcon.colcon_core.package_identification:_identify(bags) by extensions ['python_setup_py']
[0.362s] Level 1:colcon.colcon_core.package_identification:_identify(bags) by extension 'python_setup_py'
[0.362s] Level 1:colcon.colcon_core.package_identification:_identify(bags/lightning_sim) by extensions ['ignore', 'ignore_ament_install']
[0.362s] Level 1:colcon.colcon_core.package_identification:_identify(bags/lightning_sim) by extension 'ignore'
[0.362s] Level 1:colcon.colcon_core.package_identification:_identify(bags/lightning_sim) by extension 'ignore_ament_install'
[0.362s] Level 1:colcon.colcon_core.package_identification:_identify(bags/lightning_sim) by extensions ['colcon_pkg']
[0.362s] Level 1:colcon.colcon_core.package_identification:_identify(bags/lightning_sim) by extension 'colcon_pkg'
[0.362s] Level 1:colcon.colcon_core.package_identification:_identify(bags/lightning_sim) by extensions ['colcon_meta']
[0.362s] Level 1:colcon.colcon_core.package_identification:_identify(bags/lightning_sim) by extension 'colcon_meta'
[0.362s] Level 1:colcon.colcon_core.package_identification:_identify(bags/lightning_sim) by extensions ['ros']
[0.362s] Level 1:colcon.colcon_core.package_identification:_identify(bags/lightning_sim) by extension 'ros'
[0.362s] Level 1:colcon.colcon_core.package_identification:_identify(bags/lightning_sim) by extensions ['cmake', 'python']
[0.362s] Level 1:colcon.colcon_core.package_identification:_identify(bags/lightning_sim) by extension 'cmake'
[0.362s] Level 1:colcon.colcon_core.package_identification:_identify(bags/lightning_sim) by extension 'python'
[0.362s] Level 1:colcon.colcon_core.package_identification:_identify(bags/lightning_sim) by extensions ['python_setup_py']
[0.362s] Level 1:colcon.colcon_core.package_identification:_identify(bags/lightning_sim) by extension 'python_setup_py'
[0.362s] Level 1:colcon.colcon_core.package_identification:_identify(bags/lightning_sim/sim-20260814-111258) by extensions ['ignore', 'ignore_ament_install']
[0.362s] Level 1:colcon.colcon_core.package_identification:_identify(bags/lightning_sim/sim-20260814-111258) by extension 'ignore'
[0.363s] Level 1:colcon.colcon_core.package_identification:_identify(bags/lightning_sim/sim-20260814-111258) by extension 'ignore_ament_install'
[0.363s] Level 1:colcon.colcon_core.package_identification:_identify(bags/lightning_sim/sim-20260814-111258) by extensions ['colcon_pkg']
[0.363s] Level 1:colcon.colcon_core.package_identification:_identify(bags/lightning_sim/sim-20260814-111258) by extension 'colcon_pkg'
[0.363s] Level 1:colcon.colcon_core.package_identification:_identify(bags/lightning_sim/sim-20260814-111258) by extensions ['colcon_meta']
[0.363s] Level 1:colcon.colcon_core.package_identification:_identify(bags/lightning_sim/sim-20260814-111258) by extension 'colcon_meta'
[0.363s] Level 1:colcon.colcon_core.package_identification:_identify(bags/lightning_sim/sim-20260814-111258) by extensions ['ros']
[0.363s] Level 1:colcon.colcon_core.package_identification:_identify(bags/lightning_sim/sim-20260814-111258) by extension 'ros'
[0.363s] Level 1:colcon.colcon_core.package_identification:_identify(bags/lightning_sim/sim-20260814-111258) by extensions ['cmake', 'python']
[0.363s] Level 1:colcon.colcon_core.package_identification:_identify(bags/lightning_sim/sim-20260814-111258) by extension 'cmake'
[0.363s] Level 1:colcon.colcon_core.package_identification:_identify(bags/lightning_sim/sim-20260814-111258) by extension 'python'
[0.363s] Level 1:colcon.colcon_core.package_identification:_identify(bags/lightning_sim/sim-20260814-111258) by extensions ['python_setup_py']
[0.363s] Level 1:colcon.colcon_core.package_identification:_identify(bags/lightning_sim/sim-20260814-111258) by extension 'python_setup_py'
[0.363s] Level 1:colcon.colcon_core.package_identification:_identify(bags/real_mid360) by extensions ['ignore', 'ignore_ament_install']
[0.363s] Level 1:colcon.colcon_core.package_identification:_identify(bags/real_mid360) by extension 'ignore'
[0.363s] Level 1:colcon.colcon_core.package_identification:_identify(bags/real_mid360) by extension 'ignore_ament_install'
[0.363s] Level 1:colcon.colcon_core.package_identification:_identify(bags/real_mid360) by extensions ['colcon_pkg']
[0.363s] Level 1:colcon.colcon_core.package_identification:_identify(bags/real_mid360) by extension 'colcon_pkg'
[0.363s] Level 1:colcon.colcon_core.package_identification:_identify(bags/real_mid360) by extensions ['colcon_meta']
[0.363s] Level 1:colcon.colcon_core.package_identification:_identify(bags/real_mid360) by extension 'colcon_meta'
[0.363s] Level 1:colcon.colcon_core.package_identification:_identify(bags/real_mid360) by extensions ['ros']
[0.363s] Level 1:colcon.colcon_core.package_identification:_identify(bags/real_mid360) by extension 'ros'
[0.363s] Level 1:colcon.colcon_core.package_identification:_identify(bags/real_mid360) by extensions ['cmake', 'python']
[0.363s] Level 1:colcon.colcon_core.package_identification:_identify(bags/real_mid360) by extension 'cmake'
[0.363s] Level 1:colcon.colcon_core.package_identification:_identify(bags/real_mid360) by extension 'python'
[0.363s] Level 1:colcon.colcon_core.package_identification:_identify(bags/real_mid360) by extensions ['python_setup_py']
[0.364s] Level 1:colcon.colcon_core.package_identification:_identify(bags/real_mid360) by extension 'python_setup_py'
[0.364s] Level 1:colcon.colcon_core.package_identification:_identify(bags/real_mid360/dynamic) by extensions ['ignore', 'ignore_ament_install']
[0.364s] Level 1:colcon.colcon_core.package_identification:_identify(bags/real_mid360/dynamic) by extension 'ignore'
[0.364s] Level 1:colcon.colcon_core.package_identification:_identify(bags/real_mid360/dynamic) by extension 'ignore_ament_install'
[0.364s] Level 1:colcon.colcon_core.package_identification:_identify(bags/real_mid360/dynamic) by extensions ['colcon_pkg']
[0.364s] Level 1:colcon.colcon_core.package_identification:_identify(bags/real_mid360/dynamic) by extension 'colcon_pkg'
[0.364s] Level 1:colcon.colcon_core.package_identification:_identify(bags/real_mid360/dynamic) by extensions ['colcon_meta']
[0.364s] Level 1:colcon.colcon_core.package_identification:_identify(bags/real_mid360/dynamic) by extension 'colcon_meta'
[0.364s] Level 1:colcon.colcon_core.package_identification:_identify(bags/real_mid360/dynamic) by extensions ['ros']
[0.364s] Level 1:colcon.colcon_core.package_identification:_identify(bags/real_mid360/dynamic) by extension 'ros'
[0.364s] Level 1:colcon.colcon_core.package_identification:_identify(bags/real_mid360/dynamic) by extensions ['cmake', 'python']
[0.364s] Level 1:colcon.colcon_core.package_identification:_identify(bags/real_mid360/dynamic) by extension 'cmake'
[0.364s] Level 1:colcon.colcon_core.package_identification:_identify(bags/real_mid360/dynamic) by extension 'python'
[0.364s] Level 1:colcon.colcon_core.package_identification:_identify(bags/real_mid360/dynamic) by extensions ['python_setup_py']
[0.364s] Level 1:colcon.colcon_core.package_identification:_identify(bags/real_mid360/dynamic) by extension 'python_setup_py'
[0.364s] Level 1:colcon.colcon_core.package_identification:_identify(bags/real_mid360/dynamic/mid360-dynamic-20260814-175320) by extensions ['ignore', 'ignore_ament_install']
[0.364s] Level 1:colcon.colcon_core.package_identification:_identify(bags/real_mid360/dynamic/mid360-dynamic-20260814-175320) by extension 'ignore'
[0.364s] Level 1:colcon.colcon_core.package_identification:_identify(bags/real_mid360/dynamic/mid360-dynamic-20260814-175320) by extension 'ignore_ament_install'
[0.364s] Level 1:colcon.colcon_core.package_identification:_identify(bags/real_mid360/dynamic/mid360-dynamic-20260814-175320) by extensions ['colcon_pkg']
[0.364s] Level 1:colcon.colcon_core.package_identification:_identify(bags/real_mid360/dynamic/mid360-dynamic-20260814-175320) by extension 'colcon_pkg'
[0.364s] Level 1:colcon.colcon_core.package_identification:_identify(bags/real_mid360/dynamic/mid360-dynamic-20260814-175320) by extensions ['colcon_meta']
[0.364s] Level 1:colcon.colcon_core.package_identification:_identify(bags/real_mid360/dynamic/mid360-dynamic-20260814-175320) by extension 'colcon_meta'
[0.364s] Level 1:colcon.colcon_core.package_identification:_identify(bags/real_mid360/dynamic/mid360-dynamic-20260814-175320) by extensions ['ros']
[0.365s] Level 1:colcon.colcon_core.package_identification:_identify(bags/real_mid360/dynamic/mid360-dynamic-20260814-175320) by extension 'ros'
[0.365s] Level 1:colcon.colcon_core.package_identification:_identify(bags/real_mid360/dynamic/mid360-dynamic-20260814-175320) by extensions ['cmake', 'python']
[0.365s] Level 1:colcon.colcon_core.package_identification:_identify(bags/real_mid360/dynamic/mid360-dynamic-20260814-175320) by extension 'cmake'
[0.365s] Level 1:colcon.colcon_core.package_identification:_identify(bags/real_mid360/dynamic/mid360-dynamic-20260814-175320) by extension 'python'
[0.365s] Level 1:colcon.colcon_core.package_identification:_identify(bags/real_mid360/dynamic/mid360-dynamic-20260814-175320) by extensions ['python_setup_py']
[0.365s] Level 1:colcon.colcon_core.package_identification:_identify(bags/real_mid360/dynamic/mid360-dynamic-20260814-175320) by extension 'python_setup_py'
[0.365s] Level 1:colcon.colcon_core.package_identification:_identify(bags/real_mid360/dynamic/mid360-loop-20260814-180225) by extensions ['ignore', 'ignore_ament_install']
[0.365s] Level 1:colcon.colcon_core.package_identification:_identify(bags/real_mid360/dynamic/mid360-loop-20260814-180225) by extension 'ignore'
[0.365s] Level 1:colcon.colcon_core.package_identification:_identify(bags/real_mid360/dynamic/mid360-loop-20260814-180225) by extension 'ignore_ament_install'
[0.365s] Level 1:colcon.colcon_core.package_identification:_identify(bags/real_mid360/dynamic/mid360-loop-20260814-180225) by extensions ['colcon_pkg']
[0.365s] Level 1:colcon.colcon_core.package_identification:_identify(bags/real_mid360/dynamic/mid360-loop-20260814-180225) by extension 'colcon_pkg'
[0.365s] Level 1:colcon.colcon_core.package_identification:_identify(bags/real_mid360/dynamic/mid360-loop-20260814-180225) by extensions ['colcon_meta']
[0.365s] Level 1:colcon.colcon_core.package_identification:_identify(bags/real_mid360/dynamic/mid360-loop-20260814-180225) by extension 'colcon_meta'
[0.365s] Level 1:colcon.colcon_core.package_identification:_identify(bags/real_mid360/dynamic/mid360-loop-20260814-180225) by extensions ['ros']
[0.365s] Level 1:colcon.colcon_core.package_identification:_identify(bags/real_mid360/dynamic/mid360-loop-20260814-180225) by extension 'ros'
[0.365s] Level 1:colcon.colcon_core.package_identification:_identify(bags/real_mid360/dynamic/mid360-loop-20260814-180225) by extensions ['cmake', 'python']
[0.365s] Level 1:colcon.colcon_core.package_identification:_identify(bags/real_mid360/dynamic/mid360-loop-20260814-180225) by extension 'cmake'
[0.365s] Level 1:colcon.colcon_core.package_identification:_identify(bags/real_mid360/dynamic/mid360-loop-20260814-180225) by extension 'python'
[0.365s] Level 1:colcon.colcon_core.package_identification:_identify(bags/real_mid360/dynamic/mid360-loop-20260814-180225) by extensions ['python_setup_py']
[0.365s] Level 1:colcon.colcon_core.package_identification:_identify(bags/real_mid360/dynamic/mid360-loop-20260814-180225) by extension 'python_setup_py'
[0.365s] Level 1:colcon.colcon_core.package_identification:_identify(bags/real_mid360/nav_costmap) by extensions ['ignore', 'ignore_ament_install']
[0.365s] Level 1:colcon.colcon_core.package_identification:_identify(bags/real_mid360/nav_costmap) by extension 'ignore'
[0.365s] Level 1:colcon.colcon_core.package_identification:_identify(bags/real_mid360/nav_costmap) by extension 'ignore_ament_install'
[0.366s] Level 1:colcon.colcon_core.package_identification:_identify(bags/real_mid360/nav_costmap) by extensions ['colcon_pkg']
[0.366s] Level 1:colcon.colcon_core.package_identification:_identify(bags/real_mid360/nav_costmap) by extension 'colcon_pkg'
[0.366s] Level 1:colcon.colcon_core.package_identification:_identify(bags/real_mid360/nav_costmap) by extensions ['colcon_meta']
[0.366s] Level 1:colcon.colcon_core.package_identification:_identify(bags/real_mid360/nav_costmap) by extension 'colcon_meta'
[0.366s] Level 1:colcon.colcon_core.package_identification:_identify(bags/real_mid360/nav_costmap) by extensions ['ros']
[0.366s] Level 1:colcon.colcon_core.package_identification:_identify(bags/real_mid360/nav_costmap) by extension 'ros'
[0.366s] Level 1:colcon.colcon_core.package_identification:_identify(bags/real_mid360/nav_costmap) by extensions ['cmake', 'python']
[0.366s] Level 1:colcon.colcon_core.package_identification:_identify(bags/real_mid360/nav_costmap) by extension 'cmake'
[0.366s] Level 1:colcon.colcon_core.package_identification:_identify(bags/real_mid360/nav_costmap) by extension 'python'
[0.366s] Level 1:colcon.colcon_core.package_identification:_identify(bags/real_mid360/nav_costmap) by extensions ['python_setup_py']
[0.366s] Level 1:colcon.colcon_core.package_identification:_identify(bags/real_mid360/nav_costmap) by extension 'python_setup_py'
[0.366s] Level 1:colcon.colcon_core.package_identification:_identify(bags/real_mid360/nav_costmap/box-full-20260817-144610) by extensions ['ignore', 'ignore_ament_install']
[0.366s] Level 1:colcon.colcon_core.package_identification:_identify(bags/real_mid360/nav_costmap/box-full-20260817-144610) by extension 'ignore'
[0.366s] Level 1:colcon.colcon_core.package_identification:_identify(bags/real_mid360/nav_costmap/box-full-20260817-144610) by extension 'ignore_ament_install'
[0.366s] Level 1:colcon.colcon_core.package_identification:_identify(bags/real_mid360/nav_costmap/box-full-20260817-144610) by extensions ['colcon_pkg']
[0.366s] Level 1:colcon.colcon_core.package_identification:_identify(bags/real_mid360/nav_costmap/box-full-20260817-144610) by extension 'colcon_pkg'
[0.366s] Level 1:colcon.colcon_core.package_identification:_identify(bags/real_mid360/nav_costmap/box-full-20260817-144610) by extensions ['colcon_meta']
[0.366s] Level 1:colcon.colcon_core.package_identification:_identify(bags/real_mid360/nav_costmap/box-full-20260817-144610) by extension 'colcon_meta'
[0.366s] Level 1:colcon.colcon_core.package_identification:_identify(bags/real_mid360/nav_costmap/box-full-20260817-144610) by extensions ['ros']
[0.366s] Level 1:colcon.colcon_core.package_identification:_identify(bags/real_mid360/nav_costmap/box-full-20260817-144610) by extension 'ros'
[0.366s] Level 1:colcon.colcon_core.package_identification:_identify(bags/real_mid360/nav_costmap/box-full-20260817-144610) by extensions ['cmake', 'python']
[0.366s] Level 1:colcon.colcon_core.package_identification:_identify(bags/real_mid360/nav_costmap/box-full-20260817-144610) by extension 'cmake'
[0.366s] Level 1:colcon.colcon_core.package_identification:_identify(bags/real_mid360/nav_costmap/box-full-20260817-144610) by extension 'python'
[0.366s] Level 1:colcon.colcon_core.package_identification:_identify(bags/real_mid360/nav_costmap/box-full-20260817-144610) by extensions ['python_setup_py']
[0.366s] Level 1:colcon.colcon_core.package_identification:_identify(bags/real_mid360/nav_costmap/box-full-20260817-144610) by extension 'python_setup_py'
[0.367s] Level 1:colcon.colcon_core.package_identification:_identify(bags/real_mid360/navigation) by extensions ['ignore', 'ignore_ament_install']
[0.367s] Level 1:colcon.colcon_core.package_identification:_identify(bags/real_mid360/navigation) by extension 'ignore'
[0.367s] Level 1:colcon.colcon_core.package_identification:_identify(bags/real_mid360/navigation) by extension 'ignore_ament_install'
[0.367s] Level 1:colcon.colcon_core.package_identification:_identify(bags/real_mid360/navigation) by extensions ['colcon_pkg']
[0.367s] Level 1:colcon.colcon_core.package_identification:_identify(bags/real_mid360/navigation) by extension 'colcon_pkg'
[0.367s] Level 1:colcon.colcon_core.package_identification:_identify(bags/real_mid360/navigation) by extensions ['colcon_meta']
[0.367s] Level 1:colcon.colcon_core.package_identification:_identify(bags/real_mid360/navigation) by extension 'colcon_meta'
[0.367s] Level 1:colcon.colcon_core.package_identification:_identify(bags/real_mid360/navigation) by extensions ['ros']
[0.367s] Level 1:colcon.colcon_core.package_identification:_identify(bags/real_mid360/navigation) by extension 'ros'
[0.367s] Level 1:colcon.colcon_core.package_identification:_identify(bags/real_mid360/navigation) by extensions ['cmake', 'python']
[0.367s] Level 1:colcon.colcon_core.package_identification:_identify(bags/real_mid360/navigation) by extension 'cmake'
[0.367s] Level 1:colcon.colcon_core.package_identification:_identify(bags/real_mid360/navigation) by extension 'python'
[0.367s] Level 1:colcon.colcon_core.package_identification:_identify(bags/real_mid360/navigation) by extensions ['python_setup_py']
[0.367s] Level 1:colcon.colcon_core.package_identification:_identify(bags/real_mid360/navigation) by extension 'python_setup_py'
[0.367s] Level 1:colcon.colcon_core.package_identification:_identify(bags/real_mid360/navigation/box-20260817-135841) by extensions ['ignore', 'ignore_ament_install']
[0.367s] Level 1:colcon.colcon_core.package_identification:_identify(bags/real_mid360/navigation/box-20260817-135841) by extension 'ignore'
[0.367s] Level 1:colcon.colcon_core.package_identification:_identify(bags/real_mid360/navigation/box-20260817-135841) by extension 'ignore_ament_install'
[0.367s] Level 1:colcon.colcon_core.package_identification:_identify(bags/real_mid360/navigation/box-20260817-135841) by extensions ['colcon_pkg']
[0.367s] Level 1:colcon.colcon_core.package_identification:_identify(bags/real_mid360/navigation/box-20260817-135841) by extension 'colcon_pkg'
[0.367s] Level 1:colcon.colcon_core.package_identification:_identify(bags/real_mid360/navigation/box-20260817-135841) by extensions ['colcon_meta']
[0.367s] Level 1:colcon.colcon_core.package_identification:_identify(bags/real_mid360/navigation/box-20260817-135841) by extension 'colcon_meta'
[0.367s] Level 1:colcon.colcon_core.package_identification:_identify(bags/real_mid360/navigation/box-20260817-135841) by extensions ['ros']
[0.367s] Level 1:colcon.colcon_core.package_identification:_identify(bags/real_mid360/navigation/box-20260817-135841) by extension 'ros'
[0.368s] Level 1:colcon.colcon_core.package_identification:_identify(bags/real_mid360/navigation/box-20260817-135841) by extensions ['cmake', 'python']
[0.368s] Level 1:colcon.colcon_core.package_identification:_identify(bags/real_mid360/navigation/box-20260817-135841) by extension 'cmake'
[0.368s] Level 1:colcon.colcon_core.package_identification:_identify(bags/real_mid360/navigation/box-20260817-135841) by extension 'python'
[0.368s] Level 1:colcon.colcon_core.package_identification:_identify(bags/real_mid360/navigation/box-20260817-135841) by extensions ['python_setup_py']
[0.368s] Level 1:colcon.colcon_core.package_identification:_identify(bags/real_mid360/navigation/box-20260817-135841) by extension 'python_setup_py'
[0.368s] Level 1:colcon.colcon_core.package_identification:_identify(bags/real_mid360/static) by extensions ['ignore', 'ignore_ament_install']
[0.368s] Level 1:colcon.colcon_core.package_identification:_identify(bags/real_mid360/static) by extension 'ignore'
[0.368s] Level 1:colcon.colcon_core.package_identification:_identify(bags/real_mid360/static) by extension 'ignore_ament_install'
[0.368s] Level 1:colcon.colcon_core.package_identification:_identify(bags/real_mid360/static) by extensions ['colcon_pkg']
[0.368s] Level 1:colcon.colcon_core.package_identification:_identify(bags/real_mid360/static) by extension 'colcon_pkg'
[0.368s] Level 1:colcon.colcon_core.package_identification:_identify(bags/real_mid360/static) by extensions ['colcon_meta']
[0.368s] Level 1:colcon.colcon_core.package_identification:_identify(bags/real_mid360/static) by extension 'colcon_meta'
[0.368s] Level 1:colcon.colcon_core.package_identification:_identify(bags/real_mid360/static) by extensions ['ros']
[0.368s] Level 1:colcon.colcon_core.package_identification:_identify(bags/real_mid360/static) by extension 'ros'
[0.368s] Level 1:colcon.colcon_core.package_identification:_identify(bags/real_mid360/static) by extensions ['cmake', 'python']
[0.368s] Level 1:colcon.colcon_core.package_identification:_identify(bags/real_mid360/static) by extension 'cmake'
[0.368s] Level 1:colcon.colcon_core.package_identification:_identify(bags/real_mid360/static) by extension 'python'
[0.368s] Level 1:colcon.colcon_core.package_identification:_identify(bags/real_mid360/static) by extensions ['python_setup_py']
[0.368s] Level 1:colcon.colcon_core.package_identification:_identify(bags/real_mid360/static) by extension 'python_setup_py'
[0.368s] Level 1:colcon.colcon_core.package_identification:_identify(bags/real_mid360/static/mid360-static-20260814-145850) by extensions ['ignore', 'ignore_ament_install']
[0.368s] Level 1:colcon.colcon_core.package_identification:_identify(bags/real_mid360/static/mid360-static-20260814-145850) by extension 'ignore'
[0.368s] Level 1:colcon.colcon_core.package_identification:_identify(bags/real_mid360/static/mid360-static-20260814-145850) by extension 'ignore_ament_install'
[0.368s] Level 1:colcon.colcon_core.package_identification:_identify(bags/real_mid360/static/mid360-static-20260814-145850) by extensions ['colcon_pkg']
[0.368s] Level 1:colcon.colcon_core.package_identification:_identify(bags/real_mid360/static/mid360-static-20260814-145850) by extension 'colcon_pkg'
[0.368s] Level 1:colcon.colcon_core.package_identification:_identify(bags/real_mid360/static/mid360-static-20260814-145850) by extensions ['colcon_meta']
[0.369s] Level 1:colcon.colcon_core.package_identification:_identify(bags/real_mid360/static/mid360-static-20260814-145850) by extension 'colcon_meta'
[0.369s] Level 1:colcon.colcon_core.package_identification:_identify(bags/real_mid360/static/mid360-static-20260814-145850) by extensions ['ros']
[0.369s] Level 1:colcon.colcon_core.package_identification:_identify(bags/real_mid360/static/mid360-static-20260814-145850) by extension 'ros'
[0.369s] Level 1:colcon.colcon_core.package_identification:_identify(bags/real_mid360/static/mid360-static-20260814-145850) by extensions ['cmake', 'python']
[0.369s] Level 1:colcon.colcon_core.package_identification:_identify(bags/real_mid360/static/mid360-static-20260814-145850) by extension 'cmake'
[0.369s] Level 1:colcon.colcon_core.package_identification:_identify(bags/real_mid360/static/mid360-static-20260814-145850) by extension 'python'
[0.369s] Level 1:colcon.colcon_core.package_identification:_identify(bags/real_mid360/static/mid360-static-20260814-145850) by extensions ['python_setup_py']
[0.369s] Level 1:colcon.colcon_core.package_identification:_identify(bags/real_mid360/static/mid360-static-20260814-145850) by extension 'python_setup_py'
[0.369s] Level 1:colcon.colcon_core.package_identification:_identify(bags/real_mid360/static_tests) by extensions ['ignore', 'ignore_ament_install']
[0.369s] Level 1:colcon.colcon_core.package_identification:_identify(bags/real_mid360/static_tests) by extension 'ignore'
[0.369s] Level 1:colcon.colcon_core.package_identification:_identify(bags/real_mid360/static_tests) by extension 'ignore_ament_install'
[0.369s] Level 1:colcon.colcon_core.package_identification:_identify(bags/real_mid360/static_tests) by extensions ['colcon_pkg']
[0.369s] Level 1:colcon.colcon_core.package_identification:_identify(bags/real_mid360/static_tests) by extension 'colcon_pkg'
[0.369s] Level 1:colcon.colcon_core.package_identification:_identify(bags/real_mid360/static_tests) by extensions ['colcon_meta']
[0.369s] Level 1:colcon.colcon_core.package_identification:_identify(bags/real_mid360/static_tests) by extension 'colcon_meta'
[0.369s] Level 1:colcon.colcon_core.package_identification:_identify(bags/real_mid360/static_tests) by extensions ['ros']
[0.369s] Level 1:colcon.colcon_core.package_identification:_identify(bags/real_mid360/static_tests) by extension 'ros'
[0.369s] Level 1:colcon.colcon_core.package_identification:_identify(bags/real_mid360/static_tests) by extensions ['cmake', 'python']
[0.369s] Level 1:colcon.colcon_core.package_identification:_identify(bags/real_mid360/static_tests) by extension 'cmake'
[0.369s] Level 1:colcon.colcon_core.package_identification:_identify(bags/real_mid360/static_tests) by extension 'python'
[0.369s] Level 1:colcon.colcon_core.package_identification:_identify(bags/real_mid360/static_tests) by extensions ['python_setup_py']
[0.369s] Level 1:colcon.colcon_core.package_identification:_identify(bags/real_mid360/static_tests) by extension 'python_setup_py'
[0.369s] Level 1:colcon.colcon_core.package_identification:_identify(bags/real_mid360/static_tests/mid360-static-75s-20260817-110208) by extensions ['ignore', 'ignore_ament_install']
[0.370s] Level 1:colcon.colcon_core.package_identification:_identify(bags/real_mid360/static_tests/mid360-static-75s-20260817-110208) by extension 'ignore'
[0.370s] Level 1:colcon.colcon_core.package_identification:_identify(bags/real_mid360/static_tests/mid360-static-75s-20260817-110208) by extension 'ignore_ament_install'
[0.370s] Level 1:colcon.colcon_core.package_identification:_identify(bags/real_mid360/static_tests/mid360-static-75s-20260817-110208) by extensions ['colcon_pkg']
[0.370s] Level 1:colcon.colcon_core.package_identification:_identify(bags/real_mid360/static_tests/mid360-static-75s-20260817-110208) by extension 'colcon_pkg'
[0.370s] Level 1:colcon.colcon_core.package_identification:_identify(bags/real_mid360/static_tests/mid360-static-75s-20260817-110208) by extensions ['colcon_meta']
[0.370s] Level 1:colcon.colcon_core.package_identification:_identify(bags/real_mid360/static_tests/mid360-static-75s-20260817-110208) by extension 'colcon_meta'
[0.370s] Level 1:colcon.colcon_core.package_identification:_identify(bags/real_mid360/static_tests/mid360-static-75s-20260817-110208) by extensions ['ros']
[0.370s] Level 1:colcon.colcon_core.package_identification:_identify(bags/real_mid360/static_tests/mid360-static-75s-20260817-110208) by extension 'ros'
[0.370s] Level 1:colcon.colcon_core.package_identification:_identify(bags/real_mid360/static_tests/mid360-static-75s-20260817-110208) by extensions ['cmake', 'python']
[0.370s] Level 1:colcon.colcon_core.package_identification:_identify(bags/real_mid360/static_tests/mid360-static-75s-20260817-110208) by extension 'cmake'
[0.370s] Level 1:colcon.colcon_core.package_identification:_identify(bags/real_mid360/static_tests/mid360-static-75s-20260817-110208) by extension 'python'
[0.370s] Level 1:colcon.colcon_core.package_identification:_identify(bags/real_mid360/static_tests/mid360-static-75s-20260817-110208) by extensions ['python_setup_py']
[0.370s] Level 1:colcon.colcon_core.package_identification:_identify(bags/real_mid360/static_tests/mid360-static-75s-20260817-110208) by extension 'python_setup_py'
[0.370s] Level 1:colcon.colcon_core.package_identification:_identify(build) by extensions ['ignore', 'ignore_ament_install']
[0.370s] Level 1:colcon.colcon_core.package_identification:_identify(build) by extension 'ignore'
[0.370s] Level 1:colcon.colcon_core.package_identification:_identify(build) ignored
[0.370s] Level 1:colcon.colcon_core.package_identification:_identify(docs) by extensions ['ignore', 'ignore_ament_install']
[0.370s] Level 1:colcon.colcon_core.package_identification:_identify(docs) by extension 'ignore'
[0.370s] Level 1:colcon.colcon_core.package_identification:_identify(docs) by extension 'ignore_ament_install'
[0.370s] Level 1:colcon.colcon_core.package_identification:_identify(docs) by extensions ['colcon_pkg']
[0.370s] Level 1:colcon.colcon_core.package_identification:_identify(docs) by extension 'colcon_pkg'
[0.370s] Level 1:colcon.colcon_core.package_identification:_identify(docs) by extensions ['colcon_meta']
[0.371s] Level 1:colcon.colcon_core.package_identification:_identify(docs) by extension 'colcon_meta'
[0.371s] Level 1:colcon.colcon_core.package_identification:_identify(docs) by extensions ['ros']
[0.371s] Level 1:colcon.colcon_core.package_identification:_identify(docs) by extension 'ros'
[0.371s] Level 1:colcon.colcon_core.package_identification:_identify(docs) by extensions ['cmake', 'python']
[0.371s] Level 1:colcon.colcon_core.package_identification:_identify(docs) by extension 'cmake'
[0.371s] Level 1:colcon.colcon_core.package_identification:_identify(docs) by extension 'python'
[0.371s] Level 1:colcon.colcon_core.package_identification:_identify(docs) by extensions ['python_setup_py']
[0.371s] Level 1:colcon.colcon_core.package_identification:_identify(docs) by extension 'python_setup_py'
[0.371s] Level 1:colcon.colcon_core.package_identification:_identify(docs/daily) by extensions ['ignore', 'ignore_ament_install']
[0.371s] Level 1:colcon.colcon_core.package_identification:_identify(docs/daily) by extension 'ignore'
[0.371s] Level 1:colcon.colcon_core.package_identification:_identify(docs/daily) by extension 'ignore_ament_install'
[0.371s] Level 1:colcon.colcon_core.package_identification:_identify(docs/daily) by extensions ['colcon_pkg']
[0.371s] Level 1:colcon.colcon_core.package_identification:_identify(docs/daily) by extension 'colcon_pkg'
[0.371s] Level 1:colcon.colcon_core.package_identification:_identify(docs/daily) by extensions ['colcon_meta']
[0.371s] Level 1:colcon.colcon_core.package_identification:_identify(docs/daily) by extension 'colcon_meta'
[0.371s] Level 1:colcon.colcon_core.package_identification:_identify(docs/daily) by extensions ['ros']
[0.371s] Level 1:colcon.colcon_core.package_identification:_identify(docs/daily) by extension 'ros'
[0.371s] Level 1:colcon.colcon_core.package_identification:_identify(docs/daily) by extensions ['cmake', 'python']
[0.371s] Level 1:colcon.colcon_core.package_identification:_identify(docs/daily) by extension 'cmake'
[0.371s] Level 1:colcon.colcon_core.package_identification:_identify(docs/daily) by extension 'python'
[0.371s] Level 1:colcon.colcon_core.package_identification:_identify(docs/daily) by extensions ['python_setup_py']
[0.371s] Level 1:colcon.colcon_core.package_identification:_identify(docs/daily) by extension 'python_setup_py'
[0.371s] Level 1:colcon.colcon_core.package_identification:_identify(docs/problems) by extensions ['ignore', 'ignore_ament_install']
[0.372s] Level 1:colcon.colcon_core.package_identification:_identify(docs/problems) by extension 'ignore'
[0.372s] Level 1:colcon.colcon_core.package_identification:_identify(docs/problems) by extension 'ignore_ament_install'
[0.372s] Level 1:colcon.colcon_core.package_identification:_identify(docs/problems) by extensions ['colcon_pkg']
[0.372s] Level 1:colcon.colcon_core.package_identification:_identify(docs/problems) by extension 'colcon_pkg'
[0.372s] Level 1:colcon.colcon_core.package_identification:_identify(docs/problems) by extensions ['colcon_meta']
[0.372s] Level 1:colcon.colcon_core.package_identification:_identify(docs/problems) by extension 'colcon_meta'
[0.372s] Level 1:colcon.colcon_core.package_identification:_identify(docs/problems) by extensions ['ros']
[0.372s] Level 1:colcon.colcon_core.package_identification:_identify(docs/problems) by extension 'ros'
[0.372s] Level 1:colcon.colcon_core.package_identification:_identify(docs/problems) by extensions ['cmake', 'python']
[0.372s] Level 1:colcon.colcon_core.package_identification:_identify(docs/problems) by extension 'cmake'
[0.372s] Level 1:colcon.colcon_core.package_identification:_identify(docs/problems) by extension 'python'
[0.372s] Level 1:colcon.colcon_core.package_identification:_identify(docs/problems) by extensions ['python_setup_py']
[0.372s] Level 1:colcon.colcon_core.package_identification:_identify(docs/problems) by extension 'python_setup_py'
[0.372s] Level 1:colcon.colcon_core.package_identification:_identify(install) by extensions ['ignore', 'ignore_ament_install']
[0.372s] Level 1:colcon.colcon_core.package_identification:_identify(install) by extension 'ignore'
[0.372s] Level 1:colcon.colcon_core.package_identification:_identify(install) ignored
[0.372s] Level 1:colcon.colcon_core.package_identification:_identify(log) by extensions ['ignore', 'ignore_ament_install']
[0.372s] Level 1:colcon.colcon_core.package_identification:_identify(log) by extension 'ignore'
[0.372s] Level 1:colcon.colcon_core.package_identification:_identify(log) ignored
[0.372s] Level 1:colcon.colcon_core.package_identification:_identify(runs) by extensions ['ignore', 'ignore_ament_install']
[0.373s] Level 1:colcon.colcon_core.package_identification:_identify(runs) by extension 'ignore'
[0.373s] Level 1:colcon.colcon_core.package_identification:_identify(runs) by extension 'ignore_ament_install'
[0.373s] Level 1:colcon.colcon_core.package_identification:_identify(runs) by extensions ['colcon_pkg']
[0.373s] Level 1:colcon.colcon_core.package_identification:_identify(runs) by extension 'colcon_pkg'
[0.373s] Level 1:colcon.colcon_core.package_identification:_identify(runs) by extensions ['colcon_meta']
[0.373s] Level 1:colcon.colcon_core.package_identification:_identify(runs) by extension 'colcon_meta'
[0.373s] Level 1:colcon.colcon_core.package_identification:_identify(runs) by extensions ['ros']
[0.373s] Level 1:colcon.colcon_core.package_identification:_identify(runs) by extension 'ros'
[0.373s] Level 1:colcon.colcon_core.package_identification:_identify(runs) by extensions ['cmake', 'python']
[0.373s] Level 1:colcon.colcon_core.package_identification:_identify(runs) by extension 'cmake'
[0.373s] Level 1:colcon.colcon_core.package_identification:_identify(runs) by extension 'python'
[0.373s] Level 1:colcon.colcon_core.package_identification:_identify(runs) by extensions ['python_setup_py']
[0.373s] Level 1:colcon.colcon_core.package_identification:_identify(runs) by extension 'python_setup_py'
[0.373s] Level 1:colcon.colcon_core.package_identification:_identify(runs/lightning_sim) by extensions ['ignore', 'ignore_ament_install']
[0.373s] Level 1:colcon.colcon_core.package_identification:_identify(runs/lightning_sim) by extension 'ignore'
[0.373s] Level 1:colcon.colcon_core.package_identification:_identify(runs/lightning_sim) by extension 'ignore_ament_install'
[0.373s] Level 1:colcon.colcon_core.package_identification:_identify(runs/lightning_sim) by extensions ['colcon_pkg']
[0.373s] Level 1:colcon.colcon_core.package_identification:_identify(runs/lightning_sim) by extension 'colcon_pkg'
[0.373s] Level 1:colcon.colcon_core.package_identification:_identify(runs/lightning_sim) by extensions ['colcon_meta']
[0.373s] Level 1:colcon.colcon_core.package_identification:_identify(runs/lightning_sim) by extension 'colcon_meta'
[0.373s] Level 1:colcon.colcon_core.package_identification:_identify(runs/lightning_sim) by extensions ['ros']
[0.373s] Level 1:colcon.colcon_core.package_identification:_identify(runs/lightning_sim) by extension 'ros'
[0.373s] Level 1:colcon.colcon_core.package_identification:_identify(runs/lightning_sim) by extensions ['cmake', 'python']
[0.373s] Level 1:colcon.colcon_core.package_identification:_identify(runs/lightning_sim) by extension 'cmake'
[0.373s] Level 1:colcon.colcon_core.package_identification:_identify(runs/lightning_sim) by extension 'python'
[0.374s] Level 1:colcon.colcon_core.package_identification:_identify(runs/lightning_sim) by extensions ['python_setup_py']
[0.374s] Level 1:colcon.colcon_core.package_identification:_identify(runs/lightning_sim) by extension 'python_setup_py'
[0.374s] Level 1:colcon.colcon_core.package_identification:_identify(runs/lightning_sim/offline-sim-20260814-111258-20260814-111944) by extensions ['ignore', 'ignore_ament_install']
[0.374s] Level 1:colcon.colcon_core.package_identification:_identify(runs/lightning_sim/offline-sim-20260814-111258-20260814-111944) by extension 'ignore'
[0.374s] Level 1:colcon.colcon_core.package_identification:_identify(runs/lightning_sim/offline-sim-20260814-111258-20260814-111944) by extension 'ignore_ament_install'
[0.374s] Level 1:colcon.colcon_core.package_identification:_identify(runs/lightning_sim/offline-sim-20260814-111258-20260814-111944) by extensions ['colcon_pkg']
[0.374s] Level 1:colcon.colcon_core.package_identification:_identify(runs/lightning_sim/offline-sim-20260814-111258-20260814-111944) by extension 'colcon_pkg'
[0.374s] Level 1:colcon.colcon_core.package_identification:_identify(runs/lightning_sim/offline-sim-20260814-111258-20260814-111944) by extensions ['colcon_meta']
[0.374s] Level 1:colcon.colcon_core.package_identification:_identify(runs/lightning_sim/offline-sim-20260814-111258-20260814-111944) by extension 'colcon_meta'
[0.374s] Level 1:colcon.colcon_core.package_identification:_identify(runs/lightning_sim/offline-sim-20260814-111258-20260814-111944) by extensions ['ros']
[0.374s] Level 1:colcon.colcon_core.package_identification:_identify(runs/lightning_sim/offline-sim-20260814-111258-20260814-111944) by extension 'ros'
[0.374s] Level 1:colcon.colcon_core.package_identification:_identify(runs/lightning_sim/offline-sim-20260814-111258-20260814-111944) by extensions ['cmake', 'python']
[0.374s] Level 1:colcon.colcon_core.package_identification:_identify(runs/lightning_sim/offline-sim-20260814-111258-20260814-111944) by extension 'cmake'
[0.374s] Level 1:colcon.colcon_core.package_identification:_identify(runs/lightning_sim/offline-sim-20260814-111258-20260814-111944) by extension 'python'
[0.374s] Level 1:colcon.colcon_core.package_identification:_identify(runs/lightning_sim/offline-sim-20260814-111258-20260814-111944) by extensions ['python_setup_py']
[0.374s] Level 1:colcon.colcon_core.package_identification:_identify(runs/lightning_sim/offline-sim-20260814-111258-20260814-111944) by extension 'python_setup_py'
[0.374s] Level 1:colcon.colcon_core.package_identification:_identify(runs/lightning_sim/offline-sim-20260814-111258-20260814-111944/data) by extensions ['ignore', 'ignore_ament_install']
[0.374s] Level 1:colcon.colcon_core.package_identification:_identify(runs/lightning_sim/offline-sim-20260814-111258-20260814-111944/data) by extension 'ignore'
[0.374s] Level 1:colcon.colcon_core.package_identification:_identify(runs/lightning_sim/offline-sim-20260814-111258-20260814-111944/data) by extension 'ignore_ament_install'
[0.374s] Level 1:colcon.colcon_core.package_identification:_identify(runs/lightning_sim/offline-sim-20260814-111258-20260814-111944/data) by extensions ['colcon_pkg']
[0.374s] Level 1:colcon.colcon_core.package_identification:_identify(runs/lightning_sim/offline-sim-20260814-111258-20260814-111944/data) by extension 'colcon_pkg'
[0.374s] Level 1:colcon.colcon_core.package_identification:_identify(runs/lightning_sim/offline-sim-20260814-111258-20260814-111944/data) by extensions ['colcon_meta']
[0.374s] Level 1:colcon.colcon_core.package_identification:_identify(runs/lightning_sim/offline-sim-20260814-111258-20260814-111944/data) by extension 'colcon_meta'
[0.375s] Level 1:colcon.colcon_core.package_identification:_identify(runs/lightning_sim/offline-sim-20260814-111258-20260814-111944/data) by extensions ['ros']
[0.375s] Level 1:colcon.colcon_core.package_identification:_identify(runs/lightning_sim/offline-sim-20260814-111258-20260814-111944/data) by extension 'ros'
[0.375s] Level 1:colcon.colcon_core.package_identification:_identify(runs/lightning_sim/offline-sim-20260814-111258-20260814-111944/data) by extensions ['cmake', 'python']
[0.375s] Level 1:colcon.colcon_core.package_identification:_identify(runs/lightning_sim/offline-sim-20260814-111258-20260814-111944/data) by extension 'cmake'
[0.375s] Level 1:colcon.colcon_core.package_identification:_identify(runs/lightning_sim/offline-sim-20260814-111258-20260814-111944/data) by extension 'python'
[0.375s] Level 1:colcon.colcon_core.package_identification:_identify(runs/lightning_sim/offline-sim-20260814-111258-20260814-111944/data) by extensions ['python_setup_py']
[0.375s] Level 1:colcon.colcon_core.package_identification:_identify(runs/lightning_sim/offline-sim-20260814-111258-20260814-111944/data) by extension 'python_setup_py'
[0.375s] Level 1:colcon.colcon_core.package_identification:_identify(runs/lightning_sim/offline-sim-20260814-111258-20260814-111944/data/new_map) by extensions ['ignore', 'ignore_ament_install']
[0.375s] Level 1:colcon.colcon_core.package_identification:_identify(runs/lightning_sim/offline-sim-20260814-111258-20260814-111944/data/new_map) by extension 'ignore'
[0.375s] Level 1:colcon.colcon_core.package_identification:_identify(runs/lightning_sim/offline-sim-20260814-111258-20260814-111944/data/new_map) by extension 'ignore_ament_install'
[0.375s] Level 1:colcon.colcon_core.package_identification:_identify(runs/lightning_sim/offline-sim-20260814-111258-20260814-111944/data/new_map) by extensions ['colcon_pkg']
[0.375s] Level 1:colcon.colcon_core.package_identification:_identify(runs/lightning_sim/offline-sim-20260814-111258-20260814-111944/data/new_map) by extension 'colcon_pkg'
[0.375s] Level 1:colcon.colcon_core.package_identification:_identify(runs/lightning_sim/offline-sim-20260814-111258-20260814-111944/data/new_map) by extensions ['colcon_meta']
[0.375s] Level 1:colcon.colcon_core.package_identification:_identify(runs/lightning_sim/offline-sim-20260814-111258-20260814-111944/data/new_map) by extension 'colcon_meta'
[0.375s] Level 1:colcon.colcon_core.package_identification:_identify(runs/lightning_sim/offline-sim-20260814-111258-20260814-111944/data/new_map) by extensions ['ros']
[0.375s] Level 1:colcon.colcon_core.package_identification:_identify(runs/lightning_sim/offline-sim-20260814-111258-20260814-111944/data/new_map) by extension 'ros'
[0.375s] Level 1:colcon.colcon_core.package_identification:_identify(runs/lightning_sim/offline-sim-20260814-111258-20260814-111944/data/new_map) by extensions ['cmake', 'python']
[0.375s] Level 1:colcon.colcon_core.package_identification:_identify(runs/lightning_sim/offline-sim-20260814-111258-20260814-111944/data/new_map) by extension 'cmake'
[0.375s] Level 1:colcon.colcon_core.package_identification:_identify(runs/lightning_sim/offline-sim-20260814-111258-20260814-111944/data/new_map) by extension 'python'
[0.375s] Level 1:colcon.colcon_core.package_identification:_identify(runs/lightning_sim/offline-sim-20260814-111258-20260814-111944/data/new_map) by extensions ['python_setup_py']
[0.375s] Level 1:colcon.colcon_core.package_identification:_identify(runs/lightning_sim/offline-sim-20260814-111258-20260814-111944/data/new_map) by extension 'python_setup_py'
[0.375s] Level 1:colcon.colcon_core.package_identification:_identify(runs/lightning_sim/offline-sim-20260814-111258-20260818-130149) by extensions ['ignore', 'ignore_ament_install']
[0.376s] Level 1:colcon.colcon_core.package_identification:_identify(runs/lightning_sim/offline-sim-20260814-111258-20260818-130149) by extension 'ignore'
[0.376s] Level 1:colcon.colcon_core.package_identification:_identify(runs/lightning_sim/offline-sim-20260814-111258-20260818-130149) by extension 'ignore_ament_install'
[0.376s] Level 1:colcon.colcon_core.package_identification:_identify(runs/lightning_sim/offline-sim-20260814-111258-20260818-130149) by extensions ['colcon_pkg']
[0.376s] Level 1:colcon.colcon_core.package_identification:_identify(runs/lightning_sim/offline-sim-20260814-111258-20260818-130149) by extension 'colcon_pkg'
[0.376s] Level 1:colcon.colcon_core.package_identification:_identify(runs/lightning_sim/offline-sim-20260814-111258-20260818-130149) by extensions ['colcon_meta']
[0.376s] Level 1:colcon.colcon_core.package_identification:_identify(runs/lightning_sim/offline-sim-20260814-111258-20260818-130149) by extension 'colcon_meta'
[0.376s] Level 1:colcon.colcon_core.package_identification:_identify(runs/lightning_sim/offline-sim-20260814-111258-20260818-130149) by extensions ['ros']
[0.376s] Level 1:colcon.colcon_core.package_identification:_identify(runs/lightning_sim/offline-sim-20260814-111258-20260818-130149) by extension 'ros'
[0.376s] Level 1:colcon.colcon_core.package_identification:_identify(runs/lightning_sim/offline-sim-20260814-111258-20260818-130149) by extensions ['cmake', 'python']
[0.376s] Level 1:colcon.colcon_core.package_identification:_identify(runs/lightning_sim/offline-sim-20260814-111258-20260818-130149) by extension 'cmake'
[0.376s] Level 1:colcon.colcon_core.package_identification:_identify(runs/lightning_sim/offline-sim-20260814-111258-20260818-130149) by extension 'python'
[0.376s] Level 1:colcon.colcon_core.package_identification:_identify(runs/lightning_sim/offline-sim-20260814-111258-20260818-130149) by extensions ['python_setup_py']
[0.376s] Level 1:colcon.colcon_core.package_identification:_identify(runs/lightning_sim/offline-sim-20260814-111258-20260818-130149) by extension 'python_setup_py'
[0.376s] Level 1:colcon.colcon_core.package_identification:_identify(runs/lightning_sim/offline-sim-20260814-111258-20260818-130149/data) by extensions ['ignore', 'ignore_ament_install']
[0.376s] Level 1:colcon.colcon_core.package_identification:_identify(runs/lightning_sim/offline-sim-20260814-111258-20260818-130149/data) by extension 'ignore'
[0.376s] Level 1:colcon.colcon_core.package_identification:_identify(runs/lightning_sim/offline-sim-20260814-111258-20260818-130149/data) by extension 'ignore_ament_install'
[0.376s] Level 1:colcon.colcon_core.package_identification:_identify(runs/lightning_sim/offline-sim-20260814-111258-20260818-130149/data) by extensions ['colcon_pkg']
[0.376s] Level 1:colcon.colcon_core.package_identification:_identify(runs/lightning_sim/offline-sim-20260814-111258-20260818-130149/data) by extension 'colcon_pkg'
[0.376s] Level 1:colcon.colcon_core.package_identification:_identify(runs/lightning_sim/offline-sim-20260814-111258-20260818-130149/data) by extensions ['colcon_meta']
[0.376s] Level 1:colcon.colcon_core.package_identification:_identify(runs/lightning_sim/offline-sim-20260814-111258-20260818-130149/data) by extension 'colcon_meta'
[0.376s] Level 1:colcon.colcon_core.package_identification:_identify(runs/lightning_sim/offline-sim-20260814-111258-20260818-130149/data) by extensions ['ros']
[0.376s] Level 1:colcon.colcon_core.package_identification:_identify(runs/lightning_sim/offline-sim-20260814-111258-20260818-130149/data) by extension 'ros'
[0.376s] Level 1:colcon.colcon_core.package_identification:_identify(runs/lightning_sim/offline-sim-20260814-111258-20260818-130149/data) by extensions ['cmake', 'python']
[0.376s] Level 1:colcon.colcon_core.package_identification:_identify(runs/lightning_sim/offline-sim-20260814-111258-20260818-130149/data) by extension 'cmake'
[0.377s] Level 1:colcon.colcon_core.package_identification:_identify(runs/lightning_sim/offline-sim-20260814-111258-20260818-130149/data) by extension 'python'
[0.377s] Level 1:colcon.colcon_core.package_identification:_identify(runs/lightning_sim/offline-sim-20260814-111258-20260818-130149/data) by extensions ['python_setup_py']
[0.377s] Level 1:colcon.colcon_core.package_identification:_identify(runs/lightning_sim/offline-sim-20260814-111258-20260818-130149/data) by extension 'python_setup_py'
[0.377s] Level 1:colcon.colcon_core.package_identification:_identify(runs/lightning_sim/offline-sim-20260814-111258-20260818-130149/data/new_map) by extensions ['ignore', 'ignore_ament_install']
[0.377s] Level 1:colcon.colcon_core.package_identification:_identify(runs/lightning_sim/offline-sim-20260814-111258-20260818-130149/data/new_map) by extension 'ignore'
[0.377s] Level 1:colcon.colcon_core.package_identification:_identify(runs/lightning_sim/offline-sim-20260814-111258-20260818-130149/data/new_map) by extension 'ignore_ament_install'
[0.377s] Level 1:colcon.colcon_core.package_identification:_identify(runs/lightning_sim/offline-sim-20260814-111258-20260818-130149/data/new_map) by extensions ['colcon_pkg']
[0.377s] Level 1:colcon.colcon_core.package_identification:_identify(runs/lightning_sim/offline-sim-20260814-111258-20260818-130149/data/new_map) by extension 'colcon_pkg'
[0.377s] Level 1:colcon.colcon_core.package_identification:_identify(runs/lightning_sim/offline-sim-20260814-111258-20260818-130149/data/new_map) by extensions ['colcon_meta']
[0.377s] Level 1:colcon.colcon_core.package_identification:_identify(runs/lightning_sim/offline-sim-20260814-111258-20260818-130149/data/new_map) by extension 'colcon_meta'
[0.377s] Level 1:colcon.colcon_core.package_identification:_identify(runs/lightning_sim/offline-sim-20260814-111258-20260818-130149/data/new_map) by extensions ['ros']
[0.377s] Level 1:colcon.colcon_core.package_identification:_identify(runs/lightning_sim/offline-sim-20260814-111258-20260818-130149/data/new_map) by extension 'ros'
[0.377s] Level 1:colcon.colcon_core.package_identification:_identify(runs/lightning_sim/offline-sim-20260814-111258-20260818-130149/data/new_map) by extensions ['cmake', 'python']
[0.377s] Level 1:colcon.colcon_core.package_identification:_identify(runs/lightning_sim/offline-sim-20260814-111258-20260818-130149/data/new_map) by extension 'cmake'
[0.377s] Level 1:colcon.colcon_core.package_identification:_identify(runs/lightning_sim/offline-sim-20260814-111258-20260818-130149/data/new_map) by extension 'python'
[0.377s] Level 1:colcon.colcon_core.package_identification:_identify(runs/lightning_sim/offline-sim-20260814-111258-20260818-130149/data/new_map) by extensions ['python_setup_py']
[0.377s] Level 1:colcon.colcon_core.package_identification:_identify(runs/lightning_sim/offline-sim-20260814-111258-20260818-130149/data/new_map) by extension 'python_setup_py'
[0.377s] Level 1:colcon.colcon_core.package_identification:_identify(runs/lightning_sim/offline-sim-20260814-111258-20260818-131712) by extensions ['ignore', 'ignore_ament_install']
[0.377s] Level 1:colcon.colcon_core.package_identification:_identify(runs/lightning_sim/offline-sim-20260814-111258-20260818-131712) by extension 'ignore'
[0.377s] Level 1:colcon.colcon_core.package_identification:_identify(runs/lightning_sim/offline-sim-20260814-111258-20260818-131712) by extension 'ignore_ament_install'
[0.377s] Level 1:colcon.colcon_core.package_identification:_identify(runs/lightning_sim/offline-sim-20260814-111258-20260818-131712) by extensions ['colcon_pkg']
[0.377s] Level 1:colcon.colcon_core.package_identification:_identify(runs/lightning_sim/offline-sim-20260814-111258-20260818-131712) by extension 'colcon_pkg'
[0.378s] Level 1:colcon.colcon_core.package_identification:_identify(runs/lightning_sim/offline-sim-20260814-111258-20260818-131712) by extensions ['colcon_meta']
[0.378s] Level 1:colcon.colcon_core.package_identification:_identify(runs/lightning_sim/offline-sim-20260814-111258-20260818-131712) by extension 'colcon_meta'
[0.378s] Level 1:colcon.colcon_core.package_identification:_identify(runs/lightning_sim/offline-sim-20260814-111258-20260818-131712) by extensions ['ros']
[0.378s] Level 1:colcon.colcon_core.package_identification:_identify(runs/lightning_sim/offline-sim-20260814-111258-20260818-131712) by extension 'ros'
[0.378s] Level 1:colcon.colcon_core.package_identification:_identify(runs/lightning_sim/offline-sim-20260814-111258-20260818-131712) by extensions ['cmake', 'python']
[0.378s] Level 1:colcon.colcon_core.package_identification:_identify(runs/lightning_sim/offline-sim-20260814-111258-20260818-131712) by extension 'cmake'
[0.378s] Level 1:colcon.colcon_core.package_identification:_identify(runs/lightning_sim/offline-sim-20260814-111258-20260818-131712) by extension 'python'
[0.378s] Level 1:colcon.colcon_core.package_identification:_identify(runs/lightning_sim/offline-sim-20260814-111258-20260818-131712) by extensions ['python_setup_py']
[0.378s] Level 1:colcon.colcon_core.package_identification:_identify(runs/lightning_sim/offline-sim-20260814-111258-20260818-131712) by extension 'python_setup_py'
[0.378s] Level 1:colcon.colcon_core.package_identification:_identify(runs/real_mid360) by extensions ['ignore', 'ignore_ament_install']
[0.378s] Level 1:colcon.colcon_core.package_identification:_identify(runs/real_mid360) by extension 'ignore'
[0.378s] Level 1:colcon.colcon_core.package_identification:_identify(runs/real_mid360) by extension 'ignore_ament_install'
[0.378s] Level 1:colcon.colcon_core.package_identification:_identify(runs/real_mid360) by extensions ['colcon_pkg']
[0.378s] Level 1:colcon.colcon_core.package_identification:_identify(runs/real_mid360) by extension 'colcon_pkg'
[0.378s] Level 1:colcon.colcon_core.package_identification:_identify(runs/real_mid360) by extensions ['colcon_meta']
[0.378s] Level 1:colcon.colcon_core.package_identification:_identify(runs/real_mid360) by extension 'colcon_meta'
[0.378s] Level 1:colcon.colcon_core.package_identification:_identify(runs/real_mid360) by extensions ['ros']
[0.378s] Level 1:colcon.colcon_core.package_identification:_identify(runs/real_mid360) by extension 'ros'
[0.378s] Level 1:colcon.colcon_core.package_identification:_identify(runs/real_mid360) by extensions ['cmake', 'python']
[0.378s] Level 1:colcon.colcon_core.package_identification:_identify(runs/real_mid360) by extension 'cmake'
[0.378s] Level 1:colcon.colcon_core.package_identification:_identify(runs/real_mid360) by extension 'python'
[0.378s] Level 1:colcon.colcon_core.package_identification:_identify(runs/real_mid360) by extensions ['python_setup_py']
[0.378s] Level 1:colcon.colcon_core.package_identification:_identify(runs/real_mid360) by extension 'python_setup_py'
[0.379s] Level 1:colcon.colcon_core.package_identification:_identify(runs/real_mid360/inspection) by extensions ['ignore', 'ignore_ament_install']
[0.379s] Level 1:colcon.colcon_core.package_identification:_identify(runs/real_mid360/inspection) by extension 'ignore'
[0.379s] Level 1:colcon.colcon_core.package_identification:_identify(runs/real_mid360/inspection) by extension 'ignore_ament_install'
[0.379s] Level 1:colcon.colcon_core.package_identification:_identify(runs/real_mid360/inspection) by extensions ['colcon_pkg']
[0.379s] Level 1:colcon.colcon_core.package_identification:_identify(runs/real_mid360/inspection) by extension 'colcon_pkg'
[0.379s] Level 1:colcon.colcon_core.package_identification:_identify(runs/real_mid360/inspection) by extensions ['colcon_meta']
[0.379s] Level 1:colcon.colcon_core.package_identification:_identify(runs/real_mid360/inspection) by extension 'colcon_meta'
[0.379s] Level 1:colcon.colcon_core.package_identification:_identify(runs/real_mid360/inspection) by extensions ['ros']
[0.379s] Level 1:colcon.colcon_core.package_identification:_identify(runs/real_mid360/inspection) by extension 'ros'
[0.379s] Level 1:colcon.colcon_core.package_identification:_identify(runs/real_mid360/inspection) by extensions ['cmake', 'python']
[0.379s] Level 1:colcon.colcon_core.package_identification:_identify(runs/real_mid360/inspection) by extension 'cmake'
[0.379s] Level 1:colcon.colcon_core.package_identification:_identify(runs/real_mid360/inspection) by extension 'python'
[0.379s] Level 1:colcon.colcon_core.package_identification:_identify(runs/real_mid360/inspection) by extensions ['python_setup_py']
[0.379s] Level 1:colcon.colcon_core.package_identification:_identify(runs/real_mid360/inspection) by extension 'python_setup_py'
[0.379s] Level 1:colcon.colcon_core.package_identification:_identify(runs/real_mid360/localization_tests) by extensions ['ignore', 'ignore_ament_install']
[0.379s] Level 1:colcon.colcon_core.package_identification:_identify(runs/real_mid360/localization_tests) by extension 'ignore'
[0.379s] Level 1:colcon.colcon_core.package_identification:_identify(runs/real_mid360/localization_tests) by extension 'ignore_ament_install'
[0.379s] Level 1:colcon.colcon_core.package_identification:_identify(runs/real_mid360/localization_tests) by extensions ['colcon_pkg']
[0.379s] Level 1:colcon.colcon_core.package_identification:_identify(runs/real_mid360/localization_tests) by extension 'colcon_pkg'
[0.379s] Level 1:colcon.colcon_core.package_identification:_identify(runs/real_mid360/localization_tests) by extensions ['colcon_meta']
[0.379s] Level 1:colcon.colcon_core.package_identification:_identify(runs/real_mid360/localization_tests) by extension 'colcon_meta'
[0.379s] Level 1:colcon.colcon_core.package_identification:_identify(runs/real_mid360/localization_tests) by extensions ['ros']
[0.379s] Level 1:colcon.colcon_core.package_identification:_identify(runs/real_mid360/localization_tests) by extension 'ros'
[0.380s] Level 1:colcon.colcon_core.package_identification:_identify(runs/real_mid360/localization_tests) by extensions ['cmake', 'python']
[0.380s] Level 1:colcon.colcon_core.package_identification:_identify(runs/real_mid360/localization_tests) by extension 'cmake'
[0.380s] Level 1:colcon.colcon_core.package_identification:_identify(runs/real_mid360/localization_tests) by extension 'python'
[0.380s] Level 1:colcon.colcon_core.package_identification:_identify(runs/real_mid360/localization_tests) by extensions ['python_setup_py']
[0.380s] Level 1:colcon.colcon_core.package_identification:_identify(runs/real_mid360/localization_tests) by extension 'python_setup_py'
[0.380s] Level 1:colcon.colcon_core.package_identification:_identify(runs/real_mid360/localization_tests/figures) by extensions ['ignore', 'ignore_ament_install']
[0.380s] Level 1:colcon.colcon_core.package_identification:_identify(runs/real_mid360/localization_tests/figures) by extension 'ignore'
[0.380s] Level 1:colcon.colcon_core.package_identification:_identify(runs/real_mid360/localization_tests/figures) by extension 'ignore_ament_install'
[0.380s] Level 1:colcon.colcon_core.package_identification:_identify(runs/real_mid360/localization_tests/figures) by extensions ['colcon_pkg']
[0.380s] Level 1:colcon.colcon_core.package_identification:_identify(runs/real_mid360/localization_tests/figures) by extension 'colcon_pkg'
[0.380s] Level 1:colcon.colcon_core.package_identification:_identify(runs/real_mid360/localization_tests/figures) by extensions ['colcon_meta']
[0.380s] Level 1:colcon.colcon_core.package_identification:_identify(runs/real_mid360/localization_tests/figures) by extension 'colcon_meta'
[0.380s] Level 1:colcon.colcon_core.package_identification:_identify(runs/real_mid360/localization_tests/figures) by extensions ['ros']
[0.380s] Level 1:colcon.colcon_core.package_identification:_identify(runs/real_mid360/localization_tests/figures) by extension 'ros'
[0.380s] Level 1:colcon.colcon_core.package_identification:_identify(runs/real_mid360/localization_tests/figures) by extensions ['cmake', 'python']
[0.380s] Level 1:colcon.colcon_core.package_identification:_identify(runs/real_mid360/localization_tests/figures) by extension 'cmake'
[0.380s] Level 1:colcon.colcon_core.package_identification:_identify(runs/real_mid360/localization_tests/figures) by extension 'python'
[0.380s] Level 1:colcon.colcon_core.package_identification:_identify(runs/real_mid360/localization_tests/figures) by extensions ['python_setup_py']
[0.380s] Level 1:colcon.colcon_core.package_identification:_identify(runs/real_mid360/localization_tests/figures) by extension 'python_setup_py'
[0.380s] Level 1:colcon.colcon_core.package_identification:_identify(runs/real_mid360/offline-mid360-dynamic-20260814-175320-20260814-175948) by extensions ['ignore', 'ignore_ament_install']
[0.380s] Level 1:colcon.colcon_core.package_identification:_identify(runs/real_mid360/offline-mid360-dynamic-20260814-175320-20260814-175948) by extension 'ignore'
[0.380s] Level 1:colcon.colcon_core.package_identification:_identify(runs/real_mid360/offline-mid360-dynamic-20260814-175320-20260814-175948) by extension 'ignore_ament_install'
[0.380s] Level 1:colcon.colcon_core.package_identification:_identify(runs/real_mid360/offline-mid360-dynamic-20260814-175320-20260814-175948) by extensions ['colcon_pkg']
[0.381s] Level 1:colcon.colcon_core.package_identification:_identify(runs/real_mid360/offline-mid360-dynamic-20260814-175320-20260814-175948) by extension 'colcon_pkg'
[0.381s] Level 1:colcon.colcon_core.package_identification:_identify(runs/real_mid360/offline-mid360-dynamic-20260814-175320-20260814-175948) by extensions ['colcon_meta']
[0.381s] Level 1:colcon.colcon_core.package_identification:_identify(runs/real_mid360/offline-mid360-dynamic-20260814-175320-20260814-175948) by extension 'colcon_meta'
[0.381s] Level 1:colcon.colcon_core.package_identification:_identify(runs/real_mid360/offline-mid360-dynamic-20260814-175320-20260814-175948) by extensions ['ros']
[0.381s] Level 1:colcon.colcon_core.package_identification:_identify(runs/real_mid360/offline-mid360-dynamic-20260814-175320-20260814-175948) by extension 'ros'
[0.381s] Level 1:colcon.colcon_core.package_identification:_identify(runs/real_mid360/offline-mid360-dynamic-20260814-175320-20260814-175948) by extensions ['cmake', 'python']
[0.381s] Level 1:colcon.colcon_core.package_identification:_identify(runs/real_mid360/offline-mid360-dynamic-20260814-175320-20260814-175948) by extension 'cmake'
[0.381s] Level 1:colcon.colcon_core.package_identification:_identify(runs/real_mid360/offline-mid360-dynamic-20260814-175320-20260814-175948) by extension 'python'
[0.381s] Level 1:colcon.colcon_core.package_identification:_identify(runs/real_mid360/offline-mid360-dynamic-20260814-175320-20260814-175948) by extensions ['python_setup_py']
[0.381s] Level 1:colcon.colcon_core.package_identification:_identify(runs/real_mid360/offline-mid360-dynamic-20260814-175320-20260814-175948) by extension 'python_setup_py'
[0.381s] Level 1:colcon.colcon_core.package_identification:_identify(runs/real_mid360/offline-mid360-dynamic-20260814-175320-20260814-175948/data) by extensions ['ignore', 'ignore_ament_install']
[0.381s] Level 1:colcon.colcon_core.package_identification:_identify(runs/real_mid360/offline-mid360-dynamic-20260814-175320-20260814-175948/data) by extension 'ignore'
[0.381s] Level 1:colcon.colcon_core.package_identification:_identify(runs/real_mid360/offline-mid360-dynamic-20260814-175320-20260814-175948/data) by extension 'ignore_ament_install'
[0.381s] Level 1:colcon.colcon_core.package_identification:_identify(runs/real_mid360/offline-mid360-dynamic-20260814-175320-20260814-175948/data) by extensions ['colcon_pkg']
[0.381s] Level 1:colcon.colcon_core.package_identification:_identify(runs/real_mid360/offline-mid360-dynamic-20260814-175320-20260814-175948/data) by extension 'colcon_pkg'
[0.381s] Level 1:colcon.colcon_core.package_identification:_identify(runs/real_mid360/offline-mid360-dynamic-20260814-175320-20260814-175948/data) by extensions ['colcon_meta']
[0.381s] Level 1:colcon.colcon_core.package_identification:_identify(runs/real_mid360/offline-mid360-dynamic-20260814-175320-20260814-175948/data) by extension 'colcon_meta'
[0.381s] Level 1:colcon.colcon_core.package_identification:_identify(runs/real_mid360/offline-mid360-dynamic-20260814-175320-20260814-175948/data) by extensions ['ros']
[0.381s] Level 1:colcon.colcon_core.package_identification:_identify(runs/real_mid360/offline-mid360-dynamic-20260814-175320-20260814-175948/data) by extension 'ros'
[0.381s] Level 1:colcon.colcon_core.package_identification:_identify(runs/real_mid360/offline-mid360-dynamic-20260814-175320-20260814-175948/data) by extensions ['cmake', 'python']
[0.381s] Level 1:colcon.colcon_core.package_identification:_identify(runs/real_mid360/offline-mid360-dynamic-20260814-175320-20260814-175948/data) by extension 'cmake'
[0.381s] Level 1:colcon.colcon_core.package_identification:_identify(runs/real_mid360/offline-mid360-dynamic-20260814-175320-20260814-175948/data) by extension 'python'
[0.381s] Level 1:colcon.colcon_core.package_identification:_identify(runs/real_mid360/offline-mid360-dynamic-20260814-175320-20260814-175948/data) by extensions ['python_setup_py']
[0.381s] Level 1:colcon.colcon_core.package_identification:_identify(runs/real_mid360/offline-mid360-dynamic-20260814-175320-20260814-175948/data) by extension 'python_setup_py'
[0.382s] Level 1:colcon.colcon_core.package_identification:_identify(runs/real_mid360/offline-mid360-dynamic-20260814-175320-20260814-175948/data/new_map) by extensions ['ignore', 'ignore_ament_install']
[0.382s] Level 1:colcon.colcon_core.package_identification:_identify(runs/real_mid360/offline-mid360-dynamic-20260814-175320-20260814-175948/data/new_map) by extension 'ignore'
[0.382s] Level 1:colcon.colcon_core.package_identification:_identify(runs/real_mid360/offline-mid360-dynamic-20260814-175320-20260814-175948/data/new_map) by extension 'ignore_ament_install'
[0.382s] Level 1:colcon.colcon_core.package_identification:_identify(runs/real_mid360/offline-mid360-dynamic-20260814-175320-20260814-175948/data/new_map) by extensions ['colcon_pkg']
[0.382s] Level 1:colcon.colcon_core.package_identification:_identify(runs/real_mid360/offline-mid360-dynamic-20260814-175320-20260814-175948/data/new_map) by extension 'colcon_pkg'
[0.382s] Level 1:colcon.colcon_core.package_identification:_identify(runs/real_mid360/offline-mid360-dynamic-20260814-175320-20260814-175948/data/new_map) by extensions ['colcon_meta']
[0.382s] Level 1:colcon.colcon_core.package_identification:_identify(runs/real_mid360/offline-mid360-dynamic-20260814-175320-20260814-175948/data/new_map) by extension 'colcon_meta'
[0.382s] Level 1:colcon.colcon_core.package_identification:_identify(runs/real_mid360/offline-mid360-dynamic-20260814-175320-20260814-175948/data/new_map) by extensions ['ros']
[0.382s] Level 1:colcon.colcon_core.package_identification:_identify(runs/real_mid360/offline-mid360-dynamic-20260814-175320-20260814-175948/data/new_map) by extension 'ros'
[0.382s] Level 1:colcon.colcon_core.package_identification:_identify(runs/real_mid360/offline-mid360-dynamic-20260814-175320-20260814-175948/data/new_map) by extensions ['cmake', 'python']
[0.382s] Level 1:colcon.colcon_core.package_identification:_identify(runs/real_mid360/offline-mid360-dynamic-20260814-175320-20260814-175948/data/new_map) by extension 'cmake'
[0.382s] Level 1:colcon.colcon_core.package_identification:_identify(runs/real_mid360/offline-mid360-dynamic-20260814-175320-20260814-175948/data/new_map) by extension 'python'
[0.382s] Level 1:colcon.colcon_core.package_identification:_identify(runs/real_mid360/offline-mid360-dynamic-20260814-175320-20260814-175948/data/new_map) by extensions ['python_setup_py']
[0.382s] Level 1:colcon.colcon_core.package_identification:_identify(runs/real_mid360/offline-mid360-dynamic-20260814-175320-20260814-175948/data/new_map) by extension 'python_setup_py'
[0.382s] Level 1:colcon.colcon_core.package_identification:_identify(runs/real_mid360/offline-mid360-loop-20260814-180225-20260814-180903) by extensions ['ignore', 'ignore_ament_install']
[0.382s] Level 1:colcon.colcon_core.package_identification:_identify(runs/real_mid360/offline-mid360-loop-20260814-180225-20260814-180903) by extension 'ignore'
[0.382s] Level 1:colcon.colcon_core.package_identification:_identify(runs/real_mid360/offline-mid360-loop-20260814-180225-20260814-180903) by extension 'ignore_ament_install'
[0.382s] Level 1:colcon.colcon_core.package_identification:_identify(runs/real_mid360/offline-mid360-loop-20260814-180225-20260814-180903) by extensions ['colcon_pkg']
[0.382s] Level 1:colcon.colcon_core.package_identification:_identify(runs/real_mid360/offline-mid360-loop-20260814-180225-20260814-180903) by extension 'colcon_pkg'
[0.382s] Level 1:colcon.colcon_core.package_identification:_identify(runs/real_mid360/offline-mid360-loop-20260814-180225-20260814-180903) by extensions ['colcon_meta']
[0.382s] Level 1:colcon.colcon_core.package_identification:_identify(runs/real_mid360/offline-mid360-loop-20260814-180225-20260814-180903) by extension 'colcon_meta'
[0.382s] Level 1:colcon.colcon_core.package_identification:_identify(runs/real_mid360/offline-mid360-loop-20260814-180225-20260814-180903) by extensions ['ros']
[0.382s] Level 1:colcon.colcon_core.package_identification:_identify(runs/real_mid360/offline-mid360-loop-20260814-180225-20260814-180903) by extension 'ros'
[0.383s] Level 1:colcon.colcon_core.package_identification:_identify(runs/real_mid360/offline-mid360-loop-20260814-180225-20260814-180903) by extensions ['cmake', 'python']
[0.383s] Level 1:colcon.colcon_core.package_identification:_identify(runs/real_mid360/offline-mid360-loop-20260814-180225-20260814-180903) by extension 'cmake'
[0.383s] Level 1:colcon.colcon_core.package_identification:_identify(runs/real_mid360/offline-mid360-loop-20260814-180225-20260814-180903) by extension 'python'
[0.383s] Level 1:colcon.colcon_core.package_identification:_identify(runs/real_mid360/offline-mid360-loop-20260814-180225-20260814-180903) by extensions ['python_setup_py']
[0.383s] Level 1:colcon.colcon_core.package_identification:_identify(runs/real_mid360/offline-mid360-loop-20260814-180225-20260814-180903) by extension 'python_setup_py'
[0.383s] Level 1:colcon.colcon_core.package_identification:_identify(runs/real_mid360/offline-mid360-loop-20260814-180225-20260814-180903/data) by extensions ['ignore', 'ignore_ament_install']
[0.383s] Level 1:colcon.colcon_core.package_identification:_identify(runs/real_mid360/offline-mid360-loop-20260814-180225-20260814-180903/data) by extension 'ignore'
[0.383s] Level 1:colcon.colcon_core.package_identification:_identify(runs/real_mid360/offline-mid360-loop-20260814-180225-20260814-180903/data) by extension 'ignore_ament_install'
[0.383s] Level 1:colcon.colcon_core.package_identification:_identify(runs/real_mid360/offline-mid360-loop-20260814-180225-20260814-180903/data) by extensions ['colcon_pkg']
[0.383s] Level 1:colcon.colcon_core.package_identification:_identify(runs/real_mid360/offline-mid360-loop-20260814-180225-20260814-180903/data) by extension 'colcon_pkg'
[0.383s] Level 1:colcon.colcon_core.package_identification:_identify(runs/real_mid360/offline-mid360-loop-20260814-180225-20260814-180903/data) by extensions ['colcon_meta']
[0.383s] Level 1:colcon.colcon_core.package_identification:_identify(runs/real_mid360/offline-mid360-loop-20260814-180225-20260814-180903/data) by extension 'colcon_meta'
[0.383s] Level 1:colcon.colcon_core.package_identification:_identify(runs/real_mid360/offline-mid360-loop-20260814-180225-20260814-180903/data) by extensions ['ros']
[0.383s] Level 1:colcon.colcon_core.package_identification:_identify(runs/real_mid360/offline-mid360-loop-20260814-180225-20260814-180903/data) by extension 'ros'
[0.383s] Level 1:colcon.colcon_core.package_identification:_identify(runs/real_mid360/offline-mid360-loop-20260814-180225-20260814-180903/data) by extensions ['cmake', 'python']
[0.383s] Level 1:colcon.colcon_core.package_identification:_identify(runs/real_mid360/offline-mid360-loop-20260814-180225-20260814-180903/data) by extension 'cmake'
[0.383s] Level 1:colcon.colcon_core.package_identification:_identify(runs/real_mid360/offline-mid360-loop-20260814-180225-20260814-180903/data) by extension 'python'
[0.383s] Level 1:colcon.colcon_core.package_identification:_identify(runs/real_mid360/offline-mid360-loop-20260814-180225-20260814-180903/data) by extensions ['python_setup_py']
[0.383s] Level 1:colcon.colcon_core.package_identification:_identify(runs/real_mid360/offline-mid360-loop-20260814-180225-20260814-180903/data) by extension 'python_setup_py'
[0.383s] Level 1:colcon.colcon_core.package_identification:_identify(runs/real_mid360/offline-mid360-loop-20260814-180225-20260814-180903/data/new_map) by extensions ['ignore', 'ignore_ament_install']
[0.383s] Level 1:colcon.colcon_core.package_identification:_identify(runs/real_mid360/offline-mid360-loop-20260814-180225-20260814-180903/data/new_map) by extension 'ignore'
[0.383s] Level 1:colcon.colcon_core.package_identification:_identify(runs/real_mid360/offline-mid360-loop-20260814-180225-20260814-180903/data/new_map) by extension 'ignore_ament_install'
[0.383s] Level 1:colcon.colcon_core.package_identification:_identify(runs/real_mid360/offline-mid360-loop-20260814-180225-20260814-180903/data/new_map) by extensions ['colcon_pkg']
[0.384s] Level 1:colcon.colcon_core.package_identification:_identify(runs/real_mid360/offline-mid360-loop-20260814-180225-20260814-180903/data/new_map) by extension 'colcon_pkg'
[0.384s] Level 1:colcon.colcon_core.package_identification:_identify(runs/real_mid360/offline-mid360-loop-20260814-180225-20260814-180903/data/new_map) by extensions ['colcon_meta']
[0.384s] Level 1:colcon.colcon_core.package_identification:_identify(runs/real_mid360/offline-mid360-loop-20260814-180225-20260814-180903/data/new_map) by extension 'colcon_meta'
[0.384s] Level 1:colcon.colcon_core.package_identification:_identify(runs/real_mid360/offline-mid360-loop-20260814-180225-20260814-180903/data/new_map) by extensions ['ros']
[0.384s] Level 1:colcon.colcon_core.package_identification:_identify(runs/real_mid360/offline-mid360-loop-20260814-180225-20260814-180903/data/new_map) by extension 'ros'
[0.384s] Level 1:colcon.colcon_core.package_identification:_identify(runs/real_mid360/offline-mid360-loop-20260814-180225-20260814-180903/data/new_map) by extensions ['cmake', 'python']
[0.384s] Level 1:colcon.colcon_core.package_identification:_identify(runs/real_mid360/offline-mid360-loop-20260814-180225-20260814-180903/data/new_map) by extension 'cmake'
[0.384s] Level 1:colcon.colcon_core.package_identification:_identify(runs/real_mid360/offline-mid360-loop-20260814-180225-20260814-180903/data/new_map) by extension 'python'
[0.384s] Level 1:colcon.colcon_core.package_identification:_identify(runs/real_mid360/offline-mid360-loop-20260814-180225-20260814-180903/data/new_map) by extensions ['python_setup_py']
[0.384s] Level 1:colcon.colcon_core.package_identification:_identify(runs/real_mid360/offline-mid360-loop-20260814-180225-20260814-180903/data/new_map) by extension 'python_setup_py'
[0.384s] Level 1:colcon.colcon_core.package_identification:_identify(runs/real_mid360/offline-mid360-loop-20260814-180225-20260819-121727) by extensions ['ignore', 'ignore_ament_install']
[0.384s] Level 1:colcon.colcon_core.package_identification:_identify(runs/real_mid360/offline-mid360-loop-20260814-180225-20260819-121727) by extension 'ignore'
[0.384s] Level 1:colcon.colcon_core.package_identification:_identify(runs/real_mid360/offline-mid360-loop-20260814-180225-20260819-121727) by extension 'ignore_ament_install'
[0.384s] Level 1:colcon.colcon_core.package_identification:_identify(runs/real_mid360/offline-mid360-loop-20260814-180225-20260819-121727) by extensions ['colcon_pkg']
[0.384s] Level 1:colcon.colcon_core.package_identification:_identify(runs/real_mid360/offline-mid360-loop-20260814-180225-20260819-121727) by extension 'colcon_pkg'
[0.384s] Level 1:colcon.colcon_core.package_identification:_identify(runs/real_mid360/offline-mid360-loop-20260814-180225-20260819-121727) by extensions ['colcon_meta']
[0.384s] Level 1:colcon.colcon_core.package_identification:_identify(runs/real_mid360/offline-mid360-loop-20260814-180225-20260819-121727) by extension 'colcon_meta'
[0.384s] Level 1:colcon.colcon_core.package_identification:_identify(runs/real_mid360/offline-mid360-loop-20260814-180225-20260819-121727) by extensions ['ros']
[0.384s] Level 1:colcon.colcon_core.package_identification:_identify(runs/real_mid360/offline-mid360-loop-20260814-180225-20260819-121727) by extension 'ros'
[0.384s] Level 1:colcon.colcon_core.package_identification:_identify(runs/real_mid360/offline-mid360-loop-20260814-180225-20260819-121727) by extensions ['cmake', 'python']
[0.384s] Level 1:colcon.colcon_core.package_identification:_identify(runs/real_mid360/offline-mid360-loop-20260814-180225-20260819-121727) by extension 'cmake'
[0.384s] Level 1:colcon.colcon_core.package_identification:_identify(runs/real_mid360/offline-mid360-loop-20260814-180225-20260819-121727) by extension 'python'
[0.384s] Level 1:colcon.colcon_core.package_identification:_identify(runs/real_mid360/offline-mid360-loop-20260814-180225-20260819-121727) by extensions ['python_setup_py']
[0.384s] Level 1:colcon.colcon_core.package_identification:_identify(runs/real_mid360/offline-mid360-loop-20260814-180225-20260819-121727) by extension 'python_setup_py'
[0.385s] Level 1:colcon.colcon_core.package_identification:_identify(runs/real_mid360/offline-mid360-loop-20260814-180225-20260819-121911) by extensions ['ignore', 'ignore_ament_install']
[0.385s] Level 1:colcon.colcon_core.package_identification:_identify(runs/real_mid360/offline-mid360-loop-20260814-180225-20260819-121911) by extension 'ignore'
[0.385s] Level 1:colcon.colcon_core.package_identification:_identify(runs/real_mid360/offline-mid360-loop-20260814-180225-20260819-121911) by extension 'ignore_ament_install'
[0.385s] Level 1:colcon.colcon_core.package_identification:_identify(runs/real_mid360/offline-mid360-loop-20260814-180225-20260819-121911) by extensions ['colcon_pkg']
[0.385s] Level 1:colcon.colcon_core.package_identification:_identify(runs/real_mid360/offline-mid360-loop-20260814-180225-20260819-121911) by extension 'colcon_pkg'
[0.385s] Level 1:colcon.colcon_core.package_identification:_identify(runs/real_mid360/offline-mid360-loop-20260814-180225-20260819-121911) by extensions ['colcon_meta']
[0.385s] Level 1:colcon.colcon_core.package_identification:_identify(runs/real_mid360/offline-mid360-loop-20260814-180225-20260819-121911) by extension 'colcon_meta'
[0.385s] Level 1:colcon.colcon_core.package_identification:_identify(runs/real_mid360/offline-mid360-loop-20260814-180225-20260819-121911) by extensions ['ros']
[0.385s] Level 1:colcon.colcon_core.package_identification:_identify(runs/real_mid360/offline-mid360-loop-20260814-180225-20260819-121911) by extension 'ros'
[0.385s] Level 1:colcon.colcon_core.package_identification:_identify(runs/real_mid360/offline-mid360-loop-20260814-180225-20260819-121911) by extensions ['cmake', 'python']
[0.385s] Level 1:colcon.colcon_core.package_identification:_identify(runs/real_mid360/offline-mid360-loop-20260814-180225-20260819-121911) by extension 'cmake'
[0.385s] Level 1:colcon.colcon_core.package_identification:_identify(runs/real_mid360/offline-mid360-loop-20260814-180225-20260819-121911) by extension 'python'
[0.385s] Level 1:colcon.colcon_core.package_identification:_identify(runs/real_mid360/offline-mid360-loop-20260814-180225-20260819-121911) by extensions ['python_setup_py']
[0.385s] Level 1:colcon.colcon_core.package_identification:_identify(runs/real_mid360/offline-mid360-loop-20260814-180225-20260819-121911) by extension 'python_setup_py'
[0.385s] Level 1:colcon.colcon_core.package_identification:_identify(scripts) by extensions ['ignore', 'ignore_ament_install']
[0.385s] Level 1:colcon.colcon_core.package_identification:_identify(scripts) by extension 'ignore'
[0.385s] Level 1:colcon.colcon_core.package_identification:_identify(scripts) by extension 'ignore_ament_install'
[0.385s] Level 1:colcon.colcon_core.package_identification:_identify(scripts) by extensions ['colcon_pkg']
[0.385s] Level 1:colcon.colcon_core.package_identification:_identify(scripts) by extension 'colcon_pkg'
[0.385s] Level 1:colcon.colcon_core.package_identification:_identify(scripts) by extensions ['colcon_meta']
[0.385s] Level 1:colcon.colcon_core.package_identification:_identify(scripts) by extension 'colcon_meta'
[0.385s] Level 1:colcon.colcon_core.package_identification:_identify(scripts) by extensions ['ros']
[0.385s] Level 1:colcon.colcon_core.package_identification:_identify(scripts) by extension 'ros'
[0.386s] Level 1:colcon.colcon_core.package_identification:_identify(scripts) by extensions ['cmake', 'python']
[0.386s] Level 1:colcon.colcon_core.package_identification:_identify(scripts) by extension 'cmake'
[0.386s] Level 1:colcon.colcon_core.package_identification:_identify(scripts) by extension 'python'
[0.386s] Level 1:colcon.colcon_core.package_identification:_identify(scripts) by extensions ['python_setup_py']
[0.386s] Level 1:colcon.colcon_core.package_identification:_identify(scripts) by extension 'python_setup_py'
[0.386s] Level 1:colcon.colcon_core.package_identification:_identify(src) by extensions ['ignore', 'ignore_ament_install']
[0.386s] Level 1:colcon.colcon_core.package_identification:_identify(src) by extension 'ignore'
[0.386s] Level 1:colcon.colcon_core.package_identification:_identify(src) by extension 'ignore_ament_install'
[0.386s] Level 1:colcon.colcon_core.package_identification:_identify(src) by extensions ['colcon_pkg']
[0.386s] Level 1:colcon.colcon_core.package_identification:_identify(src) by extension 'colcon_pkg'
[0.386s] Level 1:colcon.colcon_core.package_identification:_identify(src) by extensions ['colcon_meta']
[0.386s] Level 1:colcon.colcon_core.package_identification:_identify(src) by extension 'colcon_meta'
[0.386s] Level 1:colcon.colcon_core.package_identification:_identify(src) by extensions ['ros']
[0.386s] Level 1:colcon.colcon_core.package_identification:_identify(src) by extension 'ros'
[0.386s] Level 1:colcon.colcon_core.package_identification:_identify(src) by extensions ['cmake', 'python']
[0.386s] Level 1:colcon.colcon_core.package_identification:_identify(src) by extension 'cmake'
[0.386s] Level 1:colcon.colcon_core.package_identification:_identify(src) by extension 'python'
[0.386s] Level 1:colcon.colcon_core.package_identification:_identify(src) by extensions ['python_setup_py']
[0.386s] Level 1:colcon.colcon_core.package_identification:_identify(src) by extension 'python_setup_py'
[0.386s] Level 1:colcon.colcon_core.package_identification:_identify(src/lightning-lm) by extensions ['ignore', 'ignore_ament_install']
[0.386s] Level 1:colcon.colcon_core.package_identification:_identify(src/lightning-lm) by extension 'ignore'
[0.387s] Level 1:colcon.colcon_core.package_identification:_identify(src/lightning-lm) by extension 'ignore_ament_install'
[0.387s] Level 1:colcon.colcon_core.package_identification:_identify(src/lightning-lm) by extensions ['colcon_pkg']
[0.387s] Level 1:colcon.colcon_core.package_identification:_identify(src/lightning-lm) by extension 'colcon_pkg'
[0.387s] Level 1:colcon.colcon_core.package_identification:_identify(src/lightning-lm) by extensions ['colcon_meta']
[0.387s] Level 1:colcon.colcon_core.package_identification:_identify(src/lightning-lm) by extension 'colcon_meta'
[0.387s] Level 1:colcon.colcon_core.package_identification:_identify(src/lightning-lm) by extensions ['ros']
[0.387s] Level 1:colcon.colcon_core.package_identification:_identify(src/lightning-lm) by extension 'ros'
[0.390s] DEBUG:colcon.colcon_core.package_identification:Package 'src/lightning-lm' with type 'ros.ament_cmake' and name 'lightning'
[0.391s] Level 1:colcon.colcon_core.package_identification:_identify(src/lightning_real) by extensions ['ignore', 'ignore_ament_install']
[0.391s] Level 1:colcon.colcon_core.package_identification:_identify(src/lightning_real) by extension 'ignore'
[0.391s] Level 1:colcon.colcon_core.package_identification:_identify(src/lightning_real) by extension 'ignore_ament_install'
[0.391s] Level 1:colcon.colcon_core.package_identification:_identify(src/lightning_real) by extensions ['colcon_pkg']
[0.391s] Level 1:colcon.colcon_core.package_identification:_identify(src/lightning_real) by extension 'colcon_pkg'
[0.391s] Level 1:colcon.colcon_core.package_identification:_identify(src/lightning_real) by extensions ['colcon_meta']
[0.391s] Level 1:colcon.colcon_core.package_identification:_identify(src/lightning_real) by extension 'colcon_meta'
[0.391s] Level 1:colcon.colcon_core.package_identification:_identify(src/lightning_real) by extensions ['ros']
[0.391s] Level 1:colcon.colcon_core.package_identification:_identify(src/lightning_real) by extension 'ros'
[0.392s] DEBUG:colcon.colcon_core.package_identification:Package 'src/lightning_real' with type 'ros.ament_cmake' and name 'lightning_real'
[0.392s] Level 1:colcon.colcon_core.package_identification:_identify(src/lightning_sim) by extensions ['ignore', 'ignore_ament_install']
[0.392s] Level 1:colcon.colcon_core.package_identification:_identify(src/lightning_sim) by extension 'ignore'
[0.392s] Level 1:colcon.colcon_core.package_identification:_identify(src/lightning_sim) by extension 'ignore_ament_install'
[0.392s] Level 1:colcon.colcon_core.package_identification:_identify(src/lightning_sim) by extensions ['colcon_pkg']
[0.392s] Level 1:colcon.colcon_core.package_identification:_identify(src/lightning_sim) by extension 'colcon_pkg'
[0.392s] Level 1:colcon.colcon_core.package_identification:_identify(src/lightning_sim) by extensions ['colcon_meta']
[0.392s] Level 1:colcon.colcon_core.package_identification:_identify(src/lightning_sim) by extension 'colcon_meta'
[0.392s] Level 1:colcon.colcon_core.package_identification:_identify(src/lightning_sim) by extensions ['ros']
[0.392s] Level 1:colcon.colcon_core.package_identification:_identify(src/lightning_sim) by extension 'ros'
[0.393s] DEBUG:colcon.colcon_core.package_identification:Package 'src/lightning_sim' with type 'ros.ament_cmake' and name 'lightning_sim'
[0.393s] Level 1:colcon.colcon_core.package_identification:_identify(src/livox_ros_driver2) by extensions ['ignore', 'ignore_ament_install']
[0.393s] Level 1:colcon.colcon_core.package_identification:_identify(src/livox_ros_driver2) by extension 'ignore'
[0.393s] Level 1:colcon.colcon_core.package_identification:_identify(src/livox_ros_driver2) by extension 'ignore_ament_install'
[0.394s] Level 1:colcon.colcon_core.package_identification:_identify(src/livox_ros_driver2) by extensions ['colcon_pkg']
[0.394s] Level 1:colcon.colcon_core.package_identification:_identify(src/livox_ros_driver2) by extension 'colcon_pkg'
[0.394s] Level 1:colcon.colcon_core.package_identification:_identify(src/livox_ros_driver2) by extensions ['colcon_meta']
[0.394s] Level 1:colcon.colcon_core.package_identification:_identify(src/livox_ros_driver2) by extension 'colcon_meta'
[0.394s] Level 1:colcon.colcon_core.package_identification:_identify(src/livox_ros_driver2) by extensions ['ros']
[0.394s] Level 1:colcon.colcon_core.package_identification:_identify(src/livox_ros_driver2) by extension 'ros'
[0.395s] DEBUG:colcon.colcon_core.package_identification:Package 'src/livox_ros_driver2' with type 'ros.ament_cmake' and name 'livox_ros_driver2'
[0.395s] Level 1:colcon.colcon_core.package_identification:_identify(src/log) by extensions ['ignore', 'ignore_ament_install']
[0.395s] Level 1:colcon.colcon_core.package_identification:_identify(src/log) by extension 'ignore'
[0.395s] Level 1:colcon.colcon_core.package_identification:_identify(src/log) ignored
[0.395s] Level 1:colcon.colcon_core.package_identification:_identify(src/xyp_mid360_navigation) by extensions ['ignore', 'ignore_ament_install']
[0.395s] Level 1:colcon.colcon_core.package_identification:_identify(src/xyp_mid360_navigation) by extension 'ignore'
[0.395s] Level 1:colcon.colcon_core.package_identification:_identify(src/xyp_mid360_navigation) by extension 'ignore_ament_install'
[0.395s] Level 1:colcon.colcon_core.package_identification:_identify(src/xyp_mid360_navigation) by extensions ['colcon_pkg']
[0.395s] Level 1:colcon.colcon_core.package_identification:_identify(src/xyp_mid360_navigation) by extension 'colcon_pkg'
[0.396s] Level 1:colcon.colcon_core.package_identification:_identify(src/xyp_mid360_navigation) by extensions ['colcon_meta']
[0.396s] Level 1:colcon.colcon_core.package_identification:_identify(src/xyp_mid360_navigation) by extension 'colcon_meta'
[0.396s] Level 1:colcon.colcon_core.package_identification:_identify(src/xyp_mid360_navigation) by extensions ['ros']
[0.396s] Level 1:colcon.colcon_core.package_identification:_identify(src/xyp_mid360_navigation) by extension 'ros'
[0.396s] DEBUG:colcon.colcon_core.package_identification:Package 'src/xyp_mid360_navigation' with type 'ros.ament_cmake' and name 'xyp_mid360_navigation'
[0.396s] Level 1:colcon.colcon_core.package_identification:_identify(work) by extensions ['ignore', 'ignore_ament_install']
[0.396s] Level 1:colcon.colcon_core.package_identification:_identify(work) by extension 'ignore'
[0.396s] Level 1:colcon.colcon_core.package_identification:_identify(work) by extension 'ignore_ament_install'
[0.396s] Level 1:colcon.colcon_core.package_identification:_identify(work) by extensions ['colcon_pkg']
[0.397s] Level 1:colcon.colcon_core.package_identification:_identify(work) by extension 'colcon_pkg'
[0.397s] Level 1:colcon.colcon_core.package_identification:_identify(work) by extensions ['colcon_meta']
[0.397s] Level 1:colcon.colcon_core.package_identification:_identify(work) by extension 'colcon_meta'
[0.397s] Level 1:colcon.colcon_core.package_identification:_identify(work) by extensions ['ros']
[0.397s] Level 1:colcon.colcon_core.package_identification:_identify(work) by extension 'ros'
[0.397s] Level 1:colcon.colcon_core.package_identification:_identify(work) by extensions ['cmake', 'python']
[0.397s] Level 1:colcon.colcon_core.package_identification:_identify(work) by extension 'cmake'
[0.397s] Level 1:colcon.colcon_core.package_identification:_identify(work) by extension 'python'
[0.397s] Level 1:colcon.colcon_core.package_identification:_identify(work) by extensions ['python_setup_py']
[0.397s] Level 1:colcon.colcon_core.package_identification:_identify(work) by extension 'python_setup_py'
[0.397s] Level 1:colcon.colcon_core.package_identification:_identify(work/runtime_home) by extensions ['ignore', 'ignore_ament_install']
[0.397s] Level 1:colcon.colcon_core.package_identification:_identify(work/runtime_home) by extension 'ignore'
[0.397s] Level 1:colcon.colcon_core.package_identification:_identify(work/runtime_home) by extension 'ignore_ament_install'
[0.397s] Level 1:colcon.colcon_core.package_identification:_identify(work/runtime_home) by extensions ['colcon_pkg']
[0.397s] Level 1:colcon.colcon_core.package_identification:_identify(work/runtime_home) by extension 'colcon_pkg'
[0.397s] Level 1:colcon.colcon_core.package_identification:_identify(work/runtime_home) by extensions ['colcon_meta']
[0.397s] Level 1:colcon.colcon_core.package_identification:_identify(work/runtime_home) by extension 'colcon_meta'
[0.397s] Level 1:colcon.colcon_core.package_identification:_identify(work/runtime_home) by extensions ['ros']
[0.397s] Level 1:colcon.colcon_core.package_identification:_identify(work/runtime_home) by extension 'ros'
[0.397s] Level 1:colcon.colcon_core.package_identification:_identify(work/runtime_home) by extensions ['cmake', 'python']
[0.397s] Level 1:colcon.colcon_core.package_identification:_identify(work/runtime_home) by extension 'cmake'
[0.397s] Level 1:colcon.colcon_core.package_identification:_identify(work/runtime_home) by extension 'python'
[0.397s] Level 1:colcon.colcon_core.package_identification:_identify(work/runtime_home) by extensions ['python_setup_py']
[0.397s] Level 1:colcon.colcon_core.package_identification:_identify(work/runtime_home) by extension 'python_setup_py'
[0.398s] Level 1:colcon.colcon_core.package_identification:_identify(work/runtime_ros) by extensions ['ignore', 'ignore_ament_install']
[0.398s] Level 1:colcon.colcon_core.package_identification:_identify(work/runtime_ros) by extension 'ignore'
[0.398s] Level 1:colcon.colcon_core.package_identification:_identify(work/runtime_ros) by extension 'ignore_ament_install'
[0.398s] Level 1:colcon.colcon_core.package_identification:_identify(work/runtime_ros) by extensions ['colcon_pkg']
[0.398s] Level 1:colcon.colcon_core.package_identification:_identify(work/runtime_ros) by extension 'colcon_pkg'
[0.398s] Level 1:colcon.colcon_core.package_identification:_identify(work/runtime_ros) by extensions ['colcon_meta']
[0.398s] Level 1:colcon.colcon_core.package_identification:_identify(work/runtime_ros) by extension 'colcon_meta'
[0.398s] Level 1:colcon.colcon_core.package_identification:_identify(work/runtime_ros) by extensions ['ros']
[0.398s] Level 1:colcon.colcon_core.package_identification:_identify(work/runtime_ros) by extension 'ros'
[0.398s] Level 1:colcon.colcon_core.package_identification:_identify(work/runtime_ros) by extensions ['cmake', 'python']
[0.398s] Level 1:colcon.colcon_core.package_identification:_identify(work/runtime_ros) by extension 'cmake'
[0.398s] Level 1:colcon.colcon_core.package_identification:_identify(work/runtime_ros) by extension 'python'
[0.398s] Level 1:colcon.colcon_core.package_identification:_identify(work/runtime_ros) by extensions ['python_setup_py']
[0.398s] Level 1:colcon.colcon_core.package_identification:_identify(work/runtime_ros) by extension 'python_setup_py'
[0.398s] Level 1:colcon.colcon_core.package_identification:_identify(work/runtime_ros/log) by extensions ['ignore', 'ignore_ament_install']
[0.398s] Level 1:colcon.colcon_core.package_identification:_identify(work/runtime_ros/log) by extension 'ignore'
[0.398s] Level 1:colcon.colcon_core.package_identification:_identify(work/runtime_ros/log) by extension 'ignore_ament_install'
[0.398s] Level 1:colcon.colcon_core.package_identification:_identify(work/runtime_ros/log) by extensions ['colcon_pkg']
[0.398s] Level 1:colcon.colcon_core.package_identification:_identify(work/runtime_ros/log) by extension 'colcon_pkg'
[0.398s] Level 1:colcon.colcon_core.package_identification:_identify(work/runtime_ros/log) by extensions ['colcon_meta']
[0.398s] Level 1:colcon.colcon_core.package_identification:_identify(work/runtime_ros/log) by extension 'colcon_meta'
[0.398s] Level 1:colcon.colcon_core.package_identification:_identify(work/runtime_ros/log) by extensions ['ros']
[0.398s] Level 1:colcon.colcon_core.package_identification:_identify(work/runtime_ros/log) by extension 'ros'
[0.399s] Level 1:colcon.colcon_core.package_identification:_identify(work/runtime_ros/log) by extensions ['cmake', 'python']
[0.399s] Level 1:colcon.colcon_core.package_identification:_identify(work/runtime_ros/log) by extension 'cmake'
[0.399s] Level 1:colcon.colcon_core.package_identification:_identify(work/runtime_ros/log) by extension 'python'
[0.399s] Level 1:colcon.colcon_core.package_identification:_identify(work/runtime_ros/log) by extensions ['python_setup_py']
[0.399s] Level 1:colcon.colcon_core.package_identification:_identify(work/runtime_ros/log) by extension 'python_setup_py'
[0.399s] Level 1:colcon.colcon_core.package_identification:_identify(work/runtime_ros/log/2026-08-18-16-11-24-057028-KPLNB151-2) by extensions ['ignore', 'ignore_ament_install']
[0.399s] Level 1:colcon.colcon_core.package_identification:_identify(work/runtime_ros/log/2026-08-18-16-11-24-057028-KPLNB151-2) by extension 'ignore'
[0.399s] Level 1:colcon.colcon_core.package_identification:_identify(work/runtime_ros/log/2026-08-18-16-11-24-057028-KPLNB151-2) by extension 'ignore_ament_install'
[0.399s] Level 1:colcon.colcon_core.package_identification:_identify(work/runtime_ros/log/2026-08-18-16-11-24-057028-KPLNB151-2) by extensions ['colcon_pkg']
[0.399s] Level 1:colcon.colcon_core.package_identification:_identify(work/runtime_ros/log/2026-08-18-16-11-24-057028-KPLNB151-2) by extension 'colcon_pkg'
[0.399s] Level 1:colcon.colcon_core.package_identification:_identify(work/runtime_ros/log/2026-08-18-16-11-24-057028-KPLNB151-2) by extensions ['colcon_meta']
[0.399s] Level 1:colcon.colcon_core.package_identification:_identify(work/runtime_ros/log/2026-08-18-16-11-24-057028-KPLNB151-2) by extension 'colcon_meta'
[0.399s] Level 1:colcon.colcon_core.package_identification:_identify(work/runtime_ros/log/2026-08-18-16-11-24-057028-KPLNB151-2) by extensions ['ros']
[0.399s] Level 1:colcon.colcon_core.package_identification:_identify(work/runtime_ros/log/2026-08-18-16-11-24-057028-KPLNB151-2) by extension 'ros'
[0.399s] Level 1:colcon.colcon_core.package_identification:_identify(work/runtime_ros/log/2026-08-18-16-11-24-057028-KPLNB151-2) by extensions ['cmake', 'python']
[0.399s] Level 1:colcon.colcon_core.package_identification:_identify(work/runtime_ros/log/2026-08-18-16-11-24-057028-KPLNB151-2) by extension 'cmake'
[0.399s] Level 1:colcon.colcon_core.package_identification:_identify(work/runtime_ros/log/2026-08-18-16-11-24-057028-KPLNB151-2) by extension 'python'
[0.399s] Level 1:colcon.colcon_core.package_identification:_identify(work/runtime_ros/log/2026-08-18-16-11-24-057028-KPLNB151-2) by extensions ['python_setup_py']
[0.399s] Level 1:colcon.colcon_core.package_identification:_identify(work/runtime_ros/log/2026-08-18-16-11-24-057028-KPLNB151-2) by extension 'python_setup_py'
[0.399s] Level 1:colcon.colcon_core.package_discovery:discover_packages(recursive) using defaults
[0.399s] Level 1:colcon.colcon_core.package_discovery:discover_packages(ignore) discover
[0.399s] Level 1:colcon.colcon_core.package_discovery:discover_packages(ignore) using defaults
[0.399s] Level 1:colcon.colcon_core.package_discovery:discover_packages(path) discover
[0.399s] Level 1:colcon.colcon_core.package_discovery:discover_packages(path) using defaults
[0.435s] INFO:colcon.colcon_core.package_selection:Skipping not selected package 'livox_ros_driver2' in 'src/livox_ros_driver2'
[0.435s] INFO:colcon.colcon_core.package_selection:Skipping not selected package 'xyp_mid360_navigation' in 'src/xyp_mid360_navigation'
[0.435s] INFO:colcon.colcon_core.package_selection:Skipping not selected package 'lightning_real' in 'src/lightning_real'
[0.435s] INFO:colcon.colcon_core.package_selection:Skipping not selected package 'lightning_sim' in 'src/lightning_sim'
[0.435s] Level 1:colcon.colcon_core.package_discovery:discover_packages(prefix_path) check parameters
[0.435s] Level 1:colcon.colcon_core.package_discovery:discover_packages(prefix_path) discover
[0.437s] DEBUG:colcon.colcon_installed_package_information.package_discovery:Found 5 installed packages in /home/kepler/lightning_lm_ws/install
[0.438s] DEBUG:colcon.colcon_installed_package_information.package_discovery:Found 291 installed packages in /opt/ros/humble
[0.440s] Level 1:colcon.colcon_core.package_discovery:discover_packages(prefix_path) using defaults
[0.479s] WARNING:colcon.colcon_core.package_selection:Some selected packages are already built in one or more underlay workspaces:
	'lightning' is in: /home/kepler/lightning_lm_ws/install/lightning
If a package in a merged underlay workspace is overridden and it installs headers, then all packages in the overlay must sort their include directories by workspace order. Failure to do so may result in build failures or undefined behavior at run time.
If the overridden package is used by another package in any underlay, then the overriding package in the overlay must be API and ABI compatible or undefined behavior at run time may occur.

If you understand the risks and want to override a package anyways, add the following to the command line:
	--allow-overriding lightning

This may be promoted to an error in a future release of colcon-override-check.
[0.480s] Level 5:colcon.colcon_core.verb:set package 'lightning' build argument 'cmake_args' from command line to 'None'
[0.481s] Level 5:colcon.colcon_core.verb:set package 'lightning' build argument 'cmake_target' from command line to 'None'
[0.481s] Level 5:colcon.colcon_core.verb:set package 'lightning' build argument 'cmake_target_skip_unavailable' from command line to 'False'
[0.481s] Level 5:colcon.colcon_core.verb:set package 'lightning' build argument 'cmake_clean_cache' from command line to 'False'
[0.481s] Level 5:colcon.colcon_core.verb:set package 'lightning' build argument 'cmake_clean_first' from command line to 'False'
[0.481s] Level 5:colcon.colcon_core.verb:set package 'lightning' build argument 'cmake_force_configure' from command line to 'False'
[0.481s] Level 5:colcon.colcon_core.verb:set package 'lightning' build argument 'ament_cmake_args' from command line to 'None'
[0.481s] Level 5:colcon.colcon_core.verb:set package 'lightning' build argument 'catkin_cmake_args' from command line to 'None'
[0.481s] Level 5:colcon.colcon_core.verb:set package 'lightning' build argument 'catkin_skip_building_tests' from command line to 'False'
[0.481s] DEBUG:colcon.colcon_core.verb:Building package 'lightning' with the following arguments: {'ament_cmake_args': None, 'build_base': '/home/kepler/lightning_lm_ws/build/lightning', 'catkin_cmake_args': None, 'catkin_skip_building_tests': False, 'cmake_args': None, 'cmake_clean_cache': False, 'cmake_clean_first': False, 'cmake_force_configure': False, 'cmake_target': None, 'cmake_target_skip_unavailable': False, 'install_base': '/home/kepler/lightning_lm_ws/install/lightning', 'merge_install': False, 'path': '/home/kepler/lightning_lm_ws/src/lightning-lm', 'symlink_install': True, 'test_result_base': None}
[0.481s] INFO:colcon.colcon_core.executor:Executing jobs using 'parallel' executor
[0.482s] DEBUG:colcon.colcon_parallel_executor.executor.parallel:run_until_complete
[0.482s] INFO:colcon.colcon_ros.task.ament_cmake.build:Building ROS package in '/home/kepler/lightning_lm_ws/src/lightning-lm' with build type 'ament_cmake'
[0.483s] INFO:colcon.colcon_cmake.task.cmake.build:Building CMake package in '/home/kepler/lightning_lm_ws/src/lightning-lm'
[0.485s] INFO:colcon.colcon_core.plugin_system:Skipping extension 'colcon_core.shell.bat': Not used on non-Windows systems
[0.485s] INFO:colcon.colcon_core.shell:Skip shell extension 'powershell' for command environment: Not usable outside of PowerShell
[0.485s] DEBUG:colcon.colcon_core.shell:Skip shell extension 'dsv' for command environment
[0.501s] DEBUG:colcon.colcon_core.event_handler.log_command:Invoking command in '/home/kepler/lightning_lm_ws/build/lightning': CMAKE_PREFIX_PATH=${CMAKE_PREFIX_PATH}:/opt/ros/humble /usr/bin/cmake --build /home/kepler/lightning_lm_ws/build/lightning -- -j28 -l28
[0.536s] DEBUG:colcon.colcon_core.event_handler.log_command:Invoked command in '/home/kepler/lightning_lm_ws/build/lightning' returned '2': CMAKE_PREFIX_PATH=${CMAKE_PREFIX_PATH}:/opt/ros/humble /usr/bin/cmake --build /home/kepler/lightning_lm_ws/build/lightning -- -j28 -l28
[0.538s] Level 1:colcon.colcon_core.environment:create_environment_scripts_only(lightning)
[0.541s] Level 1:colcon.colcon_core.environment:checking '/home/kepler/lightning_lm_ws/install/lightning' for CMake module files
[0.543s] Level 1:colcon.colcon_core.environment:checking '/home/kepler/lightning_lm_ws/install/lightning' for CMake config files
[0.545s] Level 1:colcon.colcon_core.shell:create_environment_hook('lightning', 'cmake_prefix_path')
[0.545s] INFO:colcon.colcon_core.shell:Creating environment hook '/home/kepler/lightning_lm_ws/install/lightning/share/lightning/hook/cmake_prefix_path.ps1'
[0.546s] INFO:colcon.colcon_core.shell:Creating environment descriptor '/home/kepler/lightning_lm_ws/install/lightning/share/lightning/hook/cmake_prefix_path.dsv'
[0.547s] INFO:colcon.colcon_core.shell:Creating environment hook '/home/kepler/lightning_lm_ws/install/lightning/share/lightning/hook/cmake_prefix_path.sh'
[0.548s] Level 1:colcon.colcon_core.environment:checking '/home/kepler/lightning_lm_ws/install/lightning/lib'
[0.549s] Level 1:colcon.colcon_core.shell:create_environment_hook('lightning', 'ld_library_path_lib')
[0.549s] INFO:colcon.colcon_core.shell:Creating environment hook '/home/kepler/lightning_lm_ws/install/lightning/share/lightning/hook/ld_library_path_lib.ps1'
[0.549s] INFO:colcon.colcon_core.shell:Creating environment descriptor '/home/kepler/lightning_lm_ws/install/lightning/share/lightning/hook/ld_library_path_lib.dsv'
[0.550s] INFO:colcon.colcon_core.shell:Creating environment hook '/home/kepler/lightning_lm_ws/install/lightning/share/lightning/hook/ld_library_path_lib.sh'
[0.550s] Level 1:colcon.colcon_core.environment:checking '/home/kepler/lightning_lm_ws/install/lightning/bin'
[0.550s] Level 1:colcon.colcon_core.environment:checking '/home/kepler/lightning_lm_ws/install/lightning/lib/pkgconfig/lightning.pc'
[0.551s] Level 1:colcon.colcon_core.environment:checking '/home/kepler/lightning_lm_ws/install/lightning/lib/python3.10/site-packages'
[0.551s] Level 1:colcon.colcon_core.environment:checking '/home/kepler/lightning_lm_ws/install/lightning/bin'
[0.551s] INFO:colcon.colcon_core.shell:Creating package script '/home/kepler/lightning_lm_ws/install/lightning/share/lightning/package.ps1'
[0.553s] INFO:colcon.colcon_core.shell:Creating package descriptor '/home/kepler/lightning_lm_ws/install/lightning/share/lightning/package.dsv'
[0.554s] INFO:colcon.colcon_core.shell:Creating package script '/home/kepler/lightning_lm_ws/install/lightning/share/lightning/package.sh'
[0.555s] INFO:colcon.colcon_core.shell:Creating package script '/home/kepler/lightning_lm_ws/install/lightning/share/lightning/package.bash'
[0.555s] INFO:colcon.colcon_core.shell:Creating package script '/home/kepler/lightning_lm_ws/install/lightning/share/lightning/package.zsh'
[0.556s] Level 1:colcon.colcon_core.environment:create_file_with_runtime_dependencies(/home/kepler/lightning_lm_ws/install/lightning/share/colcon-core/packages/lightning)
[0.567s] DEBUG:colcon.colcon_parallel_executor.executor.parallel:closing loop
[0.567s] DEBUG:colcon.colcon_parallel_executor.executor.parallel:loop closed
[0.567s] DEBUG:colcon.colcon_parallel_executor.executor.parallel:run_until_complete finished with '2'
[0.567s] DEBUG:colcon.colcon_core.event_reactor:joining thread
[0.576s] INFO:colcon.colcon_core.plugin_system:Skipping extension 'colcon_notification.desktop_notification.terminal_notifier': Not used on non-Darwin systems
[0.576s] INFO:colcon.colcon_core.plugin_system:Skipping extension 'colcon_notification.desktop_notification.win32': Not used on non-Windows systems
[0.576s] INFO:colcon.colcon_notification.desktop_notification:Sending desktop notification using 'notify2'
[0.593s] DEBUG:colcon.colcon_core.event_reactor:joined thread
[0.593s] INFO:colcon.colcon_core.shell:Creating prefix script '/home/kepler/lightning_lm_ws/install/local_setup.ps1'
[0.594s] INFO:colcon.colcon_core.shell:Creating prefix util module '/home/kepler/lightning_lm_ws/install/_local_setup_util_ps1.py'
[0.596s] INFO:colcon.colcon_core.shell:Creating prefix chain script '/home/kepler/lightning_lm_ws/install/setup.ps1'
[0.597s] INFO:colcon.colcon_core.shell:Creating prefix script '/home/kepler/lightning_lm_ws/install/local_setup.sh'
[0.598s] INFO:colcon.colcon_core.shell:Creating prefix util module '/home/kepler/lightning_lm_ws/install/_local_setup_util_sh.py'
[0.598s] INFO:colcon.colcon_core.shell:Creating prefix chain script '/home/kepler/lightning_lm_ws/install/setup.sh'
[0.599s] INFO:colcon.colcon_core.shell:Creating prefix script '/home/kepler/lightning_lm_ws/install/local_setup.bash'
[0.600s] INFO:colcon.colcon_core.shell:Creating prefix chain script '/home/kepler/lightning_lm_ws/install/setup.bash'
[0.601s] INFO:colcon.colcon_core.shell:Creating prefix script '/home/kepler/lightning_lm_ws/install/local_setup.zsh'
[0.602s] INFO:colcon.colcon_core.shell:Creating prefix chain script '/home/kepler/lightning_lm_ws/install/setup.zsh'
