[0.000000] (-) TimerEvent: {}
[0.000242] (-) JobUnselected: {'identifier': 'livox_ros_driver2'}
[0.000340] (lightning) JobQueued: {'identifier': 'lightning', 'dependencies': OrderedDict()}
[0.000423] (lightning) JobStarted: {'identifier': 'lightning'}
[0.099879] (-) TimerEvent: {}
[0.200138] (-) TimerEvent: {}
[0.300365] (-) TimerEvent: {}
[0.400618] (-) TimerEvent: {}
[0.500898] (-) TimerEvent: {}
[0.601182] (-) TimerEvent: {}
[0.701445] (-) TimerEvent: {}
[0.801823] (-) TimerEvent: {}
[0.902059] (-) TimerEvent: {}
[1.002382] (-) TimerEvent: {}
[1.102674] (-) TimerEvent: {}
[1.202964] (-) TimerEvent: {}
[1.303323] (-) TimerEvent: {}
[1.403601] (-) TimerEvent: {}
[1.503889] (-) TimerEvent: {}
[1.604207] (-) TimerEvent: {}
[1.704427] (-) TimerEvent: {}
[1.804665] (-) TimerEvent: {}
[1.904926] (-) TimerEvent: {}
[2.005169] (-) TimerEvent: {}
[2.105481] (-) TimerEvent: {}
[2.205834] (-) TimerEvent: {}
[2.306113] (-) TimerEvent: {}
[2.406501] (-) TimerEvent: {}
[2.506832] (-) TimerEvent: {}
[2.607112] (-) TimerEvent: {}
[2.707468] (-) TimerEvent: {}
[2.807788] (-) TimerEvent: {}
[2.908132] (-) TimerEvent: {}
[3.008445] (-) TimerEvent: {}
[3.108701] (-) TimerEvent: {}
[3.208982] (-) TimerEvent: {}
[3.309356] (-) TimerEvent: {}
[3.409636] (-) TimerEvent: {}
[3.509970] (-) TimerEvent: {}
[3.610293] (-) TimerEvent: {}
[3.710632] (-) TimerEvent: {}
[3.810929] (-) TimerEvent: {}
[3.911213] (-) TimerEvent: {}
[4.011501] (-) TimerEvent: {}
[4.111777] (-) TimerEvent: {}
[4.212015] (-) TimerEvent: {}
[4.312262] (-) TimerEvent: {}
[4.412526] (-) TimerEvent: {}
[4.512829] (-) TimerEvent: {}
[4.613141] (-) TimerEvent: {}
[4.713430] (-) TimerEvent: {}
[4.813681] (-) TimerEvent: {}
[4.914046] (-) TimerEvent: {}
[5.014322] (-) TimerEvent: {}
[5.114524] (-) TimerEvent: {}
[5.214819] (-) TimerEvent: {}
[5.315131] (-) TimerEvent: {}
[5.415514] (-) TimerEvent: {}
[5.515787] (-) TimerEvent: {}
[5.616102] (-) TimerEvent: {}
[5.716349] (-) TimerEvent: {}
[5.816589] (-) TimerEvent: {}
[5.916891] (-) TimerEvent: {}
[6.017179] (-) TimerEvent: {}
[6.117533] (-) TimerEvent: {}
[6.217829] (-) TimerEvent: {}
[6.318071] (-) TimerEvent: {}
[6.418343] (-) TimerEvent: {}
[6.518588] (-) TimerEvent: {}
[6.618843] (-) TimerEvent: {}
[6.719189] (-) TimerEvent: {}
[6.819454] (-) TimerEvent: {}
[6.919730] (-) TimerEvent: {}
[7.020002] (-) TimerEvent: {}
[7.120259] (-) TimerEvent: {}
[7.220504] (-) TimerEvent: {}
[7.320744] (-) TimerEvent: {}
[7.421004] (-) TimerEvent: {}
[7.521333] (-) TimerEvent: {}
[7.621626] (-) TimerEvent: {}
[7.721942] (-) TimerEvent: {}
[7.822290] (-) TimerEvent: {}
[7.922545] (-) TimerEvent: {}
[8.022806] (-) TimerEvent: {}
[8.123058] (-) TimerEvent: {}
[8.223314] (-) TimerEvent: {}
[8.323558] (-) TimerEvent: {}
[8.423925] (-) TimerEvent: {}
[8.524162] (-) TimerEvent: {}
[8.624414] (-) TimerEvent: {}
[8.724675] (-) TimerEvent: {}
[8.824926] (-) TimerEvent: {}
[8.925164] (-) TimerEvent: {}
[9.025432] (-) TimerEvent: {}
[9.125744] (-) TimerEvent: {}
[9.226001] (-) TimerEvent: {}
[9.326291] (-) TimerEvent: {}
[9.426522] (-) TimerEvent: {}
[9.526792] (-) TimerEvent: {}
[9.627024] (-) TimerEvent: {}
[9.727315] (-) TimerEvent: {}
[9.827533] (-) TimerEvent: {}
[9.927740] (-) TimerEvent: {}
[10.027986] (-) TimerEvent: {}
[10.128344] (-) TimerEvent: {}
[10.228627] (-) TimerEvent: {}
[10.328860] (-) TimerEvent: {}
[10.429053] (-) TimerEvent: {}
[10.529268] (-) TimerEvent: {}
[10.629424] (-) TimerEvent: {}
[10.729608] (-) TimerEvent: {}
[10.829811] (-) TimerEvent: {}
[10.929994] (-) TimerEvent: {}
[11.030224] (-) TimerEvent: {}
[11.130427] (-) TimerEvent: {}
[11.230605] (-) TimerEvent: {}
[11.330797] (-) TimerEvent: {}
[11.430997] (-) TimerEvent: {}
[11.531281] (-) TimerEvent: {}
[11.631465] (-) TimerEvent: {}
[11.731665] (-) TimerEvent: {}
[11.831934] (-) TimerEvent: {}
[11.932161] (-) TimerEvent: {}
[12.032373] (-) TimerEvent: {}
[12.132608] (-) TimerEvent: {}
[12.232799] (-) TimerEvent: {}
[12.333022] (-) TimerEvent: {}
[12.433251] (-) TimerEvent: {}
[12.533458] (-) TimerEvent: {}
[12.633671] (-) TimerEvent: {}
[12.733899] (-) TimerEvent: {}
[12.834110] (-) TimerEvent: {}
[12.934322] (-) TimerEvent: {}
[13.034518] (-) TimerEvent: {}
[13.134744] (-) TimerEvent: {}
[13.235032] (-) TimerEvent: {}
[13.335405] (-) TimerEvent: {}
[13.435703] (-) TimerEvent: {}
[13.536012] (-) TimerEvent: {}
[13.636266] (-) TimerEvent: {}
[13.736452] (-) TimerEvent: {}
[13.836622] (-) TimerEvent: {}
[13.936819] (-) TimerEvent: {}
[14.037016] (-) TimerEvent: {}
[14.137180] (-) TimerEvent: {}
[14.237383] (-) TimerEvent: {}
[14.337611] (-) TimerEvent: {}
[14.437911] (-) TimerEvent: {}
[14.538117] (-) TimerEvent: {}
[14.638323] (-) TimerEvent: {}
[14.738532] (-) TimerEvent: {}
[14.838741] (-) TimerEvent: {}
[14.938972] (-) TimerEvent: {}
[15.039181] (-) TimerEvent: {}
[15.139377] (-) TimerEvent: {}
[15.239555] (-) TimerEvent: {}
[15.339759] (-) TimerEvent: {}
[15.439979] (-) TimerEvent: {}
[15.540239] (-) TimerEvent: {}
[15.640490] (-) TimerEvent: {}
[15.740724] (-) TimerEvent: {}
[15.840944] (-) TimerEvent: {}
[15.941183] (-) TimerEvent: {}
[16.041419] (-) TimerEvent: {}
[16.141680] (-) TimerEvent: {}
[16.241915] (-) TimerEvent: {}
[16.342143] (-) TimerEvent: {}
[16.442412] (-) TimerEvent: {}
[16.542600] (-) TimerEvent: {}
[16.642793] (-) TimerEvent: {}
[16.743010] (-) TimerEvent: {}
[16.843309] (-) TimerEvent: {}
[16.943589] (-) TimerEvent: {}
[17.043862] (-) TimerEvent: {}
[17.144118] (-) TimerEvent: {}
[17.244357] (-) TimerEvent: {}
[17.344575] (-) TimerEvent: {}
[17.444817] (-) TimerEvent: {}
[17.545080] (-) TimerEvent: {}
[17.645368] (-) TimerEvent: {}
[17.745678] (-) TimerEvent: {}
[17.845954] (-) TimerEvent: {}
[17.946221] (-) TimerEvent: {}
[18.046522] (-) TimerEvent: {}
[18.146786] (-) TimerEvent: {}
[18.247051] (-) TimerEvent: {}
[18.347322] (-) TimerEvent: {}
[18.447548] (-) TimerEvent: {}
[18.547787] (-) TimerEvent: {}
[18.648056] (-) TimerEvent: {}
[18.748331] (-) TimerEvent: {}
[18.848559] (-) TimerEvent: {}
[18.948803] (-) TimerEvent: {}
[19.049081] (-) TimerEvent: {}
[19.149493] (-) TimerEvent: {}
[19.249777] (-) TimerEvent: {}
[19.350065] (-) TimerEvent: {}
[19.450387] (-) TimerEvent: {}
[19.550716] (-) TimerEvent: {}
[19.651091] (-) TimerEvent: {}
[19.751395] (-) TimerEvent: {}
[19.851631] (-) TimerEvent: {}
[19.951950] (-) TimerEvent: {}
[20.052368] (-) TimerEvent: {}
[20.152625] (-) TimerEvent: {}
[20.252939] (-) TimerEvent: {}
[20.353254] (-) TimerEvent: {}
[20.453501] (-) TimerEvent: {}
[20.553776] (-) TimerEvent: {}
[20.654129] (-) TimerEvent: {}
[20.754433] (-) TimerEvent: {}
[20.854688] (-) TimerEvent: {}
[20.954926] (-) TimerEvent: {}
[21.055128] (-) TimerEvent: {}
[21.155425] (-) TimerEvent: {}
[21.255759] (-) TimerEvent: {}
[21.356022] (-) TimerEvent: {}
[21.456275] (-) TimerEvent: {}
[21.556519] (-) TimerEvent: {}
[21.656857] (-) TimerEvent: {}
[21.757138] (-) TimerEvent: {}
[21.857329] (-) TimerEvent: {}
[21.957623] (-) TimerEvent: {}
[22.057847] (-) TimerEvent: {}
[22.158067] (-) TimerEvent: {}
[22.258347] (-) TimerEvent: {}
[22.358591] (-) TimerEvent: {}
[22.458913] (-) TimerEvent: {}
[22.559212] (-) TimerEvent: {}
[22.659493] (-) TimerEvent: {}
[22.759788] (-) TimerEvent: {}
[22.860081] (-) TimerEvent: {}
[22.960425] (-) TimerEvent: {}
[23.060728] (-) TimerEvent: {}
[23.161024] (-) TimerEvent: {}
[23.261314] (-) TimerEvent: {}
[23.361533] (-) TimerEvent: {}
[23.461771] (-) TimerEvent: {}
[23.562091] (-) TimerEvent: {}
[23.662356] (-) TimerEvent: {}
[23.762663] (-) TimerEvent: {}
[23.863009] (-) TimerEvent: {}
[23.963351] (-) TimerEvent: {}
[24.063618] (-) TimerEvent: {}
[24.163946] (-) TimerEvent: {}
[24.264466] (-) TimerEvent: {}
[24.364839] (-) TimerEvent: {}
[24.465251] (-) TimerEvent: {}
[24.565744] (-) TimerEvent: {}
[24.666019] (-) TimerEvent: {}
[24.766265] (-) TimerEvent: {}
[24.866516] (-) TimerEvent: {}
[24.966773] (-) TimerEvent: {}
[25.067026] (-) TimerEvent: {}
[25.167349] (-) TimerEvent: {}
[25.267665] (-) TimerEvent: {}
[25.367992] (-) TimerEvent: {}
[25.468325] (-) TimerEvent: {}
[25.568641] (-) TimerEvent: {}
[25.668956] (-) TimerEvent: {}
[25.769313] (-) TimerEvent: {}
[25.869563] (-) TimerEvent: {}
[25.969782] (-) TimerEvent: {}
[26.070075] (-) TimerEvent: {}
[26.170437] (-) TimerEvent: {}
[26.270726] (-) TimerEvent: {}
[26.370991] (-) TimerEvent: {}
[26.471339] (-) TimerEvent: {}
[26.571684] (-) TimerEvent: {}
[26.672019] (-) TimerEvent: {}
[26.772349] (-) TimerEvent: {}
[26.872653] (-) TimerEvent: {}
[26.972956] (-) TimerEvent: {}
[27.073351] (-) TimerEvent: {}
[27.173666] (-) TimerEvent: {}
[27.274008] (-) TimerEvent: {}
[27.374350] (-) TimerEvent: {}
[27.474670] (-) TimerEvent: {}
[27.574838] (-) TimerEvent: {}
[27.675095] (-) TimerEvent: {}
[27.775415] (-) TimerEvent: {}
[27.875768] (-) TimerEvent: {}
[27.976150] (-) TimerEvent: {}
[28.076524] (-) TimerEvent: {}
[28.176761] (-) TimerEvent: {}
[28.277017] (-) TimerEvent: {}
[28.377383] (-) TimerEvent: {}
[28.477752] (-) TimerEvent: {}
[28.578035] (-) TimerEvent: {}
[28.678305] (-) TimerEvent: {}
[28.778680] (-) TimerEvent: {}
[28.878988] (-) TimerEvent: {}
[28.979293] (-) TimerEvent: {}
[29.079632] (-) TimerEvent: {}
[29.180000] (-) TimerEvent: {}
[29.280370] (-) TimerEvent: {}
[29.380758] (-) TimerEvent: {}
[29.481155] (-) TimerEvent: {}
[29.581664] (-) TimerEvent: {}
[29.682005] (-) TimerEvent: {}
[29.782495] (-) TimerEvent: {}
[29.882832] (-) TimerEvent: {}
[29.983157] (-) TimerEvent: {}
[30.083476] (-) TimerEvent: {}
[30.183758] (-) TimerEvent: {}
[30.284059] (-) TimerEvent: {}
[30.384397] (-) TimerEvent: {}
[30.484810] (-) TimerEvent: {}
[30.585097] (-) TimerEvent: {}
[30.685403] (-) TimerEvent: {}
[30.785757] (-) TimerEvent: {}
[30.886129] (-) TimerEvent: {}
[30.986447] (-) TimerEvent: {}
[31.086749] (-) TimerEvent: {}
[31.187084] (-) TimerEvent: {}
[31.287319] (-) TimerEvent: {}
[31.387554] (-) TimerEvent: {}
[31.487842] (-) TimerEvent: {}
[31.588120] (-) TimerEvent: {}
[31.688476] (-) TimerEvent: {}
[31.788851] (-) TimerEvent: {}
[31.889171] (-) TimerEvent: {}
[31.989601] (-) TimerEvent: {}
[32.089942] (-) TimerEvent: {}
[32.190359] (-) TimerEvent: {}
[32.290717] (-) TimerEvent: {}
[32.391032] (-) TimerEvent: {}
[32.491320] (-) TimerEvent: {}
[32.591562] (-) TimerEvent: {}
[32.691872] (-) TimerEvent: {}
[32.792188] (-) TimerEvent: {}
[32.892461] (-) TimerEvent: {}
[32.992722] (-) TimerEvent: {}
[33.093079] (-) TimerEvent: {}
[33.193423] (-) TimerEvent: {}
[33.293788] (-) TimerEvent: {}
[33.394127] (-) TimerEvent: {}
[33.494570] (-) TimerEvent: {}
[33.594991] (-) TimerEvent: {}
[33.695286] (-) TimerEvent: {}
[33.795678] (-) TimerEvent: {}
[33.896054] (-) TimerEvent: {}
[33.996286] (-) TimerEvent: {}
[34.096470] (-) TimerEvent: {}
[34.196702] (-) TimerEvent: {}
[34.296972] (-) TimerEvent: {}
[34.397314] (-) TimerEvent: {}
[34.497630] (-) TimerEvent: {}
[34.597956] (-) TimerEvent: {}
[34.698349] (-) TimerEvent: {}
[34.798753] (-) TimerEvent: {}
[34.899059] (-) TimerEvent: {}
[34.999378] (-) TimerEvent: {}
[35.099644] (-) TimerEvent: {}
[35.199913] (-) TimerEvent: {}
[35.300356] (-) TimerEvent: {}
[35.400649] (-) TimerEvent: {}
[35.500901] (-) TimerEvent: {}
[35.601208] (-) TimerEvent: {}
[35.701480] (-) TimerEvent: {}
[35.801814] (-) TimerEvent: {}
[35.902207] (-) TimerEvent: {}
[36.002584] (-) TimerEvent: {}
[36.102947] (-) TimerEvent: {}
[36.203351] (-) TimerEvent: {}
[36.303759] (-) TimerEvent: {}
[36.404079] (-) TimerEvent: {}
[36.504433] (-) TimerEvent: {}
[36.604754] (-) TimerEvent: {}
[36.705087] (-) TimerEvent: {}
[36.805376] (-) TimerEvent: {}
[36.905735] (-) TimerEvent: {}
[37.006154] (-) TimerEvent: {}
[37.106540] (-) TimerEvent: {}
[37.206885] (-) TimerEvent: {}
[37.307190] (-) TimerEvent: {}
[37.407538] (-) TimerEvent: {}
[37.507797] (-) TimerEvent: {}
[37.608136] (-) TimerEvent: {}
[37.708547] (-) TimerEvent: {}
[37.808883] (-) TimerEvent: {}
[37.909170] (-) TimerEvent: {}
[38.009473] (-) TimerEvent: {}
[38.109742] (-) TimerEvent: {}
[38.210114] (-) TimerEvent: {}
[38.310467] (-) TimerEvent: {}
[38.410746] (-) TimerEvent: {}
[38.511048] (-) TimerEvent: {}
[38.611391] (-) TimerEvent: {}
[38.711781] (-) TimerEvent: {}
[38.812135] (-) TimerEvent: {}
[38.912510] (-) TimerEvent: {}
[39.012820] (-) TimerEvent: {}
[39.113164] (-) TimerEvent: {}
[39.213579] (-) TimerEvent: {}
[39.313881] (-) TimerEvent: {}
[39.414140] (-) TimerEvent: {}
[39.514432] (-) TimerEvent: {}
[39.614801] (-) TimerEvent: {}
[39.715145] (-) TimerEvent: {}
[39.815488] (-) TimerEvent: {}
[39.915796] (-) TimerEvent: {}
[40.016136] (-) TimerEvent: {}
[40.116537] (-) TimerEvent: {}
[40.216875] (-) TimerEvent: {}
[40.317191] (-) TimerEvent: {}
[40.417607] (-) TimerEvent: {}
[40.517862] (-) TimerEvent: {}
[40.618147] (-) TimerEvent: {}
[40.718464] (-) TimerEvent: {}
[40.818834] (-) TimerEvent: {}
[40.919291] (-) TimerEvent: {}
[41.019699] (-) TimerEvent: {}
[41.120127] (-) TimerEvent: {}
[41.220520] (-) TimerEvent: {}
[41.320885] (-) TimerEvent: {}
[41.421340] (-) TimerEvent: {}
[41.521701] (-) TimerEvent: {}
[41.621984] (-) TimerEvent: {}
[41.722289] (-) TimerEvent: {}
[41.822599] (-) TimerEvent: {}
[41.922909] (-) TimerEvent: {}
[42.023217] (-) TimerEvent: {}
[42.123610] (-) TimerEvent: {}
[42.223998] (-) TimerEvent: {}
[42.324343] (-) TimerEvent: {}
[42.424784] (-) TimerEvent: {}
[42.525206] (-) TimerEvent: {}
[42.625601] (-) TimerEvent: {}
[42.725957] (-) TimerEvent: {}
[42.826562] (-) TimerEvent: {}
[42.926986] (-) TimerEvent: {}
[43.027363] (-) TimerEvent: {}
[43.127705] (-) TimerEvent: {}
[43.228024] (-) TimerEvent: {}
[43.328358] (-) TimerEvent: {}
[43.428674] (-) TimerEvent: {}
[43.529099] (-) TimerEvent: {}
[43.629476] (-) TimerEvent: {}
[43.729817] (-) TimerEvent: {}
[43.830144] (-) TimerEvent: {}
[43.930499] (-) TimerEvent: {}
[44.030833] (-) TimerEvent: {}
[44.131179] (-) TimerEvent: {}
[44.231610] (-) TimerEvent: {}
[44.331890] (-) TimerEvent: {}
[44.432152] (-) TimerEvent: {}
[44.532449] (-) TimerEvent: {}
[44.632744] (-) TimerEvent: {}
[44.733061] (-) TimerEvent: {}
[44.833382] (-) TimerEvent: {}
[44.933693] (-) TimerEvent: {}
[45.034109] (-) TimerEvent: {}
[45.134477] (-) TimerEvent: {}
[45.234826] (-) TimerEvent: {}
[45.335193] (-) TimerEvent: {}
[45.435753] (-) TimerEvent: {}
[45.536048] (-) TimerEvent: {}
[45.636358] (-) TimerEvent: {}
[45.736684] (-) TimerEvent: {}
[45.836984] (-) TimerEvent: {}
[45.937300] (-) TimerEvent: {}
[46.037544] (-) TimerEvent: {}
[46.137869] (-) TimerEvent: {}
[46.238206] (-) TimerEvent: {}
[46.338553] (-) TimerEvent: {}
[46.438870] (-) TimerEvent: {}
[46.539215] (-) TimerEvent: {}
[46.639576] (-) TimerEvent: {}
[46.739895] (-) TimerEvent: {}
[46.840352] (-) TimerEvent: {}
[46.940611] (-) TimerEvent: {}
[47.040855] (-) TimerEvent: {}
[47.141031] (-) TimerEvent: {}
[47.241385] (-) TimerEvent: {}
[47.341722] (-) TimerEvent: {}
[47.442052] (-) TimerEvent: {}
[47.542455] (-) TimerEvent: {}
[47.642876] (-) TimerEvent: {}
[47.743204] (-) TimerEvent: {}
[47.843608] (-) TimerEvent: {}
[47.943876] (-) TimerEvent: {}
[48.044182] (-) TimerEvent: {}
[48.144519] (-) TimerEvent: {}
[48.244844] (-) TimerEvent: {}
[48.345171] (-) TimerEvent: {}
[48.445449] (-) TimerEvent: {}
[48.545729] (-) TimerEvent: {}
[48.646059] (-) TimerEvent: {}
[48.746347] (-) TimerEvent: {}
[48.846686] (-) TimerEvent: {}
[48.947016] (-) TimerEvent: {}
[49.047352] (-) TimerEvent: {}
[49.147664] (-) TimerEvent: {}
[49.247993] (-) TimerEvent: {}
[49.348347] (-) TimerEvent: {}
[49.448637] (-) TimerEvent: {}
[49.548930] (-) TimerEvent: {}
[49.649283] (-) TimerEvent: {}
[49.749539] (-) TimerEvent: {}
[49.849855] (-) TimerEvent: {}
[49.950153] (-) TimerEvent: {}
[50.050449] (-) TimerEvent: {}
[50.150741] (-) TimerEvent: {}
[50.251052] (-) TimerEvent: {}
[50.351371] (-) TimerEvent: {}
[50.451720] (-) TimerEvent: {}
[50.552089] (-) TimerEvent: {}
[50.652499] (-) TimerEvent: {}
[50.752868] (-) TimerEvent: {}
[50.853192] (-) TimerEvent: {}
[50.953547] (-) TimerEvent: {}
[51.053781] (-) TimerEvent: {}
[51.154136] (-) TimerEvent: {}
[51.254507] (-) TimerEvent: {}
[51.354783] (-) TimerEvent: {}
[51.455100] (-) TimerEvent: {}
[51.555428] (-) TimerEvent: {}
[51.655729] (-) TimerEvent: {}
[51.756089] (-) TimerEvent: {}
[51.856432] (-) TimerEvent: {}
[51.956740] (-) TimerEvent: {}
[52.057056] (-) TimerEvent: {}
[52.157404] (-) TimerEvent: {}
[52.257698] (-) TimerEvent: {}
[52.357961] (-) TimerEvent: {}
[52.458194] (-) TimerEvent: {}
[52.558517] (-) TimerEvent: {}
[52.658839] (-) TimerEvent: {}
[52.759150] (-) TimerEvent: {}
[52.859517] (-) TimerEvent: {}
[52.959834] (-) TimerEvent: {}
[53.060189] (-) TimerEvent: {}
[53.160606] (-) TimerEvent: {}
[53.261035] (-) TimerEvent: {}
[53.361405] (-) TimerEvent: {}
[53.461727] (-) TimerEvent: {}
[53.562094] (-) TimerEvent: {}
[53.662350] (-) TimerEvent: {}
[53.762647] (-) TimerEvent: {}
[53.863008] (-) TimerEvent: {}
[53.963324] (-) TimerEvent: {}
[54.063671] (-) TimerEvent: {}
[54.164000] (-) TimerEvent: {}
[54.264365] (-) TimerEvent: {}
[54.364720] (-) TimerEvent: {}
[54.465059] (-) TimerEvent: {}
[54.565402] (-) TimerEvent: {}
[54.665699] (-) TimerEvent: {}
[54.766030] (-) TimerEvent: {}
[54.866410] (-) TimerEvent: {}
[54.966726] (-) TimerEvent: {}
[55.067066] (-) TimerEvent: {}
[55.167300] (-) TimerEvent: {}
[55.267654] (-) TimerEvent: {}
[55.367972] (-) TimerEvent: {}
[55.468394] (-) TimerEvent: {}
[55.568743] (-) TimerEvent: {}
[55.669057] (-) TimerEvent: {}
[55.769380] (-) TimerEvent: {}
[55.869730] (-) TimerEvent: {}
[55.970004] (-) TimerEvent: {}
[56.070303] (-) TimerEvent: {}
[56.170649] (-) TimerEvent: {}
[56.270956] (-) TimerEvent: {}
[56.371286] (-) TimerEvent: {}
[56.471612] (-) TimerEvent: {}
[56.571986] (-) TimerEvent: {}
[56.672358] (-) TimerEvent: {}
[56.772744] (-) TimerEvent: {}
[56.873103] (-) TimerEvent: {}
[56.973428] (-) TimerEvent: {}
[57.073743] (-) TimerEvent: {}
[57.174076] (-) TimerEvent: {}
[57.274312] (-) TimerEvent: {}
[57.374591] (-) TimerEvent: {}
[57.475012] (-) TimerEvent: {}
[57.575369] (-) TimerEvent: {}
[57.675750] (-) TimerEvent: {}
[57.776137] (-) TimerEvent: {}
[57.876467] (-) TimerEvent: {}
[57.976746] (-) TimerEvent: {}
[58.077093] (-) TimerEvent: {}
[58.177415] (-) TimerEvent: {}
[58.277710] (-) TimerEvent: {}
[58.378078] (-) TimerEvent: {}
[58.478465] (-) TimerEvent: {}
[58.578705] (-) TimerEvent: {}
[58.678985] (-) TimerEvent: {}
[58.779361] (-) TimerEvent: {}
[58.879819] (-) TimerEvent: {}
[58.980179] (-) TimerEvent: {}
[59.080468] (-) TimerEvent: {}
[59.180776] (-) TimerEvent: {}
[59.281092] (-) TimerEvent: {}
[59.381501] (-) TimerEvent: {}
[59.481867] (-) TimerEvent: {}
[59.582293] (-) TimerEvent: {}
[59.682674] (-) TimerEvent: {}
[59.783097] (-) TimerEvent: {}
[59.883406] (-) TimerEvent: {}
[59.983645] (-) TimerEvent: {}
[60.083936] (-) TimerEvent: {}
[60.184333] (-) TimerEvent: {}
[60.284806] (-) TimerEvent: {}
[60.385182] (-) TimerEvent: {}
[60.485662] (-) TimerEvent: {}
[60.585951] (-) TimerEvent: {}
[60.686274] (-) TimerEvent: {}
[60.786670] (-) TimerEvent: {}
[60.887070] (-) TimerEvent: {}
[60.987365] (-) TimerEvent: {}
[61.087696] (-) TimerEvent: {}
[61.187966] (-) TimerEvent: {}
[61.288212] (-) TimerEvent: {}
[61.388576] (-) TimerEvent: {}
[61.489034] (-) TimerEvent: {}
[61.589443] (-) TimerEvent: {}
[61.689784] (-) TimerEvent: {}
[61.789953] (-) TimerEvent: {}
[61.890221] (-) TimerEvent: {}
[61.990582] (-) TimerEvent: {}
[62.090901] (-) TimerEvent: {}
[62.191199] (-) TimerEvent: {}
[62.291493] (-) TimerEvent: {}
[62.391809] (-) TimerEvent: {}
[62.492063] (-) TimerEvent: {}
[62.592356] (-) TimerEvent: {}
[62.692659] (-) TimerEvent: {}
[62.792995] (-) TimerEvent: {}
[62.893366] (-) TimerEvent: {}
[62.993709] (-) TimerEvent: {}
[63.094008] (-) TimerEvent: {}
[63.194397] (-) TimerEvent: {}
[63.294699] (-) TimerEvent: {}
[63.395004] (-) TimerEvent: {}
[63.495355] (-) TimerEvent: {}
[63.595638] (-) TimerEvent: {}
[63.695990] (-) TimerEvent: {}
[63.796279] (-) TimerEvent: {}
[63.896583] (-) TimerEvent: {}
[63.996900] (-) TimerEvent: {}
[64.097278] (-) TimerEvent: {}
[64.197548] (-) TimerEvent: {}
[64.297846] (-) TimerEvent: {}
[64.398144] (-) TimerEvent: {}
[64.498384] (-) TimerEvent: {}
[64.598696] (-) TimerEvent: {}
[64.699096] (-) TimerEvent: {}
[64.799420] (-) TimerEvent: {}
[64.899717] (-) TimerEvent: {}
[65.000076] (-) TimerEvent: {}
[65.100374] (-) TimerEvent: {}
[65.200678] (-) TimerEvent: {}
[65.300995] (-) TimerEvent: {}
[65.401320] (-) TimerEvent: {}
[65.501565] (-) TimerEvent: {}
[65.601877] (-) TimerEvent: {}
[65.702256] (-) TimerEvent: {}
[65.802582] (-) TimerEvent: {}
[65.902942] (-) TimerEvent: {}
[66.003285] (-) TimerEvent: {}
[66.103549] (-) TimerEvent: {}
[66.203865] (-) TimerEvent: {}
[66.304209] (-) TimerEvent: {}
[66.404553] (-) TimerEvent: {}
[66.504869] (-) TimerEvent: {}
[66.605208] (-) TimerEvent: {}
[66.705554] (-) TimerEvent: {}
[66.805878] (-) TimerEvent: {}
[66.906178] (-) TimerEvent: {}
[67.006570] (-) TimerEvent: {}
[67.106914] (-) TimerEvent: {}
[67.207215] (-) TimerEvent: {}
[67.307598] (-) TimerEvent: {}
[67.407919] (-) TimerEvent: {}
[67.508301] (-) TimerEvent: {}
[67.608623] (-) TimerEvent: {}
[67.708955] (-) TimerEvent: {}
[67.809283] (-) TimerEvent: {}
[67.909574] (-) TimerEvent: {}
[68.009918] (-) TimerEvent: {}
[68.110339] (-) TimerEvent: {}
[68.210694] (-) TimerEvent: {}
[68.311001] (-) TimerEvent: {}
[68.411350] (-) TimerEvent: {}
[68.511725] (-) TimerEvent: {}
[68.612108] (-) TimerEvent: {}
[68.712437] (-) TimerEvent: {}
[68.812702] (-) TimerEvent: {}
[68.913036] (-) TimerEvent: {}
[69.013359] (-) TimerEvent: {}
[69.113652] (-) TimerEvent: {}
[69.213955] (-) TimerEvent: {}
[69.314214] (-) TimerEvent: {}
[69.414468] (-) TimerEvent: {}
[69.514800] (-) TimerEvent: {}
[69.615206] (-) TimerEvent: {}
[69.715566] (-) TimerEvent: {}
[69.815895] (-) TimerEvent: {}
[69.916273] (-) TimerEvent: {}
[70.016514] (-) TimerEvent: {}
[70.116809] (-) TimerEvent: {}
[70.217150] (-) TimerEvent: {}
[70.317546] (-) TimerEvent: {}
[70.417898] (-) TimerEvent: {}
[70.518280] (-) TimerEvent: {}
[70.618707] (-) TimerEvent: {}
[70.719008] (-) TimerEvent: {}
[70.819379] (-) TimerEvent: {}
[70.919694] (-) TimerEvent: {}
[71.019958] (-) TimerEvent: {}
[71.120316] (-) TimerEvent: {}
[71.220646] (-) TimerEvent: {}
[71.320941] (-) TimerEvent: {}
[71.421202] (-) TimerEvent: {}
[71.521556] (-) TimerEvent: {}
[71.621911] (-) TimerEvent: {}
[71.722376] (-) TimerEvent: {}
[71.822734] (-) TimerEvent: {}
[71.923100] (-) TimerEvent: {}
[72.023413] (-) TimerEvent: {}
[72.123685] (-) TimerEvent: {}
[72.224061] (-) TimerEvent: {}
[72.324378] (-) TimerEvent: {}
[72.424694] (-) TimerEvent: {}
[72.525118] (-) TimerEvent: {}
[72.625431] (-) TimerEvent: {}
[72.725755] (-) TimerEvent: {}
[72.826102] (-) TimerEvent: {}
[72.926484] (-) TimerEvent: {}
[73.026881] (-) TimerEvent: {}
[73.127260] (-) TimerEvent: {}
[73.227632] (-) TimerEvent: {}
[73.328039] (-) TimerEvent: {}
[73.428493] (-) TimerEvent: {}
[73.528869] (-) TimerEvent: {}
[73.629184] (-) TimerEvent: {}
[73.729462] (-) TimerEvent: {}
[73.829784] (-) TimerEvent: {}
[73.930059] (-) TimerEvent: {}
[74.030351] (-) TimerEvent: {}
[74.130662] (-) TimerEvent: {}
[74.231060] (-) TimerEvent: {}
[74.331381] (-) TimerEvent: {}
[74.431750] (-) TimerEvent: {}
[74.532180] (-) TimerEvent: {}
[74.632583] (-) TimerEvent: {}
[74.732893] (-) TimerEvent: {}
[74.833137] (-) TimerEvent: {}
[74.933430] (-) TimerEvent: {}
[75.033856] (-) TimerEvent: {}
[75.134290] (-) TimerEvent: {}
[75.234568] (-) TimerEvent: {}
[75.334832] (-) TimerEvent: {}
[75.435215] (-) TimerEvent: {}
[75.535616] (-) TimerEvent: {}
[75.636009] (-) TimerEvent: {}
[75.736432] (-) TimerEvent: {}
[75.836801] (-) TimerEvent: {}
[75.937045] (-) TimerEvent: {}
[76.037364] (-) TimerEvent: {}
[76.137719] (-) TimerEvent: {}
[76.238048] (-) TimerEvent: {}
[76.338372] (-) TimerEvent: {}
[76.438822] (-) TimerEvent: {}
[76.539136] (-) TimerEvent: {}
[76.639517] (-) TimerEvent: {}
[76.739861] (-) TimerEvent: {}
[76.840304] (-) TimerEvent: {}
[76.940559] (-) TimerEvent: {}
[77.040867] (-) TimerEvent: {}
[77.141171] (-) TimerEvent: {}
[77.241490] (-) TimerEvent: {}
[77.341797] (-) TimerEvent: {}
[77.442149] (-) TimerEvent: {}
[77.542417] (-) TimerEvent: {}
[77.642691] (-) TimerEvent: {}
[77.742989] (-) TimerEvent: {}
[77.843310] (-) TimerEvent: {}
[77.943620] (-) TimerEvent: {}
[78.043927] (-) TimerEvent: {}
[78.144302] (-) TimerEvent: {}
[78.244615] (-) TimerEvent: {}
[78.344925] (-) TimerEvent: {}
[78.445304] (-) TimerEvent: {}
[78.545620] (-) TimerEvent: {}
[78.645935] (-) TimerEvent: {}
[78.746205] (-) TimerEvent: {}
[78.846414] (-) TimerEvent: {}
[78.946667] (-) TimerEvent: {}
[79.047065] (-) TimerEvent: {}
[79.147526] (-) TimerEvent: {}
[79.247908] (-) TimerEvent: {}
[79.348216] (-) TimerEvent: {}
[79.448510] (-) TimerEvent: {}
[79.548713] (-) TimerEvent: {}
[79.648928] (-) TimerEvent: {}
[79.749178] (-) TimerEvent: {}
[79.849549] (-) TimerEvent: {}
[79.949870] (-) TimerEvent: {}
[80.050217] (-) TimerEvent: {}
[80.150483] (-) TimerEvent: {}
[80.250777] (-) TimerEvent: {}
[80.351090] (-) TimerEvent: {}
[80.451396] (-) TimerEvent: {}
[80.551767] (-) TimerEvent: {}
[80.652139] (-) TimerEvent: {}
[80.752502] (-) TimerEvent: {}
[80.852820] (-) TimerEvent: {}
[80.953169] (-) TimerEvent: {}
[81.053492] (-) TimerEvent: {}
[81.153900] (-) TimerEvent: {}
[81.254254] (-) TimerEvent: {}
[81.354592] (-) TimerEvent: {}
[81.454895] (-) TimerEvent: {}
[81.555130] (-) TimerEvent: {}
[81.655473] (-) TimerEvent: {}
[81.755799] (-) TimerEvent: {}
[81.856165] (-) TimerEvent: {}
[81.956499] (-) TimerEvent: {}
[82.056894] (-) TimerEvent: {}
[82.157279] (-) TimerEvent: {}
[82.257674] (-) TimerEvent: {}
[82.358023] (-) TimerEvent: {}
[82.458371] (-) TimerEvent: {}
[82.558767] (-) TimerEvent: {}
[82.659112] (-) TimerEvent: {}
[82.759421] (-) TimerEvent: {}
[82.859652] (-) TimerEvent: {}
[82.959991] (-) TimerEvent: {}
[83.060394] (-) TimerEvent: {}
[83.160774] (-) TimerEvent: {}
[83.261159] (-) TimerEvent: {}
[83.361575] (-) TimerEvent: {}
[83.462038] (-) TimerEvent: {}
[83.562368] (-) TimerEvent: {}
[83.662691] (-) TimerEvent: {}
[83.763025] (-) TimerEvent: {}
[83.863376] (-) TimerEvent: {}
[83.963695] (-) TimerEvent: {}
[84.063931] (-) TimerEvent: {}
[84.164292] (-) TimerEvent: {}
[84.264631] (-) TimerEvent: {}
[84.364943] (-) TimerEvent: {}
[84.465216] (-) TimerEvent: {}
[84.565476] (-) TimerEvent: {}
[84.665788] (-) TimerEvent: {}
[84.766220] (-) TimerEvent: {}
[84.866606] (-) TimerEvent: {}
[84.966925] (-) TimerEvent: {}
[85.067339] (-) TimerEvent: {}
[85.167658] (-) TimerEvent: {}
[85.268050] (-) TimerEvent: {}
[85.368364] (-) TimerEvent: {}
[85.468616] (-) TimerEvent: {}
[85.568875] (-) TimerEvent: {}
[85.669108] (-) TimerEvent: {}
[85.769414] (-) TimerEvent: {}
[85.869765] (-) TimerEvent: {}
[85.970184] (-) TimerEvent: {}
[86.070612] (-) TimerEvent: {}
[86.170937] (-) TimerEvent: {}
[86.271331] (-) TimerEvent: {}
[86.371703] (-) TimerEvent: {}
[86.472034] (-) TimerEvent: {}
[86.572388] (-) TimerEvent: {}
[86.672684] (-) TimerEvent: {}
[86.772963] (-) TimerEvent: {}
[86.873299] (-) TimerEvent: {}
[86.973569] (-) TimerEvent: {}
[87.073836] (-) TimerEvent: {}
[87.174300] (-) TimerEvent: {}
[87.274604] (-) TimerEvent: {}
[87.374960] (-) TimerEvent: {}
[87.475601] (-) TimerEvent: {}
[87.576043] (-) TimerEvent: {}
[87.676277] (-) TimerEvent: {}
[87.776484] (-) TimerEvent: {}
[87.876759] (-) TimerEvent: {}
[87.977037] (-) TimerEvent: {}
[88.077362] (-) TimerEvent: {}
[88.177686] (-) TimerEvent: {}
[88.277917] (-) TimerEvent: {}
[88.378179] (-) TimerEvent: {}
[88.478316] (-) TimerEvent: {}
[88.578509] (-) TimerEvent: {}
[88.678839] (-) TimerEvent: {}
[88.779083] (-) TimerEvent: {}
[88.879393] (-) TimerEvent: {}
[88.979638] (-) TimerEvent: {}
[89.080000] (-) TimerEvent: {}
[89.180320] (-) TimerEvent: {}
[89.280533] (-) TimerEvent: {}
[89.380725] (-) TimerEvent: {}
[89.480914] (-) TimerEvent: {}
[89.581124] (-) TimerEvent: {}
[89.681404] (-) TimerEvent: {}
[89.781689] (-) TimerEvent: {}
[89.881900] (-) TimerEvent: {}
[89.982170] (-) TimerEvent: {}
[90.082483] (-) TimerEvent: {}
[90.182704] (-) TimerEvent: {}
[90.282979] (-) TimerEvent: {}
[90.383282] (-) TimerEvent: {}
[90.483586] (-) TimerEvent: {}
[90.583829] (-) TimerEvent: {}
[90.684060] (-) TimerEvent: {}
[90.784358] (-) TimerEvent: {}
[90.884915] (-) TimerEvent: {}
[90.985273] (-) TimerEvent: {}
[91.085517] (-) TimerEvent: {}
[91.185761] (-) TimerEvent: {}
[91.285964] (-) TimerEvent: {}
[91.386328] (-) TimerEvent: {}
[91.486788] (-) TimerEvent: {}
[91.587059] (-) TimerEvent: {}
[91.687505] (-) TimerEvent: {}
[91.787772] (-) TimerEvent: {}
[91.887971] (-) TimerEvent: {}
[91.988402] (-) TimerEvent: {}
[92.088657] (-) TimerEvent: {}
[92.188916] (-) TimerEvent: {}
[92.289144] (-) TimerEvent: {}
[92.389399] (-) TimerEvent: {}
[92.489736] (-) TimerEvent: {}
[92.589967] (-) TimerEvent: {}
[92.690215] (-) TimerEvent: {}
[92.790534] (-) TimerEvent: {}
[92.890847] (-) TimerEvent: {}
[92.991145] (-) TimerEvent: {}
[93.091445] (-) TimerEvent: {}
[93.191738] (-) TimerEvent: {}
[93.292037] (-) TimerEvent: {}
[93.392415] (-) TimerEvent: {}
[93.492647] (-) TimerEvent: {}
[93.592918] (-) TimerEvent: {}
[93.693185] (-) TimerEvent: {}
[93.793399] (-) TimerEvent: {}
[93.893663] (-) TimerEvent: {}
[93.993973] (-) TimerEvent: {}
[94.094278] (-) TimerEvent: {}
[94.194575] (-) TimerEvent: {}
[94.294957] (-) TimerEvent: {}
[94.395271] (-) TimerEvent: {}
[94.495680] (-) TimerEvent: {}
[94.595977] (-) TimerEvent: {}
[94.696313] (-) TimerEvent: {}
[94.796473] (-) TimerEvent: {}
[94.896707] (-) TimerEvent: {}
[94.996998] (-) TimerEvent: {}
[95.097255] (-) TimerEvent: {}
[95.197514] (-) TimerEvent: {}
[95.297812] (-) TimerEvent: {}
[95.398125] (-) TimerEvent: {}
[95.498382] (-) TimerEvent: {}
[95.598538] (-) TimerEvent: {}
[95.698738] (-) TimerEvent: {}
[95.798927] (-) TimerEvent: {}
[95.899161] (-) TimerEvent: {}
[95.999467] (-) TimerEvent: {}
[96.099753] (-) TimerEvent: {}
[96.200100] (-) TimerEvent: {}
[96.300348] (-) TimerEvent: {}
[96.400585] (-) TimerEvent: {}
[96.500801] (-) TimerEvent: {}
[96.601152] (-) TimerEvent: {}
[96.701448] (-) TimerEvent: {}
[96.801708] (-) TimerEvent: {}
[96.902001] (-) TimerEvent: {}
[97.002244] (-) TimerEvent: {}
[97.102478] (-) TimerEvent: {}
[97.202762] (-) TimerEvent: {}
[97.303079] (-) TimerEvent: {}
[97.403409] (-) TimerEvent: {}
[97.503697] (-) TimerEvent: {}
[97.603960] (-) TimerEvent: {}
[97.704282] (-) TimerEvent: {}
[97.804622] (-) TimerEvent: {}
[97.904925] (-) TimerEvent: {}
[98.005192] (-) TimerEvent: {}
[98.105473] (-) TimerEvent: {}
[98.205768] (-) TimerEvent: {}
[98.306052] (-) TimerEvent: {}
[98.406340] (-) TimerEvent: {}
[98.506627] (-) TimerEvent: {}
[98.606904] (-) TimerEvent: {}
[98.707202] (-) TimerEvent: {}
[98.807498] (-) TimerEvent: {}
[98.907817] (-) TimerEvent: {}
[99.008138] (-) TimerEvent: {}
[99.108471] (-) TimerEvent: {}
[99.208736] (-) TimerEvent: {}
[99.309057] (-) TimerEvent: {}
[99.409350] (-) TimerEvent: {}
[99.509746] (-) TimerEvent: {}
[99.610056] (-) TimerEvent: {}
[99.710371] (-) TimerEvent: {}
[99.810688] (-) TimerEvent: {}
[99.911028] (-) TimerEvent: {}
[100.011579] (-) TimerEvent: {}
[100.111975] (-) TimerEvent: {}
[100.212295] (-) TimerEvent: {}
[100.312575] (-) TimerEvent: {}
[100.412839] (-) TimerEvent: {}
[100.513619] (-) TimerEvent: {}
[100.613957] (-) TimerEvent: {}
[100.714289] (-) TimerEvent: {}
[100.814584] (-) TimerEvent: {}
[100.914891] (-) TimerEvent: {}
[101.015222] (-) TimerEvent: {}
[101.115540] (-) TimerEvent: {}
[101.215913] (-) TimerEvent: {}
[101.316247] (-) TimerEvent: {}
[101.416608] (-) TimerEvent: {}
[101.516934] (-) TimerEvent: {}
[101.617471] (-) TimerEvent: {}
[101.717830] (-) TimerEvent: {}
[101.818090] (-) TimerEvent: {}
[101.918388] (-) TimerEvent: {}
[102.018715] (-) TimerEvent: {}
[102.119031] (-) TimerEvent: {}
[102.219494] (-) TimerEvent: {}
[102.319859] (-) TimerEvent: {}
[102.420310] (-) TimerEvent: {}
[102.520625] (-) TimerEvent: {}
[102.621034] (-) TimerEvent: {}
[102.721382] (-) TimerEvent: {}
[102.822150] (-) TimerEvent: {}
[102.922432] (-) TimerEvent: {}
[103.022787] (-) TimerEvent: {}
[103.123068] (-) TimerEvent: {}
[103.223320] (-) TimerEvent: {}
[103.323538] (-) TimerEvent: {}
[103.423871] (-) TimerEvent: {}
[103.524178] (-) TimerEvent: {}
[103.624559] (-) TimerEvent: {}
[103.724876] (-) TimerEvent: {}
[103.825180] (-) TimerEvent: {}
[103.925563] (-) TimerEvent: {}
[104.025804] (-) TimerEvent: {}
[104.126000] (-) TimerEvent: {}
[104.226266] (-) TimerEvent: {}
[104.326494] (-) TimerEvent: {}
[104.426838] (-) TimerEvent: {}
[104.527274] (-) TimerEvent: {}
[104.627630] (-) TimerEvent: {}
[104.727973] (-) TimerEvent: {}
[104.828346] (-) TimerEvent: {}
[104.928591] (-) TimerEvent: {}
[105.028799] (-) TimerEvent: {}
[105.129064] (-) TimerEvent: {}
[105.229395] (-) TimerEvent: {}
[105.329763] (-) TimerEvent: {}
[105.430089] (-) TimerEvent: {}
[105.530419] (-) TimerEvent: {}
[105.630608] (-) TimerEvent: {}
[105.730782] (-) TimerEvent: {}
[105.830955] (-) TimerEvent: {}
[105.931160] (-) TimerEvent: {}
[106.031354] (-) TimerEvent: {}
[106.131521] (-) TimerEvent: {}
[106.231700] (-) TimerEvent: {}
[106.331901] (-) TimerEvent: {}
[106.432103] (-) TimerEvent: {}
[106.532338] (-) TimerEvent: {}
[106.632575] (-) TimerEvent: {}
[106.732863] (-) TimerEvent: {}
[106.833148] (-) TimerEvent: {}
[106.933534] (-) TimerEvent: {}
[107.033835] (-) TimerEvent: {}
[107.134128] (-) TimerEvent: {}
[107.234442] (-) TimerEvent: {}
[107.334773] (-) TimerEvent: {}
[107.435084] (-) TimerEvent: {}
[107.535404] (-) TimerEvent: {}
[107.635759] (-) TimerEvent: {}
[107.736113] (-) TimerEvent: {}
[107.836467] (-) TimerEvent: {}
[107.936820] (-) TimerEvent: {}
[108.037142] (-) TimerEvent: {}
[108.137539] (-) TimerEvent: {}
[108.237865] (-) TimerEvent: {}
[108.338115] (-) TimerEvent: {}
[108.438341] (-) TimerEvent: {}
[108.538671] (-) TimerEvent: {}
[108.639008] (-) TimerEvent: {}
[108.739321] (-) TimerEvent: {}
[108.839583] (-) TimerEvent: {}
[108.939882] (-) TimerEvent: {}
[109.040165] (-) TimerEvent: {}
[109.140497] (-) TimerEvent: {}
[109.240816] (-) TimerEvent: {}
[109.341168] (-) TimerEvent: {}
[109.441491] (-) TimerEvent: {}
[109.541782] (-) TimerEvent: {}
[109.642105] (-) TimerEvent: {}
[109.742510] (-) TimerEvent: {}
[109.842839] (-) TimerEvent: {}
[109.943176] (-) TimerEvent: {}
[110.043485] (-) TimerEvent: {}
[110.143782] (-) TimerEvent: {}
[110.244109] (-) TimerEvent: {}
[110.344429] (-) TimerEvent: {}
[110.444694] (-) TimerEvent: {}
[110.545053] (-) TimerEvent: {}
[110.645480] (-) TimerEvent: {}
[110.745816] (-) TimerEvent: {}
[110.846127] (-) TimerEvent: {}
[110.946331] (-) TimerEvent: {}
[111.046578] (-) TimerEvent: {}
[111.146854] (-) TimerEvent: {}
[111.247159] (-) TimerEvent: {}
[111.347419] (-) TimerEvent: {}
[111.447676] (-) TimerEvent: {}
[111.547925] (-) TimerEvent: {}
[111.648156] (-) TimerEvent: {}
[111.748353] (-) TimerEvent: {}
[111.848608] (-) TimerEvent: {}
[111.948844] (-) TimerEvent: {}
[112.049133] (-) TimerEvent: {}
[112.149414] (-) TimerEvent: {}
[112.249642] (-) TimerEvent: {}
[112.349868] (-) TimerEvent: {}
[112.450135] (-) TimerEvent: {}
[112.550430] (-) TimerEvent: {}
[112.650730] (-) TimerEvent: {}
[112.751014] (-) TimerEvent: {}
[112.851277] (-) TimerEvent: {}
[112.951548] (-) TimerEvent: {}
[113.051863] (-) TimerEvent: {}
[113.152193] (-) TimerEvent: {}
[113.252581] (-) TimerEvent: {}
[113.352865] (-) TimerEvent: {}
[113.453166] (-) TimerEvent: {}
[113.553530] (-) TimerEvent: {}
[113.653795] (-) TimerEvent: {}
[113.754069] (-) TimerEvent: {}
[113.854335] (-) TimerEvent: {}
[113.954607] (-) TimerEvent: {}
[114.054888] (-) TimerEvent: {}
[114.155106] (-) TimerEvent: {}
[114.255310] (-) TimerEvent: {}
[114.355492] (-) TimerEvent: {}
[114.455691] (-) TimerEvent: {}
[114.555931] (-) TimerEvent: {}
[114.656157] (-) TimerEvent: {}
[114.756445] (-) TimerEvent: {}
[114.856616] (-) TimerEvent: {}
[114.956879] (-) TimerEvent: {}
[115.057259] (-) TimerEvent: {}
[115.157563] (-) TimerEvent: {}
[115.257884] (-) TimerEvent: {}
[115.358133] (-) TimerEvent: {}
[115.458382] (-) TimerEvent: {}
[115.558619] (-) TimerEvent: {}
[115.658803] (-) TimerEvent: {}
[115.759061] (-) TimerEvent: {}
[115.859347] (-) TimerEvent: {}
[115.959558] (-) TimerEvent: {}
[116.059813] (-) TimerEvent: {}
[116.160140] (-) TimerEvent: {}
[116.260535] (-) TimerEvent: {}
[116.360835] (-) TimerEvent: {}
[116.461064] (-) TimerEvent: {}
[116.561379] (-) TimerEvent: {}
[116.661747] (-) TimerEvent: {}
[116.762069] (-) TimerEvent: {}
[116.862357] (-) TimerEvent: {}
[116.962617] (-) TimerEvent: {}
[117.062933] (-) TimerEvent: {}
[117.163145] (-) TimerEvent: {}
[117.263409] (-) TimerEvent: {}
[117.363674] (-) TimerEvent: {}
[117.463933] (-) TimerEvent: {}
[117.564309] (-) TimerEvent: {}
[117.664653] (-) TimerEvent: {}
[117.765016] (-) TimerEvent: {}
[117.865366] (-) TimerEvent: {}
[117.965687] (-) TimerEvent: {}
[118.066014] (-) TimerEvent: {}
[118.166388] (-) TimerEvent: {}
[118.266739] (-) TimerEvent: {}
[118.367059] (-) TimerEvent: {}
[118.467325] (-) TimerEvent: {}
[118.567619] (-) TimerEvent: {}
[118.667925] (-) TimerEvent: {}
[118.768140] (-) TimerEvent: {}
[118.868368] (-) TimerEvent: {}
[118.968705] (-) TimerEvent: {}
[119.069071] (-) TimerEvent: {}
[119.169339] (-) TimerEvent: {}
[119.269637] (-) TimerEvent: {}
[119.369858] (-) TimerEvent: {}
[119.470105] (-) TimerEvent: {}
[119.570364] (-) TimerEvent: {}
[119.670685] (-) TimerEvent: {}
[119.770974] (-) TimerEvent: {}
[119.871254] (-) TimerEvent: {}
[119.971547] (-) TimerEvent: {}
[120.071803] (-) TimerEvent: {}
[120.172055] (-) TimerEvent: {}
[120.272362] (-) TimerEvent: {}
[120.372643] (-) TimerEvent: {}
[120.472893] (-) TimerEvent: {}
[120.573273] (-) TimerEvent: {}
[120.673693] (-) TimerEvent: {}
[120.774085] (-) TimerEvent: {}
[120.874494] (-) TimerEvent: {}
[120.974829] (-) TimerEvent: {}
[121.075132] (-) TimerEvent: {}
[121.175344] (-) TimerEvent: {}
[121.275508] (-) TimerEvent: {}
[121.375735] (-) TimerEvent: {}
[121.476014] (-) TimerEvent: {}
[121.576407] (-) TimerEvent: {}
[121.676760] (-) TimerEvent: {}
[121.777126] (-) TimerEvent: {}
[121.877490] (-) TimerEvent: {}
[121.977835] (-) TimerEvent: {}
[122.078138] (-) TimerEvent: {}
[122.178529] (-) TimerEvent: {}
[122.278846] (-) TimerEvent: {}
[122.379139] (-) TimerEvent: {}
[122.479386] (-) TimerEvent: {}
[122.579633] (-) TimerEvent: {}
[122.679912] (-) TimerEvent: {}
[122.780211] (-) TimerEvent: {}
[122.880582] (-) TimerEvent: {}
[122.980905] (-) TimerEvent: {}
[123.081254] (-) TimerEvent: {}
[123.181580] (-) TimerEvent: {}
[123.281905] (-) TimerEvent: {}
[123.382263] (-) TimerEvent: {}
[123.482651] (-) TimerEvent: {}
[123.582930] (-) TimerEvent: {}
[123.683185] (-) TimerEvent: {}
[123.783548] (-) TimerEvent: {}
[123.883909] (-) TimerEvent: {}
[123.984210] (-) TimerEvent: {}
[124.084480] (-) TimerEvent: {}
[124.184815] (-) TimerEvent: {}
[124.285168] (-) TimerEvent: {}
[124.385474] (-) TimerEvent: {}
[124.485787] (-) TimerEvent: {}
[124.586124] (-) TimerEvent: {}
[124.686477] (-) TimerEvent: {}
[124.786871] (-) TimerEvent: {}
[124.887270] (-) TimerEvent: {}
[124.987700] (-) TimerEvent: {}
[125.088013] (-) TimerEvent: {}
[125.188300] (-) TimerEvent: {}
[125.288494] (-) TimerEvent: {}
[125.388717] (-) TimerEvent: {}
[125.489081] (-) TimerEvent: {}
[125.589450] (-) TimerEvent: {}
[125.689816] (-) TimerEvent: {}
[125.790109] (-) TimerEvent: {}
[125.890425] (-) TimerEvent: {}
[125.990771] (-) TimerEvent: {}
[126.091152] (-) TimerEvent: {}
[126.191459] (-) TimerEvent: {}
[126.291728] (-) TimerEvent: {}
[126.391983] (-) TimerEvent: {}
[126.492361] (-) TimerEvent: {}
[126.592711] (-) TimerEvent: {}
[126.693108] (-) TimerEvent: {}
[126.793436] (-) TimerEvent: {}
[126.893637] (-) TimerEvent: {}
[126.993935] (-) TimerEvent: {}
[127.094263] (-) TimerEvent: {}
[127.194672] (-) TimerEvent: {}
[127.294981] (-) TimerEvent: {}
[127.395308] (-) TimerEvent: {}
[127.495576] (-) TimerEvent: {}
[127.595887] (-) TimerEvent: {}
[127.696176] (-) TimerEvent: {}
[127.796494] (-) TimerEvent: {}
[127.896797] (-) TimerEvent: {}
[127.997026] (-) TimerEvent: {}
[128.097301] (-) TimerEvent: {}
[128.197605] (-) TimerEvent: {}
[128.297836] (-) TimerEvent: {}
[128.398161] (-) TimerEvent: {}
[128.498402] (-) TimerEvent: {}
[128.598640] (-) TimerEvent: {}
[128.698923] (-) TimerEvent: {}
[128.799199] (-) TimerEvent: {}
[128.899495] (-) TimerEvent: {}
[128.999764] (-) TimerEvent: {}
[129.100010] (-) TimerEvent: {}
[129.200374] (-) TimerEvent: {}
[129.300628] (-) TimerEvent: {}
[129.400953] (-) TimerEvent: {}
[129.501302] (-) TimerEvent: {}
[129.601636] (-) TimerEvent: {}
[129.701955] (-) TimerEvent: {}
[129.802410] (-) TimerEvent: {}
[129.902712] (-) TimerEvent: {}
[130.003060] (-) TimerEvent: {}
[130.103290] (-) TimerEvent: {}
[130.203501] (-) TimerEvent: {}
[130.303728] (-) TimerEvent: {}
[130.403928] (-) TimerEvent: {}
[130.504151] (-) TimerEvent: {}
[130.604279] (-) TimerEvent: {}
[130.704431] (-) TimerEvent: {}
[130.804583] (-) TimerEvent: {}
[130.904763] (-) TimerEvent: {}
[131.004939] (-) TimerEvent: {}
[131.105111] (-) TimerEvent: {}
[131.205310] (-) TimerEvent: {}
[131.305457] (-) TimerEvent: {}
[131.405609] (-) TimerEvent: {}
[131.505783] (-) TimerEvent: {}
[131.605958] (-) TimerEvent: {}
[131.706135] (-) TimerEvent: {}
[131.806311] (-) TimerEvent: {}
[131.906456] (-) TimerEvent: {}
[132.006640] (-) TimerEvent: {}
[132.106815] (-) TimerEvent: {}
[132.207005] (-) TimerEvent: {}
[132.307147] (-) TimerEvent: {}
[132.407308] (-) TimerEvent: {}
[132.507543] (-) TimerEvent: {}
[132.607792] (-) TimerEvent: {}
[132.708041] (-) TimerEvent: {}
[132.808260] (-) TimerEvent: {}
[132.908485] (-) TimerEvent: {}
[133.008742] (-) TimerEvent: {}
[133.108997] (-) TimerEvent: {}
[133.209317] (-) TimerEvent: {}
[133.309526] (-) TimerEvent: {}
[133.409745] (-) TimerEvent: {}
[133.509948] (-) TimerEvent: {}
[133.610138] (-) TimerEvent: {}
[133.710297] (-) TimerEvent: {}
[133.810549] (-) TimerEvent: {}
[133.910817] (-) TimerEvent: {}
[134.010993] (-) TimerEvent: {}
[134.111186] (-) TimerEvent: {}
[134.211406] (-) TimerEvent: {}
[134.311602] (-) TimerEvent: {}
[134.411783] (-) TimerEvent: {}
[134.511995] (-) TimerEvent: {}
[134.612178] (-) TimerEvent: {}
[134.712437] (-) TimerEvent: {}
[134.812765] (-) TimerEvent: {}
[134.913068] (-) TimerEvent: {}
[135.013334] (-) TimerEvent: {}
[135.113529] (-) TimerEvent: {}
[135.213801] (-) TimerEvent: {}
[135.313982] (-) TimerEvent: {}
[135.414202] (-) TimerEvent: {}
[135.514453] (-) TimerEvent: {}
[135.614690] (-) TimerEvent: {}
[135.714960] (-) TimerEvent: {}
[135.815280] (-) TimerEvent: {}
[135.915542] (-) TimerEvent: {}
[136.015818] (-) TimerEvent: {}
[136.116190] (-) TimerEvent: {}
[136.216512] (-) TimerEvent: {}
[136.316915] (-) TimerEvent: {}
[136.417451] (-) TimerEvent: {}
[136.517841] (-) TimerEvent: {}
[136.618273] (-) TimerEvent: {}
[136.718581] (-) TimerEvent: {}
[136.818889] (-) TimerEvent: {}
[136.919264] (-) TimerEvent: {}
[137.019593] (-) TimerEvent: {}
[137.119845] (-) TimerEvent: {}
[137.220036] (-) TimerEvent: {}
[137.320332] (-) TimerEvent: {}
[137.420595] (-) TimerEvent: {}
[137.520871] (-) TimerEvent: {}
[137.621133] (-) TimerEvent: {}
[137.721567] (-) TimerEvent: {}
[137.821893] (-) TimerEvent: {}
[137.922292] (-) TimerEvent: {}
[138.022645] (-) TimerEvent: {}
[138.122996] (-) TimerEvent: {}
[138.223275] (-) TimerEvent: {}
[138.323484] (-) TimerEvent: {}
[138.423636] (-) TimerEvent: {}
[138.523820] (-) TimerEvent: {}
[138.624006] (-) TimerEvent: {}
[138.724199] (-) TimerEvent: {}
[138.824363] (-) TimerEvent: {}
[138.924628] (-) TimerEvent: {}
[139.024900] (-) TimerEvent: {}
[139.125175] (-) TimerEvent: {}
[139.225505] (-) TimerEvent: {}
[139.325741] (-) TimerEvent: {}
[139.426036] (-) TimerEvent: {}
[139.526539] (-) TimerEvent: {}
[139.627055] (-) TimerEvent: {}
[139.727488] (-) TimerEvent: {}
[139.827856] (-) TimerEvent: {}
[139.928205] (-) TimerEvent: {}
[140.028633] (-) TimerEvent: {}
[140.128952] (-) TimerEvent: {}
[140.229312] (-) TimerEvent: {}
[140.329907] (-) TimerEvent: {}
[140.430292] (-) TimerEvent: {}
[140.530612] (-) TimerEvent: {}
[140.630942] (-) TimerEvent: {}
[140.731308] (-) TimerEvent: {}
[140.831645] (-) TimerEvent: {}
[140.931944] (-) TimerEvent: {}
[141.032302] (-) TimerEvent: {}
[141.132640] (-) TimerEvent: {}
[141.232939] (-) TimerEvent: {}
[141.333191] (-) TimerEvent: {}
[141.433627] (-) TimerEvent: {}
[141.533888] (-) TimerEvent: {}
[141.634277] (-) TimerEvent: {}
[141.734631] (-) TimerEvent: {}
[141.834927] (-) TimerEvent: {}
[141.935204] (-) TimerEvent: {}
[142.035431] (-) TimerEvent: {}
[142.135614] (-) TimerEvent: {}
[142.235935] (-) TimerEvent: {}
[142.336273] (-) TimerEvent: {}
[142.436621] (-) TimerEvent: {}
[142.536887] (-) TimerEvent: {}
[142.637152] (-) TimerEvent: {}
[142.737406] (-) TimerEvent: {}
[142.837615] (-) TimerEvent: {}
[142.937863] (-) TimerEvent: {}
[143.038174] (-) TimerEvent: {}
[143.138440] (-) TimerEvent: {}
[143.238669] (-) TimerEvent: {}
[143.339019] (-) TimerEvent: {}
[143.439372] (-) TimerEvent: {}
[143.539710] (-) TimerEvent: {}
[143.640068] (-) TimerEvent: {}
[143.740308] (-) TimerEvent: {}
[143.840508] (-) TimerEvent: {}
[143.940733] (-) TimerEvent: {}
[144.040992] (-) TimerEvent: {}
[144.141368] (-) TimerEvent: {}
[144.241675] (-) TimerEvent: {}
[144.342021] (-) TimerEvent: {}
[144.442322] (-) TimerEvent: {}
[144.542597] (-) TimerEvent: {}
[144.642939] (-) TimerEvent: {}
[144.743276] (-) TimerEvent: {}
[144.843548] (-) TimerEvent: {}
[144.943840] (-) TimerEvent: {}
[145.044158] (-) TimerEvent: {}
[145.144433] (-) TimerEvent: {}
[145.244658] (-) TimerEvent: {}
[145.344898] (-) TimerEvent: {}
[145.445117] (-) TimerEvent: {}
[145.545317] (-) TimerEvent: {}
[145.645502] (-) TimerEvent: {}
[145.745752] (-) TimerEvent: {}
[145.846081] (-) TimerEvent: {}
[145.946355] (-) TimerEvent: {}
[146.046675] (-) TimerEvent: {}
[146.147033] (-) TimerEvent: {}
[146.247387] (-) TimerEvent: {}
[146.347664] (-) TimerEvent: {}
[146.447951] (-) TimerEvent: {}
[146.548373] (-) TimerEvent: {}
[146.648741] (-) TimerEvent: {}
[146.749128] (-) TimerEvent: {}
[146.849488] (-) TimerEvent: {}
[146.949774] (-) TimerEvent: {}
[147.050000] (-) TimerEvent: {}
[147.150215] (-) TimerEvent: {}
[147.250397] (-) TimerEvent: {}
[147.350668] (-) TimerEvent: {}
[147.450982] (-) TimerEvent: {}
[147.551380] (-) TimerEvent: {}
[147.651665] (-) TimerEvent: {}
[147.751997] (-) TimerEvent: {}
[147.852368] (-) TimerEvent: {}
[147.952639] (-) TimerEvent: {}
[148.052876] (-) TimerEvent: {}
[148.153135] (-) TimerEvent: {}
[148.253331] (-) TimerEvent: {}
[148.353580] (-) TimerEvent: {}
[148.453830] (-) TimerEvent: {}
[148.554097] (-) TimerEvent: {}
[148.654363] (-) TimerEvent: {}
[148.754659] (-) TimerEvent: {}
[148.854904] (-) TimerEvent: {}
[148.955185] (-) TimerEvent: {}
[149.055402] (-) TimerEvent: {}
[149.155560] (-) TimerEvent: {}
[149.255810] (-) TimerEvent: {}
[149.356058] (-) TimerEvent: {}
[149.456408] (-) TimerEvent: {}
[149.556733] (-) TimerEvent: {}
[149.657106] (-) TimerEvent: {}
[149.757402] (-) TimerEvent: {}
[149.857581] (-) TimerEvent: {}
[149.957827] (-) TimerEvent: {}
[150.058134] (-) TimerEvent: {}
[150.158479] (-) TimerEvent: {}
[150.258783] (-) TimerEvent: {}
[150.359036] (-) TimerEvent: {}
[150.459410] (-) TimerEvent: {}
[150.559748] (-) TimerEvent: {}
[150.660039] (-) TimerEvent: {}
[150.760383] (-) TimerEvent: {}
[150.860684] (-) TimerEvent: {}
[150.960969] (-) TimerEvent: {}
[151.061179] (-) TimerEvent: {}
[151.161356] (-) TimerEvent: {}
[151.261546] (-) TimerEvent: {}
[151.361793] (-) TimerEvent: {}
[151.461955] (-) TimerEvent: {}
[151.562116] (-) TimerEvent: {}
[151.662402] (-) TimerEvent: {}
[151.762660] (-) TimerEvent: {}
[151.862904] (-) TimerEvent: {}
[151.963144] (-) TimerEvent: {}
[152.063514] (-) TimerEvent: {}
[152.163856] (-) TimerEvent: {}
[152.264260] (-) TimerEvent: {}
[152.364576] (-) TimerEvent: {}
[152.464916] (-) TimerEvent: {}
[152.565207] (-) TimerEvent: {}
[152.665520] (-) TimerEvent: {}
[152.765865] (-) TimerEvent: {}
[152.866080] (-) TimerEvent: {}
[152.966245] (-) TimerEvent: {}
[153.066405] (-) TimerEvent: {}
[153.166559] (-) TimerEvent: {}
[153.266736] (-) TimerEvent: {}
[153.366920] (-) TimerEvent: {}
[153.467183] (-) TimerEvent: {}
[153.567451] (-) TimerEvent: {}
[153.667723] (-) TimerEvent: {}
[153.767984] (-) TimerEvent: {}
[153.868268] (-) TimerEvent: {}
[153.968525] (-) TimerEvent: {}
[154.068757] (-) TimerEvent: {}
[154.169003] (-) TimerEvent: {}
[154.269361] (-) TimerEvent: {}
[154.369751] (-) TimerEvent: {}
[154.470022] (-) TimerEvent: {}
[154.570299] (-) TimerEvent: {}
[154.670570] (-) TimerEvent: {}
[154.770845] (-) TimerEvent: {}
[154.871128] (-) TimerEvent: {}
[154.971401] (-) TimerEvent: {}
[155.071666] (-) TimerEvent: {}
[155.171915] (-) TimerEvent: {}
[155.272157] (-) TimerEvent: {}
[155.372459] (-) TimerEvent: {}
[155.472723] (-) TimerEvent: {}
[155.573013] (-) TimerEvent: {}
[155.673338] (-) TimerEvent: {}
[155.773566] (-) TimerEvent: {}
[155.873817] (-) TimerEvent: {}
[155.974112] (-) TimerEvent: {}
[156.074415] (-) TimerEvent: {}
[156.174702] (-) TimerEvent: {}
[156.274951] (-) TimerEvent: {}
[156.375141] (-) TimerEvent: {}
[156.475381] (-) TimerEvent: {}
[156.575692] (-) TimerEvent: {}
[156.676115] (-) TimerEvent: {}
[156.776416] (-) TimerEvent: {}
[156.876656] (-) TimerEvent: {}
[156.976994] (-) TimerEvent: {}
[157.077311] (-) TimerEvent: {}
[157.177585] (-) TimerEvent: {}
[157.277862] (-) TimerEvent: {}
[157.378149] (-) TimerEvent: {}
[157.478375] (-) TimerEvent: {}
[157.578552] (-) TimerEvent: {}
[157.678750] (-) TimerEvent: {}
[157.779087] (-) TimerEvent: {}
[157.879303] (-) TimerEvent: {}
[157.979469] (-) TimerEvent: {}
[158.079655] (-) TimerEvent: {}
[158.179882] (-) TimerEvent: {}
[158.280118] (-) TimerEvent: {}
[158.380341] (-) TimerEvent: {}
[158.480597] (-) TimerEvent: {}
[158.580877] (-) TimerEvent: {}
[158.681123] (-) TimerEvent: {}
[158.781328] (-) TimerEvent: {}
[158.881496] (-) TimerEvent: {}
[158.981675] (-) TimerEvent: {}
[159.081935] (-) TimerEvent: {}
[159.182274] (-) TimerEvent: {}
[159.282597] (-) TimerEvent: {}
[159.382858] (-) TimerEvent: {}
[159.483151] (-) TimerEvent: {}
[159.583544] (-) TimerEvent: {}
[159.683785] (-) TimerEvent: {}
[159.784047] (-) TimerEvent: {}
[159.884388] (-) TimerEvent: {}
[159.984670] (-) TimerEvent: {}
[160.084912] (-) TimerEvent: {}
[160.185314] (-) TimerEvent: {}
[160.285593] (-) TimerEvent: {}
[160.385913] (-) TimerEvent: {}
[160.486206] (-) TimerEvent: {}
[160.586468] (-) TimerEvent: {}
[160.686692] (-) TimerEvent: {}
[160.787026] (-) TimerEvent: {}
[160.887304] (-) TimerEvent: {}
[160.987531] (-) TimerEvent: {}
[161.087846] (-) TimerEvent: {}
[161.188136] (-) TimerEvent: {}
[161.288467] (-) TimerEvent: {}
[161.388771] (-) TimerEvent: {}
[161.489082] (-) TimerEvent: {}
[161.589338] (-) TimerEvent: {}
[161.689541] (-) TimerEvent: {}
[161.789807] (-) TimerEvent: {}
[161.890185] (-) TimerEvent: {}
[161.990450] (-) TimerEvent: {}
[162.090685] (-) TimerEvent: {}
[162.190956] (-) TimerEvent: {}
[162.291276] (-) TimerEvent: {}
[162.391559] (-) TimerEvent: {}
[162.491825] (-) TimerEvent: {}
[162.592133] (-) TimerEvent: {}
[162.692468] (-) TimerEvent: {}
[162.792719] (-) TimerEvent: {}
[162.893017] (-) TimerEvent: {}
[162.993297] (-) TimerEvent: {}
[163.093573] (-) TimerEvent: {}
[163.193856] (-) TimerEvent: {}
[163.294179] (-) TimerEvent: {}
[163.394454] (-) TimerEvent: {}
[163.494693] (-) TimerEvent: {}
[163.594944] (-) TimerEvent: {}
[163.695250] (-) TimerEvent: {}
[163.795476] (-) TimerEvent: {}
[163.895753] (-) TimerEvent: {}
[163.995996] (-) TimerEvent: {}
[164.096257] (-) TimerEvent: {}
[164.196495] (-) TimerEvent: {}
[164.296710] (-) TimerEvent: {}
[164.396949] (-) TimerEvent: {}
[164.497172] (-) TimerEvent: {}
[164.597405] (-) TimerEvent: {}
[164.697664] (-) TimerEvent: {}
[164.797905] (-) TimerEvent: {}
[164.898135] (-) TimerEvent: {}
[164.998351] (-) TimerEvent: {}
[165.098533] (-) TimerEvent: {}
[165.198782] (-) TimerEvent: {}
[165.299042] (-) TimerEvent: {}
[165.399330] (-) TimerEvent: {}
[165.499586] (-) TimerEvent: {}
[165.599888] (-) TimerEvent: {}
[165.700200] (-) TimerEvent: {}
[165.800501] (-) TimerEvent: {}
[165.900775] (-) TimerEvent: {}
[166.001055] (-) TimerEvent: {}
[166.101328] (-) TimerEvent: {}
[166.201601] (-) TimerEvent: {}
[166.301886] (-) TimerEvent: {}
[166.402164] (-) TimerEvent: {}
[166.502410] (-) TimerEvent: {}
[166.602645] (-) TimerEvent: {}
[166.702989] (-) TimerEvent: {}
[166.803339] (-) TimerEvent: {}
[166.903618] (-) TimerEvent: {}
[167.003922] (-) TimerEvent: {}
[167.104180] (-) TimerEvent: {}
[167.204456] (-) TimerEvent: {}
[167.304768] (-) TimerEvent: {}
[167.405112] (-) TimerEvent: {}
[167.505402] (-) TimerEvent: {}
[167.605675] (-) TimerEvent: {}
[167.706001] (-) TimerEvent: {}
[167.806302] (-) TimerEvent: {}
[167.906698] (-) TimerEvent: {}
[168.006983] (-) TimerEvent: {}
[168.107328] (-) TimerEvent: {}
[168.207608] (-) TimerEvent: {}
[168.307848] (-) TimerEvent: {}
[168.408101] (-) TimerEvent: {}
[168.508343] (-) TimerEvent: {}
[168.608689] (-) TimerEvent: {}
[168.709005] (-) TimerEvent: {}
[168.809271] (-) TimerEvent: {}
[168.909512] (-) TimerEvent: {}
[169.009771] (-) TimerEvent: {}
[169.110092] (-) TimerEvent: {}
[169.210370] (-) TimerEvent: {}
[169.310681] (-) TimerEvent: {}
[169.411007] (-) TimerEvent: {}
[169.511388] (-) TimerEvent: {}
[169.611687] (-) TimerEvent: {}
[169.712088] (-) TimerEvent: {}
[169.812438] (-) TimerEvent: {}
[169.912719] (-) TimerEvent: {}
[170.012971] (-) TimerEvent: {}
[170.113351] (-) TimerEvent: {}
[170.213668] (-) TimerEvent: {}
[170.313999] (-) TimerEvent: {}
[170.414328] (-) TimerEvent: {}
[170.514614] (-) TimerEvent: {}
[170.614975] (-) TimerEvent: {}
[170.715349] (-) TimerEvent: {}
[170.815609] (-) TimerEvent: {}
[170.915896] (-) TimerEvent: {}
[171.016183] (-) TimerEvent: {}
[171.116939] (-) TimerEvent: {}
[171.217328] (-) TimerEvent: {}
[171.317551] (-) TimerEvent: {}
[171.417749] (-) TimerEvent: {}
[171.517973] (-) TimerEvent: {}
[171.618221] (-) TimerEvent: {}
[171.718531] (-) TimerEvent: {}
[171.818844] (-) TimerEvent: {}
[171.919135] (-) TimerEvent: {}
[172.019449] (-) TimerEvent: {}
[172.119724] (-) TimerEvent: {}
[172.219998] (-) TimerEvent: {}
[172.320351] (-) TimerEvent: {}
[172.420582] (-) TimerEvent: {}
[172.520804] (-) TimerEvent: {}
[172.621115] (-) TimerEvent: {}
[172.721343] (-) TimerEvent: {}
[172.821601] (-) TimerEvent: {}
[172.921940] (-) TimerEvent: {}
[173.022267] (-) TimerEvent: {}
[173.122522] (-) TimerEvent: {}
[173.222768] (-) TimerEvent: {}
[173.323044] (-) TimerEvent: {}
[173.423342] (-) TimerEvent: {}
[173.523599] (-) TimerEvent: {}
[173.623886] (-) TimerEvent: {}
[173.724200] (-) TimerEvent: {}
[173.824435] (-) TimerEvent: {}
[173.924699] (-) TimerEvent: {}
[174.024941] (-) TimerEvent: {}
[174.125343] (-) TimerEvent: {}
[174.225627] (-) TimerEvent: {}
[174.325949] (-) TimerEvent: {}
[174.426335] (-) TimerEvent: {}
[174.526654] (-) TimerEvent: {}
[174.626976] (-) TimerEvent: {}
[174.727314] (-) TimerEvent: {}
[174.827642] (-) TimerEvent: {}
[174.927859] (-) TimerEvent: {}
[175.028163] (-) TimerEvent: {}
[175.128507] (-) TimerEvent: {}
[175.228863] (-) TimerEvent: {}
[175.329272] (-) TimerEvent: {}
[175.429638] (-) TimerEvent: {}
[175.529985] (-) TimerEvent: {}
[175.630497] (-) TimerEvent: {}
[175.730876] (-) TimerEvent: {}
[175.831158] (-) TimerEvent: {}
[175.931449] (-) TimerEvent: {}
[176.031765] (-) TimerEvent: {}
[176.132074] (-) TimerEvent: {}
[176.232401] (-) TimerEvent: {}
[176.332680] (-) TimerEvent: {}
[176.432968] (-) TimerEvent: {}
[176.533271] (-) TimerEvent: {}
[176.633555] (-) TimerEvent: {}
[176.733841] (-) TimerEvent: {}
[176.834131] (-) TimerEvent: {}
[176.934507] (-) TimerEvent: {}
[177.034832] (-) TimerEvent: {}
[177.135213] (-) TimerEvent: {}
[177.235515] (-) TimerEvent: {}
[177.335824] (-) TimerEvent: {}
[177.436147] (-) TimerEvent: {}
[177.536395] (-) TimerEvent: {}
[177.636578] (-) TimerEvent: {}
[177.736837] (-) TimerEvent: {}
[177.837176] (-) TimerEvent: {}
[177.937535] (-) TimerEvent: {}
[178.037897] (-) TimerEvent: {}
[178.138174] (-) TimerEvent: {}
[178.238477] (-) TimerEvent: {}
[178.338727] (-) TimerEvent: {}
[178.438983] (-) TimerEvent: {}
[178.539217] (-) TimerEvent: {}
[178.639410] (-) TimerEvent: {}
[178.739644] (-) TimerEvent: {}
[178.839949] (-) TimerEvent: {}
[178.940193] (-) TimerEvent: {}
[179.040392] (-) TimerEvent: {}
[179.140591] (-) TimerEvent: {}
[179.240940] (-) TimerEvent: {}
[179.341282] (-) TimerEvent: {}
[179.441558] (-) TimerEvent: {}
[179.541837] (-) TimerEvent: {}
[179.642150] (-) TimerEvent: {}
[179.742458] (-) TimerEvent: {}
[179.842732] (-) TimerEvent: {}
[179.943003] (-) TimerEvent: {}
[180.043332] (-) TimerEvent: {}
[180.143636] (-) TimerEvent: {}
[180.243891] (-) TimerEvent: {}
[180.344107] (-) TimerEvent: {}
[180.444348] (-) TimerEvent: {}
[180.544612] (-) TimerEvent: {}
[180.644921] (-) TimerEvent: {}
[180.745206] (-) TimerEvent: {}
[180.845479] (-) TimerEvent: {}
[180.945713] (-) TimerEvent: {}
[181.046048] (-) TimerEvent: {}
[181.146384] (-) TimerEvent: {}
[181.246693] (-) TimerEvent: {}
[181.346936] (-) TimerEvent: {}
[181.447205] (-) TimerEvent: {}
[181.547454] (-) TimerEvent: {}
[181.647638] (-) TimerEvent: {}
[181.747801] (-) TimerEvent: {}
[181.847981] (-) TimerEvent: {}
[181.948202] (-) TimerEvent: {}
[182.048538] (-) TimerEvent: {}
[182.148710] (-) TimerEvent: {}
[182.248848] (-) TimerEvent: {}
[182.349003] (-) TimerEvent: {}
[182.449320] (-) TimerEvent: {}
[182.549540] (-) TimerEvent: {}
[182.649711] (-) TimerEvent: {}
[182.749956] (-) TimerEvent: {}
[182.850208] (-) TimerEvent: {}
[182.950527] (-) TimerEvent: {}
[183.050785] (-) TimerEvent: {}
[183.151044] (-) TimerEvent: {}
[183.251259] (-) TimerEvent: {}
[183.351444] (-) TimerEvent: {}
[183.451631] (-) TimerEvent: {}
[183.551837] (-) TimerEvent: {}
[183.652097] (-) TimerEvent: {}
[183.752373] (-) TimerEvent: {}
[183.852622] (-) TimerEvent: {}
[183.952978] (-) TimerEvent: {}
[184.053254] (-) TimerEvent: {}
[184.153518] (-) TimerEvent: {}
[184.253841] (-) TimerEvent: {}
[184.354214] (-) TimerEvent: {}
[184.454506] (-) TimerEvent: {}
[184.554868] (-) TimerEvent: {}
[184.655197] (-) TimerEvent: {}
[184.755599] (-) TimerEvent: {}
[184.855934] (-) TimerEvent: {}
[184.956320] (-) TimerEvent: {}
[185.056666] (-) TimerEvent: {}
[185.156970] (-) TimerEvent: {}
[185.257288] (-) TimerEvent: {}
[185.357774] (-) TimerEvent: {}
[185.458098] (-) TimerEvent: {}
[185.558426] (-) TimerEvent: {}
[185.658816] (-) TimerEvent: {}
[185.759132] (-) TimerEvent: {}
[185.859447] (-) TimerEvent: {}
[185.959773] (-) TimerEvent: {}
[186.060038] (-) TimerEvent: {}
[186.160291] (-) TimerEvent: {}
[186.260556] (-) TimerEvent: {}
[186.360771] (-) TimerEvent: {}
[186.461043] (-) TimerEvent: {}
[186.561333] (-) TimerEvent: {}
[186.661628] (-) TimerEvent: {}
[186.761913] (-) TimerEvent: {}
[186.862174] (-) TimerEvent: {}
[186.962461] (-) TimerEvent: {}
[187.062725] (-) TimerEvent: {}
[187.163000] (-) TimerEvent: {}
[187.263325] (-) TimerEvent: {}
[187.363553] (-) TimerEvent: {}
[187.463781] (-) TimerEvent: {}
[187.564020] (-) TimerEvent: {}
[187.664293] (-) TimerEvent: {}
[187.764493] (-) TimerEvent: {}
[187.864688] (-) TimerEvent: {}
[187.964904] (-) TimerEvent: {}
[188.065088] (-) TimerEvent: {}
[188.165363] (-) TimerEvent: {}
[188.265626] (-) TimerEvent: {}
[188.365891] (-) TimerEvent: {}
[188.466150] (-) TimerEvent: {}
[188.566439] (-) TimerEvent: {}
[188.666670] (-) TimerEvent: {}
[188.766877] (-) TimerEvent: {}
[188.867170] (-) TimerEvent: {}
[188.967460] (-) TimerEvent: {}
[189.067786] (-) TimerEvent: {}
[189.168009] (-) TimerEvent: {}
[189.268235] (-) TimerEvent: {}
[189.368517] (-) TimerEvent: {}
[189.468787] (-) TimerEvent: {}
[189.569054] (-) TimerEvent: {}
[189.669315] (-) TimerEvent: {}
[189.769560] (-) TimerEvent: {}
[189.869789] (-) TimerEvent: {}
[189.970026] (-) TimerEvent: {}
[190.070333] (-) TimerEvent: {}
[190.170553] (-) TimerEvent: {}
[190.270866] (-) TimerEvent: {}
[190.371150] (-) TimerEvent: {}
[190.471434] (-) TimerEvent: {}
[190.571692] (-) TimerEvent: {}
[190.671940] (-) TimerEvent: {}
[190.772203] (-) TimerEvent: {}
[190.872451] (-) TimerEvent: {}
[190.972693] (-) TimerEvent: {}
[191.072940] (-) TimerEvent: {}
[191.173205] (-) TimerEvent: {}
[191.273438] (-) TimerEvent: {}
[191.373654] (-) TimerEvent: {}
[191.473897] (-) TimerEvent: {}
[191.574120] (-) TimerEvent: {}
[191.674471] (-) TimerEvent: {}
[191.774731] (-) TimerEvent: {}
[191.874884] (-) TimerEvent: {}
[191.975064] (-) TimerEvent: {}
[192.075342] (-) TimerEvent: {}
[192.175499] (-) TimerEvent: {}
[192.275732] (-) TimerEvent: {}
[192.375970] (-) TimerEvent: {}
[192.476198] (-) TimerEvent: {}
[192.576364] (-) TimerEvent: {}
[192.676510] (-) TimerEvent: {}
[192.776753] (-) TimerEvent: {}
[192.876923] (-) TimerEvent: {}
[192.977089] (-) TimerEvent: {}
[193.077271] (-) TimerEvent: {}
[193.177418] (-) TimerEvent: {}
[193.277583] (-) TimerEvent: {}
[193.377774] (-) TimerEvent: {}
[193.477989] (-) TimerEvent: {}
[193.578188] (-) TimerEvent: {}
[193.678397] (-) TimerEvent: {}
[193.778619] (-) TimerEvent: {}
[193.878887] (-) TimerEvent: {}
[193.979167] (-) TimerEvent: {}
[194.079440] (-) TimerEvent: {}
[194.179654] (-) TimerEvent: {}
[194.279914] (-) TimerEvent: {}
[194.380172] (-) TimerEvent: {}
[194.480385] (-) TimerEvent: {}
[194.580705] (-) TimerEvent: {}
[194.680993] (-) TimerEvent: {}
[194.781203] (-) TimerEvent: {}
[194.881438] (-) TimerEvent: {}
[194.981671] (-) TimerEvent: {}
[195.081904] (-) TimerEvent: {}
[195.182179] (-) TimerEvent: {}
[195.282448] (-) TimerEvent: {}
[195.382661] (-) TimerEvent: {}
[195.482907] (-) TimerEvent: {}
[195.583207] (-) TimerEvent: {}
[195.683532] (-) TimerEvent: {}
[195.783927] (-) TimerEvent: {}
[195.884479] (-) TimerEvent: {}
[195.984880] (-) TimerEvent: {}
[196.085220] (-) TimerEvent: {}
[196.185524] (-) TimerEvent: {}
[196.285812] (-) TimerEvent: {}
[196.386093] (-) TimerEvent: {}
[196.486368] (-) TimerEvent: {}
[196.586639] (-) TimerEvent: {}
[196.686929] (-) TimerEvent: {}
[196.787280] (-) TimerEvent: {}
[196.887533] (-) TimerEvent: {}
[196.987780] (-) TimerEvent: {}
[197.088074] (-) TimerEvent: {}
[197.188334] (-) TimerEvent: {}
[197.288739] (-) TimerEvent: {}
[197.389051] (-) TimerEvent: {}
[197.489469] (-) TimerEvent: {}
[197.589789] (-) TimerEvent: {}
[197.690094] (-) TimerEvent: {}
[197.790369] (-) TimerEvent: {}
[197.890694] (-) TimerEvent: {}
[197.990957] (-) TimerEvent: {}
[198.091215] (-) TimerEvent: {}
[198.191418] (-) TimerEvent: {}
[198.291612] (-) TimerEvent: {}
[198.391800] (-) TimerEvent: {}
[198.492030] (-) TimerEvent: {}
[198.592218] (-) TimerEvent: {}
[198.692389] (-) TimerEvent: {}
[198.792553] (-) TimerEvent: {}
[198.892782] (-) TimerEvent: {}
[198.993057] (-) TimerEvent: {}
[199.093294] (-) TimerEvent: {}
[199.193526] (-) TimerEvent: {}
[199.293800] (-) TimerEvent: {}
[199.394050] (-) TimerEvent: {}
[199.494336] (-) TimerEvent: {}
[199.594568] (-) TimerEvent: {}
[199.694829] (-) TimerEvent: {}
[199.795164] (-) TimerEvent: {}
[199.895497] (-) TimerEvent: {}
[199.995756] (-) TimerEvent: {}
[200.096058] (-) TimerEvent: {}
[200.196392] (-) TimerEvent: {}
[200.296751] (-) TimerEvent: {}
[200.397048] (-) TimerEvent: {}
[200.497337] (-) TimerEvent: {}
[200.597669] (-) TimerEvent: {}
[200.698066] (-) TimerEvent: {}
[200.798450] (-) TimerEvent: {}
[200.898938] (-) TimerEvent: {}
[200.999341] (-) TimerEvent: {}
[201.099697] (-) TimerEvent: {}
[201.200039] (-) TimerEvent: {}
[201.300312] (-) TimerEvent: {}
[201.400566] (-) TimerEvent: {}
[201.500801] (-) TimerEvent: {}
[201.601022] (-) TimerEvent: {}
[201.701385] (-) TimerEvent: {}
[201.801692] (-) TimerEvent: {}
[201.901964] (-) TimerEvent: {}
[202.002509] (-) TimerEvent: {}
[202.102872] (-) TimerEvent: {}
[202.203211] (-) TimerEvent: {}
[202.303539] (-) TimerEvent: {}
[202.403848] (-) TimerEvent: {}
[202.504189] (-) TimerEvent: {}
[202.604480] (-) TimerEvent: {}
[202.704756] (-) TimerEvent: {}
[202.805107] (-) TimerEvent: {}
[202.905463] (-) TimerEvent: {}
[203.005753] (-) TimerEvent: {}
[203.106107] (-) TimerEvent: {}
[203.206390] (-) TimerEvent: {}
[203.306654] (-) TimerEvent: {}
[203.406877] (-) TimerEvent: {}
[203.507173] (-) TimerEvent: {}
[203.607476] (-) TimerEvent: {}
[203.707731] (-) TimerEvent: {}
[203.807989] (-) TimerEvent: {}
[203.908251] (-) TimerEvent: {}
[204.008484] (-) TimerEvent: {}
[204.108739] (-) TimerEvent: {}
[204.209682] (-) TimerEvent: {}
[204.310085] (-) TimerEvent: {}
[204.410478] (-) TimerEvent: {}
[204.510899] (-) TimerEvent: {}
[204.611358] (-) TimerEvent: {}
[204.711717] (-) TimerEvent: {}
[204.812014] (-) TimerEvent: {}
[204.912390] (-) TimerEvent: {}
[205.012819] (-) TimerEvent: {}
[205.113202] (-) TimerEvent: {}
[205.213621] (-) TimerEvent: {}
[205.313830] (-) TimerEvent: {}
[205.414061] (-) TimerEvent: {}
[205.514338] (-) TimerEvent: {}
[205.614627] (-) TimerEvent: {}
[205.714997] (-) TimerEvent: {}
[205.815315] (-) TimerEvent: {}
[205.915650] (-) TimerEvent: {}
[206.015942] (-) TimerEvent: {}
[206.116175] (-) TimerEvent: {}
[206.216497] (-) TimerEvent: {}
[206.316872] (-) TimerEvent: {}
[206.417162] (-) TimerEvent: {}
[206.517405] (-) TimerEvent: {}
[206.617758] (-) TimerEvent: {}
[206.718140] (-) TimerEvent: {}
[206.818486] (-) TimerEvent: {}
[206.918766] (-) TimerEvent: {}
[207.019163] (-) TimerEvent: {}
[207.119441] (-) TimerEvent: {}
[207.219726] (-) TimerEvent: {}
[207.319917] (-) TimerEvent: {}
[207.420165] (-) TimerEvent: {}
[207.520359] (-) TimerEvent: {}
[207.620536] (-) TimerEvent: {}
[207.720823] (-) TimerEvent: {}
[207.821101] (-) TimerEvent: {}
[207.921316] (-) TimerEvent: {}
[208.021500] (-) TimerEvent: {}
[208.121703] (-) TimerEvent: {}
[208.221980] (-) TimerEvent: {}
[208.322271] (-) TimerEvent: {}
[208.422490] (-) TimerEvent: {}
[208.522722] (-) TimerEvent: {}
[208.622929] (-) TimerEvent: {}
[208.723209] (-) TimerEvent: {}
[208.823442] (-) TimerEvent: {}
[208.923686] (-) TimerEvent: {}
[209.023948] (-) TimerEvent: {}
[209.124275] (-) TimerEvent: {}
[209.224511] (-) TimerEvent: {}
[209.324749] (-) TimerEvent: {}
[209.425025] (-) TimerEvent: {}
[209.525359] (-) TimerEvent: {}
[209.625746] (-) TimerEvent: {}
[209.726023] (-) TimerEvent: {}
[209.826303] (-) TimerEvent: {}
[209.926576] (-) TimerEvent: {}
[210.026850] (-) TimerEvent: {}
[210.127130] (-) TimerEvent: {}
[210.227410] (-) TimerEvent: {}
[210.327630] (-) TimerEvent: {}
[210.427843] (-) TimerEvent: {}
[210.528091] (-) TimerEvent: {}
[210.628342] (-) TimerEvent: {}
[210.728613] (-) TimerEvent: {}
[210.828882] (-) TimerEvent: {}
[210.929132] (-) TimerEvent: {}
[211.029342] (-) TimerEvent: {}
[211.129496] (-) TimerEvent: {}
[211.229685] (-) TimerEvent: {}
[211.329863] (-) TimerEvent: {}
[211.430034] (-) TimerEvent: {}
[211.530178] (-) TimerEvent: {}
[211.630362] (-) TimerEvent: {}
[211.730562] (-) TimerEvent: {}
[211.830848] (-) TimerEvent: {}
[211.931130] (-) TimerEvent: {}
[212.031374] (-) TimerEvent: {}
[212.131699] (-) TimerEvent: {}
[212.232053] (-) TimerEvent: {}
[212.332359] (-) TimerEvent: {}
[212.432639] (-) TimerEvent: {}
[212.532886] (-) TimerEvent: {}
[212.633130] (-) TimerEvent: {}
[212.733426] (-) TimerEvent: {}
[212.833707] (-) TimerEvent: {}
[212.933937] (-) TimerEvent: {}
[213.034123] (-) TimerEvent: {}
[213.134322] (-) TimerEvent: {}
[213.234480] (-) TimerEvent: {}
[213.334670] (-) TimerEvent: {}
[213.434842] (-) TimerEvent: {}
[213.535021] (-) TimerEvent: {}
[213.635230] (-) TimerEvent: {}
[213.735475] (-) TimerEvent: {}
[213.835754] (-) TimerEvent: {}
[213.935953] (-) TimerEvent: {}
[214.036203] (-) TimerEvent: {}
[214.136396] (-) TimerEvent: {}
[214.236640] (-) TimerEvent: {}
[214.336879] (-) TimerEvent: {}
[214.437145] (-) TimerEvent: {}
[214.537307] (-) TimerEvent: {}
[214.637482] (-) TimerEvent: {}
[214.737702] (-) TimerEvent: {}
[214.837941] (-) TimerEvent: {}
[214.938205] (-) TimerEvent: {}
[215.038483] (-) TimerEvent: {}
[215.138894] (-) TimerEvent: {}
[215.239255] (-) TimerEvent: {}
[215.339650] (-) TimerEvent: {}
[215.440093] (-) TimerEvent: {}
[215.540502] (-) TimerEvent: {}
[215.640783] (-) TimerEvent: {}
[215.741063] (-) TimerEvent: {}
[215.841391] (-) TimerEvent: {}
[215.941664] (-) TimerEvent: {}
[216.042098] (-) TimerEvent: {}
[216.142476] (-) TimerEvent: {}
[216.242785] (-) TimerEvent: {}
[216.343090] (-) TimerEvent: {}
[216.443448] (-) TimerEvent: {}
[216.543747] (-) TimerEvent: {}
[216.644017] (-) TimerEvent: {}
[216.744332] (-) TimerEvent: {}
[216.844575] (-) TimerEvent: {}
[216.944863] (-) TimerEvent: {}
[217.045196] (-) TimerEvent: {}
[217.145592] (-) TimerEvent: {}
[217.245899] (-) TimerEvent: {}
[217.346291] (-) TimerEvent: {}
[217.446673] (-) TimerEvent: {}
[217.547050] (-) TimerEvent: {}
[217.647326] (-) TimerEvent: {}
[217.747644] (-) TimerEvent: {}
[217.847978] (-) TimerEvent: {}
[217.948297] (-) TimerEvent: {}
[218.048652] (-) TimerEvent: {}
[218.149018] (-) TimerEvent: {}
[218.249371] (-) TimerEvent: {}
[218.349655] (-) TimerEvent: {}
[218.449956] (-) TimerEvent: {}
[218.550355] (-) TimerEvent: {}
[218.650689] (-) TimerEvent: {}
[218.751051] (-) TimerEvent: {}
[218.851395] (-) TimerEvent: {}
[218.951642] (-) TimerEvent: {}
[219.051967] (-) TimerEvent: {}
[219.152310] (-) TimerEvent: {}
[219.252550] (-) TimerEvent: {}
[219.352843] (-) TimerEvent: {}
[219.453152] (-) TimerEvent: {}
[219.553526] (-) TimerEvent: {}
[219.653862] (-) TimerEvent: {}
[219.754206] (-) TimerEvent: {}
[219.854576] (-) TimerEvent: {}
[219.954915] (-) TimerEvent: {}
[220.055328] (-) TimerEvent: {}
[220.155670] (-) TimerEvent: {}
[220.256078] (-) TimerEvent: {}
[220.356444] (-) TimerEvent: {}
[220.456728] (-) TimerEvent: {}
[220.557020] (-) TimerEvent: {}
[220.657338] (-) TimerEvent: {}
[220.757709] (-) TimerEvent: {}
[220.858087] (-) TimerEvent: {}
[220.958491] (-) TimerEvent: {}
[221.058769] (-) TimerEvent: {}
[221.159006] (-) TimerEvent: {}
[221.259345] (-) TimerEvent: {}
[221.359728] (-) TimerEvent: {}
[221.460139] (-) TimerEvent: {}
[221.560496] (-) TimerEvent: {}
[221.660719] (-) TimerEvent: {}
[221.760933] (-) TimerEvent: {}
[221.861218] (-) TimerEvent: {}
[221.961540] (-) TimerEvent: {}
[222.061851] (-) TimerEvent: {}
[222.162157] (-) TimerEvent: {}
[222.262585] (-) TimerEvent: {}
[222.362941] (-) TimerEvent: {}
[222.463219] (-) TimerEvent: {}
[222.563475] (-) TimerEvent: {}
[222.663871] (-) TimerEvent: {}
[222.764192] (-) TimerEvent: {}
[222.864683] (-) TimerEvent: {}
[222.965054] (-) TimerEvent: {}
[223.065342] (-) TimerEvent: {}
[223.165593] (-) TimerEvent: {}
[223.265875] (-) TimerEvent: {}
[223.366104] (-) TimerEvent: {}
[223.466349] (-) TimerEvent: {}
[223.566668] (-) TimerEvent: {}
[223.667013] (-) TimerEvent: {}
[223.767287] (-) TimerEvent: {}
[223.867462] (-) TimerEvent: {}
[223.967637] (-) TimerEvent: {}
[224.067853] (-) TimerEvent: {}
[224.168085] (-) TimerEvent: {}
[224.268376] (-) TimerEvent: {}
[224.368685] (-) TimerEvent: {}
[224.468924] (-) TimerEvent: {}
[224.569271] (-) TimerEvent: {}
[224.669522] (-) TimerEvent: {}
[224.769795] (-) TimerEvent: {}
[224.870093] (-) TimerEvent: {}
[224.970370] (-) TimerEvent: {}
[225.070674] (-) TimerEvent: {}
[225.171028] (-) TimerEvent: {}
[225.271393] (-) TimerEvent: {}
[225.371775] (-) TimerEvent: {}
[225.472074] (-) TimerEvent: {}
[225.572294] (-) TimerEvent: {}
[225.672500] (-) TimerEvent: {}
[225.772798] (-) TimerEvent: {}
[225.873169] (-) TimerEvent: {}
[225.973476] (-) TimerEvent: {}
[226.073802] (-) TimerEvent: {}
[226.174146] (-) TimerEvent: {}
[226.274477] (-) TimerEvent: {}
[226.374738] (-) TimerEvent: {}
[226.475053] (-) TimerEvent: {}
[226.575342] (-) TimerEvent: {}
[226.675582] (-) TimerEvent: {}
[226.775841] (-) TimerEvent: {}
[226.876120] (-) TimerEvent: {}
[226.976422] (-) TimerEvent: {}
[227.076702] (-) TimerEvent: {}
[227.176933] (-) TimerEvent: {}
[227.277221] (-) TimerEvent: {}
[227.377470] (-) TimerEvent: {}
[227.477780] (-) TimerEvent: {}
[227.578075] (-) TimerEvent: {}
[227.678411] (-) TimerEvent: {}
[227.778737] (-) TimerEvent: {}
[227.879070] (-) TimerEvent: {}
[227.979376] (-) TimerEvent: {}
[228.079728] (-) TimerEvent: {}
[228.180071] (-) TimerEvent: {}
[228.280400] (-) TimerEvent: {}
[228.380715] (-) TimerEvent: {}
[228.481048] (-) TimerEvent: {}
[228.581311] (-) TimerEvent: {}
[228.681524] (-) TimerEvent: {}
[228.781864] (-) TimerEvent: {}
[228.882219] (-) TimerEvent: {}
[228.982569] (-) TimerEvent: {}
[229.083006] (-) TimerEvent: {}
[229.183392] (-) TimerEvent: {}
[229.283748] (-) TimerEvent: {}
[229.384212] (-) TimerEvent: {}
[229.484773] (-) TimerEvent: {}
[229.585133] (-) TimerEvent: {}
[229.685484] (-) TimerEvent: {}
[229.785757] (-) TimerEvent: {}
[229.885979] (-) TimerEvent: {}
[229.986273] (-) TimerEvent: {}
[230.086602] (-) TimerEvent: {}
[230.186917] (-) TimerEvent: {}
[230.287269] (-) TimerEvent: {}
[230.387599] (-) TimerEvent: {}
[230.487922] (-) TimerEvent: {}
[230.588281] (-) TimerEvent: {}
[230.688552] (-) TimerEvent: {}
[230.788840] (-) TimerEvent: {}
[230.889144] (-) TimerEvent: {}
[230.989367] (-) TimerEvent: {}
[231.089625] (-) TimerEvent: {}
[231.189822] (-) TimerEvent: {}
[231.290155] (-) TimerEvent: {}
[231.390502] (-) TimerEvent: {}
[231.490837] (-) TimerEvent: {}
[231.591303] (-) TimerEvent: {}
[231.691593] (-) TimerEvent: {}
[231.792006] (-) TimerEvent: {}
[231.892383] (-) TimerEvent: {}
[231.992630] (-) TimerEvent: {}
[232.092845] (-) TimerEvent: {}
[232.193035] (-) TimerEvent: {}
[232.293297] (-) TimerEvent: {}
[232.393592] (-) TimerEvent: {}
[232.493878] (-) TimerEvent: {}
[232.594085] (-) TimerEvent: {}
[232.694393] (-) TimerEvent: {}
[232.794619] (-) TimerEvent: {}
[232.894980] (-) TimerEvent: {}
[232.995320] (-) TimerEvent: {}
[233.095585] (-) TimerEvent: {}
[233.195883] (-) TimerEvent: {}
[233.296202] (-) TimerEvent: {}
[233.396546] (-) TimerEvent: {}
[233.496829] (-) TimerEvent: {}
[233.597049] (-) TimerEvent: {}
[233.697305] (-) TimerEvent: {}
[233.797563] (-) TimerEvent: {}
[233.897881] (-) TimerEvent: {}
[233.998283] (-) TimerEvent: {}
[234.098580] (-) TimerEvent: {}
[234.198865] (-) TimerEvent: {}
[234.299178] (-) TimerEvent: {}
[234.399477] (-) TimerEvent: {}
[234.499766] (-) TimerEvent: {}
[234.600065] (-) TimerEvent: {}
[234.700337] (-) TimerEvent: {}
[234.800515] (-) TimerEvent: {}
[234.900775] (-) TimerEvent: {}
[235.001032] (-) TimerEvent: {}
[235.101292] (-) TimerEvent: {}
[235.201574] (-) TimerEvent: {}
[235.301844] (-) TimerEvent: {}
[235.402142] (-) TimerEvent: {}
[235.502452] (-) TimerEvent: {}
[235.602773] (-) TimerEvent: {}
[235.703005] (-) TimerEvent: {}
[235.803287] (-) TimerEvent: {}
[235.903522] (-) TimerEvent: {}
[236.003795] (-) TimerEvent: {}
[236.104108] (-) TimerEvent: {}
[236.204373] (-) TimerEvent: {}
[236.304612] (-) TimerEvent: {}
[236.404850] (-) TimerEvent: {}
[236.505074] (-) TimerEvent: {}
[236.605305] (-) TimerEvent: {}
[236.705505] (-) TimerEvent: {}
[236.805794] (-) TimerEvent: {}
[236.906086] (-) TimerEvent: {}
[237.006383] (-) TimerEvent: {}
[237.106681] (-) TimerEvent: {}
[237.206978] (-) TimerEvent: {}
[237.307331] (-) TimerEvent: {}
[237.407667] (-) TimerEvent: {}
[237.507888] (-) TimerEvent: {}
[237.608209] (-) TimerEvent: {}
[237.708541] (-) TimerEvent: {}
[237.808863] (-) TimerEvent: {}
[237.909218] (-) TimerEvent: {}
[238.009565] (-) TimerEvent: {}
[238.109955] (-) TimerEvent: {}
[238.210274] (-) TimerEvent: {}
[238.310450] (-) TimerEvent: {}
[238.410668] (-) TimerEvent: {}
[238.510919] (-) TimerEvent: {}
[238.611280] (-) TimerEvent: {}
[238.711535] (-) TimerEvent: {}
[238.811799] (-) TimerEvent: {}
[238.912099] (-) TimerEvent: {}
[239.012442] (-) TimerEvent: {}
[239.112761] (-) TimerEvent: {}
[239.213072] (-) TimerEvent: {}
[239.313942] (-) TimerEvent: {}
[239.414382] (-) TimerEvent: {}
[239.514620] (-) TimerEvent: {}
[239.614774] (-) TimerEvent: {}
[239.714970] (-) TimerEvent: {}
[239.815261] (-) TimerEvent: {}
[239.915537] (-) TimerEvent: {}
[240.015799] (-) TimerEvent: {}
[240.116055] (-) TimerEvent: {}
[240.216335] (-) TimerEvent: {}
[240.316573] (-) TimerEvent: {}
[240.416854] (-) TimerEvent: {}
[240.517312] (-) TimerEvent: {}
[240.617640] (-) TimerEvent: {}
[240.718012] (-) TimerEvent: {}
[240.818342] (-) TimerEvent: {}
[240.918700] (-) TimerEvent: {}
[241.019111] (-) TimerEvent: {}
[241.119441] (-) TimerEvent: {}
[241.219702] (-) TimerEvent: {}
[241.320053] (-) TimerEvent: {}
[241.420287] (-) TimerEvent: {}
[241.520598] (-) TimerEvent: {}
[241.620833] (-) TimerEvent: {}
[241.721035] (-) TimerEvent: {}
[241.821320] (-) TimerEvent: {}
[241.921573] (-) TimerEvent: {}
[242.021892] (-) TimerEvent: {}
[242.122155] (-) TimerEvent: {}
[242.222361] (-) TimerEvent: {}
[242.322630] (-) TimerEvent: {}
[242.422979] (-) TimerEvent: {}
[242.523314] (-) TimerEvent: {}
[242.623554] (-) TimerEvent: {}
[242.723785] (-) TimerEvent: {}
[242.824071] (-) TimerEvent: {}
[242.924309] (-) TimerEvent: {}
[243.024499] (-) TimerEvent: {}
[243.124675] (-) TimerEvent: {}
[243.224907] (-) TimerEvent: {}
[243.325187] (-) TimerEvent: {}
[243.425486] (-) TimerEvent: {}
[243.525749] (-) TimerEvent: {}
[243.626059] (-) TimerEvent: {}
[243.726366] (-) TimerEvent: {}
[243.826737] (-) TimerEvent: {}
[243.926993] (-) TimerEvent: {}
[244.027223] (-) TimerEvent: {}
[244.127488] (-) TimerEvent: {}
[244.227781] (-) TimerEvent: {}
[244.328110] (-) TimerEvent: {}
[244.428410] (-) TimerEvent: {}
[244.528702] (-) TimerEvent: {}
[244.628976] (-) TimerEvent: {}
[244.729345] (-) TimerEvent: {}
[244.829644] (-) TimerEvent: {}
[244.929951] (-) TimerEvent: {}
[245.030369] (-) TimerEvent: {}
[245.130620] (-) TimerEvent: {}
[245.230927] (-) TimerEvent: {}
[245.331213] (-) TimerEvent: {}
[245.431569] (-) TimerEvent: {}
[245.531819] (-) TimerEvent: {}
[245.632023] (-) TimerEvent: {}
[245.732223] (-) TimerEvent: {}
[245.832471] (-) TimerEvent: {}
[245.932737] (-) TimerEvent: {}
[246.032986] (-) TimerEvent: {}
[246.133300] (-) TimerEvent: {}
[246.233634] (-) TimerEvent: {}
[246.334007] (-) TimerEvent: {}
[246.434314] (-) TimerEvent: {}
[246.534604] (-) TimerEvent: {}
[246.634827] (-) TimerEvent: {}
[246.735116] (-) TimerEvent: {}
[246.835376] (-) TimerEvent: {}
[246.935709] (-) TimerEvent: {}
[247.035920] (-) TimerEvent: {}
[247.136160] (-) TimerEvent: {}
[247.236422] (-) TimerEvent: {}
[247.336672] (-) TimerEvent: {}
[247.436916] (-) TimerEvent: {}
[247.537180] (-) TimerEvent: {}
[247.637424] (-) TimerEvent: {}
[247.737654] (-) TimerEvent: {}
[247.837880] (-) TimerEvent: {}
[247.938153] (-) TimerEvent: {}
[248.038406] (-) TimerEvent: {}
[248.138724] (-) TimerEvent: {}
[248.238941] (-) TimerEvent: {}
[248.339179] (-) TimerEvent: {}
[248.439394] (-) TimerEvent: {}
[248.539611] (-) TimerEvent: {}
[248.639856] (-) TimerEvent: {}
[248.740110] (-) TimerEvent: {}
[248.840333] (-) TimerEvent: {}
[248.940543] (-) TimerEvent: {}
[249.040790] (-) TimerEvent: {}
[249.141035] (-) TimerEvent: {}
[249.241313] (-) TimerEvent: {}
[249.341531] (-) TimerEvent: {}
[249.441748] (-) TimerEvent: {}
[249.541961] (-) TimerEvent: {}
[249.642210] (-) TimerEvent: {}
[249.742447] (-) TimerEvent: {}
[249.842684] (-) TimerEvent: {}
[249.942923] (-) TimerEvent: {}
[250.043195] (-) TimerEvent: {}
[250.143450] (-) TimerEvent: {}
[250.243710] (-) TimerEvent: {}
[250.343958] (-) TimerEvent: {}
[250.444178] (-) TimerEvent: {}
[250.544408] (-) TimerEvent: {}
[250.644638] (-) TimerEvent: {}
[250.744867] (-) TimerEvent: {}
[250.845103] (-) TimerEvent: {}
[250.945339] (-) TimerEvent: {}
[251.045559] (-) TimerEvent: {}
[251.145794] (-) TimerEvent: {}
[251.246045] (-) TimerEvent: {}
[251.346356] (-) TimerEvent: {}
[251.446597] (-) TimerEvent: {}
[251.546818] (-) TimerEvent: {}
[251.647048] (-) TimerEvent: {}
[251.747369] (-) TimerEvent: {}
[251.847576] (-) TimerEvent: {}
[251.947824] (-) TimerEvent: {}
[252.048089] (-) TimerEvent: {}
[252.148405] (-) TimerEvent: {}
[252.248661] (-) TimerEvent: {}
[252.348933] (-) TimerEvent: {}
[252.449176] (-) TimerEvent: {}
[252.549413] (-) TimerEvent: {}
[252.649640] (-) TimerEvent: {}
[252.749822] (-) TimerEvent: {}
[252.850058] (-) TimerEvent: {}
[252.950363] (-) TimerEvent: {}
[253.050593] (-) TimerEvent: {}
[253.150823] (-) TimerEvent: {}
[253.251080] (-) TimerEvent: {}
[253.351414] (-) TimerEvent: {}
[253.451753] (-) TimerEvent: {}
[253.552080] (-) TimerEvent: {}
[253.652382] (-) TimerEvent: {}
[253.752602] (-) TimerEvent: {}
[253.852818] (-) TimerEvent: {}
[253.953082] (-) TimerEvent: {}
[254.053398] (-) TimerEvent: {}
[254.153708] (-) TimerEvent: {}
[254.253974] (-) TimerEvent: {}
[254.354309] (-) TimerEvent: {}
[254.454527] (-) TimerEvent: {}
[254.554801] (-) TimerEvent: {}
[254.655035] (-) TimerEvent: {}
[254.755347] (-) TimerEvent: {}
[254.855630] (-) TimerEvent: {}
[254.955900] (-) TimerEvent: {}
[255.056264] (-) TimerEvent: {}
[255.156545] (-) TimerEvent: {}
[255.256898] (-) TimerEvent: {}
[255.357166] (-) TimerEvent: {}
[255.457469] (-) TimerEvent: {}
[255.557765] (-) TimerEvent: {}
[255.658056] (-) TimerEvent: {}
[255.758362] (-) TimerEvent: {}
[255.858703] (-) TimerEvent: {}
[255.959042] (-) TimerEvent: {}
[256.059362] (-) TimerEvent: {}
[256.159644] (-) TimerEvent: {}
[256.259927] (-) TimerEvent: {}
[256.360217] (-) TimerEvent: {}
[256.460481] (-) TimerEvent: {}
[256.560721] (-) TimerEvent: {}
[256.661001] (-) TimerEvent: {}
[256.761343] (-) TimerEvent: {}
[256.861635] (-) TimerEvent: {}
[256.961906] (-) TimerEvent: {}
[257.062181] (-) TimerEvent: {}
[257.162465] (-) TimerEvent: {}
[257.262800] (-) TimerEvent: {}
[257.363162] (-) TimerEvent: {}
[257.463456] (-) TimerEvent: {}
[257.563708] (-) TimerEvent: {}
[257.663988] (-) TimerEvent: {}
[257.764291] (-) TimerEvent: {}
[257.864588] (-) TimerEvent: {}
[257.964864] (-) TimerEvent: {}
[258.065129] (-) TimerEvent: {}
[258.165429] (-) TimerEvent: {}
[258.265760] (-) TimerEvent: {}
[258.366027] (-) TimerEvent: {}
[258.466359] (-) TimerEvent: {}
[258.566689] (-) TimerEvent: {}
[258.667057] (-) TimerEvent: {}
[258.767380] (-) TimerEvent: {}
[258.867671] (-) TimerEvent: {}
[258.968041] (-) TimerEvent: {}
[259.068424] (-) TimerEvent: {}
[259.168697] (-) TimerEvent: {}
[259.268995] (-) TimerEvent: {}
[259.369300] (-) TimerEvent: {}
[259.469590] (-) TimerEvent: {}
[259.569879] (-) TimerEvent: {}
[259.670147] (-) TimerEvent: {}
[259.770480] (-) TimerEvent: {}
[259.870780] (-) TimerEvent: {}
[259.971083] (-) TimerEvent: {}
[260.071390] (-) TimerEvent: {}
[260.171672] (-) TimerEvent: {}
[260.271956] (-) TimerEvent: {}
[260.372187] (-) TimerEvent: {}
[260.472520] (-) TimerEvent: {}
[260.572784] (-) TimerEvent: {}
[260.673061] (-) TimerEvent: {}
[260.773372] (-) TimerEvent: {}
[260.873682] (-) TimerEvent: {}
[260.974005] (-) TimerEvent: {}
[261.074343] (-) TimerEvent: {}
[261.174666] (-) TimerEvent: {}
[261.274980] (-) TimerEvent: {}
[261.375259] (-) TimerEvent: {}
[261.475511] (-) TimerEvent: {}
[261.575810] (-) TimerEvent: {}
[261.676121] (-) TimerEvent: {}
[261.776458] (-) TimerEvent: {}
[261.876722] (-) TimerEvent: {}
[261.977002] (-) TimerEvent: {}
[262.077364] (-) TimerEvent: {}
[262.177651] (-) TimerEvent: {}
[262.277970] (-) TimerEvent: {}
[262.378302] (-) TimerEvent: {}
[262.478557] (-) TimerEvent: {}
[262.578827] (-) TimerEvent: {}
[262.679132] (-) TimerEvent: {}
[262.779449] (-) TimerEvent: {}
[262.879759] (-) TimerEvent: {}
[262.980058] (-) TimerEvent: {}
[263.080354] (-) TimerEvent: {}
[263.180622] (-) TimerEvent: {}
[263.280902] (-) TimerEvent: {}
[263.381277] (-) TimerEvent: {}
[263.481781] (-) TimerEvent: {}
[263.582108] (-) TimerEvent: {}
[263.682453] (-) TimerEvent: {}
[263.782761] (-) TimerEvent: {}
[263.883067] (-) TimerEvent: {}
[263.983396] (-) TimerEvent: {}
[264.083643] (-) TimerEvent: {}
[264.183886] (-) TimerEvent: {}
[264.284200] (-) TimerEvent: {}
[264.384652] (-) TimerEvent: {}
[264.484873] (-) TimerEvent: {}
[264.585119] (-) TimerEvent: {}
[264.685359] (-) TimerEvent: {}
[264.785662] (-) TimerEvent: {}
[264.885945] (-) TimerEvent: {}
[264.986296] (-) TimerEvent: {}
[265.086690] (-) TimerEvent: {}
[265.186970] (-) TimerEvent: {}
[265.287179] (-) TimerEvent: {}
[265.387452] (-) TimerEvent: {}
[265.487764] (-) TimerEvent: {}
[265.588166] (-) TimerEvent: {}
[265.688502] (-) TimerEvent: {}
[265.788794] (-) TimerEvent: {}
[265.889103] (-) TimerEvent: {}
[265.989398] (-) TimerEvent: {}
[266.089712] (-) TimerEvent: {}
[266.190077] (-) TimerEvent: {}
[266.290434] (-) TimerEvent: {}
[266.390848] (-) TimerEvent: {}
[266.491189] (-) TimerEvent: {}
[266.591575] (-) TimerEvent: {}
[266.691916] (-) TimerEvent: {}
[266.792252] (-) TimerEvent: {}
[266.892516] (-) TimerEvent: {}
[266.992835] (-) TimerEvent: {}
[267.093251] (-) TimerEvent: {}
[267.193493] (-) TimerEvent: {}
[267.293687] (-) TimerEvent: {}
[267.393889] (-) TimerEvent: {}
[267.494064] (-) TimerEvent: {}
[267.594524] (-) TimerEvent: {}
[267.694854] (-) TimerEvent: {}
[267.795040] (-) TimerEvent: {}
[267.895185] (-) TimerEvent: {}
[267.995356] (-) TimerEvent: {}
[268.095626] (-) TimerEvent: {}
[268.195861] (-) TimerEvent: {}
[268.296057] (-) TimerEvent: {}
[268.396211] (-) TimerEvent: {}
[268.496461] (-) TimerEvent: {}
[268.596736] (-) TimerEvent: {}
[268.697059] (-) TimerEvent: {}
[268.797348] (-) TimerEvent: {}
[268.897710] (-) TimerEvent: {}
[268.998012] (-) TimerEvent: {}
[269.098356] (-) TimerEvent: {}
[269.198665] (-) TimerEvent: {}
[269.298988] (-) TimerEvent: {}
[269.399366] (-) TimerEvent: {}
[269.499611] (-) TimerEvent: {}
[269.599896] (-) TimerEvent: {}
[269.700324] (-) TimerEvent: {}
[269.800598] (-) TimerEvent: {}
[269.900895] (-) TimerEvent: {}
[270.001124] (-) TimerEvent: {}
[270.101415] (-) TimerEvent: {}
[270.201688] (-) TimerEvent: {}
[270.301991] (-) TimerEvent: {}
[270.402337] (-) TimerEvent: {}
[270.502624] (-) TimerEvent: {}
[270.602876] (-) TimerEvent: {}
[270.703134] (-) TimerEvent: {}
[270.803415] (-) TimerEvent: {}
[270.903647] (-) TimerEvent: {}
[271.003830] (-) TimerEvent: {}
[271.103972] (-) TimerEvent: {}
[271.204120] (-) TimerEvent: {}
[271.304318] (-) TimerEvent: {}
[271.404510] (-) TimerEvent: {}
[271.504782] (-) TimerEvent: {}
[271.604985] (-) TimerEvent: {}
[271.705175] (-) TimerEvent: {}
[271.805358] (-) TimerEvent: {}
[271.905542] (-) TimerEvent: {}
[272.005776] (-) TimerEvent: {}
[272.106044] (-) TimerEvent: {}
[272.206256] (-) TimerEvent: {}
[272.306457] (-) TimerEvent: {}
[272.406683] (-) TimerEvent: {}
[272.506922] (-) TimerEvent: {}
[272.607305] (-) TimerEvent: {}
[272.707503] (-) TimerEvent: {}
[272.807711] (-) TimerEvent: {}
[272.907936] (-) TimerEvent: {}
[273.008107] (-) TimerEvent: {}
[273.108284] (-) TimerEvent: {}
[273.208534] (-) TimerEvent: {}
[273.308781] (-) TimerEvent: {}
[273.409110] (-) TimerEvent: {}
[273.509341] (-) TimerEvent: {}
[273.609573] (-) TimerEvent: {}
[273.709810] (-) TimerEvent: {}
[273.810054] (-) TimerEvent: {}
[273.910270] (-) TimerEvent: {}
[274.010457] (-) TimerEvent: {}
[274.110650] (-) TimerEvent: {}
[274.210832] (-) TimerEvent: {}
[274.311047] (-) TimerEvent: {}
[274.411318] (-) TimerEvent: {}
[274.511517] (-) TimerEvent: {}
[274.611718] (-) TimerEvent: {}
[274.711944] (-) TimerEvent: {}
[274.812156] (-) TimerEvent: {}
[274.912359] (-) TimerEvent: {}
[275.012551] (-) TimerEvent: {}
[275.112791] (-) TimerEvent: {}
[275.213014] (-) TimerEvent: {}
[275.313259] (-) TimerEvent: {}
[275.413467] (-) TimerEvent: {}
[275.513692] (-) TimerEvent: {}
[275.613919] (-) TimerEvent: {}
[275.714138] (-) TimerEvent: {}
[275.814318] (-) TimerEvent: {}
[275.914539] (-) TimerEvent: {}
[276.014824] (-) TimerEvent: {}
[276.115012] (-) TimerEvent: {}
[276.215325] (-) TimerEvent: {}
[276.315530] (-) TimerEvent: {}
[276.415746] (-) TimerEvent: {}
[276.515983] (-) TimerEvent: {}
[276.616177] (-) TimerEvent: {}
[276.716360] (-) TimerEvent: {}
[276.816519] (-) TimerEvent: {}
[276.916704] (-) TimerEvent: {}
[277.016930] (-) TimerEvent: {}
[277.117124] (-) TimerEvent: {}
[277.217311] (-) TimerEvent: {}
[277.317473] (-) TimerEvent: {}
[277.417670] (-) TimerEvent: {}
[277.517880] (-) TimerEvent: {}
[277.618128] (-) TimerEvent: {}
[277.718382] (-) TimerEvent: {}
[277.818691] (-) TimerEvent: {}
[277.918904] (-) TimerEvent: {}
[278.019093] (-) TimerEvent: {}
[278.119440] (-) TimerEvent: {}
[278.219675] (-) TimerEvent: {}
[278.319953] (-) TimerEvent: {}
[278.420192] (-) TimerEvent: {}
[278.520401] (-) TimerEvent: {}
[278.620606] (-) TimerEvent: {}
[278.721188] (-) TimerEvent: {}
[278.821374] (-) TimerEvent: {}
[278.921559] (-) TimerEvent: {}
[279.021773] (-) TimerEvent: {}
[279.121953] (-) TimerEvent: {}
[279.222105] (-) TimerEvent: {}
[279.322344] (-) TimerEvent: {}
[279.422624] (-) TimerEvent: {}
[279.522937] (-) TimerEvent: {}
[279.623282] (-) TimerEvent: {}
[279.723523] (-) TimerEvent: {}
[279.823736] (-) TimerEvent: {}
[279.923963] (-) TimerEvent: {}
[280.024195] (-) TimerEvent: {}
[280.124445] (-) TimerEvent: {}
[280.224712] (-) TimerEvent: {}
[280.324993] (-) TimerEvent: {}
[280.425260] (-) TimerEvent: {}
[280.525499] (-) TimerEvent: {}
[280.625772] (-) TimerEvent: {}
[280.726039] (-) TimerEvent: {}
[280.826290] (-) TimerEvent: {}
[280.926515] (-) TimerEvent: {}
[281.026824] (-) TimerEvent: {}
[281.127222] (-) TimerEvent: {}
[281.227507] (-) TimerEvent: {}
[281.327806] (-) TimerEvent: {}
[281.428081] (-) TimerEvent: {}
[281.528388] (-) TimerEvent: {}
[281.628653] (-) TimerEvent: {}
[281.728943] (-) TimerEvent: {}
[281.829276] (-) TimerEvent: {}
[281.929520] (-) TimerEvent: {}
[282.029827] (-) TimerEvent: {}
[282.130078] (-) TimerEvent: {}
[282.230386] (-) TimerEvent: {}
[282.330637] (-) TimerEvent: {}
[282.431001] (-) TimerEvent: {}
[282.531219] (-) TimerEvent: {}
[282.631421] (-) TimerEvent: {}
[282.731634] (-) TimerEvent: {}
[282.831815] (-) TimerEvent: {}
[282.932015] (-) TimerEvent: {}
[283.032313] (-) TimerEvent: {}
[283.132480] (-) TimerEvent: {}
[283.232663] (-) TimerEvent: {}
[283.332874] (-) TimerEvent: {}
[283.433159] (-) TimerEvent: {}
[283.533501] (-) TimerEvent: {}
[283.633743] (-) TimerEvent: {}
[283.734004] (-) TimerEvent: {}
[283.834308] (-) TimerEvent: {}
[283.934534] (-) TimerEvent: {}
[284.034873] (-) TimerEvent: {}
[284.135141] (-) TimerEvent: {}
[284.235365] (-) TimerEvent: {}
[284.335683] (-) TimerEvent: {}
[284.435997] (-) TimerEvent: {}
[284.536305] (-) TimerEvent: {}
[284.636544] (-) TimerEvent: {}
[284.736797] (-) TimerEvent: {}
[284.837123] (-) TimerEvent: {}
[284.937381] (-) TimerEvent: {}
[285.037679] (-) TimerEvent: {}
[285.138004] (-) TimerEvent: {}
[285.238418] (-) TimerEvent: {}
[285.338726] (-) TimerEvent: {}
[285.438992] (-) TimerEvent: {}
[285.539198] (-) TimerEvent: {}
[285.639487] (-) TimerEvent: {}
[285.739731] (-) TimerEvent: {}
[285.839966] (-) TimerEvent: {}
[285.940177] (-) TimerEvent: {}
[286.040508] (-) TimerEvent: {}
[286.140746] (-) TimerEvent: {}
[286.241088] (-) TimerEvent: {}
[286.341361] (-) TimerEvent: {}
[286.441710] (-) TimerEvent: {}
[286.541997] (-) TimerEvent: {}
[286.642238] (-) TimerEvent: {}
[286.742498] (-) TimerEvent: {}
[286.842738] (-) TimerEvent: {}
[286.943061] (-) TimerEvent: {}
[287.043350] (-) TimerEvent: {}
[287.143564] (-) TimerEvent: {}
[287.243819] (-) TimerEvent: {}
[287.344059] (-) TimerEvent: {}
[287.444383] (-) TimerEvent: {}
[287.544628] (-) TimerEvent: {}
[287.644903] (-) TimerEvent: {}
[287.745169] (-) TimerEvent: {}
[287.845418] (-) TimerEvent: {}
[287.945673] (-) TimerEvent: {}
[288.045901] (-) TimerEvent: {}
[288.146134] (-) TimerEvent: {}
[288.246387] (-) TimerEvent: {}
[288.346640] (-) TimerEvent: {}
[288.446873] (-) TimerEvent: {}
[288.547138] (-) TimerEvent: {}
[288.647379] (-) TimerEvent: {}
[288.747568] (-) TimerEvent: {}
[288.847916] (-) TimerEvent: {}
[288.948189] (-) TimerEvent: {}
[289.048406] (-) TimerEvent: {}
[289.148647] (-) TimerEvent: {}
[289.248902] (-) TimerEvent: {}
[289.349152] (-) TimerEvent: {}
[289.449390] (-) TimerEvent: {}
[289.549619] (-) TimerEvent: {}
[289.649848] (-) TimerEvent: {}
[289.750125] (-) TimerEvent: {}
[289.850296] (-) TimerEvent: {}
[289.950540] (-) TimerEvent: {}
[290.050783] (-) TimerEvent: {}
[290.151014] (-) TimerEvent: {}
[290.251331] (-) TimerEvent: {}
[290.351569] (-) TimerEvent: {}
[290.451810] (-) TimerEvent: {}
[290.552076] (-) TimerEvent: {}
[290.652332] (-) TimerEvent: {}
[290.752508] (-) TimerEvent: {}
[290.852743] (-) TimerEvent: {}
[290.952971] (-) TimerEvent: {}
[291.053176] (-) TimerEvent: {}
[291.153517] (-) TimerEvent: {}
[291.253764] (-) TimerEvent: {}
[291.354033] (-) TimerEvent: {}
[291.454364] (-) TimerEvent: {}
[291.554635] (-) TimerEvent: {}
[291.654873] (-) TimerEvent: {}
[291.755192] (-) TimerEvent: {}
[291.855478] (-) TimerEvent: {}
[291.955773] (-) TimerEvent: {}
[292.056064] (-) TimerEvent: {}
[292.156327] (-) TimerEvent: {}
[292.256546] (-) TimerEvent: {}
[292.356834] (-) TimerEvent: {}
[292.457150] (-) TimerEvent: {}
[292.557423] (-) TimerEvent: {}
[292.657629] (-) TimerEvent: {}
[292.757902] (-) TimerEvent: {}
[292.858205] (-) TimerEvent: {}
[292.958514] (-) TimerEvent: {}
[293.058751] (-) TimerEvent: {}
[293.158968] (-) TimerEvent: {}
[293.262535] (-) TimerEvent: {}
[293.362791] (-) TimerEvent: {}
[293.462990] (-) TimerEvent: {}
[293.563169] (-) TimerEvent: {}
[293.663356] (-) TimerEvent: {}
[293.763518] (-) TimerEvent: {}
[293.863679] (-) TimerEvent: {}
[293.963870] (-) TimerEvent: {}
[294.064107] (-) TimerEvent: {}
[294.164294] (-) TimerEvent: {}
[294.264467] (-) TimerEvent: {}
[294.364694] (-) TimerEvent: {}
[294.464932] (-) TimerEvent: {}
[294.565131] (-) TimerEvent: {}
[294.665320] (-) TimerEvent: {}
[294.765501] (-) TimerEvent: {}
[294.865685] (-) TimerEvent: {}
[294.965883] (-) TimerEvent: {}
[295.066052] (-) TimerEvent: {}
[295.166255] (-) TimerEvent: {}
[295.266434] (-) TimerEvent: {}
[295.366625] (-) TimerEvent: {}
[295.466817] (-) TimerEvent: {}
[295.567032] (-) TimerEvent: {}
[295.667201] (-) TimerEvent: {}
[295.767418] (-) TimerEvent: {}
[295.867595] (-) TimerEvent: {}
[295.967774] (-) TimerEvent: {}
[296.067948] (-) TimerEvent: {}
[296.168143] (-) TimerEvent: {}
[296.268306] (-) TimerEvent: {}
[296.368462] (-) TimerEvent: {}
[296.468637] (-) TimerEvent: {}
[296.568807] (-) TimerEvent: {}
[296.668977] (-) TimerEvent: {}
[296.769156] (-) TimerEvent: {}
[296.869299] (-) TimerEvent: {}
[296.969493] (-) TimerEvent: {}
[297.069679] (-) TimerEvent: {}
[297.169936] (-) TimerEvent: {}
[297.270140] (-) TimerEvent: {}
[297.370344] (-) TimerEvent: {}
[297.470528] (-) TimerEvent: {}
[297.570698] (-) TimerEvent: {}
[297.670865] (-) TimerEvent: {}
[297.773285] (-) TimerEvent: {}
[297.873484] (-) TimerEvent: {}
[297.973719] (-) TimerEvent: {}
[298.073961] (-) TimerEvent: {}
[298.174203] (-) TimerEvent: {}
[298.274415] (-) TimerEvent: {}
[298.374616] (-) TimerEvent: {}
[298.474925] (-) TimerEvent: {}
[298.575131] (-) TimerEvent: {}
[298.675358] (-) TimerEvent: {}
[298.775559] (-) TimerEvent: {}
[298.875795] (-) TimerEvent: {}
[298.976038] (-) TimerEvent: {}
[299.076240] (-) TimerEvent: {}
[299.176433] (-) TimerEvent: {}
[299.276624] (-) TimerEvent: {}
[299.376923] (-) TimerEvent: {}
[299.477169] (-) TimerEvent: {}
[299.577490] (-) TimerEvent: {}
[299.677775] (-) TimerEvent: {}
[299.778027] (-) TimerEvent: {}
[299.878250] (-) TimerEvent: {}
[299.978536] (-) TimerEvent: {}
[300.078780] (-) TimerEvent: {}
[300.179073] (-) TimerEvent: {}
[300.279265] (-) TimerEvent: {}
[300.382326] (-) TimerEvent: {}
[300.482529] (-) TimerEvent: {}
[300.582741] (-) TimerEvent: {}
[300.682962] (-) TimerEvent: {}
[300.783186] (-) TimerEvent: {}
[300.883428] (-) TimerEvent: {}
[300.983646] (-) TimerEvent: {}
[301.083845] (-) TimerEvent: {}
[301.184067] (-) TimerEvent: {}
[301.284279] (-) TimerEvent: {}
[301.384472] (-) TimerEvent: {}
[301.484684] (-) TimerEvent: {}
[301.584906] (-) TimerEvent: {}
[301.685119] (-) TimerEvent: {}
[301.785334] (-) TimerEvent: {}
[301.885567] (-) TimerEvent: {}
[301.985815] (-) TimerEvent: {}
[302.086090] (-) TimerEvent: {}
[302.186359] (-) TimerEvent: {}
[302.286646] (-) TimerEvent: {}
[302.386909] (-) TimerEvent: {}
[302.487144] (-) TimerEvent: {}
[302.587376] (-) TimerEvent: {}
[302.687629] (-) TimerEvent: {}
[302.787878] (-) TimerEvent: {}
[302.888137] (-) TimerEvent: {}
[302.988409] (-) TimerEvent: {}
[303.088644] (-) TimerEvent: {}
[303.188875] (-) TimerEvent: {}
[303.289092] (-) TimerEvent: {}
[303.389334] (-) TimerEvent: {}
[303.489591] (-) TimerEvent: {}
[303.589845] (-) TimerEvent: {}
[303.690097] (-) TimerEvent: {}
[303.790331] (-) TimerEvent: {}
[303.890588] (-) TimerEvent: {}
[303.990821] (-) TimerEvent: {}
[304.091053] (-) TimerEvent: {}
[304.191294] (-) TimerEvent: {}
[304.291529] (-) TimerEvent: {}
[304.391738] (-) TimerEvent: {}
[304.491956] (-) TimerEvent: {}
[304.592208] (-) TimerEvent: {}
[304.692471] (-) TimerEvent: {}
[304.792718] (-) TimerEvent: {}
[304.892957] (-) TimerEvent: {}
[304.993186] (-) TimerEvent: {}
[305.093450] (-) TimerEvent: {}
[305.193714] (-) TimerEvent: {}
[305.293957] (-) TimerEvent: {}
[305.394195] (-) TimerEvent: {}
[305.494445] (-) TimerEvent: {}
[305.594675] (-) TimerEvent: {}
[305.694922] (-) TimerEvent: {}
[305.795184] (-) TimerEvent: {}
[305.895436] (-) TimerEvent: {}
[305.995671] (-) TimerEvent: {}
[306.095901] (-) TimerEvent: {}
[306.196121] (-) TimerEvent: {}
[306.296332] (-) TimerEvent: {}
[306.396562] (-) TimerEvent: {}
[306.496809] (-) TimerEvent: {}
[306.597085] (-) TimerEvent: {}
[306.697329] (-) TimerEvent: {}
[306.798346] (-) TimerEvent: {}
[306.898532] (-) TimerEvent: {}
[306.998716] (-) TimerEvent: {}
[307.098919] (-) TimerEvent: {}
[307.199104] (-) TimerEvent: {}
[307.299306] (-) TimerEvent: {}
[307.399502] (-) TimerEvent: {}
[307.499683] (-) TimerEvent: {}
[307.599849] (-) TimerEvent: {}
[307.700032] (-) TimerEvent: {}
[307.800215] (-) TimerEvent: {}
[307.900490] (-) TimerEvent: {}
[308.000686] (-) TimerEvent: {}
[308.101054] (-) TimerEvent: {}
[308.201289] (-) TimerEvent: {}
[308.302003] (-) TimerEvent: {}
[308.402249] (-) TimerEvent: {}
[308.502455] (-) TimerEvent: {}
[308.602658] (-) TimerEvent: {}
[308.702871] (-) TimerEvent: {}
[308.803044] (-) TimerEvent: {}
[308.903272] (-) TimerEvent: {}
[309.003491] (-) TimerEvent: {}
[309.103687] (-) TimerEvent: {}
[309.203903] (-) TimerEvent: {}
[309.304150] (-) TimerEvent: {}
[309.404305] (-) TimerEvent: {}
[309.504515] (-) TimerEvent: {}
[309.604749] (-) TimerEvent: {}
[309.704985] (-) TimerEvent: {}
[309.805241] (-) TimerEvent: {}
[309.905455] (-) TimerEvent: {}
[310.005675] (-) TimerEvent: {}
[310.105898] (-) TimerEvent: {}
[310.206133] (-) TimerEvent: {}
[310.306317] (-) TimerEvent: {}
[310.406533] (-) TimerEvent: {}
[310.506734] (-) TimerEvent: {}
[310.606915] (-) TimerEvent: {}
[310.707141] (-) TimerEvent: {}
[310.807339] (-) TimerEvent: {}
[310.907586] (-) TimerEvent: {}
[311.007791] (-) TimerEvent: {}
[311.108002] (-) TimerEvent: {}
[311.208206] (-) TimerEvent: {}
[311.308434] (-) TimerEvent: {}
[311.408657] (-) TimerEvent: {}
[311.508879] (-) TimerEvent: {}
[311.609082] (-) TimerEvent: {}
[311.709347] (-) TimerEvent: {}
[311.809631] (-) TimerEvent: {}
[311.909847] (-) TimerEvent: {}
[312.010118] (-) TimerEvent: {}
[312.110398] (-) TimerEvent: {}
[312.210622] (-) TimerEvent: {}
[312.310852] (-) TimerEvent: {}
[312.411073] (-) TimerEvent: {}
[312.511280] (-) TimerEvent: {}
[312.612831] (-) TimerEvent: {}
[312.717735] (-) TimerEvent: {}
[312.845982] (-) TimerEvent: {}
[313.396738] (-) TimerEvent: {}
[314.390068] (-) TimerEvent: {}
[315.536175] (-) TimerEvent: {}
[316.696827] (-) TimerEvent: {}
[317.633383] (-) TimerEvent: {}
[318.701444] (-) TimerEvent: {}
[319.696065] (-) TimerEvent: {}
[320.719983] (-) TimerEvent: {}
[322.275056] (-) TimerEvent: {}
[324.112980] (-) TimerEvent: {}
[326.313795] (-) TimerEvent: {}
[327.321587] (-) TimerEvent: {}
[328.561611] (-) TimerEvent: {}
[330.176967] (-) TimerEvent: {}
[333.038352] (-) TimerEvent: {}
[335.125497] (-) TimerEvent: {}
[336.835326] (-) TimerEvent: {}
[336.942523] (-) TimerEvent: {}
[337.048803] (-) TimerEvent: {}
[337.155973] (-) TimerEvent: {}
[337.336057] (-) TimerEvent: {}
[337.916470] (-) TimerEvent: {}
[339.050536] (-) TimerEvent: {}
[340.151044] (-) TimerEvent: {}
[341.678147] (-) TimerEvent: {}
[342.706121] (-) TimerEvent: {}
[343.211370] (-) TimerEvent: {}
[343.324041] (-) TimerEvent: {}
[343.521135] (-) TimerEvent: {}
[343.631223] (-) TimerEvent: {}
[343.750540] (-) TimerEvent: {}
[343.861415] (-) TimerEvent: {}
[343.997314] (-) TimerEvent: {}
[344.296319] (-) TimerEvent: {}
[344.781425] (-) TimerEvent: {}
[345.355558] (-) TimerEvent: {}
[346.252498] (-) TimerEvent: {}
[347.686190] (-) TimerEvent: {}
[349.078304] (-) TimerEvent: {}
[350.166654] (-) TimerEvent: {}
[351.489190] (-) TimerEvent: {}
[352.292625] (-) TimerEvent: {}
[353.218380] (-) TimerEvent: {}
[353.888971] (-) TimerEvent: {}
[353.990013] (-) TimerEvent: {}
[354.092395] (-) TimerEvent: {}
[354.196830] (-) TimerEvent: {}
[354.302116] (-) TimerEvent: {}
[354.412947] (-) TimerEvent: {}
[354.516886] (-) TimerEvent: {}
[354.675518] (-) TimerEvent: {}
[355.410658] (-) TimerEvent: {}
[356.698125] (-) TimerEvent: {}
[357.944566] (-) TimerEvent: {}
[358.057186] (-) TimerEvent: {}
[358.177931] (-) TimerEvent: {}
[358.393538] (-) TimerEvent: {}
[358.737366] (-) TimerEvent: {}
[358.843283] (-) TimerEvent: {}
[358.982857] (-) TimerEvent: {}
[359.097979] (-) TimerEvent: {}
[359.335512] (-) TimerEvent: {}
[359.643245] (-) TimerEvent: {}
[359.951975] (-) TimerEvent: {}
[360.406699] (-) TimerEvent: {}
[361.295744] (-) TimerEvent: {}
[362.108468] (-) TimerEvent: {}
[362.563978] (-) TimerEvent: {}
[362.668958] (-) TimerEvent: {}
[362.770857] (-) TimerEvent: {}
[362.924609] (-) TimerEvent: {}
[363.223212] (-) TimerEvent: {}
[363.763079] (-) TimerEvent: {}
[364.629780] (-) TimerEvent: {}
[365.292627] (-) TimerEvent: {}
[365.919425] (-) TimerEvent: {}
[367.107321] (-) TimerEvent: {}
[368.103598] (-) TimerEvent: {}
[369.416031] (-) TimerEvent: {}
[370.942274] (-) TimerEvent: {}
[372.804001] (-) TimerEvent: {}
[373.853923] (-) TimerEvent: {}
[375.341944] (-) TimerEvent: {}
[376.883453] (-) TimerEvent: {}
[378.062600] (-) TimerEvent: {}
[381.834660] (-) TimerEvent: {}
[383.265066] (-) TimerEvent: {}
[387.483565] (-) TimerEvent: {}
[391.004057] (-) TimerEvent: {}
[392.876675] (-) TimerEvent: {}
[394.509332] (-) TimerEvent: {}
[397.421703] (-) TimerEvent: {}
[399.891296] (-) TimerEvent: {}
