[0.000000] (-) TimerEvent: {}
[0.000132] (-) JobUnselected: {'identifier': 'livox_ros_driver2'}
[0.000205] (lightning) JobQueued: {'identifier': 'lightning', 'dependencies': OrderedDict()}
[0.000229] (lightning) JobStarted: {'identifier': 'lightning'}
[0.005597] (lightning) JobProgress: {'identifier': 'lightning', 'progress': 'cmake'}
[0.006985] (lightning) JobProgress: {'identifier': 'lightning', 'progress': 'build'}
[0.007820] (lightning) Command: {'cmd': ['/usr/bin/cmake', '--build', '/home/kepler/Documents/Codex/2026-08-14/microsoft-visual-studio-code-stable-vs/outputs/lightning_lm_ws/build/lightning', '--', '-j28', '-l28'], 'cwd': '/home/kepler/Documents/Codex/2026-08-14/microsoft-visual-studio-code-stable-vs/outputs/lightning_lm_ws/build/lightning', 'env': OrderedDict([('GJS_DEBUG_TOPICS', 'JS ERROR;JS LOG'), ('LESSOPEN', '| /usr/bin/lesspipe %s'), ('CMAKE_BUILD_PARALLEL_LEVEL', '1'), ('LANGUAGE', 'en_US:en'), ('USER', 'kepler'), ('LC_TIME', 'zh_CN.UTF-8'), ('XDG_SESSION_TYPE', 'x11'), ('SHLVL', '1'), ('LD_LIBRARY_PATH', '/opt/ros/humble/opt/rviz_ogre_vendor/lib:/opt/ros/humble/lib/x86_64-linux-gnu:/opt/ros/humble/lib'), ('HOME', '/home/kepler'), ('OLDPWD', '/home/kepler'), ('DESKTOP_SESSION', 'ubuntu'), ('GIO_LAUNCHED_DESKTOP_FILE', '/usr/share/applications/terminator.desktop'), ('ROS_PYTHON_VERSION', '3'), ('GNOME_SHELL_SESSION_MODE', 'ubuntu'), ('GTK_MODULES', 'gail:atk-bridge'), ('LC_MONETARY', 'zh_CN.UTF-8'), ('MANAGERPID', '1298'), ('SYSTEMD_EXEC_PID', '1665963'), ('DBUS_SESSION_BUS_ADDRESS', 'unix:path=/run/user/1000/bus'), ('COLORTERM', 'truecolor'), ('TERMINATOR_DBUS_NAME', 'net.tenshu.Terminator21a9d5db22c73a993ff0b42f64b396873'), ('GIO_LAUNCHED_DESKTOP_FILE_PID', '1669654'), ('ROS_DISTRO', 'humble'), ('GTK_IM_MODULE', 'ibus'), ('LOGNAME', 'kepler'), ('JOURNAL_STREAM', '8:11381242'), ('_', '/usr/bin/colcon'), ('ROS_VERSION', '2'), ('XDG_SESSION_CLASS', 'user'), ('USERNAME', 'kepler'), ('TERM', 'xterm-256color'), ('GNOME_DESKTOP_SESSION_ID', 'this-is-deprecated'), ('ROS_LOCALHOST_ONLY', '0'), ('WINDOWPATH', '2'), ('PATH', '/opt/ros/humble/bin:/usr/local/sbin:/usr/local/bin:/usr/sbin:/usr/bin:/sbin:/bin:/usr/games:/usr/local/games:/snap/bin:/snap/bin'), ('SESSION_MANAGER', 'local/KPLNB151:@/tmp/.ICE-unix/2261,unix/KPLNB151:/tmp/.ICE-unix/2261'), ('INVOCATION_ID', 'cfabbc25cf3846248b80e5922694a9c1'), ('PAPERSIZE', 'a4'), ('XDG_MENU_PREFIX', 'gnome-'), ('LC_ADDRESS', 'zh_CN.UTF-8'), ('XDG_RUNTIME_DIR', '/run/user/1000'), ('DISPLAY', ':0'), ('TERMINATOR_DBUS_PATH', '/net/tenshu/Terminator2'), ('LANG', 'en_US.UTF-8'), ('XDG_CURRENT_DESKTOP', 'ubuntu:GNOME'), ('IBUS_DISABLE_SNOOPER', '1'), ('LC_TELEPHONE', 'zh_CN.UTF-8'), ('XMODIFIERS', '@im=ibus'), ('XDG_SESSION_DESKTOP', 'ubuntu'), ('XAUTHORITY', '/run/user/1000/gdm/Xauthority'), ('LS_COLORS', 'rs=0:di=01;34:ln=01;36:mh=00:pi=40;33:so=01;35:do=01;35:bd=40;33;01:cd=40;33;01:or=40;31;01:mi=00:su=37;41:sg=30;43:ca=30;41:tw=30;42:ow=34;42:st=37;44:ex=01;32:*.tar=01;31:*.tgz=01;31:*.arc=01;31:*.arj=01;31:*.taz=01;31:*.lha=01;31:*.lz4=01;31:*.lzh=01;31:*.lzma=01;31:*.tlz=01;31:*.txz=01;31:*.tzo=01;31:*.t7z=01;31:*.zip=01;31:*.z=01;31:*.dz=01;31:*.gz=01;31:*.lrz=01;31:*.lz=01;31:*.lzo=01;31:*.xz=01;31:*.zst=01;31:*.tzst=01;31:*.bz2=01;31:*.bz=01;31:*.tbz=01;31:*.tbz2=01;31:*.tz=01;31:*.deb=01;31:*.rpm=01;31:*.jar=01;31:*.war=01;31:*.ear=01;31:*.sar=01;31:*.rar=01;31:*.alz=01;31:*.ace=01;31:*.zoo=01;31:*.cpio=01;31:*.7z=01;31:*.rz=01;31:*.cab=01;31:*.wim=01;31:*.swm=01;31:*.dwm=01;31:*.esd=01;31:*.jpg=01;35:*.jpeg=01;35:*.mjpg=01;35:*.mjpeg=01;35:*.gif=01;35:*.bmp=01;35:*.pbm=01;35:*.pgm=01;35:*.ppm=01;35:*.tga=01;35:*.xbm=01;35:*.xpm=01;35:*.tif=01;35:*.tiff=01;35:*.png=01;35:*.svg=01;35:*.svgz=01;35:*.mng=01;35:*.pcx=01;35:*.mov=01;35:*.mpg=01;35:*.mpeg=01;35:*.m2v=01;35:*.mkv=01;35:*.webm=01;35:*.webp=01;35:*.ogm=01;35:*.mp4=01;35:*.m4v=01;35:*.mp4v=01;35:*.vob=01;35:*.qt=01;35:*.nuv=01;35:*.wmv=01;35:*.asf=01;35:*.rm=01;35:*.rmvb=01;35:*.flc=01;35:*.avi=01;35:*.fli=01;35:*.flv=01;35:*.gl=01;35:*.dl=01;35:*.xcf=01;35:*.xwd=01;35:*.yuv=01;35:*.cgm=01;35:*.emf=01;35:*.ogv=01;35:*.ogx=01;35:*.aac=00;36:*.au=00;36:*.flac=00;36:*.m4a=00;36:*.mid=00;36:*.midi=00;36:*.mka=00;36:*.mp3=00;36:*.mpc=00;36:*.ogg=00;36:*.ra=00;36:*.wav=00;36:*.oga=00;36:*.opus=00;36:*.spx=00;36:*.xspf=00;36:'), ('SSH_AGENT_LAUNCHER', 'gnome-keyring'), ('SSH_AUTH_SOCK', '/run/user/1000/keyring/ssh'), ('AMENT_PREFIX_PATH', '/opt/ros/humble'), ('SHELL', '/bin/bash'), ('LC_NAME', 'zh_CN.UTF-8'), ('TERMINATOR_UUID', 'urn:uuid:72817821-429e-48bc-8c81-05d3f99cc8de'), ('QT_ACCESSIBILITY', '1'), ('GDMSESSION', 'ubuntu'), ('LESSCLOSE', '/usr/bin/lesspipe %s %s'), ('LC_MEASUREMENT', 'zh_CN.UTF-8'), ('GPG_AGENT_INFO', '/run/user/1000/gnupg/S.gpg-agent:0:1'), ('GJS_DEBUG_OUTPUT', 'stderr'), ('LC_IDENTIFICATION', 'zh_CN.UTF-8'), ('QT_IM_MODULE', 'ibus'), ('PWD', '/home/kepler/Documents/Codex/2026-08-14/microsoft-visual-studio-code-stable-vs/outputs/lightning_lm_ws/build/lightning'), ('LC_ALL', 'en_US.UTF-8'), ('XDG_CONFIG_DIRS', '/etc/xdg/xdg-ubuntu:/etc/xdg'), ('XDG_DATA_DIRS', '/usr/share/ubuntu:/usr/share/gnome:/usr/local/share/:/usr/share/:/var/lib/snapd/desktop'), ('PYTHONPATH', '/opt/ros/humble/lib/python3.10/site-packages:/opt/ros/humble/local/lib/python3.10/dist-packages'), ('LC_NUMERIC', 'zh_CN.UTF-8'), ('LC_PAPER', 'zh_CN.UTF-8'), ('COLCON', '1'), ('VTE_VERSION', '6800'), ('CMAKE_PREFIX_PATH', '/opt/ros/humble')]), 'shell': False}
[0.099672] (-) TimerEvent: {}
[0.108159] (lightning) StdoutLine: {'line': b'\x1b[35m\x1b[1mConsolidate compiler generated dependencies of target miao.utils\x1b[0m\n'}
[0.114890] (lightning) StdoutLine: {'line': b'[  1%] Built target lightning__cpp\n'}
[0.115697] (lightning) StdoutLine: {'line': b'[  1%] Built target livox_interfaces2__rs\n'}
[0.115958] (lightning) StdoutLine: {'line': b'[  2%] Built target livox_interfaces2__cpp\n'}
[0.116164] (lightning) StdoutLine: {'line': b'\x1b[35m\x1b[1mConsolidate compiler generated dependencies of target miao.core\x1b[0m\n'}
[0.117917] (lightning) StdoutLine: {'line': b'[  3%] Built target lightning__rs\n'}
[0.119413] (lightning) StdoutLine: {'line': b'[  6%] Built target lightning__rosidl_generator_c\n'}
[0.122397] (lightning) StdoutLine: {'line': b'[  9%] Built target livox_interfaces2__rosidl_generator_c\n'}
[0.126183] (lightning) StdoutLine: {'line': b'[  9%] Built target ament_cmake_python_symlink_livox_ros_driver2\n'}
[0.129728] (lightning) StdoutLine: {'line': b'[  9%] Built target ament_cmake_python_symlink_lightning\n'}
[0.132085] (lightning) StdoutLine: {'line': b'[ 10%] Built target miao.utils\n'}
[0.132422] (lightning) StdoutLine: {'line': b'\x1b[35m\x1b[1mConsolidate compiler generated dependencies of target lightning__rosidl_typesupport_introspection_cpp\x1b[0m\n'}
[0.132630] (lightning) StdoutLine: {'line': b'\x1b[35m\x1b[1mConsolidate compiler generated dependencies of target livox_interfaces2__rosidl_typesupport_introspection_cpp\x1b[0m\n'}
[0.133113] (lightning) StdoutLine: {'line': b'\x1b[35m\x1b[1mConsolidate compiler generated dependencies of target livox_interfaces2__rosidl_typesupport_cpp\x1b[0m\n'}
[0.133652] (lightning) StdoutLine: {'line': b'\x1b[35m\x1b[1mConsolidate compiler generated dependencies of target lightning__rosidl_typesupport_fastrtps_cpp\x1b[0m\n'}
[0.137415] (lightning) StdoutLine: {'line': b'\x1b[35m\x1b[1mConsolidate compiler generated dependencies of target lightning__rosidl_typesupport_cpp\x1b[0m\n'}
[0.137766] (lightning) StdoutLine: {'line': b'\x1b[35m\x1b[1mConsolidate compiler generated dependencies of target lightning__rosidl_typesupport_fastrtps_c\x1b[0m\n'}
[0.137923] (lightning) StdoutLine: {'line': b'\x1b[35m\x1b[1mConsolidate compiler generated dependencies of target livox_interfaces2__rosidl_typesupport_c\x1b[0m\n'}
[0.138408] (lightning) StdoutLine: {'line': b'\x1b[35m\x1b[1mConsolidate compiler generated dependencies of target livox_interfaces2__rosidl_typesupport_fastrtps_cpp\x1b[0m\n'}
[0.138646] (lightning) StdoutLine: {'line': b'\x1b[35m\x1b[1mConsolidate compiler generated dependencies of target lightning__rosidl_typesupport_c\x1b[0m\n'}
[0.144715] (lightning) StdoutLine: {'line': b'\x1b[35m\x1b[1mConsolidate compiler generated dependencies of target livox_interfaces2__rosidl_typesupport_fastrtps_c\x1b[0m\n'}
[0.146802] (lightning) StdoutLine: {'line': b'[ 13%] Built target livox_interfaces2__rosidl_typesupport_introspection_cpp\n'}
[0.147252] (lightning) StdoutLine: {'line': b'[ 16%] Built target lightning__rosidl_typesupport_introspection_cpp\n'}
[0.147348] (lightning) StdoutLine: {'line': b'[ 19%] Built target lightning__rosidl_typesupport_introspection_c\n'}
[0.150667] (lightning) StdoutLine: {'line': b'[ 22%] Built target lightning__rosidl_typesupport_c\n'}
[0.151110] (lightning) StdoutLine: {'line': b'[ 25%] Built target lightning__rosidl_typesupport_cpp\n'}
[0.151569] (lightning) StdoutLine: {'line': b'[ 32%] Built target miao.core\n'}
[0.152342] (lightning) StdoutLine: {'line': b'[ 35%] Built target livox_interfaces2__rosidl_typesupport_cpp\n'}
[0.152731] (lightning) StdoutLine: {'line': b'[ 38%] Built target lightning__rosidl_typesupport_fastrtps_cpp\n'}
[0.152893] (lightning) StdoutLine: {'line': b'[ 41%] Built target livox_interfaces2__rosidl_typesupport_c\n'}
[0.153480] (lightning) StdoutLine: {'line': b'[ 44%] Built target livox_interfaces2__rosidl_typesupport_introspection_c\n'}
[0.155271] (lightning) StdoutLine: {'line': b'[ 47%] Built target lightning__rosidl_typesupport_fastrtps_c\n'}
[0.156456] (lightning) StdoutLine: {'line': b'[ 50%] Built target livox_interfaces2__rosidl_typesupport_fastrtps_c\n'}
[0.157565] (lightning) StdoutLine: {'line': b'[ 53%] Built target livox_interfaces2__rosidl_typesupport_fastrtps_cpp\n'}
[0.171287] (lightning) StdoutLine: {'line': b'[ 53%] Built target lightning\n'}
[0.174170] (lightning) StdoutLine: {'line': b'[ 53%] Built target livox_interfaces2\n'}
[0.189704] (lightning) StdoutLine: {'line': b'[ 54%] Built target lightning__py\n'}
[0.191183] (lightning) StdoutLine: {'line': b'[ 54%] Built target livox_interfaces2__py\n'}
[0.199749] (-) TimerEvent: {}
[0.210600] (lightning) StdoutLine: {'line': b'[ 58%] Built target lightning__rosidl_generator_py\n'}
[0.210717] (lightning) StdoutLine: {'line': b'[ 58%] Built target livox_interfaces2__rosidl_generator_py\n'}
[0.215501] (lightning) StdoutLine: {'line': b'\x1b[35m\x1b[1mConsolidate compiler generated dependencies of target lightning.libs\x1b[0m\n'}
[0.228084] (lightning) StdoutLine: {'line': b'[ 59%] Built target livox_ros_driver2__rosidl_typesupport_fastrtps_c__pyext\n'}
[0.229174] (lightning) StdoutLine: {'line': b'[ 61%] Built target livox_ros_driver2__rosidl_typesupport_introspection_c__pyext\n'}
[0.229439] (lightning) StdoutLine: {'line': b'[ 62%] Built target lightning__rosidl_typesupport_introspection_c__pyext\n'}
[0.229929] (lightning) StdoutLine: {'line': b'[ 64%] Built target lightning__rosidl_typesupport_c__pyext\n'}
[0.229987] (lightning) StdoutLine: {'line': b'[ 64%] Built target lightning__rosidl_typesupport_fastrtps_c__pyext\n'}
[0.230299] (lightning) StdoutLine: {'line': b'[ 66%] Built target livox_ros_driver2__rosidl_typesupport_c__pyext\n'}
[0.278875] (lightning) StderrLine: {'line': b"/usr/lib/python3/dist-packages/setuptools/dist.py:507: UserWarning: The version specified ('') is an invalid version, this may not work as expected with newer versions of setuptools, pip, and PyPI. Please see PEP 440 for more details.\n"}
[0.279008] (lightning) StderrLine: {'line': b'  warnings.warn(\n'}
[0.280839] (lightning) StdoutLine: {'line': b'running egg_info\n'}
[0.281477] (lightning) StdoutLine: {'line': b'writing livox_ros_driver2.egg-info/PKG-INFO\n'}
[0.281558] (lightning) StdoutLine: {'line': b'writing dependency_links to livox_ros_driver2.egg-info/dependency_links.txt\n'}
[0.281703] (lightning) StdoutLine: {'line': b'writing top-level names to livox_ros_driver2.egg-info/top_level.txt\n'}
[0.283110] (lightning) StdoutLine: {'line': b"reading manifest file 'livox_ros_driver2.egg-info/SOURCES.txt'\n"}
[0.283392] (lightning) StdoutLine: {'line': b"writing manifest file 'livox_ros_driver2.egg-info/SOURCES.txt'\n"}
[0.290353] (lightning) StdoutLine: {'line': b'running egg_info\n'}
[0.290932] (lightning) StdoutLine: {'line': b'writing lightning.egg-info/PKG-INFO\n'}
[0.291026] (lightning) StdoutLine: {'line': b'writing dependency_links to lightning.egg-info/dependency_links.txt\n'}
[0.291062] (lightning) StdoutLine: {'line': b'writing top-level names to lightning.egg-info/top_level.txt\n'}
[0.292335] (lightning) StdoutLine: {'line': b"reading manifest file 'lightning.egg-info/SOURCES.txt'\n"}
[0.293618] (lightning) StdoutLine: {'line': b"writing manifest file 'lightning.egg-info/SOURCES.txt'\n"}
[0.299822] (-) TimerEvent: {}
[0.302566] (lightning) StdoutLine: {'line': b'[ 66%] Built target ament_cmake_python_build_livox_ros_driver2_egg\n'}
[0.310898] (lightning) StdoutLine: {'line': b'[ 66%] Built target ament_cmake_python_build_lightning_egg\n'}
[0.314239] (lightning) StdoutLine: {'line': b'[ 67%] \x1b[32mBuilding CXX object src/CMakeFiles/lightning.libs.dir/core/lio/eskf.cc.o\x1b[0m\n'}
[0.314777] (lightning) StdoutLine: {'line': b'[ 68%] \x1b[32mBuilding CXX object src/CMakeFiles/lightning.libs.dir/common/params.cc.o\x1b[0m\n'}
[0.320408] (lightning) StdoutLine: {'line': b'[ 69%] \x1b[32mBuilding CXX object src/CMakeFiles/lightning.libs.dir/core/lio/laser_mapping.cc.o\x1b[0m\n'}
[0.324455] (lightning) StdoutLine: {'line': b'[ 70%] \x1b[32mBuilding CXX object src/CMakeFiles/lightning.libs.dir/core/loop_closing/loop_closing.cc.o\x1b[0m\n'}
[0.326546] (lightning) StdoutLine: {'line': b'[ 70%] \x1b[32mBuilding CXX object src/CMakeFiles/lightning.libs.dir/core/g2p5/g2p5.cc.o\x1b[0m\n'}
[0.326926] (lightning) StdoutLine: {'line': b'[ 71%] \x1b[32mBuilding CXX object src/CMakeFiles/lightning.libs.dir/core/maps/tiled_map.cc.o\x1b[0m\n'}
[0.328384] (lightning) StdoutLine: {'line': b'[ 72%] \x1b[32mBuilding CXX object src/CMakeFiles/lightning.libs.dir/core/localization/lidar_loc/lidar_loc.cc.o\x1b[0m\n'}
[0.328528] (lightning) StdoutLine: {'line': b'[ 72%] \x1b[32mBuilding CXX object src/CMakeFiles/lightning.libs.dir/core/localization/localization_result.cc.o\x1b[0m\n'}
[0.331079] (lightning) StdoutLine: {'line': b'[ 72%] \x1b[32mBuilding CXX object src/CMakeFiles/lightning.libs.dir/core/localization/lidar_loc/pclomp/voxel_grid_covariance_omp.cpp.o\x1b[0m\n'}
[0.332705] (lightning) StdoutLine: {'line': b'[ 73%] \x1b[32mBuilding CXX object src/CMakeFiles/lightning.libs.dir/core/localization/lidar_loc/pclomp/ndt_omp.cpp.o\x1b[0m\n'}
[0.333504] (lightning) StdoutLine: {'line': b'[ 74%] \x1b[32mBuilding CXX object src/CMakeFiles/lightning.libs.dir/core/localization/pose_graph/pgo_impl.cc.o\x1b[0m\n'}
[0.334516] (lightning) StdoutLine: {'line': b'[ 75%] \x1b[32mBuilding CXX object src/CMakeFiles/lightning.libs.dir/core/localization/pose_graph/pgo.cc.o\x1b[0m\n'}
[0.335134] (lightning) StdoutLine: {'line': b'[ 76%] \x1b[32mBuilding CXX object src/CMakeFiles/lightning.libs.dir/core/localization/pose_graph/pose_extrapolator.cc.o\x1b[0m\n'}
[0.336903] (lightning) StdoutLine: {'line': b'[ 76%] \x1b[32mBuilding CXX object src/CMakeFiles/lightning.libs.dir/core/localization/localization.cpp.o\x1b[0m\n'}
[0.342733] (lightning) StdoutLine: {'line': b'[ 77%] \x1b[32mBuilding CXX object src/CMakeFiles/lightning.libs.dir/wrapper/bag_io.cc.o\x1b[0m\n'}
[0.343197] (lightning) StdoutLine: {'line': b'[ 78%] \x1b[32mBuilding CXX object src/CMakeFiles/lightning.libs.dir/ui/pangolin_window_impl.cc.o\x1b[0m\n'}
[0.343520] (lightning) StdoutLine: {'line': b'[ 79%] \x1b[32mBuilding CXX object src/CMakeFiles/lightning.libs.dir/core/system/slam.cc.o\x1b[0m\n'}
[0.346784] (lightning) StdoutLine: {'line': b'[ 80%] \x1b[32mBuilding CXX object src/CMakeFiles/lightning.libs.dir/core/system/loc_system.cc.o\x1b[0m\n'}
[0.399930] (-) TimerEvent: {}
[0.500194] (-) TimerEvent: {}
[0.600435] (-) TimerEvent: {}
[0.700758] (-) TimerEvent: {}
[0.801142] (-) TimerEvent: {}
[0.901454] (-) TimerEvent: {}
[1.001799] (-) TimerEvent: {}
[1.102155] (-) TimerEvent: {}
[1.202554] (-) TimerEvent: {}
[1.302931] (-) TimerEvent: {}
[1.403263] (-) TimerEvent: {}
[1.503602] (-) TimerEvent: {}
[1.603994] (-) TimerEvent: {}
[1.704346] (-) TimerEvent: {}
[1.804749] (-) TimerEvent: {}
[1.905130] (-) TimerEvent: {}
[2.005551] (-) TimerEvent: {}
[2.105918] (-) TimerEvent: {}
[2.206283] (-) TimerEvent: {}
[2.306652] (-) TimerEvent: {}
[2.406988] (-) TimerEvent: {}
[2.424946] (lightning) StderrLine: {'line': b'In file included from \x1b[01m\x1b[K/home/kepler/Documents/Codex/2026-08-14/microsoft-visual-studio-code-stable-vs/outputs/lightning_lm_ws/src/lightning-lm/src/core/miao/core/graph/optimizer.h:8\x1b[m\x1b[K,\n'}
[2.425157] (lightning) StderrLine: {'line': b'                 from \x1b[01m\x1b[K/home/kepler/Documents/Codex/2026-08-14/microsoft-visual-studio-code-stable-vs/outputs/lightning_lm_ws/src/lightning-lm/src/core/localization/pose_graph/pgo_impl.h:16\x1b[m\x1b[K,\n'}
[2.425229] (lightning) StderrLine: {'line': b'                 from \x1b[01m\x1b[K/home/kepler/Documents/Codex/2026-08-14/microsoft-visual-studio-code-stable-vs/outputs/lightning_lm_ws/src/lightning-lm/src/core/localization/pose_graph/pgo.h:7\x1b[m\x1b[K,\n'}
[2.425292] (lightning) StderrLine: {'line': b'                 from \x1b[01m\x1b[K/home/kepler/Documents/Codex/2026-08-14/microsoft-visual-studio-code-stable-vs/outputs/lightning_lm_ws/src/lightning-lm/src/core/localization/pose_graph/pgo.cc:1\x1b[m\x1b[K:\n'}
[2.425354] (lightning) StderrLine: {'line': b'\x1b[01m\x1b[K/home/kepler/Documents/Codex/2026-08-14/microsoft-visual-studio-code-stable-vs/outputs/lightning_lm_ws/src/lightning-lm/src/core/miao/core/common/config.h:\x1b[m\x1b[K In constructor \xe2\x80\x98\x1b[01m\x1b[Klightning::miao::OptimizerConfig::OptimizerConfig(lightning::miao::AlgorithmType, lightning::miao::LinearSolverType, bool)\x1b[m\x1b[K\xe2\x80\x99:\n'}
[2.425445] (lightning) StderrLine: {'line': b'\x1b[01m\x1b[K/home/kepler/Documents/Codex/2026-08-14/microsoft-visual-studio-code-stable-vs/outputs/lightning_lm_ws/src/lightning-lm/src/core/miao/core/common/config.h:44:10:\x1b[m\x1b[K \x1b[01;35m\x1b[Kwarning: \x1b[m\x1b[K\xe2\x80\x98\x1b[01m\x1b[Klightning::miao::OptimizerConfig::is_dense_\x1b[m\x1b[K\xe2\x80\x99 will be initialized after [\x1b[01;35m\x1b[K\x1b]8;;https://gcc.gnu.org/onlinedocs/gcc/Warning-Options.html#index-Wreorder\x07-Wreorder\x1b]8;;\x07\x1b[m\x1b[K]\n'}
[2.425511] (lightning) StderrLine: {'line': b'   44 |     bool \x1b[01;35m\x1b[Kis_dense_\x1b[m\x1b[K = true;\n'}
[2.425570] (lightning) StderrLine: {'line': b'      |          \x1b[01;35m\x1b[K^~~~~~~~~\x1b[m\x1b[K\n'}
[2.425629] (lightning) StderrLine: {'line': b'\x1b[01m\x1b[K/home/kepler/Documents/Codex/2026-08-14/microsoft-visual-studio-code-stable-vs/outputs/lightning_lm_ws/src/lightning-lm/src/core/miao/core/common/config.h:39:22:\x1b[m\x1b[K \x1b[01;35m\x1b[Kwarning: \x1b[m\x1b[K  \xe2\x80\x98\x1b[01m\x1b[Klightning::miao::LinearSolverType lightning::miao::OptimizerConfig::linear_solver_type_\x1b[m\x1b[K\xe2\x80\x99 [\x1b[01;35m\x1b[K\x1b]8;;https://gcc.gnu.org/onlinedocs/gcc/Warning-Options.html#index-Wreorder\x07-Wreorder\x1b]8;;\x07\x1b[m\x1b[K]\n'}
[2.425691] (lightning) StderrLine: {'line': b'   39 |     LinearSolverType \x1b[01;35m\x1b[Klinear_solver_type_\x1b[m\x1b[K = LinearSolverType::LINEAR_SOLVER_SPARSE_EIGEN;\n'}
[2.425755] (lightning) StderrLine: {'line': b'      |                      \x1b[01;35m\x1b[K^~~~~~~~~~~~~~~~~~~\x1b[m\x1b[K\n'}
[2.425814] (lightning) StderrLine: {'line': b'\x1b[01m\x1b[K/home/kepler/Documents/Codex/2026-08-14/microsoft-visual-studio-code-stable-vs/outputs/lightning_lm_ws/src/lightning-lm/src/core/miao/core/common/config.h:31:14:\x1b[m\x1b[K \x1b[01;35m\x1b[Kwarning: \x1b[m\x1b[K  when initialized here [\x1b[01;35m\x1b[K\x1b]8;;https://gcc.gnu.org/onlinedocs/gcc/Warning-Options.html#index-Wreorder\x07-Wreorder\x1b]8;;\x07\x1b[m\x1b[K]\n'}
[2.425874] (lightning) StderrLine: {'line': b'   31 |     explicit \x1b[01;35m\x1b[KOptimizerConfig\x1b[m\x1b[K(AlgorithmType algo_type,\n'}
[2.425932] (lightning) StderrLine: {'line': b'      |              \x1b[01;35m\x1b[K^~~~~~~~~~~~~~~\x1b[m\x1b[K\n'}
[2.442958] (lightning) StderrLine: {'line': b'In file included from \x1b[01m\x1b[K/home/kepler/Documents/Codex/2026-08-14/microsoft-visual-studio-code-stable-vs/outputs/lightning_lm_ws/src/lightning-lm/src/core/miao/core/graph/optimizer.h:9\x1b[m\x1b[K,\n'}
[2.443164] (lightning) StderrLine: {'line': b'                 from \x1b[01m\x1b[K/home/kepler/Documents/Codex/2026-08-14/microsoft-visual-studio-code-stable-vs/outputs/lightning_lm_ws/src/lightning-lm/src/core/localization/pose_graph/pgo_impl.h:16\x1b[m\x1b[K,\n'}
[2.443227] (lightning) StderrLine: {'line': b'                 from \x1b[01m\x1b[K/home/kepler/Documents/Codex/2026-08-14/microsoft-visual-studio-code-stable-vs/outputs/lightning_lm_ws/src/lightning-lm/src/core/localization/pose_graph/pgo.h:7\x1b[m\x1b[K,\n'}
[2.443281] (lightning) StderrLine: {'line': b'                 from \x1b[01m\x1b[K/home/kepler/Documents/Codex/2026-08-14/microsoft-visual-studio-code-stable-vs/outputs/lightning_lm_ws/src/lightning-lm/src/core/localization/pose_graph/pgo.cc:1\x1b[m\x1b[K:\n'}
[2.443331] (lightning) StderrLine: {'line': b'\x1b[01m\x1b[K/home/kepler/Documents/Codex/2026-08-14/microsoft-visual-studio-code-stable-vs/outputs/lightning_lm_ws/src/lightning-lm/src/core/miao/core/graph/graph.h:\x1b[m\x1b[K In member function \xe2\x80\x98\x1b[01m\x1b[Kvirtual int lightning::miao::Graph::Optimize(int)\x1b[m\x1b[K\xe2\x80\x99:\n'}
[2.443389] (lightning) StderrLine: {'line': b'\x1b[01m\x1b[K/home/kepler/Documents/Codex/2026-08-14/microsoft-visual-studio-code-stable-vs/outputs/lightning_lm_ws/src/lightning-lm/src/core/miao/core/graph/graph.h:80:30:\x1b[m\x1b[K \x1b[01;35m\x1b[Kwarning: \x1b[m\x1b[Kunused parameter \xe2\x80\x98\x1b[01m\x1b[Kinterations\x1b[m\x1b[K\xe2\x80\x99 [\x1b[01;35m\x1b[K\x1b]8;;https://gcc.gnu.org/onlinedocs/gcc/Warning-Options.html#index-Wunused-parameter\x07-Wunused-parameter\x1b]8;;\x07\x1b[m\x1b[K]\n'}
[2.443451] (lightning) StderrLine: {'line': b'   80 |     virtual int Optimize(\x1b[01;35m\x1b[Kint interations\x1b[m\x1b[K) { return 0; }\n'}
[2.443499] (lightning) StderrLine: {'line': b'      |                          \x1b[01;35m\x1b[K~~~~^~~~~~~~~~~\x1b[m\x1b[K\n'}
[2.507104] (-) TimerEvent: {}
[2.607433] (-) TimerEvent: {}
[2.707789] (-) TimerEvent: {}
[2.808117] (-) TimerEvent: {}
[2.908453] (-) TimerEvent: {}
[2.952684] (lightning) StderrLine: {'line': b'In file included from \x1b[01m\x1b[K/home/kepler/Documents/Codex/2026-08-14/microsoft-visual-studio-code-stable-vs/outputs/lightning_lm_ws/src/lightning-lm/src/core/g2p5/g2p5.h:9\x1b[m\x1b[K,\n'}
[2.952887] (lightning) StderrLine: {'line': b'                 from \x1b[01m\x1b[K/home/kepler/Documents/Codex/2026-08-14/microsoft-visual-studio-code-stable-vs/outputs/lightning_lm_ws/src/lightning-lm/src/core/g2p5/g2p5.cc:5\x1b[m\x1b[K:\n'}
[2.952951] (lightning) StderrLine: {'line': b'\x1b[01m\x1b[K/home/kepler/Documents/Codex/2026-08-14/microsoft-visual-studio-code-stable-vs/outputs/lightning_lm_ws/src/lightning-lm/src/common/keyframe.h:\x1b[m\x1b[K In constructor \xe2\x80\x98\x1b[01m\x1b[Klightning::Keyframe::Keyframe(long unsigned int, lightning::CloudPtr, lightning::NavState)\x1b[m\x1b[K\xe2\x80\x99:\n'}
[2.953023] (lightning) StderrLine: {'line': b'\x1b[01m\x1b[K/home/kepler/Documents/Codex/2026-08-14/microsoft-visual-studio-code-stable-vs/outputs/lightning_lm_ws/src/lightning-lm/src/common/keyframe.h:74:14:\x1b[m\x1b[K \x1b[01;35m\x1b[Kwarning: \x1b[m\x1b[K\xe2\x80\x98\x1b[01m\x1b[Klightning::Keyframe::state_\x1b[m\x1b[K\xe2\x80\x99 will be initialized after [\x1b[01;35m\x1b[K\x1b]8;;https://gcc.gnu.org/onlinedocs/gcc/Warning-Options.html#index-Wreorder\x07-Wreorder\x1b]8;;\x07\x1b[m\x1b[K]\n'}
[2.953079] (lightning) StderrLine: {'line': b'   74 |     NavState \x1b[01;35m\x1b[Kstate_\x1b[m\x1b[K;  // \xe5\x8d\xa1\xe5\xb0\x94\xe6\x9b\xbc\xe6\xbb\xa4\xe6\xb3\xa2\xe5\x99\xa8\xe7\x8a\xb6\xe6\x80\x81\n'}
[2.953130] (lightning) StderrLine: {'line': b'      |              \x1b[01;35m\x1b[K^~~~~~\x1b[m\x1b[K\n'}
[2.953180] (lightning) StderrLine: {'line': b'\x1b[01m\x1b[K/home/kepler/Documents/Codex/2026-08-14/microsoft-visual-studio-code-stable-vs/outputs/lightning_lm_ws/src/lightning-lm/src/common/keyframe.h:71:9:\x1b[m\x1b[K \x1b[01;35m\x1b[Kwarning: \x1b[m\x1b[K  \xe2\x80\x98\x1b[01m\x1b[Klightning::SE3 lightning::Keyframe::pose_lio_\x1b[m\x1b[K\xe2\x80\x99 [\x1b[01;35m\x1b[K\x1b]8;;https://gcc.gnu.org/onlinedocs/gcc/Warning-Options.html#index-Wreorder\x07-Wreorder\x1b]8;;\x07\x1b[m\x1b[K]\n'}
[2.953239] (lightning) StderrLine: {'line': b'   71 |     SE3 \x1b[01;35m\x1b[Kpose_lio_\x1b[m\x1b[K;  // \xe5\x89\x8d\xe7\xab\xaf\xe7\x9a\x84pose\n'}
[2.953287] (lightning) StderrLine: {'line': b'      |         \x1b[01;35m\x1b[K^~~~~~~~~\x1b[m\x1b[K\n'}
[2.953333] (lightning) StderrLine: {'line': b'\x1b[01m\x1b[K/home/kepler/Documents/Codex/2026-08-14/microsoft-visual-studio-code-stable-vs/outputs/lightning_lm_ws/src/lightning-lm/src/common/keyframe.h:22:5:\x1b[m\x1b[K \x1b[01;35m\x1b[Kwarning: \x1b[m\x1b[K  when initialized here [\x1b[01;35m\x1b[K\x1b]8;;https://gcc.gnu.org/onlinedocs/gcc/Warning-Options.html#index-Wreorder\x07-Wreorder\x1b]8;;\x07\x1b[m\x1b[K]\n'}
[2.953396] (lightning) StderrLine: {'line': b'   22 |     \x1b[01;35m\x1b[KKeyframe\x1b[m\x1b[K(unsigned long id, CloudPtr cloud, NavState state)\n'}
[2.953446] (lightning) StderrLine: {'line': b'      |     \x1b[01;35m\x1b[K^~~~~~~~\x1b[m\x1b[K\n'}
[3.008566] (-) TimerEvent: {}
[3.108888] (-) TimerEvent: {}
[3.209222] (-) TimerEvent: {}
[3.309596] (-) TimerEvent: {}
[3.409924] (-) TimerEvent: {}
[3.481269] (lightning) StderrLine: {'line': b'In file included from \x1b[01m\x1b[K/home/kepler/Documents/Codex/2026-08-14/microsoft-visual-studio-code-stable-vs/outputs/lightning_lm_ws/src/lightning-lm/src/ui/pangolin_window_impl.cc:7\x1b[m\x1b[K:\n'}
[3.481577] (lightning) StderrLine: {'line': b'\x1b[01m\x1b[K/home/kepler/Documents/Codex/2026-08-14/microsoft-visual-studio-code-stable-vs/outputs/lightning_lm_ws/src/lightning-lm/src/common/options.h:\x1b[m\x1b[K In function \xe2\x80\x98\x1b[01m\x1b[Kvoid lightning::debug::SigHandle(int)\x1b[m\x1b[K\xe2\x80\x99:\n'}
[3.481666] (lightning) StderrLine: {'line': b'\x1b[01m\x1b[K/home/kepler/Documents/Codex/2026-08-14/microsoft-visual-studio-code-stable-vs/outputs/lightning_lm_ws/src/lightning-lm/src/common/options.h:27:27:\x1b[m\x1b[K \x1b[01;35m\x1b[Kwarning: \x1b[m\x1b[Kunused parameter \xe2\x80\x98\x1b[01m\x1b[Ksig\x1b[m\x1b[K\xe2\x80\x99 [\x1b[01;35m\x1b[K\x1b]8;;https://gcc.gnu.org/onlinedocs/gcc/Warning-Options.html#index-Wunused-parameter\x07-Wunused-parameter\x1b]8;;\x07\x1b[m\x1b[K]\n'}
[3.481734] (lightning) StderrLine: {'line': b'   27 | inline void SigHandle(\x1b[01;35m\x1b[Kint sig\x1b[m\x1b[K) {\n'}
[3.481796] (lightning) StderrLine: {'line': b'      |                       \x1b[01;35m\x1b[K~~~~^~~\x1b[m\x1b[K\n'}
[3.510078] (-) TimerEvent: {}
[3.526111] (lightning) StderrLine: {'line': b'In file included from \x1b[01m\x1b[K/home/kepler/Documents/Codex/2026-08-14/microsoft-visual-studio-code-stable-vs/outputs/lightning_lm_ws/src/lightning-lm/src/core/miao/core/graph/optimizer.h:8\x1b[m\x1b[K,\n'}
[3.526312] (lightning) StderrLine: {'line': b'                 from \x1b[01m\x1b[K/home/kepler/Documents/Codex/2026-08-14/microsoft-visual-studio-code-stable-vs/outputs/lightning_lm_ws/src/lightning-lm/src/core/localization/pose_graph/pgo_impl.h:16\x1b[m\x1b[K,\n'}
[3.526389] (lightning) StderrLine: {'line': b'                 from \x1b[01m\x1b[K/home/kepler/Documents/Codex/2026-08-14/microsoft-visual-studio-code-stable-vs/outputs/lightning_lm_ws/src/lightning-lm/src/core/localization/pose_graph/pgo_impl.cc:1\x1b[m\x1b[K:\n'}
[3.526459] (lightning) StderrLine: {'line': b'\x1b[01m\x1b[K/home/kepler/Documents/Codex/2026-08-14/microsoft-visual-studio-code-stable-vs/outputs/lightning_lm_ws/src/lightning-lm/src/core/miao/core/common/config.h:\x1b[m\x1b[K In constructor \xe2\x80\x98\x1b[01m\x1b[Klightning::miao::OptimizerConfig::OptimizerConfig(lightning::miao::AlgorithmType, lightning::miao::LinearSolverType, bool)\x1b[m\x1b[K\xe2\x80\x99:\n'}
[3.526538] (lightning) StderrLine: {'line': b'\x1b[01m\x1b[K/home/kepler/Documents/Codex/2026-08-14/microsoft-visual-studio-code-stable-vs/outputs/lightning_lm_ws/src/lightning-lm/src/core/miao/core/common/config.h:44:10:\x1b[m\x1b[K \x1b[01;35m\x1b[Kwarning: \x1b[m\x1b[K\xe2\x80\x98\x1b[01m\x1b[Klightning::miao::OptimizerConfig::is_dense_\x1b[m\x1b[K\xe2\x80\x99 will be initialized after [\x1b[01;35m\x1b[K\x1b]8;;https://gcc.gnu.org/onlinedocs/gcc/Warning-Options.html#index-Wreorder\x07-Wreorder\x1b]8;;\x07\x1b[m\x1b[K]\n'}
[3.526614] (lightning) StderrLine: {'line': b'   44 |     bool \x1b[01;35m\x1b[Kis_dense_\x1b[m\x1b[K = true;\n'}
[3.526673] (lightning) StderrLine: {'line': b'      |          \x1b[01;35m\x1b[K^~~~~~~~~\x1b[m\x1b[K\n'}
[3.526731] (lightning) StderrLine: {'line': b'\x1b[01m\x1b[K/home/kepler/Documents/Codex/2026-08-14/microsoft-visual-studio-code-stable-vs/outputs/lightning_lm_ws/src/lightning-lm/src/core/miao/core/common/config.h:39:22:\x1b[m\x1b[K \x1b[01;35m\x1b[Kwarning: \x1b[m\x1b[K  \xe2\x80\x98\x1b[01m\x1b[Klightning::miao::LinearSolverType lightning::miao::OptimizerConfig::linear_solver_type_\x1b[m\x1b[K\xe2\x80\x99 [\x1b[01;35m\x1b[K\x1b]8;;https://gcc.gnu.org/onlinedocs/gcc/Warning-Options.html#index-Wreorder\x07-Wreorder\x1b]8;;\x07\x1b[m\x1b[K]\n'}
[3.526796] (lightning) StderrLine: {'line': b'   39 |     LinearSolverType \x1b[01;35m\x1b[Klinear_solver_type_\x1b[m\x1b[K = LinearSolverType::LINEAR_SOLVER_SPARSE_EIGEN;\n'}
[3.526855] (lightning) StderrLine: {'line': b'      |                      \x1b[01;35m\x1b[K^~~~~~~~~~~~~~~~~~~\x1b[m\x1b[K\n'}
[3.526914] (lightning) StderrLine: {'line': b'\x1b[01m\x1b[K/home/kepler/Documents/Codex/2026-08-14/microsoft-visual-studio-code-stable-vs/outputs/lightning_lm_ws/src/lightning-lm/src/core/miao/core/common/config.h:31:14:\x1b[m\x1b[K \x1b[01;35m\x1b[Kwarning: \x1b[m\x1b[K  when initialized here [\x1b[01;35m\x1b[K\x1b]8;;https://gcc.gnu.org/onlinedocs/gcc/Warning-Options.html#index-Wreorder\x07-Wreorder\x1b]8;;\x07\x1b[m\x1b[K]\n'}
[3.526974] (lightning) StderrLine: {'line': b'   31 |     explicit \x1b[01;35m\x1b[KOptimizerConfig\x1b[m\x1b[K(AlgorithmType algo_type,\n'}
[3.527033] (lightning) StderrLine: {'line': b'      |              \x1b[01;35m\x1b[K^~~~~~~~~~~~~~~\x1b[m\x1b[K\n'}
[3.544732] (lightning) StderrLine: {'line': b'In file included from \x1b[01m\x1b[K/home/kepler/Documents/Codex/2026-08-14/microsoft-visual-studio-code-stable-vs/outputs/lightning_lm_ws/src/lightning-lm/src/core/miao/core/graph/optimizer.h:9\x1b[m\x1b[K,\n'}
[3.544935] (lightning) StderrLine: {'line': b'                 from \x1b[01m\x1b[K/home/kepler/Documents/Codex/2026-08-14/microsoft-visual-studio-code-stable-vs/outputs/lightning_lm_ws/src/lightning-lm/src/core/localization/pose_graph/pgo_impl.h:16\x1b[m\x1b[K,\n'}
[3.545007] (lightning) StderrLine: {'line': b'                 from \x1b[01m\x1b[K/home/kepler/Documents/Codex/2026-08-14/microsoft-visual-studio-code-stable-vs/outputs/lightning_lm_ws/src/lightning-lm/src/core/localization/pose_graph/pgo_impl.cc:1\x1b[m\x1b[K:\n'}
[3.545078] (lightning) StderrLine: {'line': b'\x1b[01m\x1b[K/home/kepler/Documents/Codex/2026-08-14/microsoft-visual-studio-code-stable-vs/outputs/lightning_lm_ws/src/lightning-lm/src/core/miao/core/graph/graph.h:\x1b[m\x1b[K In member function \xe2\x80\x98\x1b[01m\x1b[Kvirtual int lightning::miao::Graph::Optimize(int)\x1b[m\x1b[K\xe2\x80\x99:\n'}
[3.545135] (lightning) StderrLine: {'line': b'\x1b[01m\x1b[K/home/kepler/Documents/Codex/2026-08-14/microsoft-visual-studio-code-stable-vs/outputs/lightning_lm_ws/src/lightning-lm/src/core/miao/core/graph/graph.h:80:30:\x1b[m\x1b[K \x1b[01;35m\x1b[Kwarning: \x1b[m\x1b[Kunused parameter \xe2\x80\x98\x1b[01m\x1b[Kinterations\x1b[m\x1b[K\xe2\x80\x99 [\x1b[01;35m\x1b[K\x1b]8;;https://gcc.gnu.org/onlinedocs/gcc/Warning-Options.html#index-Wunused-parameter\x07-Wunused-parameter\x1b]8;;\x07\x1b[m\x1b[K]\n'}
[3.545186] (lightning) StderrLine: {'line': b'   80 |     virtual int Optimize(\x1b[01;35m\x1b[Kint interations\x1b[m\x1b[K) { return 0; }\n'}
[3.545235] (lightning) StderrLine: {'line': b'      |                          \x1b[01;35m\x1b[K~~~~^~~~~~~~~~~\x1b[m\x1b[K\n'}
[3.610186] (-) TimerEvent: {}
[3.710508] (-) TimerEvent: {}
[3.810818] (-) TimerEvent: {}
[3.901014] (lightning) StderrLine: {'line': b'In file included from \x1b[01m\x1b[K/home/kepler/Documents/Codex/2026-08-14/microsoft-visual-studio-code-stable-vs/outputs/lightning_lm_ws/src/lightning-lm/src/core/localization/pose_graph/pgo.cc:8\x1b[m\x1b[K:\n'}
[3.901205] (lightning) StderrLine: {'line': b'\x1b[01m\x1b[K/home/kepler/Documents/Codex/2026-08-14/microsoft-visual-studio-code-stable-vs/outputs/lightning_lm_ws/src/lightning-lm/src/common/options.h:\x1b[m\x1b[K In function \xe2\x80\x98\x1b[01m\x1b[Kvoid lightning::debug::SigHandle(int)\x1b[m\x1b[K\xe2\x80\x99:\n'}
[3.901271] (lightning) StderrLine: {'line': b'\x1b[01m\x1b[K/home/kepler/Documents/Codex/2026-08-14/microsoft-visual-studio-code-stable-vs/outputs/lightning_lm_ws/src/lightning-lm/src/common/options.h:27:27:\x1b[m\x1b[K \x1b[01;35m\x1b[Kwarning: \x1b[m\x1b[Kunused parameter \xe2\x80\x98\x1b[01m\x1b[Ksig\x1b[m\x1b[K\xe2\x80\x99 [\x1b[01;35m\x1b[K\x1b]8;;https://gcc.gnu.org/onlinedocs/gcc/Warning-Options.html#index-Wunused-parameter\x07-Wunused-parameter\x1b]8;;\x07\x1b[m\x1b[K]\n'}
[3.901334] (lightning) StderrLine: {'line': b'   27 | inline void SigHandle(\x1b[01;35m\x1b[Kint sig\x1b[m\x1b[K) {\n'}
[3.901395] (lightning) StderrLine: {'line': b'      |                       \x1b[01;35m\x1b[K~~~~^~~\x1b[m\x1b[K\n'}
[3.910938] (-) TimerEvent: {}
[4.011255] (-) TimerEvent: {}
[4.111581] (-) TimerEvent: {}
[4.211898] (-) TimerEvent: {}
[4.228520] (lightning) StderrLine: {'line': b'\x1b[01m\x1b[K/home/kepler/Documents/Codex/2026-08-14/microsoft-visual-studio-code-stable-vs/outputs/lightning_lm_ws/src/lightning-lm/src/core/g2p5/g2p5.cc:\x1b[m\x1b[K In member function \xe2\x80\x98\x1b[01m\x1b[Kvoid lightning::g2p5::G2P5::RenderBack()\x1b[m\x1b[K\xe2\x80\x99:\n'}
[4.228713] (lightning) StderrLine: {'line': b'\x1b[01m\x1b[K/home/kepler/Documents/Codex/2026-08-14/microsoft-visual-studio-code-stable-vs/outputs/lightning_lm_ws/src/lightning-lm/src/core/g2p5/g2p5.cc:128:25:\x1b[m\x1b[K \x1b[01;35m\x1b[Kwarning: \x1b[m\x1b[Kcomparison of integer expressions of different signedness: \xe2\x80\x98\x1b[01m\x1b[Kint\x1b[m\x1b[K\xe2\x80\x99 and \xe2\x80\x98\x1b[01m\x1b[Klong unsigned int\x1b[m\x1b[K\xe2\x80\x99 [\x1b[01;35m\x1b[K\x1b]8;;https://gcc.gnu.org/onlinedocs/gcc/Warning-Options.html#index-Wsign-compare\x07-Wsign-compare\x1b]8;;\x07\x1b[m\x1b[K]\n'}
[4.228782] (lightning) StderrLine: {'line': b'  128 |             if (\x1b[01;35m\x1b[Kcur_idx == frontend_kf->GetID()\x1b[m\x1b[K) {\n'}
[4.228841] (lightning) StderrLine: {'line': b'      |                 \x1b[01;35m\x1b[K~~~~~~~~^~~~~~~~~~~~~~~~~~~~~~~\x1b[m\x1b[K\n'}
[4.239505] (lightning) StderrLine: {'line': b'In file included from \x1b[01m\x1b[K/home/kepler/Documents/Codex/2026-08-14/microsoft-visual-studio-code-stable-vs/outputs/lightning_lm_ws/src/lightning-lm/src/core/loop_closing/loop_closing.h:8\x1b[m\x1b[K,\n'}
[4.239683] (lightning) StderrLine: {'line': b'                 from \x1b[01m\x1b[K/home/kepler/Documents/Codex/2026-08-14/microsoft-visual-studio-code-stable-vs/outputs/lightning_lm_ws/src/lightning-lm/src/core/loop_closing/loop_closing.cc:5\x1b[m\x1b[K:\n'}
[4.239748] (lightning) StderrLine: {'line': b'\x1b[01m\x1b[K/home/kepler/Documents/Codex/2026-08-14/microsoft-visual-studio-code-stable-vs/outputs/lightning_lm_ws/src/lightning-lm/src/common/keyframe.h:\x1b[m\x1b[K In constructor \xe2\x80\x98\x1b[01m\x1b[Klightning::Keyframe::Keyframe(long unsigned int, lightning::CloudPtr, lightning::NavState)\x1b[m\x1b[K\xe2\x80\x99:\n'}
[4.239804] (lightning) StderrLine: {'line': b'\x1b[01m\x1b[K/home/kepler/Documents/Codex/2026-08-14/microsoft-visual-studio-code-stable-vs/outputs/lightning_lm_ws/src/lightning-lm/src/common/keyframe.h:74:14:\x1b[m\x1b[K \x1b[01;35m\x1b[Kwarning: \x1b[m\x1b[K\xe2\x80\x98\x1b[01m\x1b[Klightning::Keyframe::state_\x1b[m\x1b[K\xe2\x80\x99 will be initialized after [\x1b[01;35m\x1b[K\x1b]8;;https://gcc.gnu.org/onlinedocs/gcc/Warning-Options.html#index-Wreorder\x07-Wreorder\x1b]8;;\x07\x1b[m\x1b[K]\n'}
[4.239866] (lightning) StderrLine: {'line': b'   74 |     NavState \x1b[01;35m\x1b[Kstate_\x1b[m\x1b[K;  // \xe5\x8d\xa1\xe5\xb0\x94\xe6\x9b\xbc\xe6\xbb\xa4\xe6\xb3\xa2\xe5\x99\xa8\xe7\x8a\xb6\xe6\x80\x81\n'}
[4.239926] (lightning) StderrLine: {'line': b'      |              \x1b[01;35m\x1b[K^~~~~~\x1b[m\x1b[K\n'}
[4.239975] (lightning) StderrLine: {'line': b'\x1b[01m\x1b[K/home/kepler/Documents/Codex/2026-08-14/microsoft-visual-studio-code-stable-vs/outputs/lightning_lm_ws/src/lightning-lm/src/common/keyframe.h:71:9:\x1b[m\x1b[K \x1b[01;35m\x1b[Kwarning: \x1b[m\x1b[K  \xe2\x80\x98\x1b[01m\x1b[Klightning::SE3 lightning::Keyframe::pose_lio_\x1b[m\x1b[K\xe2\x80\x99 [\x1b[01;35m\x1b[K\x1b]8;;https://gcc.gnu.org/onlinedocs/gcc/Warning-Options.html#index-Wreorder\x07-Wreorder\x1b]8;;\x07\x1b[m\x1b[K]\n'}
[4.240031] (lightning) StderrLine: {'line': b'   71 |     SE3 \x1b[01;35m\x1b[Kpose_lio_\x1b[m\x1b[K;  // \xe5\x89\x8d\xe7\xab\xaf\xe7\x9a\x84pose\n'}
[4.240077] (lightning) StderrLine: {'line': b'      |         \x1b[01;35m\x1b[K^~~~~~~~~\x1b[m\x1b[K\n'}
[4.240120] (lightning) StderrLine: {'line': b'\x1b[01m\x1b[K/home/kepler/Documents/Codex/2026-08-14/microsoft-visual-studio-code-stable-vs/outputs/lightning_lm_ws/src/lightning-lm/src/common/keyframe.h:22:5:\x1b[m\x1b[K \x1b[01;35m\x1b[Kwarning: \x1b[m\x1b[K  when initialized here [\x1b[01;35m\x1b[K\x1b]8;;https://gcc.gnu.org/onlinedocs/gcc/Warning-Options.html#index-Wreorder\x07-Wreorder\x1b]8;;\x07\x1b[m\x1b[K]\n'}
[4.240169] (lightning) StderrLine: {'line': b'   22 |     \x1b[01;35m\x1b[KKeyframe\x1b[m\x1b[K(unsigned long id, CloudPtr cloud, NavState state)\n'}
[4.240213] (lightning) StderrLine: {'line': b'      |     \x1b[01;35m\x1b[K^~~~~~~~\x1b[m\x1b[K\n'}
[4.265404] (lightning) StderrLine: {'line': b'In file included from \x1b[01m\x1b[K/home/kepler/Documents/Codex/2026-08-14/microsoft-visual-studio-code-stable-vs/outputs/lightning_lm_ws/src/lightning-lm/src/core/miao/core/graph/optimizer.h:8\x1b[m\x1b[K,\n'}
[4.265594] (lightning) StderrLine: {'line': b'                 from \x1b[01m\x1b[K/home/kepler/Documents/Codex/2026-08-14/microsoft-visual-studio-code-stable-vs/outputs/lightning_lm_ws/src/lightning-lm/src/core/loop_closing/loop_closing.h:12\x1b[m\x1b[K,\n'}
[4.265651] (lightning) StderrLine: {'line': b'                 from \x1b[01m\x1b[K/home/kepler/Documents/Codex/2026-08-14/microsoft-visual-studio-code-stable-vs/outputs/lightning_lm_ws/src/lightning-lm/src/core/loop_closing/loop_closing.cc:5\x1b[m\x1b[K:\n'}
[4.265699] (lightning) StderrLine: {'line': b'\x1b[01m\x1b[K/home/kepler/Documents/Codex/2026-08-14/microsoft-visual-studio-code-stable-vs/outputs/lightning_lm_ws/src/lightning-lm/src/core/miao/core/common/config.h:\x1b[m\x1b[K In constructor \xe2\x80\x98\x1b[01m\x1b[Klightning::miao::OptimizerConfig::OptimizerConfig(lightning::miao::AlgorithmType, lightning::miao::LinearSolverType, bool)\x1b[m\x1b[K\xe2\x80\x99:\n'}
[4.265750] (lightning) StderrLine: {'line': b'\x1b[01m\x1b[K/home/kepler/Documents/Codex/2026-08-14/microsoft-visual-studio-code-stable-vs/outputs/lightning_lm_ws/src/lightning-lm/src/core/miao/core/common/config.h:44:10:\x1b[m\x1b[K \x1b[01;35m\x1b[Kwarning: \x1b[m\x1b[K\xe2\x80\x98\x1b[01m\x1b[Klightning::miao::OptimizerConfig::is_dense_\x1b[m\x1b[K\xe2\x80\x99 will be initialized after [\x1b[01;35m\x1b[K\x1b]8;;https://gcc.gnu.org/onlinedocs/gcc/Warning-Options.html#index-Wreorder\x07-Wreorder\x1b]8;;\x07\x1b[m\x1b[K]\n'}
[4.265814] (lightning) StderrLine: {'line': b'   44 |     bool \x1b[01;35m\x1b[Kis_dense_\x1b[m\x1b[K = true;\n'}
[4.265860] (lightning) StderrLine: {'line': b'      |          \x1b[01;35m\x1b[K^~~~~~~~~\x1b[m\x1b[K\n'}
[4.265903] (lightning) StderrLine: {'line': b'\x1b[01m\x1b[K/home/kepler/Documents/Codex/2026-08-14/microsoft-visual-studio-code-stable-vs/outputs/lightning_lm_ws/src/lightning-lm/src/core/miao/core/common/config.h:39:22:\x1b[m\x1b[K \x1b[01;35m\x1b[Kwarning: \x1b[m\x1b[K  \xe2\x80\x98\x1b[01m\x1b[Klightning::miao::LinearSolverType lightning::miao::OptimizerConfig::linear_solver_type_\x1b[m\x1b[K\xe2\x80\x99 [\x1b[01;35m\x1b[K\x1b]8;;https://gcc.gnu.org/onlinedocs/gcc/Warning-Options.html#index-Wreorder\x07-Wreorder\x1b]8;;\x07\x1b[m\x1b[K]\n'}
[4.265954] (lightning) StderrLine: {'line': b'   39 |     LinearSolverType \x1b[01;35m\x1b[Klinear_solver_type_\x1b[m\x1b[K = LinearSolverType::LINEAR_SOLVER_SPARSE_EIGEN;\n'}
[4.266000] (lightning) StderrLine: {'line': b'      |                      \x1b[01;35m\x1b[K^~~~~~~~~~~~~~~~~~~\x1b[m\x1b[K\n'}
[4.266043] (lightning) StderrLine: {'line': b'\x1b[01m\x1b[K/home/kepler/Documents/Codex/2026-08-14/microsoft-visual-studio-code-stable-vs/outputs/lightning_lm_ws/src/lightning-lm/src/core/miao/core/common/config.h:31:14:\x1b[m\x1b[K \x1b[01;35m\x1b[Kwarning: \x1b[m\x1b[K  when initialized here [\x1b[01;35m\x1b[K\x1b]8;;https://gcc.gnu.org/onlinedocs/gcc/Warning-Options.html#index-Wreorder\x07-Wreorder\x1b]8;;\x07\x1b[m\x1b[K]\n'}
[4.266089] (lightning) StderrLine: {'line': b'   31 |     explicit \x1b[01;35m\x1b[KOptimizerConfig\x1b[m\x1b[K(AlgorithmType algo_type,\n'}
[4.266132] (lightning) StderrLine: {'line': b'      |              \x1b[01;35m\x1b[K^~~~~~~~~~~~~~~\x1b[m\x1b[K\n'}
[4.274046] (lightning) StderrLine: {'line': b'In file included from \x1b[01m\x1b[K/home/kepler/Documents/Codex/2026-08-14/microsoft-visual-studio-code-stable-vs/outputs/lightning_lm_ws/src/lightning-lm/src/core/lightning_math.hpp:22\x1b[m\x1b[K,\n'}
[4.274211] (lightning) StderrLine: {'line': b'                 from \x1b[01m\x1b[K/home/kepler/Documents/Codex/2026-08-14/microsoft-visual-studio-code-stable-vs/outputs/lightning_lm_ws/src/lightning-lm/src/core/localization/lidar_loc/pclomp/voxel_grid_covariance_omp.h:47\x1b[m\x1b[K,\n'}
[4.274276] (lightning) StderrLine: {'line': b'                 from \x1b[01m\x1b[K/home/kepler/Documents/Codex/2026-08-14/microsoft-visual-studio-code-stable-vs/outputs/lightning_lm_ws/src/lightning-lm/src/core/localization/lidar_loc/pclomp/ndt_omp.h:47\x1b[m\x1b[K,\n'}
[4.274330] (lightning) StderrLine: {'line': b'                 from \x1b[01m\x1b[K/home/kepler/Documents/Codex/2026-08-14/microsoft-visual-studio-code-stable-vs/outputs/lightning_lm_ws/src/lightning-lm/src/core/localization/lidar_loc/pclomp/ndt_omp.cpp:1\x1b[m\x1b[K:\n'}
[4.274391] (lightning) StderrLine: {'line': b'\x1b[01m\x1b[K/home/kepler/Documents/Codex/2026-08-14/microsoft-visual-studio-code-stable-vs/outputs/lightning_lm_ws/src/lightning-lm/src/common/options.h:\x1b[m\x1b[K In function \xe2\x80\x98\x1b[01m\x1b[Kvoid lightning::debug::SigHandle(int)\x1b[m\x1b[K\xe2\x80\x99:\n'}
[4.274458] (lightning) StderrLine: {'line': b'\x1b[01m\x1b[K/home/kepler/Documents/Codex/2026-08-14/microsoft-visual-studio-code-stable-vs/outputs/lightning_lm_ws/src/lightning-lm/src/common/options.h:27:27:\x1b[m\x1b[K \x1b[01;35m\x1b[Kwarning: \x1b[m\x1b[Kunused parameter \xe2\x80\x98\x1b[01m\x1b[Ksig\x1b[m\x1b[K\xe2\x80\x99 [\x1b[01;35m\x1b[K\x1b]8;;https://gcc.gnu.org/onlinedocs/gcc/Warning-Options.html#index-Wunused-parameter\x07-Wunused-parameter\x1b]8;;\x07\x1b[m\x1b[K]\n'}
[4.274517] (lightning) StderrLine: {'line': b'   27 | inline void SigHandle(\x1b[01;35m\x1b[Kint sig\x1b[m\x1b[K) {\n'}
[4.274572] (lightning) StderrLine: {'line': b'      |                       \x1b[01;35m\x1b[K~~~~^~~\x1b[m\x1b[K\n'}
[4.280531] (lightning) StderrLine: {'line': b'In file included from \x1b[01m\x1b[K/home/kepler/Documents/Codex/2026-08-14/microsoft-visual-studio-code-stable-vs/outputs/lightning_lm_ws/src/lightning-lm/src/core/lightning_math.hpp:22\x1b[m\x1b[K,\n'}
[4.280717] (lightning) StderrLine: {'line': b'                 from \x1b[01m\x1b[K/home/kepler/Documents/Codex/2026-08-14/microsoft-visual-studio-code-stable-vs/outputs/lightning_lm_ws/src/lightning-lm/src/core/lio/eskf.cc:6\x1b[m\x1b[K:\n'}
[4.280787] (lightning) StderrLine: {'line': b'\x1b[01m\x1b[K/home/kepler/Documents/Codex/2026-08-14/microsoft-visual-studio-code-stable-vs/outputs/lightning_lm_ws/src/lightning-lm/src/common/options.h:\x1b[m\x1b[K In function \xe2\x80\x98\x1b[01m\x1b[Kvoid lightning::debug::SigHandle(int)\x1b[m\x1b[K\xe2\x80\x99:\n'}
[4.280852] (lightning) StderrLine: {'line': b'\x1b[01m\x1b[K/home/kepler/Documents/Codex/2026-08-14/microsoft-visual-studio-code-stable-vs/outputs/lightning_lm_ws/src/lightning-lm/src/common/options.h:27:27:\x1b[m\x1b[K \x1b[01;35m\x1b[Kwarning: \x1b[m\x1b[Kunused parameter \xe2\x80\x98\x1b[01m\x1b[Ksig\x1b[m\x1b[K\xe2\x80\x99 [\x1b[01;35m\x1b[K\x1b]8;;https://gcc.gnu.org/onlinedocs/gcc/Warning-Options.html#index-Wunused-parameter\x07-Wunused-parameter\x1b]8;;\x07\x1b[m\x1b[K]\n'}
[4.280931] (lightning) StderrLine: {'line': b'   27 | inline void SigHandle(\x1b[01;35m\x1b[Kint sig\x1b[m\x1b[K) {\n'}
[4.280991] (lightning) StderrLine: {'line': b'      |                       \x1b[01;35m\x1b[K~~~~^~~\x1b[m\x1b[K\n'}
[4.301985] (lightning) StderrLine: {'line': b'In file included from \x1b[01m\x1b[K/home/kepler/Documents/Codex/2026-08-14/microsoft-visual-studio-code-stable-vs/outputs/lightning_lm_ws/src/lightning-lm/src/core/miao/core/graph/optimizer.h:9\x1b[m\x1b[K,\n'}
[4.302169] (lightning) StderrLine: {'line': b'                 from \x1b[01m\x1b[K/home/kepler/Documents/Codex/2026-08-14/microsoft-visual-studio-code-stable-vs/outputs/lightning_lm_ws/src/lightning-lm/src/core/loop_closing/loop_closing.h:12\x1b[m\x1b[K,\n'}
[4.302246] (lightning) StderrLine: {'line': b'                 from \x1b[01m\x1b[K/home/kepler/Documents/Codex/2026-08-14/microsoft-visual-studio-code-stable-vs/outputs/lightning_lm_ws/src/lightning-lm/src/core/loop_closing/loop_closing.cc:5\x1b[m\x1b[K:\n'}
[4.302305] (lightning) StderrLine: {'line': b'\x1b[01m\x1b[K/home/kepler/Documents/Codex/2026-08-14/microsoft-visual-studio-code-stable-vs/outputs/lightning_lm_ws/src/lightning-lm/src/core/miao/core/graph/graph.h:\x1b[m\x1b[K In member function \xe2\x80\x98\x1b[01m\x1b[Kvirtual int lightning::miao::Graph::Optimize(int)\x1b[m\x1b[K\xe2\x80\x99:\n'}
[4.302356] (lightning) StderrLine: {'line': b'\x1b[01m\x1b[K/home/kepler/Documents/Codex/2026-08-14/microsoft-visual-studio-code-stable-vs/outputs/lightning_lm_ws/src/lightning-lm/src/core/miao/core/graph/graph.h:80:30:\x1b[m\x1b[K \x1b[01;35m\x1b[Kwarning: \x1b[m\x1b[Kunused parameter \xe2\x80\x98\x1b[01m\x1b[Kinterations\x1b[m\x1b[K\xe2\x80\x99 [\x1b[01;35m\x1b[K\x1b]8;;https://gcc.gnu.org/onlinedocs/gcc/Warning-Options.html#index-Wunused-parameter\x07-Wunused-parameter\x1b]8;;\x07\x1b[m\x1b[K]\n'}
[4.302418] (lightning) StderrLine: {'line': b'   80 |     virtual int Optimize(\x1b[01;35m\x1b[Kint interations\x1b[m\x1b[K) { return 0; }\n'}
[4.302473] (lightning) StderrLine: {'line': b'      |                          \x1b[01;35m\x1b[K~~~~^~~~~~~~~~~\x1b[m\x1b[K\n'}
[4.312010] (-) TimerEvent: {}
[4.396458] (lightning) StderrLine: {'line': b'In file included from \x1b[01m\x1b[K/home/kepler/Documents/Codex/2026-08-14/microsoft-visual-studio-code-stable-vs/outputs/lightning_lm_ws/src/lightning-lm/src/core/system/slam.h:18\x1b[m\x1b[K,\n'}
[4.396644] (lightning) StderrLine: {'line': b'                 from \x1b[01m\x1b[K/home/kepler/Documents/Codex/2026-08-14/microsoft-visual-studio-code-stable-vs/outputs/lightning_lm_ws/src/lightning-lm/src/core/system/slam.cc:5\x1b[m\x1b[K:\n'}
[4.396709] (lightning) StderrLine: {'line': b'\x1b[01m\x1b[K/home/kepler/Documents/Codex/2026-08-14/microsoft-visual-studio-code-stable-vs/outputs/lightning_lm_ws/src/lightning-lm/src/common/keyframe.h:\x1b[m\x1b[K In constructor \xe2\x80\x98\x1b[01m\x1b[Klightning::Keyframe::Keyframe(long unsigned int, lightning::CloudPtr, lightning::NavState)\x1b[m\x1b[K\xe2\x80\x99:\n'}
[4.396767] (lightning) StderrLine: {'line': b'\x1b[01m\x1b[K/home/kepler/Documents/Codex/2026-08-14/microsoft-visual-studio-code-stable-vs/outputs/lightning_lm_ws/src/lightning-lm/src/common/keyframe.h:74:14:\x1b[m\x1b[K \x1b[01;35m\x1b[Kwarning: \x1b[m\x1b[K\xe2\x80\x98\x1b[01m\x1b[Klightning::Keyframe::state_\x1b[m\x1b[K\xe2\x80\x99 will be initialized after [\x1b[01;35m\x1b[K\x1b]8;;https://gcc.gnu.org/onlinedocs/gcc/Warning-Options.html#index-Wreorder\x07-Wreorder\x1b]8;;\x07\x1b[m\x1b[K]\n'}
[4.396823] (lightning) StderrLine: {'line': b'   74 |     NavState \x1b[01;35m\x1b[Kstate_\x1b[m\x1b[K;  // \xe5\x8d\xa1\xe5\xb0\x94\xe6\x9b\xbc\xe6\xbb\xa4\xe6\xb3\xa2\xe5\x99\xa8\xe7\x8a\xb6\xe6\x80\x81\n'}
[4.396887] (lightning) StderrLine: {'line': b'      |              \x1b[01;35m\x1b[K^~~~~~\x1b[m\x1b[K\n'}
[4.396936] (lightning) StderrLine: {'line': b'\x1b[01m\x1b[K/home/kepler/Documents/Codex/2026-08-14/microsoft-visual-studio-code-stable-vs/outputs/lightning_lm_ws/src/lightning-lm/src/common/keyframe.h:71:9:\x1b[m\x1b[K \x1b[01;35m\x1b[Kwarning: \x1b[m\x1b[K  \xe2\x80\x98\x1b[01m\x1b[Klightning::SE3 lightning::Keyframe::pose_lio_\x1b[m\x1b[K\xe2\x80\x99 [\x1b[01;35m\x1b[K\x1b]8;;https://gcc.gnu.org/onlinedocs/gcc/Warning-Options.html#index-Wreorder\x07-Wreorder\x1b]8;;\x07\x1b[m\x1b[K]\n'}
[4.396993] (lightning) StderrLine: {'line': b'   71 |     SE3 \x1b[01;35m\x1b[Kpose_lio_\x1b[m\x1b[K;  // \xe5\x89\x8d\xe7\xab\xaf\xe7\x9a\x84pose\n'}
[4.397041] (lightning) StderrLine: {'line': b'      |         \x1b[01;35m\x1b[K^~~~~~~~~\x1b[m\x1b[K\n'}
[4.397084] (lightning) StderrLine: {'line': b'\x1b[01m\x1b[K/home/kepler/Documents/Codex/2026-08-14/microsoft-visual-studio-code-stable-vs/outputs/lightning_lm_ws/src/lightning-lm/src/common/keyframe.h:22:5:\x1b[m\x1b[K \x1b[01;35m\x1b[Kwarning: \x1b[m\x1b[K  when initialized here [\x1b[01;35m\x1b[K\x1b]8;;https://gcc.gnu.org/onlinedocs/gcc/Warning-Options.html#index-Wreorder\x07-Wreorder\x1b]8;;\x07\x1b[m\x1b[K]\n'}
[4.397134] (lightning) StderrLine: {'line': b'   22 |     \x1b[01;35m\x1b[KKeyframe\x1b[m\x1b[K(unsigned long id, CloudPtr cloud, NavState state)\n'}
[4.397182] (lightning) StderrLine: {'line': b'      |     \x1b[01;35m\x1b[K^~~~~~~~\x1b[m\x1b[K\n'}
[4.412129] (-) TimerEvent: {}
[4.512444] (-) TimerEvent: {}
[4.612757] (-) TimerEvent: {}
[4.681966] (lightning) StderrLine: {'line': b'\x1b[01m\x1b[K/home/kepler/Documents/Codex/2026-08-14/microsoft-visual-studio-code-stable-vs/outputs/lightning_lm_ws/src/lightning-lm/src/core/lio/eskf.cc:\x1b[m\x1b[K In member function \xe2\x80\x98\x1b[01m\x1b[Kvoid lightning::ESKF::Predict(const double&, const ProcessNoiseType&, const Vec3d&, const Vec3d&)\x1b[m\x1b[K\xe2\x80\x99:\n'}
[4.682179] (lightning) StderrLine: {'line': b'\x1b[01m\x1b[K/home/kepler/Documents/Codex/2026-08-14/microsoft-visual-studio-code-stable-vs/outputs/lightning_lm_ws/src/lightning-lm/src/core/lio/eskf.cc:45:14:\x1b[m\x1b[K \x1b[01;35m\x1b[Kwarning: \x1b[m\x1b[Kvariable \xe2\x80\x98\x1b[01m\x1b[Kx_before\x1b[m\x1b[K\xe2\x80\x99 set but not used [\x1b[01;35m\x1b[K\x1b]8;;https://gcc.gnu.org/onlinedocs/gcc/Warning-Options.html#index-Wunused-but-set-variable\x07-Wunused-but-set-variable\x1b]8;;\x07\x1b[m\x1b[K]\n'}
[4.682250] (lightning) StderrLine: {'line': b'   45 |     NavState \x1b[01;35m\x1b[Kx_before\x1b[m\x1b[K = x_;\n'}
[4.682306] (lightning) StderrLine: {'line': b'      |              \x1b[01;35m\x1b[K^~~~~~~~\x1b[m\x1b[K\n'}
[4.712877] (-) TimerEvent: {}
[4.813214] (-) TimerEvent: {}
[4.913560] (-) TimerEvent: {}
[4.931193] (lightning) StderrLine: {'line': b'In file included from \x1b[01m\x1b[K/home/kepler/Documents/Codex/2026-08-14/microsoft-visual-studio-code-stable-vs/outputs/lightning_lm_ws/src/lightning-lm/src/ui/pangolin_window_impl.h:16\x1b[m\x1b[K,\n'}
[4.931386] (lightning) StderrLine: {'line': b'                 from \x1b[01m\x1b[K/home/kepler/Documents/Codex/2026-08-14/microsoft-visual-studio-code-stable-vs/outputs/lightning_lm_ws/src/lightning-lm/src/ui/pangolin_window_impl.cc:10\x1b[m\x1b[K:\n'}
[4.931459] (lightning) StderrLine: {'line': b'\x1b[01m\x1b[K/home/kepler/Documents/Codex/2026-08-14/microsoft-visual-studio-code-stable-vs/outputs/lightning_lm_ws/src/lightning-lm/src/common/keyframe.h:\x1b[m\x1b[K In constructor \xe2\x80\x98\x1b[01m\x1b[Klightning::Keyframe::Keyframe(long unsigned int, lightning::CloudPtr, lightning::NavState)\x1b[m\x1b[K\xe2\x80\x99:\n'}
[4.931519] (lightning) StderrLine: {'line': b'\x1b[01m\x1b[K/home/kepler/Documents/Codex/2026-08-14/microsoft-visual-studio-code-stable-vs/outputs/lightning_lm_ws/src/lightning-lm/src/common/keyframe.h:74:14:\x1b[m\x1b[K \x1b[01;35m\x1b[Kwarning: \x1b[m\x1b[K\xe2\x80\x98\x1b[01m\x1b[Klightning::Keyframe::state_\x1b[m\x1b[K\xe2\x80\x99 will be initialized after [\x1b[01;35m\x1b[K\x1b]8;;https://gcc.gnu.org/onlinedocs/gcc/Warning-Options.html#index-Wreorder\x07-Wreorder\x1b]8;;\x07\x1b[m\x1b[K]\n'}
[4.931579] (lightning) StderrLine: {'line': b'   74 |     NavState \x1b[01;35m\x1b[Kstate_\x1b[m\x1b[K;  // \xe5\x8d\xa1\xe5\xb0\x94\xe6\x9b\xbc\xe6\xbb\xa4\xe6\xb3\xa2\xe5\x99\xa8\xe7\x8a\xb6\xe6\x80\x81\n'}
[4.931631] (lightning) StderrLine: {'line': b'      |              \x1b[01;35m\x1b[K^~~~~~\x1b[m\x1b[K\n'}
[4.931682] (lightning) StderrLine: {'line': b'\x1b[01m\x1b[K/home/kepler/Documents/Codex/2026-08-14/microsoft-visual-studio-code-stable-vs/outputs/lightning_lm_ws/src/lightning-lm/src/common/keyframe.h:71:9:\x1b[m\x1b[K \x1b[01;35m\x1b[Kwarning: \x1b[m\x1b[K  \xe2\x80\x98\x1b[01m\x1b[Klightning::SE3 lightning::Keyframe::pose_lio_\x1b[m\x1b[K\xe2\x80\x99 [\x1b[01;35m\x1b[K\x1b]8;;https://gcc.gnu.org/onlinedocs/gcc/Warning-Options.html#index-Wreorder\x07-Wreorder\x1b]8;;\x07\x1b[m\x1b[K]\n'}
[4.931739] (lightning) StderrLine: {'line': b'   71 |     SE3 \x1b[01;35m\x1b[Kpose_lio_\x1b[m\x1b[K;  // \xe5\x89\x8d\xe7\xab\xaf\xe7\x9a\x84pose\n'}
[4.931789] (lightning) StderrLine: {'line': b'      |         \x1b[01;35m\x1b[K^~~~~~~~~\x1b[m\x1b[K\n'}
[4.931837] (lightning) StderrLine: {'line': b'\x1b[01m\x1b[K/home/kepler/Documents/Codex/2026-08-14/microsoft-visual-studio-code-stable-vs/outputs/lightning_lm_ws/src/lightning-lm/src/common/keyframe.h:22:5:\x1b[m\x1b[K \x1b[01;35m\x1b[Kwarning: \x1b[m\x1b[K  when initialized here [\x1b[01;35m\x1b[K\x1b]8;;https://gcc.gnu.org/onlinedocs/gcc/Warning-Options.html#index-Wreorder\x07-Wreorder\x1b]8;;\x07\x1b[m\x1b[K]\n'}
[4.931889] (lightning) StderrLine: {'line': b'   22 |     \x1b[01;35m\x1b[KKeyframe\x1b[m\x1b[K(unsigned long id, CloudPtr cloud, NavState state)\n'}
[4.931936] (lightning) StderrLine: {'line': b'      |     \x1b[01;35m\x1b[K^~~~~~~~\x1b[m\x1b[K\n'}
[4.934752] (lightning) StderrLine: {'line': b'\x1b[01m\x1b[K/home/kepler/Documents/Codex/2026-08-14/microsoft-visual-studio-code-stable-vs/outputs/lightning_lm_ws/src/lightning-lm/src/core/localization/pose_graph/pgo.cc:\x1b[m\x1b[K In member function \xe2\x80\x98\x1b[01m\x1b[Kvoid lightning::loc::PGO::PubResult()\x1b[m\x1b[K\xe2\x80\x99:\n'}
[4.934918] (lightning) StderrLine: {'line': b'\x1b[01m\x1b[K/home/kepler/Documents/Codex/2026-08-14/microsoft-visual-studio-code-stable-vs/outputs/lightning_lm_ws/src/lightning-lm/src/core/localization/pose_graph/pgo.cc:60:17:\x1b[m\x1b[K \x1b[01;35m\x1b[Kwarning: \x1b[m\x1b[Kvariable \xe2\x80\x98\x1b[01m\x1b[Krecent_lidar_loc_pose\x1b[m\x1b[K\xe2\x80\x99 set but not used [\x1b[01;35m\x1b[K\x1b]8;;https://gcc.gnu.org/onlinedocs/gcc/Warning-Options.html#index-Wunused-but-set-variable\x07-Wunused-but-set-variable\x1b]8;;\x07\x1b[m\x1b[K]\n'}
[4.935042] (lightning) StderrLine: {'line': b'   60 |             SE3 \x1b[01;35m\x1b[Krecent_lidar_loc_pose\x1b[m\x1b[K = impl_->lidar_loc_pose_queue_.back().pose_;\n'}
[4.935101] (lightning) StderrLine: {'line': b'      |                 \x1b[01;35m\x1b[K^~~~~~~~~~~~~~~~~~~~~\x1b[m\x1b[K\n'}
[4.935152] (lightning) StderrLine: {'line': b'\x1b[01m\x1b[K/home/kepler/Documents/Codex/2026-08-14/microsoft-visual-studio-code-stable-vs/outputs/lightning_lm_ws/src/lightning-lm/src/core/localization/pose_graph/pgo.cc:53:16:\x1b[m\x1b[K \x1b[01;35m\x1b[Kwarning: \x1b[m\x1b[Kunused variable \xe2\x80\x98\x1b[01m\x1b[Kdt\x1b[m\x1b[K\xe2\x80\x99 [\x1b[01;35m\x1b[K\x1b]8;;https://gcc.gnu.org/onlinedocs/gcc/Warning-Options.html#index-Wunused-variable\x07-Wunused-variable\x1b]8;;\x07\x1b[m\x1b[K]\n'}
[4.935208] (lightning) StderrLine: {'line': b'   53 |         double \x1b[01;35m\x1b[Kdt\x1b[m\x1b[K = result.timestamp_ - impl_->result_.timestamp_;\n'}
[4.935256] (lightning) StderrLine: {'line': b'      |                \x1b[01;35m\x1b[K^~\x1b[m\x1b[K\n'}
[4.935299] (lightning) StderrLine: {'line': b'\x1b[01m\x1b[K/home/kepler/Documents/Codex/2026-08-14/microsoft-visual-studio-code-stable-vs/outputs/lightning_lm_ws/src/lightning-lm/src/core/localization/pose_graph/pgo.cc:108:13:\x1b[m\x1b[K \x1b[01;35m\x1b[Kwarning: \x1b[m\x1b[Kvariable \xe2\x80\x98\x1b[01m\x1b[Kextra_pose\x1b[m\x1b[K\xe2\x80\x99 set but not used [\x1b[01;35m\x1b[K\x1b]8;;https://gcc.gnu.org/onlinedocs/gcc/Warning-Options.html#index-Wunused-but-set-variable\x07-Wunused-but-set-variable\x1b]8;;\x07\x1b[m\x1b[K]\n'}
[4.935354] (lightning) StderrLine: {'line': b'  108 |         SE3 \x1b[01;35m\x1b[Kextra_pose\x1b[m\x1b[K = result.pose_;\n'}
[4.935411] (lightning) StderrLine: {'line': b'      |             \x1b[01;35m\x1b[K^~~~~~~~~~\x1b[m\x1b[K\n'}
[4.936147] (lightning) StderrLine: {'line': b'\x1b[01m\x1b[K/home/kepler/Documents/Codex/2026-08-14/microsoft-visual-studio-code-stable-vs/outputs/lightning_lm_ws/src/lightning-lm/src/core/localization/pose_graph/pgo.cc:\x1b[m\x1b[K In member function \xe2\x80\x98\x1b[01m\x1b[Kbool lightning::loc::PGO::ProcessDR(const lightning::NavState&)\x1b[m\x1b[K\xe2\x80\x99:\n'}
[4.936288] (lightning) StderrLine: {'line': b'\x1b[01m\x1b[K/home/kepler/Documents/Codex/2026-08-14/microsoft-visual-studio-code-stable-vs/outputs/lightning_lm_ws/src/lightning-lm/src/core/localization/pose_graph/pgo.cc:146:12:\x1b[m\x1b[K \x1b[01;35m\x1b[Kwarning: \x1b[m\x1b[Kvariable \xe2\x80\x98\x1b[01m\x1b[Kdelta_timestamp\x1b[m\x1b[K\xe2\x80\x99 set but not used [\x1b[01;35m\x1b[K\x1b]8;;https://gcc.gnu.org/onlinedocs/gcc/Warning-Options.html#index-Wunused-but-set-variable\x07-Wunused-but-set-variable\x1b]8;;\x07\x1b[m\x1b[K]\n'}
[4.936354] (lightning) StderrLine: {'line': b'  146 |     double \x1b[01;35m\x1b[Kdelta_timestamp\x1b[m\x1b[K = 0;\n'}
[4.936420] (lightning) StderrLine: {'line': b'      |            \x1b[01;35m\x1b[K^~~~~~~~~~~~~~~\x1b[m\x1b[K\n'}
[4.948524] (lightning) StderrLine: {'line': b'\x1b[01m\x1b[K/home/kepler/Documents/Codex/2026-08-14/microsoft-visual-studio-code-stable-vs/outputs/lightning_lm_ws/src/lightning-lm/src/core/localization/pose_graph/pgo.cc:\x1b[m\x1b[K In member function \xe2\x80\x98\x1b[01m\x1b[Kvoid lightning::loc::PGO::LogWindowState()\x1b[m\x1b[K\xe2\x80\x99:\n'}
[4.948825] (lightning) StderrLine: {'line': b'\x1b[01m\x1b[K/home/kepler/Documents/Codex/2026-08-14/microsoft-visual-studio-code-stable-vs/outputs/lightning_lm_ws/src/lightning-lm/src/core/localization/pose_graph/pgo.cc:327:36:\x1b[m\x1b[K \x1b[01;35m\x1b[Kwarning: \x1b[m\x1b[Kcomparison of unsigned expression in \xe2\x80\x98\x1b[01m\x1b[K>= 0\x1b[m\x1b[K\xe2\x80\x99 is always true [\x1b[01;35m\x1b[K\x1b]8;;https://gcc.gnu.org/onlinedocs/gcc/Warning-Options.html#index-Wtype-limits\x07-Wtype-limits\x1b]8;;\x07\x1b[m\x1b[K]\n'}
[4.948914] (lightning) StderrLine: {'line': b'  327 |     int idx1 = \x1b[01;35m\x1b[K(window.size() - 5) >= 0\x1b[m\x1b[K ? (window.size() - 5) : -1;\n'}
[4.948970] (lightning) StderrLine: {'line': b'      |                \x1b[01;35m\x1b[K~~~~~~~~~~~~~~~~~~~~^~~~\x1b[m\x1b[K\n'}
[4.949020] (lightning) StderrLine: {'line': b'\x1b[01m\x1b[K/home/kepler/Documents/Codex/2026-08-14/microsoft-visual-studio-code-stable-vs/outputs/lightning_lm_ws/src/lightning-lm/src/core/localization/pose_graph/pgo.cc:328:36:\x1b[m\x1b[K \x1b[01;35m\x1b[Kwarning: \x1b[m\x1b[Kcomparison of unsigned expression in \xe2\x80\x98\x1b[01m\x1b[K>= 0\x1b[m\x1b[K\xe2\x80\x99 is always true [\x1b[01;35m\x1b[K\x1b]8;;https://gcc.gnu.org/onlinedocs/gcc/Warning-Options.html#index-Wtype-limits\x07-Wtype-limits\x1b]8;;\x07\x1b[m\x1b[K]\n'}
[4.949072] (lightning) StderrLine: {'line': b'  328 |     int idx2 = \x1b[01;35m\x1b[K(window.size() - 4) >= 0\x1b[m\x1b[K ? (window.size() - 4) : -1;\n'}
[4.949118] (lightning) StderrLine: {'line': b'      |                \x1b[01;35m\x1b[K~~~~~~~~~~~~~~~~~~~~^~~~\x1b[m\x1b[K\n'}
[4.949165] (lightning) StderrLine: {'line': b'\x1b[01m\x1b[K/home/kepler/Documents/Codex/2026-08-14/microsoft-visual-studio-code-stable-vs/outputs/lightning_lm_ws/src/lightning-lm/src/core/localization/pose_graph/pgo.cc:329:36:\x1b[m\x1b[K \x1b[01;35m\x1b[Kwarning: \x1b[m\x1b[Kcomparison of unsigned expression in \xe2\x80\x98\x1b[01m\x1b[K>= 0\x1b[m\x1b[K\xe2\x80\x99 is always true [\x1b[01;35m\x1b[K\x1b]8;;https://gcc.gnu.org/onlinedocs/gcc/Warning-Options.html#index-Wtype-limits\x07-Wtype-limits\x1b]8;;\x07\x1b[m\x1b[K]\n'}
[4.949231] (lightning) StderrLine: {'line': b'  329 |     int idx3 = \x1b[01;35m\x1b[K(window.size() - 3) >= 0\x1b[m\x1b[K ? (window.size() - 3) : -1;\n'}
[4.949277] (lightning) StderrLine: {'line': b'      |                \x1b[01;35m\x1b[K~~~~~~~~~~~~~~~~~~~~^~~~\x1b[m\x1b[K\n'}
[4.949324] (lightning) StderrLine: {'line': b'\x1b[01m\x1b[K/home/kepler/Documents/Codex/2026-08-14/microsoft-visual-studio-code-stable-vs/outputs/lightning_lm_ws/src/lightning-lm/src/core/localization/pose_graph/pgo.cc:330:36:\x1b[m\x1b[K \x1b[01;35m\x1b[Kwarning: \x1b[m\x1b[Kcomparison of unsigned expression in \xe2\x80\x98\x1b[01m\x1b[K>= 0\x1b[m\x1b[K\xe2\x80\x99 is always true [\x1b[01;35m\x1b[K\x1b]8;;https://gcc.gnu.org/onlinedocs/gcc/Warning-Options.html#index-Wtype-limits\x07-Wtype-limits\x1b]8;;\x07\x1b[m\x1b[K]\n'}
[4.949381] (lightning) StderrLine: {'line': b'  330 |     int idx4 = \x1b[01;35m\x1b[K(window.size() - 2) >= 0\x1b[m\x1b[K ? (window.size() - 2) : -1;\n'}
[4.949436] (lightning) StderrLine: {'line': b'      |                \x1b[01;35m\x1b[K~~~~~~~~~~~~~~~~~~~~^~~~\x1b[m\x1b[K\n'}
[4.949482] (lightning) StderrLine: {'line': b'\x1b[01m\x1b[K/home/kepler/Documents/Codex/2026-08-14/microsoft-visual-studio-code-stable-vs/outputs/lightning_lm_ws/src/lightning-lm/src/core/localization/pose_graph/pgo.cc:331:36:\x1b[m\x1b[K \x1b[01;35m\x1b[Kwarning: \x1b[m\x1b[Kcomparison of unsigned expression in \xe2\x80\x98\x1b[01m\x1b[K>= 0\x1b[m\x1b[K\xe2\x80\x99 is always true [\x1b[01;35m\x1b[K\x1b]8;;https://gcc.gnu.org/onlinedocs/gcc/Warning-Options.html#index-Wtype-limits\x07-Wtype-limits\x1b]8;;\x07\x1b[m\x1b[K]\n'}
[4.949533] (lightning) StderrLine: {'line': b'  331 |     int idx5 = \x1b[01;35m\x1b[K(window.size() - 1) >= 0\x1b[m\x1b[K ? (window.size() - 1) : -1;\n'}
[4.949588] (lightning) StderrLine: {'line': b'      |                \x1b[01;35m\x1b[K~~~~~~~~~~~~~~~~~~~~^~~~\x1b[m\x1b[K\n'}
[4.952935] (lightning) StderrLine: {'line': b'\x1b[01m\x1b[K/home/kepler/Documents/Codex/2026-08-14/microsoft-visual-studio-code-stable-vs/outputs/lightning_lm_ws/src/lightning-lm/src/core/localization/pose_graph/pgo.cc:328:9:\x1b[m\x1b[K \x1b[01;35m\x1b[Kwarning: \x1b[m\x1b[Kunused variable \xe2\x80\x98\x1b[01m\x1b[Kidx2\x1b[m\x1b[K\xe2\x80\x99 [\x1b[01;35m\x1b[K\x1b]8;;https://gcc.gnu.org/onlinedocs/gcc/Warning-Options.html#index-Wunused-variable\x07-Wunused-variable\x1b]8;;\x07\x1b[m\x1b[K]\n'}
[4.953161] (lightning) StderrLine: {'line': b'  328 |     int \x1b[01;35m\x1b[Kidx2\x1b[m\x1b[K = (window.size() - 4) >= 0 ? (window.size() - 4) : -1;\n'}
[4.953233] (lightning) StderrLine: {'line': b'      |         \x1b[01;35m\x1b[K^~~~\x1b[m\x1b[K\n'}
[4.953288] (lightning) StderrLine: {'line': b'\x1b[01m\x1b[K/home/kepler/Documents/Codex/2026-08-14/microsoft-visual-studio-code-stable-vs/outputs/lightning_lm_ws/src/lightning-lm/src/core/localization/pose_graph/pgo.cc:329:9:\x1b[m\x1b[K \x1b[01;35m\x1b[Kwarning: \x1b[m\x1b[Kunused variable \xe2\x80\x98\x1b[01m\x1b[Kidx3\x1b[m\x1b[K\xe2\x80\x99 [\x1b[01;35m\x1b[K\x1b]8;;https://gcc.gnu.org/onlinedocs/gcc/Warning-Options.html#index-Wunused-variable\x07-Wunused-variable\x1b]8;;\x07\x1b[m\x1b[K]\n'}
[4.953348] (lightning) StderrLine: {'line': b'  329 |     int \x1b[01;35m\x1b[Kidx3\x1b[m\x1b[K = (window.size() - 3) >= 0 ? (window.size() - 3) : -1;\n'}
[4.953408] (lightning) StderrLine: {'line': b'      |         \x1b[01;35m\x1b[K^~~~\x1b[m\x1b[K\n'}
[4.953460] (lightning) StderrLine: {'line': b'\x1b[01m\x1b[K/home/kepler/Documents/Codex/2026-08-14/microsoft-visual-studio-code-stable-vs/outputs/lightning_lm_ws/src/lightning-lm/src/core/localization/pose_graph/pgo.cc:330:9:\x1b[m\x1b[K \x1b[01;35m\x1b[Kwarning: \x1b[m\x1b[Kunused variable \xe2\x80\x98\x1b[01m\x1b[Kidx4\x1b[m\x1b[K\xe2\x80\x99 [\x1b[01;35m\x1b[K\x1b]8;;https://gcc.gnu.org/onlinedocs/gcc/Warning-Options.html#index-Wunused-variable\x07-Wunused-variable\x1b]8;;\x07\x1b[m\x1b[K]\n'}
[4.953510] (lightning) StderrLine: {'line': b'  330 |     int \x1b[01;35m\x1b[Kidx4\x1b[m\x1b[K = (window.size() - 2) >= 0 ? (window.size() - 2) : -1;\n'}
[4.953561] (lightning) StderrLine: {'line': b'      |         \x1b[01;35m\x1b[K^~~~\x1b[m\x1b[K\n'}
[4.953610] (lightning) StderrLine: {'line': b'\x1b[01m\x1b[K/home/kepler/Documents/Codex/2026-08-14/microsoft-visual-studio-code-stable-vs/outputs/lightning_lm_ws/src/lightning-lm/src/core/localization/pose_graph/pgo.cc:331:9:\x1b[m\x1b[K \x1b[01;35m\x1b[Kwarning: \x1b[m\x1b[Kunused variable \xe2\x80\x98\x1b[01m\x1b[Kidx5\x1b[m\x1b[K\xe2\x80\x99 [\x1b[01;35m\x1b[K\x1b]8;;https://gcc.gnu.org/onlinedocs/gcc/Warning-Options.html#index-Wunused-variable\x07-Wunused-variable\x1b]8;;\x07\x1b[m\x1b[K]\n'}
[4.953664] (lightning) StderrLine: {'line': b'  331 |     int \x1b[01;35m\x1b[Kidx5\x1b[m\x1b[K = (window.size() - 1) >= 0 ? (window.size() - 1) : -1;\n'}
[4.953717] (lightning) StderrLine: {'line': b'      |         \x1b[01;35m\x1b[K^~~~\x1b[m\x1b[K\n'}
[4.954049] (lightning) StderrLine: {'line': b'\x1b[01m\x1b[K/home/kepler/Documents/Codex/2026-08-14/microsoft-visual-studio-code-stable-vs/outputs/lightning_lm_ws/src/lightning-lm/src/core/localization/pose_graph/pgo.cc:\x1b[m\x1b[K In member function \xe2\x80\x98\x1b[01m\x1b[Kbool lightning::loc::PGO::ExtrapolateLocResult(lightning::loc::LocalizationResult&)\x1b[m\x1b[K\xe2\x80\x99:\n'}
[4.954149] (lightning) StderrLine: {'line': b'\x1b[01m\x1b[K/home/kepler/Documents/Codex/2026-08-14/microsoft-visual-studio-code-stable-vs/outputs/lightning_lm_ws/src/lightning-lm/src/core/localization/pose_graph/pgo.cc:451:26:\x1b[m\x1b[K \x1b[01;35m\x1b[Kwarning: \x1b[m\x1b[Kunused variable \xe2\x80\x98\x1b[01m\x1b[Ktime_incre\x1b[m\x1b[K\xe2\x80\x99 [\x1b[01;35m\x1b[K\x1b]8;;https://gcc.gnu.org/onlinedocs/gcc/Warning-Options.html#index-Wunused-variable\x07-Wunused-variable\x1b]8;;\x07\x1b[m\x1b[K]\n'}
[4.954206] (lightning) StderrLine: {'line': b'  451 |             const double \x1b[01;35m\x1b[Ktime_incre\x1b[m\x1b[K = dr_pose_queue.back().timestamp_ - output_result.timestamp_;\n'}
[4.954268] (lightning) StderrLine: {'line': b'      |                          \x1b[01;35m\x1b[K^~~~~~~~~~\x1b[m\x1b[K\n'}
[4.971971] (lightning) StderrLine: {'line': b'\x1b[01m\x1b[K/home/kepler/Documents/Codex/2026-08-14/microsoft-visual-studio-code-stable-vs/outputs/lightning_lm_ws/src/lightning-lm/src/ui/pangolin_window_impl.cc:\x1b[m\x1b[K In member function \xe2\x80\x98\x1b[01m\x1b[Kvoid lightning::ui::PangolinWindowImpl::Reset(const std::vector<std::shared_ptr<lightning::Keyframe> >&)\x1b[m\x1b[K\xe2\x80\x99:\n'}
[4.972151] (lightning) StderrLine: {'line': b'\x1b[01m\x1b[K/home/kepler/Documents/Codex/2026-08-14/microsoft-visual-studio-code-stable-vs/outputs/lightning_lm_ws/src/lightning-lm/src/ui/pangolin_window_impl.cc:55:38:\x1b[m\x1b[K \x1b[01;35m\x1b[Kwarning: \x1b[m\x1b[Kcomparison of integer expressions of different signedness: \xe2\x80\x98\x1b[01m\x1b[Kstd::vector<std::shared_ptr<lightning::Keyframe> >::size_type\x1b[m\x1b[K\xe2\x80\x99 {aka \xe2\x80\x98\x1b[01m\x1b[Klong unsigned int\x1b[m\x1b[K\xe2\x80\x99} and \xe2\x80\x98\x1b[01m\x1b[Kint\x1b[m\x1b[K\xe2\x80\x99 [\x1b[01;35m\x1b[K\x1b]8;;https://gcc.gnu.org/onlinedocs/gcc/Warning-Options.html#index-Wsign-compare\x07-Wsign-compare\x1b]8;;\x07\x1b[m\x1b[K]\n'}
[4.972226] (lightning) StderrLine: {'line': b'   55 |     std::size_t i = \x1b[01;35m\x1b[Kkeyframes.size() > max_size_of_current_scan_\x1b[m\x1b[K ? keyframes.size() - max_size_of_current_scan_ : 0;\n'}
[4.972288] (lightning) StderrLine: {'line': b'      |                     \x1b[01;35m\x1b[K~~~~~~~~~~~~~~~~~^~~~~~~~~~~~~~~~~~~~~~~~~~~\x1b[m\x1b[K\n'}
[4.977751] (lightning) StderrLine: {'line': b'\x1b[01m\x1b[K/home/kepler/Documents/Codex/2026-08-14/microsoft-visual-studio-code-stable-vs/outputs/lightning_lm_ws/src/lightning-lm/src/ui/pangolin_window_impl.cc:\x1b[m\x1b[K In member function \xe2\x80\x98\x1b[01m\x1b[Kbool lightning::ui::PangolinWindowImpl::UpdateCurrentScan()\x1b[m\x1b[K\xe2\x80\x99:\n'}
[4.977949] (lightning) StderrLine: {'line': b'\x1b[01m\x1b[K/home/kepler/Documents/Codex/2026-08-14/microsoft-visual-studio-code-stable-vs/outputs/lightning_lm_ws/src/lightning-lm/src/ui/pangolin_window_impl.cc:164:26:\x1b[m\x1b[K \x1b[01;35m\x1b[Kwarning: \x1b[m\x1b[Kcomparison of integer expressions of different signedness: \xe2\x80\x98\x1b[01m\x1b[Kstd::deque<std::shared_ptr<lightning::ui::UiCloud> >::size_type\x1b[m\x1b[K\xe2\x80\x99 {aka \xe2\x80\x98\x1b[01m\x1b[Klong unsigned int\x1b[m\x1b[K\xe2\x80\x99} and \xe2\x80\x98\x1b[01m\x1b[Kint\x1b[m\x1b[K\xe2\x80\x99 [\x1b[01;35m\x1b[K\x1b]8;;https://gcc.gnu.org/onlinedocs/gcc/Warning-Options.html#index-Wsign-compare\x07-Wsign-compare\x1b]8;;\x07\x1b[m\x1b[K]\n'}
[4.978030] (lightning) StderrLine: {'line': b'  164 |     while (\x1b[01;35m\x1b[Kscans_.size() >= max_size_of_current_scan_\x1b[m\x1b[K) {\n'}
[4.978087] (lightning) StderrLine: {'line': b'      |            \x1b[01;35m\x1b[K~~~~~~~~~~~~~~^~~~~~~~~~~~~~~~~~~~~~~~~~~~\x1b[m\x1b[K\n'}
[4.980233] (lightning) StderrLine: {'line': b'\x1b[01m\x1b[K/home/kepler/Documents/Codex/2026-08-14/microsoft-visual-studio-code-stable-vs/outputs/lightning_lm_ws/src/lightning-lm/src/ui/pangolin_window_impl.cc:\x1b[m\x1b[K In member function \xe2\x80\x98\x1b[01m\x1b[Kbool lightning::ui::PangolinWindowImpl::UpdateState()\x1b[m\x1b[K\xe2\x80\x99:\n'}
[4.980414] (lightning) StderrLine: {'line': b'\x1b[01m\x1b[K/home/kepler/Documents/Codex/2026-08-14/microsoft-visual-studio-code-stable-vs/outputs/lightning_lm_ws/src/lightning-lm/src/ui/pangolin_window_impl.cc:177:11:\x1b[m\x1b[K \x1b[01;35m\x1b[Kwarning: \x1b[m\x1b[Kvariable \xe2\x80\x98\x1b[01m\x1b[Kpos\x1b[m\x1b[K\xe2\x80\x99 set but not used [\x1b[01;35m\x1b[K\x1b]8;;https://gcc.gnu.org/onlinedocs/gcc/Warning-Options.html#index-Wunused-but-set-variable\x07-Wunused-but-set-variable\x1b]8;;\x07\x1b[m\x1b[K]\n'}
[4.980482] (lightning) StderrLine: {'line': b'  177 |     Vec3d \x1b[01;35m\x1b[Kpos\x1b[m\x1b[K = pose_.translation().eval();\n'}
[4.980542] (lightning) StderrLine: {'line': b'      |           \x1b[01;35m\x1b[K^~~\x1b[m\x1b[K\n'}
[4.980593] (lightning) StderrLine: {'line': b'\x1b[01m\x1b[K/home/kepler/Documents/Codex/2026-08-14/microsoft-visual-studio-code-stable-vs/outputs/lightning_lm_ws/src/lightning-lm/src/ui/pangolin_window_impl.cc:179:12:\x1b[m\x1b[K \x1b[01;35m\x1b[Kwarning: \x1b[m\x1b[Kunused variable \xe2\x80\x98\x1b[01m\x1b[Kroll\x1b[m\x1b[K\xe2\x80\x99 [\x1b[01;35m\x1b[K\x1b]8;;https://gcc.gnu.org/onlinedocs/gcc/Warning-Options.html#index-Wunused-variable\x07-Wunused-variable\x1b]8;;\x07\x1b[m\x1b[K]\n'}
[4.980647] (lightning) StderrLine: {'line': b'  179 |     double \x1b[01;35m\x1b[Kroll\x1b[m\x1b[K = pose_.angleX();\n'}
[4.980693] (lightning) StderrLine: {'line': b'      |            \x1b[01;35m\x1b[K^~~~\x1b[m\x1b[K\n'}
[4.980738] (lightning) StderrLine: {'line': b'\x1b[01m\x1b[K/home/kepler/Documents/Codex/2026-08-14/microsoft-visual-studio-code-stable-vs/outputs/lightning_lm_ws/src/lightning-lm/src/ui/pangolin_window_impl.cc:180:12:\x1b[m\x1b[K \x1b[01;35m\x1b[Kwarning: \x1b[m\x1b[Kunused variable \xe2\x80\x98\x1b[01m\x1b[Kpitch\x1b[m\x1b[K\xe2\x80\x99 [\x1b[01;35m\x1b[K\x1b]8;;https://gcc.gnu.org/onlinedocs/gcc/Warning-Options.html#index-Wunused-variable\x07-Wunused-variable\x1b]8;;\x07\x1b[m\x1b[K]\n'}
[4.980785] (lightning) StderrLine: {'line': b'  180 |     double \x1b[01;35m\x1b[Kpitch\x1b[m\x1b[K = pose_.angleY();\n'}
[4.980831] (lightning) StderrLine: {'line': b'      |            \x1b[01;35m\x1b[K^~~~~\x1b[m\x1b[K\n'}
[4.980882] (lightning) StderrLine: {'line': b'\x1b[01m\x1b[K/home/kepler/Documents/Codex/2026-08-14/microsoft-visual-studio-code-stable-vs/outputs/lightning_lm_ws/src/lightning-lm/src/ui/pangolin_window_impl.cc:181:12:\x1b[m\x1b[K \x1b[01;35m\x1b[Kwarning: \x1b[m\x1b[Kunused variable \xe2\x80\x98\x1b[01m\x1b[Kyaw\x1b[m\x1b[K\xe2\x80\x99 [\x1b[01;35m\x1b[K\x1b]8;;https://gcc.gnu.org/onlinedocs/gcc/Warning-Options.html#index-Wunused-variable\x07-Wunused-variable\x1b]8;;\x07\x1b[m\x1b[K]\n'}
[4.980987] (lightning) StderrLine: {'line': b'  181 |     double \x1b[01;35m\x1b[Kyaw\x1b[m\x1b[K = pose_.angleZ();\n'}
[4.981047] (lightning) StderrLine: {'line': b'      |            \x1b[01;35m\x1b[K^~~\x1b[m\x1b[K\n'}
[4.981097] (lightning) StderrLine: {'line': b'\x1b[01m\x1b[K/home/kepler/Documents/Codex/2026-08-14/microsoft-visual-studio-code-stable-vs/outputs/lightning_lm_ws/src/lightning-lm/src/ui/pangolin_window_impl.cc:\x1b[m\x1b[K In member function \xe2\x80\x98\x1b[01m\x1b[Kvoid lightning::ui::PangolinWindowImpl::DrawAll()\x1b[m\x1b[K\xe2\x80\x99:\n'}
[4.981144] (lightning) StderrLine: {'line': b'\x1b[01m\x1b[K/home/kepler/Documents/Codex/2026-08-14/microsoft-visual-studio-code-stable-vs/outputs/lightning_lm_ws/src/lightning-lm/src/ui/pangolin_window_impl.cc:246:31:\x1b[m\x1b[K \x1b[01;35m\x1b[Kwarning: \x1b[m\x1b[Kcomparison of integer expressions of different signedness: \xe2\x80\x98\x1b[01m\x1b[Kint\x1b[m\x1b[K\xe2\x80\x99 and \xe2\x80\x98\x1b[01m\x1b[Kstd::vector<std::shared_ptr<lightning::Keyframe> >::size_type\x1b[m\x1b[K\xe2\x80\x99 {aka \xe2\x80\x98\x1b[01m\x1b[Klong unsigned int\x1b[m\x1b[K\xe2\x80\x99} [\x1b[01;35m\x1b[K\x1b]8;;https://gcc.gnu.org/onlinedocs/gcc/Warning-Options.html#index-Wsign-compare\x07-Wsign-compare\x1b]8;;\x07\x1b[m\x1b[K]\n'}
[4.981201] (lightning) StderrLine: {'line': b'  246 |             for (int i = 0; \x1b[01;35m\x1b[Ki < all_keyframes_.size() - 1\x1b[m\x1b[K; ++i) {\n'}
[4.981248] (lightning) StderrLine: {'line': b'      |                             \x1b[01;35m\x1b[K~~^~~~~~~~~~~~~~~~~~~~~~~~~~~\x1b[m\x1b[K\n'}
[5.003092] (lightning) StderrLine: {'line': b'In file included from \x1b[01m\x1b[K/home/kepler/Documents/Codex/2026-08-14/microsoft-visual-studio-code-stable-vs/outputs/lightning_lm_ws/src/lightning-lm/src/core/lio/laser_mapping.h:12\x1b[m\x1b[K,\n'}
[5.003271] (lightning) StderrLine: {'line': b'                 from \x1b[01m\x1b[K/home/kepler/Documents/Codex/2026-08-14/microsoft-visual-studio-code-stable-vs/outputs/lightning_lm_ws/src/lightning-lm/src/core/system/slam.cc:7\x1b[m\x1b[K:\n'}
[5.003338] (lightning) StderrLine: {'line': b'\x1b[01m\x1b[K/home/kepler/Documents/Codex/2026-08-14/microsoft-visual-studio-code-stable-vs/outputs/lightning_lm_ws/src/lightning-lm/src/common/options.h:\x1b[m\x1b[K In function \xe2\x80\x98\x1b[01m\x1b[Kvoid lightning::debug::SigHandle(int)\x1b[m\x1b[K\xe2\x80\x99:\n'}
[5.003409] (lightning) StderrLine: {'line': b'\x1b[01m\x1b[K/home/kepler/Documents/Codex/2026-08-14/microsoft-visual-studio-code-stable-vs/outputs/lightning_lm_ws/src/lightning-lm/src/common/options.h:27:27:\x1b[m\x1b[K \x1b[01;35m\x1b[Kwarning: \x1b[m\x1b[Kunused parameter \xe2\x80\x98\x1b[01m\x1b[Ksig\x1b[m\x1b[K\xe2\x80\x99 [\x1b[01;35m\x1b[K\x1b]8;;https://gcc.gnu.org/onlinedocs/gcc/Warning-Options.html#index-Wunused-parameter\x07-Wunused-parameter\x1b]8;;\x07\x1b[m\x1b[K]\n'}
[5.003481] (lightning) StderrLine: {'line': b'   27 | inline void SigHandle(\x1b[01;35m\x1b[Kint sig\x1b[m\x1b[K) {\n'}
[5.003536] (lightning) StderrLine: {'line': b'      |                       \x1b[01;35m\x1b[K~~~~^~~\x1b[m\x1b[K\n'}
[5.013681] (-) TimerEvent: {}
[5.114021] (-) TimerEvent: {}
[5.214358] (-) TimerEvent: {}
[5.293848] (lightning) StderrLine: {'line': b'In file included from \x1b[01m\x1b[K/home/kepler/Documents/Codex/2026-08-14/microsoft-visual-studio-code-stable-vs/outputs/lightning_lm_ws/src/lightning-lm/src/core/localization/lidar_loc/pclomp/ndt_omp.cpp:1\x1b[m\x1b[K:\n'}
[5.294028] (lightning) StderrLine: {'line': b'/home/kepler/Documents/Codex/2026-08-14/microsoft-visual-studio-code-stable-vs/outputs/lightning_lm_ws/src/lightning-lm/src/core/localization/lidar_loc/pclomp/ndt_omp.h: In instantiation of \xe2\x80\x98\x1b[01m\x1b[Kvoid pclomp::NormalDistributionsTransform<PointSource, PointTarget>::setInputTarget(const PointCloudTargetConstPtr&) [with PointSource = pcl::PointXYZ; PointTarget = pcl::PointXYZ; pclomp::NormalDistributionsTransform<PointSource, PointTarget>::PointCloudTargetConstPtr = std::shared_ptr<const pcl::PointCloud<pcl::PointXYZ> >]\x1b[m\x1b[K\xe2\x80\x99:\n'}
[5.294110] (lightning) StderrLine: {'line': b'\x1b[01m\x1b[K/home/kepler/Documents/Codex/2026-08-14/microsoft-visual-studio-code-stable-vs/outputs/lightning_lm_ws/src/lightning-lm/src/core/localization/lidar_loc/pclomp/ndt_omp.cpp:4:24:\x1b[m\x1b[K   required from here\n'}
[5.294186] (lightning) StderrLine: {'line': b'\x1b[01m\x1b[K/home/kepler/Documents/Codex/2026-08-14/microsoft-visual-studio-code-stable-vs/outputs/lightning_lm_ws/src/lightning-lm/src/core/localization/lidar_loc/pclomp/ndt_omp.h:105:62:\x1b[m\x1b[K \x1b[01;35m\x1b[Kwarning: \x1b[m\x1b[Kunused parameter \xe2\x80\x98\x1b[01m\x1b[Kcloud\x1b[m\x1b[K\xe2\x80\x99 [\x1b[01;35m\x1b[K\x1b]8;;https://gcc.gnu.org/onlinedocs/gcc/Warning-Options.html#index-Wunused-parameter\x07-Wunused-parameter\x1b]8;;\x07\x1b[m\x1b[K]\n'}
[5.294246] (lightning) StderrLine: {'line': b'  105 |   inline void setInputTarget(\x1b[01;35m\x1b[Kconst PointCloudTargetConstPtr &cloud\x1b[m\x1b[K) {\n'}
[5.294299] (lightning) StderrLine: {'line': b'      |                              \x1b[01;35m\x1b[K~~~~~~~~~~~~~~~~~~~~~~~~~~~~~~~~^~~~~\x1b[m\x1b[K\n'}
[5.314492] (-) TimerEvent: {}
[5.355616] (lightning) StderrLine: {'line': b'In file included from \x1b[01m\x1b[K/home/kepler/Documents/Codex/2026-08-14/microsoft-visual-studio-code-stable-vs/outputs/lightning_lm_ws/src/lightning-lm/src/core/lightning_math.hpp:22\x1b[m\x1b[K,\n'}
[5.355838] (lightning) StderrLine: {'line': b'                 from \x1b[01m\x1b[K/home/kepler/Documents/Codex/2026-08-14/microsoft-visual-studio-code-stable-vs/outputs/lightning_lm_ws/src/lightning-lm/src/wrapper/bag_io.h:25\x1b[m\x1b[K,\n'}
[5.355923] (lightning) StderrLine: {'line': b'                 from \x1b[01m\x1b[K/home/kepler/Documents/Codex/2026-08-14/microsoft-visual-studio-code-stable-vs/outputs/lightning_lm_ws/src/lightning-lm/src/wrapper/bag_io.cc:5\x1b[m\x1b[K:\n'}
[5.355985] (lightning) StderrLine: {'line': b'\x1b[01m\x1b[K/home/kepler/Documents/Codex/2026-08-14/microsoft-visual-studio-code-stable-vs/outputs/lightning_lm_ws/src/lightning-lm/src/common/options.h:\x1b[m\x1b[K In function \xe2\x80\x98\x1b[01m\x1b[Kvoid lightning::debug::SigHandle(int)\x1b[m\x1b[K\xe2\x80\x99:\n'}
[5.356045] (lightning) StderrLine: {'line': b'\x1b[01m\x1b[K/home/kepler/Documents/Codex/2026-08-14/microsoft-visual-studio-code-stable-vs/outputs/lightning_lm_ws/src/lightning-lm/src/common/options.h:27:27:\x1b[m\x1b[K \x1b[01;35m\x1b[Kwarning: \x1b[m\x1b[Kunused parameter \xe2\x80\x98\x1b[01m\x1b[Ksig\x1b[m\x1b[K\xe2\x80\x99 [\x1b[01;35m\x1b[K\x1b]8;;https://gcc.gnu.org/onlinedocs/gcc/Warning-Options.html#index-Wunused-parameter\x07-Wunused-parameter\x1b]8;;\x07\x1b[m\x1b[K]\n'}
[5.356106] (lightning) StderrLine: {'line': b'   27 | inline void SigHandle(\x1b[01;35m\x1b[Kint sig\x1b[m\x1b[K) {\n'}
[5.356172] (lightning) StderrLine: {'line': b'      |                       \x1b[01;35m\x1b[K~~~~^~~\x1b[m\x1b[K\n'}
[5.414600] (-) TimerEvent: {}
[5.514945] (-) TimerEvent: {}
[5.615283] (-) TimerEvent: {}
[5.637641] (lightning) StderrLine: {'line': b'In file included from \x1b[01m\x1b[K/home/kepler/Documents/Codex/2026-08-14/microsoft-visual-studio-code-stable-vs/outputs/lightning_lm_ws/src/lightning-lm/src/core/lightning_math.hpp:22\x1b[m\x1b[K,\n'}
[5.637864] (lightning) StderrLine: {'line': b'                 from \x1b[01m\x1b[K/home/kepler/Documents/Codex/2026-08-14/microsoft-visual-studio-code-stable-vs/outputs/lightning_lm_ws/src/lightning-lm/src/core/localization/lidar_loc/pclomp/voxel_grid_covariance_omp.h:47\x1b[m\x1b[K,\n'}
[5.637941] (lightning) StderrLine: {'line': b'                 from \x1b[01m\x1b[K/home/kepler/Documents/Codex/2026-08-14/microsoft-visual-studio-code-stable-vs/outputs/lightning_lm_ws/src/lightning-lm/src/core/localization/lidar_loc/pclomp/ndt_omp.h:47\x1b[m\x1b[K,\n'}
[5.638005] (lightning) StderrLine: {'line': b'                 from \x1b[01m\x1b[K/home/kepler/Documents/Codex/2026-08-14/microsoft-visual-studio-code-stable-vs/outputs/lightning_lm_ws/src/lightning-lm/src/core/localization/lidar_loc/pclomp/ndt_omp_impl.hpp:1\x1b[m\x1b[K,\n'}
[5.638067] (lightning) StderrLine: {'line': b'                 from \x1b[01m\x1b[K/home/kepler/Documents/Codex/2026-08-14/microsoft-visual-studio-code-stable-vs/outputs/lightning_lm_ws/src/lightning-lm/src/core/localization/lidar_loc/lidar_loc.cc:10\x1b[m\x1b[K:\n'}
[5.638135] (lightning) StderrLine: {'line': b'\x1b[01m\x1b[K/home/kepler/Documents/Codex/2026-08-14/microsoft-visual-studio-code-stable-vs/outputs/lightning_lm_ws/src/lightning-lm/src/common/options.h:\x1b[m\x1b[K In function \xe2\x80\x98\x1b[01m\x1b[Kvoid lightning::debug::SigHandle(int)\x1b[m\x1b[K\xe2\x80\x99:\n'}
[5.638197] (lightning) StderrLine: {'line': b'\x1b[01m\x1b[K/home/kepler/Documents/Codex/2026-08-14/microsoft-visual-studio-code-stable-vs/outputs/lightning_lm_ws/src/lightning-lm/src/common/options.h:27:27:\x1b[m\x1b[K \x1b[01;35m\x1b[Kwarning: \x1b[m\x1b[Kunused parameter \xe2\x80\x98\x1b[01m\x1b[Ksig\x1b[m\x1b[K\xe2\x80\x99 [\x1b[01;35m\x1b[K\x1b]8;;https://gcc.gnu.org/onlinedocs/gcc/Warning-Options.html#index-Wunused-parameter\x07-Wunused-parameter\x1b]8;;\x07\x1b[m\x1b[K]\n'}
[5.638262] (lightning) StderrLine: {'line': b'   27 | inline void SigHandle(\x1b[01;35m\x1b[Kint sig\x1b[m\x1b[K) {\n'}
[5.638323] (lightning) StderrLine: {'line': b'      |                       \x1b[01;35m\x1b[K~~~~^~~\x1b[m\x1b[K\n'}
[5.691404] (lightning) StderrLine: {'line': b'In file included from \x1b[01m\x1b[K/home/kepler/Documents/Codex/2026-08-14/microsoft-visual-studio-code-stable-vs/outputs/lightning_lm_ws/src/lightning-lm/src/core/lio/imu_processing.hpp:18\x1b[m\x1b[K,\n'}
[5.691668] (lightning) StderrLine: {'line': b'                 from \x1b[01m\x1b[K/home/kepler/Documents/Codex/2026-08-14/microsoft-visual-studio-code-stable-vs/outputs/lightning_lm_ws/src/lightning-lm/src/core/lio/laser_mapping.h:15\x1b[m\x1b[K,\n'}
[5.691756] (lightning) StderrLine: {'line': b'                 from \x1b[01m\x1b[K/home/kepler/Documents/Codex/2026-08-14/microsoft-visual-studio-code-stable-vs/outputs/lightning_lm_ws/src/lightning-lm/src/core/system/slam.cc:7\x1b[m\x1b[K:\n'}
[5.691826] (lightning) StderrLine: {'line': b'\x1b[01m\x1b[K/home/kepler/Documents/Codex/2026-08-14/microsoft-visual-studio-code-stable-vs/outputs/lightning_lm_ws/src/lightning-lm/src/core/lio/imu_filter.h:\x1b[m\x1b[K In member function \xe2\x80\x98\x1b[01m\x1b[Kdouble lightning::IMUFilter::processAxis(double, std::deque<double>&, int)\x1b[m\x1b[K\xe2\x80\x99:\n'}
[5.691901] (lightning) StderrLine: {'line': b'\x1b[01m\x1b[K/home/kepler/Documents/Codex/2026-08-14/microsoft-visual-studio-code-stable-vs/outputs/lightning_lm_ws/src/lightning-lm/src/core/lio/imu_filter.h:92:28:\x1b[m\x1b[K \x1b[01;35m\x1b[Kwarning: \x1b[m\x1b[Kcomparison of integer expressions of different signedness: \xe2\x80\x98\x1b[01m\x1b[Kstd::deque<double>::size_type\x1b[m\x1b[K\xe2\x80\x99 {aka \xe2\x80\x98\x1b[01m\x1b[Klong unsigned int\x1b[m\x1b[K\xe2\x80\x99} and \xe2\x80\x98\x1b[01m\x1b[Kint\x1b[m\x1b[K\xe2\x80\x99 [\x1b[01;35m\x1b[K\x1b]8;;https://gcc.gnu.org/onlinedocs/gcc/Warning-Options.html#index-Wsign-compare\x07-Wsign-compare\x1b]8;;\x07\x1b[m\x1b[K]\n'}
[5.691978] (lightning) StderrLine: {'line': b'   92 |         if (\x1b[01;35m\x1b[Khistory.size() >= config_.median_window_size\x1b[m\x1b[K && sample_count_ > 100) {\n'}
[5.692095] (lightning) StderrLine: {'line': b'      |             \x1b[01;35m\x1b[K~~~~~~~~~~~~~~~^~~~~~~~~~~~~~~~~~~~~~~~~~~~~\x1b[m\x1b[K\n'}
[5.692161] (lightning) StderrLine: {'line': b'\x1b[01m\x1b[K/home/kepler/Documents/Codex/2026-08-14/microsoft-visual-studio-code-stable-vs/outputs/lightning_lm_ws/src/lightning-lm/src/core/lio/imu_filter.h:\x1b[m\x1b[K In member function \xe2\x80\x98\x1b[01m\x1b[Kvoid lightning::IMUFilter::updateBuffer(const lightning::IMU&)\x1b[m\x1b[K\xe2\x80\x99:\n'}
[5.692225] (lightning) StderrLine: {'line': b'\x1b[01m\x1b[K/home/kepler/Documents/Codex/2026-08-14/microsoft-visual-studio-code-stable-vs/outputs/lightning_lm_ws/src/lightning-lm/src/core/lio/imu_filter.h:114:39:\x1b[m\x1b[K \x1b[01;35m\x1b[Kwarning: \x1b[m\x1b[Kcomparison of integer expressions of different signedness: \xe2\x80\x98\x1b[01m\x1b[Kstd::deque<double>::size_type\x1b[m\x1b[K\xe2\x80\x99 {aka \xe2\x80\x98\x1b[01m\x1b[Klong unsigned int\x1b[m\x1b[K\xe2\x80\x99} and \xe2\x80\x98\x1b[01m\x1b[Kint\x1b[m\x1b[K\xe2\x80\x99 [\x1b[01;35m\x1b[K\x1b]8;;https://gcc.gnu.org/onlinedocs/gcc/Warning-Options.html#index-Wsign-compare\x07-Wsign-compare\x1b]8;;\x07\x1b[m\x1b[K]\n'}
[5.692303] (lightning) StderrLine: {'line': b'  114 |         while (\x1b[01;35m\x1b[Kgyro_x_history_.size() > max_history\x1b[m\x1b[K) {\n'}
[5.692377] (lightning) StderrLine: {'line': b'      |                \x1b[01;35m\x1b[K~~~~~~~~~~~~~~~~~~~~~~~^~~~~~~~~~~~~\x1b[m\x1b[K\n'}
[5.692452] (lightning) StderrLine: {'line': b'\x1b[01m\x1b[K/home/kepler/Documents/Codex/2026-08-14/microsoft-visual-studio-code-stable-vs/outputs/lightning_lm_ws/src/lightning-lm/src/core/lio/imu_filter.h:\x1b[m\x1b[K In member function \xe2\x80\x98\x1b[01m\x1b[Kdouble lightning::IMUFilter::detectAndRemoveSpike(double, std::deque<double>&, int)\x1b[m\x1b[K\xe2\x80\x99:\n'}
[5.692522] (lightning) StderrLine: {'line': b'\x1b[01m\x1b[K/home/kepler/Documents/Codex/2026-08-14/microsoft-visual-studio-code-stable-vs/outputs/lightning_lm_ws/src/lightning-lm/src/core/lio/imu_filter.h:123:28:\x1b[m\x1b[K \x1b[01;35m\x1b[Kwarning: \x1b[m\x1b[Kcomparison of integer expressions of different signedness: \xe2\x80\x98\x1b[01m\x1b[Kstd::deque<double>::size_type\x1b[m\x1b[K\xe2\x80\x99 {aka \xe2\x80\x98\x1b[01m\x1b[Klong unsigned int\x1b[m\x1b[K\xe2\x80\x99} and \xe2\x80\x98\x1b[01m\x1b[Kint\x1b[m\x1b[K\xe2\x80\x99 [\x1b[01;35m\x1b[K\x1b]8;;https://gcc.gnu.org/onlinedocs/gcc/Warning-Options.html#index-Wsign-compare\x07-Wsign-compare\x1b]8;;\x07\x1b[m\x1b[K]\n'}
[5.692648] (lightning) StderrLine: {'line': b'  123 |         if (\x1b[01;35m\x1b[Khistory.size() < config_.median_window_size\x1b[m\x1b[K) {\n'}
[5.692718] (lightning) StderrLine: {'line': b'      |             \x1b[01;35m\x1b[K~~~~~~~~~~~~~~~^~~~~~~~~~~~~~~~~~~~~~~~~~~~\x1b[m\x1b[K\n'}
[5.692787] (lightning) StderrLine: {'line': b'In file included from \x1b[01m\x1b[K/home/kepler/Documents/Codex/2026-08-14/microsoft-visual-studio-code-stable-vs/outputs/lightning_lm_ws/src/lightning-lm/src/core/lio/imu_processing.hpp:18\x1b[m\x1b[K,\n'}
[5.692858] (lightning) StderrLine: {'line': b'                 from \x1b[01m\x1b[K/home/kepler/Documents/Codex/2026-08-14/microsoft-visual-studio-code-stable-vs/outputs/lightning_lm_ws/src/lightning-lm/src/core/lio/laser_mapping.h:15\x1b[m\x1b[K,\n'}
[5.692930] (lightning) StderrLine: {'line': b'                 from \x1b[01m\x1b[K/home/kepler/Documents/Codex/2026-08-14/microsoft-visual-studio-code-stable-vs/outputs/lightning_lm_ws/src/lightning-lm/src/core/system/slam.cc:7\x1b[m\x1b[K:\n'}
[5.692999] (lightning) StderrLine: {'line': b'\x1b[01m\x1b[K/home/kepler/Documents/Codex/2026-08-14/microsoft-visual-studio-code-stable-vs/outputs/lightning_lm_ws/src/lightning-lm/src/core/lio/imu_filter.h:\x1b[m\x1b[K In member function \xe2\x80\x98\x1b[01m\x1b[Kdouble lightning::IMUFilter::medianFilter(double, std::deque<double>&)\x1b[m\x1b[K\xe2\x80\x99:\n'}
[5.693070] (lightning) StderrLine: {'line': b'\x1b[01m\x1b[K/home/kepler/Documents/Codex/2026-08-14/microsoft-visual-studio-code-stable-vs/outputs/lightning_lm_ws/src/lightning-lm/src/core/lio/imu_filter.h:152:28:\x1b[m\x1b[K \x1b[01;35m\x1b[Kwarning: \x1b[m\x1b[Kcomparison of integer expressions of different signedness: \xe2\x80\x98\x1b[01m\x1b[Kstd::deque<double>::size_type\x1b[m\x1b[K\xe2\x80\x99 {aka \xe2\x80\x98\x1b[01m\x1b[Klong unsigned int\x1b[m\x1b[K\xe2\x80\x99} and \xe2\x80\x98\x1b[01m\x1b[Kint\x1b[m\x1b[K\xe2\x80\x99 [\x1b[01;35m\x1b[K\x1b]8;;https://gcc.gnu.org/onlinedocs/gcc/Warning-Options.html#index-Wsign-compare\x07-Wsign-compare\x1b]8;;\x07\x1b[m\x1b[K]\n'}
[5.693156] (lightning) StderrLine: {'line': b'  152 |         if (\x1b[01;35m\x1b[Khistory.size() < config_.median_window_size\x1b[m\x1b[K) {\n'}
[5.693229] (lightning) StderrLine: {'line': b'      |             \x1b[01;35m\x1b[K~~~~~~~~~~~~~~~^~~~~~~~~~~~~~~~~~~~~~~~~~~~\x1b[m\x1b[K\n'}
[5.693353] (lightning) StderrLine: {'line': b'\x1b[01m\x1b[K/home/kepler/Documents/Codex/2026-08-14/microsoft-visual-studio-code-stable-vs/outputs/lightning_lm_ws/src/lightning-lm/src/core/lio/imu_filter.h:\x1b[m\x1b[K In member function \xe2\x80\x98\x1b[01m\x1b[Kdouble lightning::IMUFilter::movingAverage(double, std::deque<double>&)\x1b[m\x1b[K\xe2\x80\x99:\n'}
[5.693466] (lightning) StderrLine: {'line': b'\x1b[01m\x1b[K/home/kepler/Documents/Codex/2026-08-14/microsoft-visual-studio-code-stable-vs/outputs/lightning_lm_ws/src/lightning-lm/src/core/lio/imu_filter.h:164:28:\x1b[m\x1b[K \x1b[01;35m\x1b[Kwarning: \x1b[m\x1b[Kcomparison of integer expressions of different signedness: \xe2\x80\x98\x1b[01m\x1b[Kstd::deque<double>::size_type\x1b[m\x1b[K\xe2\x80\x99 {aka \xe2\x80\x98\x1b[01m\x1b[Klong unsigned int\x1b[m\x1b[K\xe2\x80\x99} and \xe2\x80\x98\x1b[01m\x1b[Kint\x1b[m\x1b[K\xe2\x80\x99 [\x1b[01;35m\x1b[K\x1b]8;;https://gcc.gnu.org/onlinedocs/gcc/Warning-Options.html#index-Wsign-compare\x07-Wsign-compare\x1b]8;;\x07\x1b[m\x1b[K]\n'}
[5.693540] (lightning) StderrLine: {'line': b'  164 |         if (\x1b[01;35m\x1b[Khistory.size() < config_.moving_avg_window\x1b[m\x1b[K) {\n'}
[5.693605] (lightning) StderrLine: {'line': b'      |             \x1b[01;35m\x1b[K~~~~~~~~~~~~~~~^~~~~~~~~~~~~~~~~~~~~~~~~~~\x1b[m\x1b[K\n'}
[5.693671] (lightning) StderrLine: {'line': b'\x1b[01m\x1b[K/home/kepler/Documents/Codex/2026-08-14/microsoft-visual-studio-code-stable-vs/outputs/lightning_lm_ws/src/lightning-lm/src/core/lio/imu_filter.h:\x1b[m\x1b[K In member function \xe2\x80\x98\x1b[01m\x1b[Kvoid lightning::IMUFilter::updateStatistics(const lightning::IMU&)\x1b[m\x1b[K\xe2\x80\x99:\n'}
[5.693736] (lightning) StderrLine: {'line': b'\x1b[01m\x1b[K/home/kepler/Documents/Codex/2026-08-14/microsoft-visual-studio-code-stable-vs/outputs/lightning_lm_ws/src/lightning-lm/src/core/lio/imu_filter.h:200:20:\x1b[m\x1b[K \x1b[01;35m\x1b[Kwarning: \x1b[m\x1b[Kunused variable \xe2\x80\x98\x1b[01m\x1b[Kprev_mean\x1b[m\x1b[K\xe2\x80\x99 [\x1b[01;35m\x1b[K\x1b]8;;https://gcc.gnu.org/onlinedocs/gcc/Warning-Options.html#index-Wunused-variable\x07-Wunused-variable\x1b]8;;\x07\x1b[m\x1b[K]\n'}
[5.693806] (lightning) StderrLine: {'line': b'  200 |             double \x1b[01;35m\x1b[Kprev_mean\x1b[m\x1b[K[3] = {gyro_mean_[0], gyro_mean_[1], gyro_mean_[2]};\n'}
[5.693869] (lightning) StderrLine: {'line': b'      |                    \x1b[01;35m\x1b[K^~~~~~~~~\x1b[m\x1b[K\n'}
[5.715410] (-) TimerEvent: {}
[5.805188] (lightning) StderrLine: {'line': b'In file included from \x1b[01m\x1b[K/home/kepler/Documents/Codex/2026-08-14/microsoft-visual-studio-code-stable-vs/outputs/lightning_lm_ws/src/lightning-lm/src/core/localization/lidar_loc/pclomp/ndt_omp.cpp:2\x1b[m\x1b[K:\n'}
[5.805379] (lightning) StderrLine: {'line': b'/home/kepler/Documents/Codex/2026-08-14/microsoft-visual-studio-code-stable-vs/outputs/lightning_lm_ws/src/lightning-lm/src/core/localization/lidar_loc/pclomp/ndt_omp_impl.hpp: In instantiation of \xe2\x80\x98\x1b[01m\x1b[Kdouble pclomp::NormalDistributionsTransform<PointSource, PointTarget>::computeDerivatives(Eigen::Matrix<double, 6, 1, 0, 6, 1>&, Eigen::Matrix<double, 6, 6, 0, 6, 6>&, pclomp::NormalDistributionsTransform<PointSource, PointTarget>::PointCloudSource&, Eigen::Matrix<double, 6, 1, 0, 6, 1>&, bool) [with PointSource = pcl::PointXYZ; PointTarget = pcl::PointXYZ; pclomp::NormalDistributionsTransform<PointSource, PointTarget>::PointCloudSource = pcl::PointCloud<pcl::PointXYZ>]\x1b[m\x1b[K\xe2\x80\x99:\n'}
[5.805473] (lightning) StderrLine: {'line': b'\x1b[01m\x1b[K/home/kepler/Documents/Codex/2026-08-14/microsoft-visual-studio-code-stable-vs/outputs/lightning_lm_ws/src/lightning-lm/src/core/localization/lidar_loc/pclomp/ndt_omp.cpp:4:24:\x1b[m\x1b[K   required from here\n'}
[5.805544] (lightning) StderrLine: {'line': b'\x1b[01m\x1b[K/home/kepler/Documents/Codex/2026-08-14/microsoft-visual-studio-code-stable-vs/outputs/lightning_lm_ws/src/lightning-lm/src/core/localization/lidar_loc/pclomp/ndt_omp_impl.hpp:281:25:\x1b[m\x1b[K \x1b[01;35m\x1b[Kwarning: \x1b[m\x1b[Kcomparison of integer expressions of different signedness: \xe2\x80\x98\x1b[01m\x1b[Kint\x1b[m\x1b[K\xe2\x80\x99 and \xe2\x80\x98\x1b[01m\x1b[Kstd::vector<pcl::PointXYZ, Eigen::aligned_allocator<pcl::PointXYZ> >::size_type\x1b[m\x1b[K\xe2\x80\x99 {aka \xe2\x80\x98\x1b[01m\x1b[Klong unsigned int\x1b[m\x1b[K\xe2\x80\x99} [\x1b[01;35m\x1b[K\x1b]8;;https://gcc.gnu.org/onlinedocs/gcc/Warning-Options.html#index-Wsign-compare\x07-Wsign-compare\x1b]8;;\x07\x1b[m\x1b[K]\n'}
[5.805614] (lightning) StderrLine: {'line': b'  281 |   for (int idx = 0; \x1b[01;35m\x1b[Kidx < input_->points.size()\x1b[m\x1b[K; idx++) {\n'}
[5.805666] (lightning) StderrLine: {'line': b'      |                     \x1b[01;35m\x1b[K~~~~^~~~~~~~~~~~~~~~~~~~~~~\x1b[m\x1b[K\n'}
[5.815525] (-) TimerEvent: {}
[5.826199] (lightning) StderrLine: {'line': b'\x1b[01m\x1b[K/home/kepler/Documents/Codex/2026-08-14/microsoft-visual-studio-code-stable-vs/outputs/lightning_lm_ws/src/lightning-lm/src/core/localization/lidar_loc/pclomp/ndt_omp_impl.hpp:303:11:\x1b[m\x1b[K \x1b[01;35m\x1b[Kwarning: \x1b[m\x1b[Kunused variable \xe2\x80\x98\x1b[01m\x1b[Kdistances\x1b[m\x1b[K\xe2\x80\x99 [\x1b[01;35m\x1b[K\x1b]8;;https://gcc.gnu.org/onlinedocs/gcc/Warning-Options.html#index-Wunused-variable\x07-Wunused-variable\x1b]8;;\x07\x1b[m\x1b[K]\n'}
[5.826392] (lightning) StderrLine: {'line': b'  303 |     auto &\x1b[01;35m\x1b[Kdistances\x1b[m\x1b[K    = distancess[thread_n];\n'}
[5.826459] (lightning) StderrLine: {'line': b'      |           \x1b[01;35m\x1b[K^~~~~~~~~\x1b[m\x1b[K\n'}
[5.831400] (lightning) StderrLine: {'line': b'In file included from \x1b[01m\x1b[K/home/kepler/Documents/Codex/2026-08-14/microsoft-visual-studio-code-stable-vs/outputs/lightning_lm_ws/src/lightning-lm/src/wrapper/bag_io.cc:5\x1b[m\x1b[K:\n'}
[5.831576] (lightning) StderrLine: {'line': b'\x1b[01m\x1b[K/home/kepler/Documents/Codex/2026-08-14/microsoft-visual-studio-code-stable-vs/outputs/lightning_lm_ws/src/lightning-lm/src/wrapper/bag_io.h:\x1b[m\x1b[K In constructor \xe2\x80\x98\x1b[01m\x1b[Klightning::RosbagIO::RosbagIO(std::string, lightning::DatasetType)\x1b[m\x1b[K\xe2\x80\x99:\n'}
[5.831647] (lightning) StderrLine: {'line': b'\x1b[01m\x1b[K/home/kepler/Documents/Codex/2026-08-14/microsoft-visual-studio-code-stable-vs/outputs/lightning_lm_ws/src/lightning-lm/src/wrapper/bag_io.h:38:57:\x1b[m\x1b[K \x1b[01;35m\x1b[Kwarning: \x1b[m\x1b[Kunused parameter \xe2\x80\x98\x1b[01m\x1b[Kdataset_type\x1b[m\x1b[K\xe2\x80\x99 [\x1b[01;35m\x1b[K\x1b]8;;https://gcc.gnu.org/onlinedocs/gcc/Warning-Options.html#index-Wunused-parameter\x07-Wunused-parameter\x1b]8;;\x07\x1b[m\x1b[K]\n'}
[5.831723] (lightning) StderrLine: {'line': b'   38 |     explicit RosbagIO(std::string bag_file, \x1b[01;35m\x1b[KDatasetType dataset_type = DatasetType::NCLT\x1b[m\x1b[K)\n'}
[5.831776] (lightning) StderrLine: {'line': b'      |                                             \x1b[01;35m\x1b[K~~~~~~~~~~~~^~~~~~~~~~~~~~~~~~~~~~~~~~~~~~~~\x1b[m\x1b[K\n'}
[5.915648] (-) TimerEvent: {}
[5.950950] (lightning) StderrLine: {'line': b'In file included from \x1b[01m\x1b[K/home/kepler/Documents/Codex/2026-08-14/microsoft-visual-studio-code-stable-vs/outputs/lightning_lm_ws/src/lightning-lm/src/core/localization/lidar_loc/pclomp/ndt_omp.cpp:1\x1b[m\x1b[K:\n'}
[5.951174] (lightning) StderrLine: {'line': b'/home/kepler/Documents/Codex/2026-08-14/microsoft-visual-studio-code-stable-vs/outputs/lightning_lm_ws/src/lightning-lm/src/core/localization/lidar_loc/pclomp/ndt_omp.h: In instantiation of \xe2\x80\x98\x1b[01m\x1b[Kvoid pclomp::NormalDistributionsTransform<PointSource, PointTarget>::setInputTarget(const PointCloudTargetConstPtr&) [with PointSource = pcl::PointXYZI; PointTarget = pcl::PointXYZI; pclomp::NormalDistributionsTransform<PointSource, PointTarget>::PointCloudTargetConstPtr = std::shared_ptr<const pcl::PointCloud<pcl::PointXYZI> >]\x1b[m\x1b[K\xe2\x80\x99:\n'}
[5.951238] (lightning) StderrLine: {'line': b'\x1b[01m\x1b[K/home/kepler/Documents/Codex/2026-08-14/microsoft-visual-studio-code-stable-vs/outputs/lightning_lm_ws/src/lightning-lm/src/core/localization/lidar_loc/pclomp/ndt_omp.cpp:5:24:\x1b[m\x1b[K   required from here\n'}
[5.951292] (lightning) StderrLine: {'line': b'\x1b[01m\x1b[K/home/kepler/Documents/Codex/2026-08-14/microsoft-visual-studio-code-stable-vs/outputs/lightning_lm_ws/src/lightning-lm/src/core/localization/lidar_loc/pclomp/ndt_omp.h:105:62:\x1b[m\x1b[K \x1b[01;35m\x1b[Kwarning: \x1b[m\x1b[Kunused parameter \xe2\x80\x98\x1b[01m\x1b[Kcloud\x1b[m\x1b[K\xe2\x80\x99 [\x1b[01;35m\x1b[K\x1b]8;;https://gcc.gnu.org/onlinedocs/gcc/Warning-Options.html#index-Wunused-parameter\x07-Wunused-parameter\x1b]8;;\x07\x1b[m\x1b[K]\n'}
[5.951354] (lightning) StderrLine: {'line': b'  105 |   inline void setInputTarget(\x1b[01;35m\x1b[Kconst PointCloudTargetConstPtr &cloud\x1b[m\x1b[K) {\n'}
[5.951426] (lightning) StderrLine: {'line': b'      |                              \x1b[01;35m\x1b[K~~~~~~~~~~~~~~~~~~~~~~~~~~~~~~~~^~~~~\x1b[m\x1b[K\n'}
[5.959968] (lightning) StderrLine: {'line': b'In file included from \x1b[01m\x1b[K/home/kepler/Documents/Codex/2026-08-14/microsoft-visual-studio-code-stable-vs/outputs/lightning_lm_ws/src/lightning-lm/src/core/localization/lidar_loc/pclomp/ndt_omp.cpp:2\x1b[m\x1b[K:\n'}
[5.960170] (lightning) StderrLine: {'line': b'/home/kepler/Documents/Codex/2026-08-14/microsoft-visual-studio-code-stable-vs/outputs/lightning_lm_ws/src/lightning-lm/src/core/localization/lidar_loc/pclomp/ndt_omp_impl.hpp: In instantiation of \xe2\x80\x98\x1b[01m\x1b[Kdouble pclomp::NormalDistributionsTransform<PointSource, PointTarget>::computeDerivatives(Eigen::Matrix<double, 6, 1, 0, 6, 1>&, Eigen::Matrix<double, 6, 6, 0, 6, 6>&, pclomp::NormalDistributionsTransform<PointSource, PointTarget>::PointCloudSource&, Eigen::Matrix<double, 6, 1, 0, 6, 1>&, bool) [with PointSource = pcl::PointXYZI; PointTarget = pcl::PointXYZI; pclomp::NormalDistributionsTransform<PointSource, PointTarget>::PointCloudSource = pcl::PointCloud<pcl::PointXYZI>]\x1b[m\x1b[K\xe2\x80\x99:\n'}
[5.960245] (lightning) StderrLine: {'line': b'\x1b[01m\x1b[K/home/kepler/Documents/Codex/2026-08-14/microsoft-visual-studio-code-stable-vs/outputs/lightning_lm_ws/src/lightning-lm/src/core/localization/lidar_loc/pclomp/ndt_omp.cpp:5:24:\x1b[m\x1b[K   required from here\n'}
[5.960305] (lightning) StderrLine: {'line': b'\x1b[01m\x1b[K/home/kepler/Documents/Codex/2026-08-14/microsoft-visual-studio-code-stable-vs/outputs/lightning_lm_ws/src/lightning-lm/src/core/localization/lidar_loc/pclomp/ndt_omp_impl.hpp:281:25:\x1b[m\x1b[K \x1b[01;35m\x1b[Kwarning: \x1b[m\x1b[Kcomparison of integer expressions of different signedness: \xe2\x80\x98\x1b[01m\x1b[Kint\x1b[m\x1b[K\xe2\x80\x99 and \xe2\x80\x98\x1b[01m\x1b[Kstd::vector<pcl::PointXYZI, Eigen::aligned_allocator<pcl::PointXYZI> >::size_type\x1b[m\x1b[K\xe2\x80\x99 {aka \xe2\x80\x98\x1b[01m\x1b[Klong unsigned int\x1b[m\x1b[K\xe2\x80\x99} [\x1b[01;35m\x1b[K\x1b]8;;https://gcc.gnu.org/onlinedocs/gcc/Warning-Options.html#index-Wsign-compare\x07-Wsign-compare\x1b]8;;\x07\x1b[m\x1b[K]\n'}
[5.960382] (lightning) StderrLine: {'line': b'  281 |   for (int idx = 0; \x1b[01;35m\x1b[Kidx < input_->points.size()\x1b[m\x1b[K; idx++) {\n'}
[5.960441] (lightning) StderrLine: {'line': b'      |                     \x1b[01;35m\x1b[K~~~~^~~~~~~~~~~~~~~~~~~~~~~\x1b[m\x1b[K\n'}
[5.962878] (lightning) StderrLine: {'line': b'\x1b[01m\x1b[K/home/kepler/Documents/Codex/2026-08-14/microsoft-visual-studio-code-stable-vs/outputs/lightning_lm_ws/src/lightning-lm/src/core/localization/lidar_loc/pclomp/ndt_omp_impl.hpp:303:11:\x1b[m\x1b[K \x1b[01;35m\x1b[Kwarning: \x1b[m\x1b[Kunused variable \xe2\x80\x98\x1b[01m\x1b[Kdistances\x1b[m\x1b[K\xe2\x80\x99 [\x1b[01;35m\x1b[K\x1b]8;;https://gcc.gnu.org/onlinedocs/gcc/Warning-Options.html#index-Wunused-variable\x07-Wunused-variable\x1b]8;;\x07\x1b[m\x1b[K]\n'}
[5.963074] (lightning) StderrLine: {'line': b'  303 |     auto &\x1b[01;35m\x1b[Kdistances\x1b[m\x1b[K    = distancess[thread_n];\n'}
[5.963139] (lightning) StderrLine: {'line': b'      |           \x1b[01;35m\x1b[K^~~~~~~~~\x1b[m\x1b[K\n'}
[6.015765] (-) TimerEvent: {}
[6.116108] (-) TimerEvent: {}
[6.189713] (lightning) StderrLine: {'line': b'In file included from \x1b[01m\x1b[K/home/kepler/Documents/Codex/2026-08-14/microsoft-visual-studio-code-stable-vs/outputs/lightning_lm_ws/src/lightning-lm/src/core/miao/core/graph/optimizer.h:8\x1b[m\x1b[K,\n'}
[6.189922] (lightning) StderrLine: {'line': b'                 from \x1b[01m\x1b[K/home/kepler/Documents/Codex/2026-08-14/microsoft-visual-studio-code-stable-vs/outputs/lightning_lm_ws/src/lightning-lm/src/core/loop_closing/loop_closing.h:12\x1b[m\x1b[K,\n'}
[6.189983] (lightning) StderrLine: {'line': b'                 from \x1b[01m\x1b[K/home/kepler/Documents/Codex/2026-08-14/microsoft-visual-studio-code-stable-vs/outputs/lightning_lm_ws/src/lightning-lm/src/core/system/slam.cc:8\x1b[m\x1b[K:\n'}
[6.190030] (lightning) StderrLine: {'line': b'\x1b[01m\x1b[K/home/kepler/Documents/Codex/2026-08-14/microsoft-visual-studio-code-stable-vs/outputs/lightning_lm_ws/src/lightning-lm/src/core/miao/core/common/config.h:\x1b[m\x1b[K In constructor \xe2\x80\x98\x1b[01m\x1b[Klightning::miao::OptimizerConfig::OptimizerConfig(lightning::miao::AlgorithmType, lightning::miao::LinearSolverType, bool)\x1b[m\x1b[K\xe2\x80\x99:\n'}
[6.190077] (lightning) StderrLine: {'line': b'\x1b[01m\x1b[K/home/kepler/Documents/Codex/2026-08-14/microsoft-visual-studio-code-stable-vs/outputs/lightning_lm_ws/src/lightning-lm/src/core/miao/core/common/config.h:44:10:\x1b[m\x1b[K \x1b[01;35m\x1b[Kwarning: \x1b[m\x1b[K\xe2\x80\x98\x1b[01m\x1b[Klightning::miao::OptimizerConfig::is_dense_\x1b[m\x1b[K\xe2\x80\x99 will be initialized after [\x1b[01;35m\x1b[K\x1b]8;;https://gcc.gnu.org/onlinedocs/gcc/Warning-Options.html#index-Wreorder\x07-Wreorder\x1b]8;;\x07\x1b[m\x1b[K]\n'}
[6.190121] (lightning) StderrLine: {'line': b'   44 |     bool \x1b[01;35m\x1b[Kis_dense_\x1b[m\x1b[K = true;\n'}
[6.190163] (lightning) StderrLine: {'line': b'      |          \x1b[01;35m\x1b[K^~~~~~~~~\x1b[m\x1b[K\n'}
[6.190206] (lightning) StderrLine: {'line': b'\x1b[01m\x1b[K/home/kepler/Documents/Codex/2026-08-14/microsoft-visual-studio-code-stable-vs/outputs/lightning_lm_ws/src/lightning-lm/src/core/miao/core/common/config.h:39:22:\x1b[m\x1b[K \x1b[01;35m\x1b[Kwarning: \x1b[m\x1b[K  \xe2\x80\x98\x1b[01m\x1b[Klightning::miao::LinearSolverType lightning::miao::OptimizerConfig::linear_solver_type_\x1b[m\x1b[K\xe2\x80\x99 [\x1b[01;35m\x1b[K\x1b]8;;https://gcc.gnu.org/onlinedocs/gcc/Warning-Options.html#index-Wreorder\x07-Wreorder\x1b]8;;\x07\x1b[m\x1b[K]\n'}
[6.190264] (lightning) StderrLine: {'line': b'   39 |     LinearSolverType \x1b[01;35m\x1b[Klinear_solver_type_\x1b[m\x1b[K = LinearSolverType::LINEAR_SOLVER_SPARSE_EIGEN;\n'}
[6.190309] (lightning) StderrLine: {'line': b'      |                      \x1b[01;35m\x1b[K^~~~~~~~~~~~~~~~~~~\x1b[m\x1b[K\n'}
[6.190350] (lightning) StderrLine: {'line': b'\x1b[01m\x1b[K/home/kepler/Documents/Codex/2026-08-14/microsoft-visual-studio-code-stable-vs/outputs/lightning_lm_ws/src/lightning-lm/src/core/miao/core/common/config.h:31:14:\x1b[m\x1b[K \x1b[01;35m\x1b[Kwarning: \x1b[m\x1b[K  when initialized here [\x1b[01;35m\x1b[K\x1b]8;;https://gcc.gnu.org/onlinedocs/gcc/Warning-Options.html#index-Wreorder\x07-Wreorder\x1b]8;;\x07\x1b[m\x1b[K]\n'}
[6.190417] (lightning) StderrLine: {'line': b'   31 |     explicit \x1b[01;35m\x1b[KOptimizerConfig\x1b[m\x1b[K(AlgorithmType algo_type,\n'}
[6.190471] (lightning) StderrLine: {'line': b'      |              \x1b[01;35m\x1b[K^~~~~~~~~~~~~~~\x1b[m\x1b[K\n'}
[6.202360] (lightning) StderrLine: {'line': b'In file included from \x1b[01m\x1b[K/home/kepler/Documents/Codex/2026-08-14/microsoft-visual-studio-code-stable-vs/outputs/lightning_lm_ws/src/lightning-lm/src/core/miao/core/graph/optimizer.h:9\x1b[m\x1b[K,\n'}
[6.202551] (lightning) StderrLine: {'line': b'                 from \x1b[01m\x1b[K/home/kepler/Documents/Codex/2026-08-14/microsoft-visual-studio-code-stable-vs/outputs/lightning_lm_ws/src/lightning-lm/src/core/loop_closing/loop_closing.h:12\x1b[m\x1b[K,\n'}
[6.202617] (lightning) StderrLine: {'line': b'                 from \x1b[01m\x1b[K/home/kepler/Documents/Codex/2026-08-14/microsoft-visual-studio-code-stable-vs/outputs/lightning_lm_ws/src/lightning-lm/src/core/system/slam.cc:8\x1b[m\x1b[K:\n'}
[6.202674] (lightning) StderrLine: {'line': b'\x1b[01m\x1b[K/home/kepler/Documents/Codex/2026-08-14/microsoft-visual-studio-code-stable-vs/outputs/lightning_lm_ws/src/lightning-lm/src/core/miao/core/graph/graph.h:\x1b[m\x1b[K In member function \xe2\x80\x98\x1b[01m\x1b[Kvirtual int lightning::miao::Graph::Optimize(int)\x1b[m\x1b[K\xe2\x80\x99:\n'}
[6.202748] (lightning) StderrLine: {'line': b'\x1b[01m\x1b[K/home/kepler/Documents/Codex/2026-08-14/microsoft-visual-studio-code-stable-vs/outputs/lightning_lm_ws/src/lightning-lm/src/core/miao/core/graph/graph.h:80:30:\x1b[m\x1b[K \x1b[01;35m\x1b[Kwarning: \x1b[m\x1b[Kunused parameter \xe2\x80\x98\x1b[01m\x1b[Kinterations\x1b[m\x1b[K\xe2\x80\x99 [\x1b[01;35m\x1b[K\x1b]8;;https://gcc.gnu.org/onlinedocs/gcc/Warning-Options.html#index-Wunused-parameter\x07-Wunused-parameter\x1b]8;;\x07\x1b[m\x1b[K]\n'}
[6.202806] (lightning) StderrLine: {'line': b'   80 |     virtual int Optimize(\x1b[01;35m\x1b[Kint interations\x1b[m\x1b[K) { return 0; }\n'}
[6.202856] (lightning) StderrLine: {'line': b'      |                          \x1b[01;35m\x1b[K~~~~^~~~~~~~~~~\x1b[m\x1b[K\n'}
[6.216235] (-) TimerEvent: {}
[6.316589] (-) TimerEvent: {}
[6.329021] (lightning) StderrLine: {'line': b'In file included from \x1b[01m\x1b[K/home/kepler/Documents/Codex/2026-08-14/microsoft-visual-studio-code-stable-vs/outputs/lightning_lm_ws/src/lightning-lm/src/core/lightning_math.hpp:22\x1b[m\x1b[K,\n'}
[6.329213] (lightning) StderrLine: {'line': b'                 from \x1b[01m\x1b[K/home/kepler/Documents/Codex/2026-08-14/microsoft-visual-studio-code-stable-vs/outputs/lightning_lm_ws/src/lightning-lm/src/common/params.cc:6\x1b[m\x1b[K:\n'}
[6.329285] (lightning) StderrLine: {'line': b'\x1b[01m\x1b[K/home/kepler/Documents/Codex/2026-08-14/microsoft-visual-studio-code-stable-vs/outputs/lightning_lm_ws/src/lightning-lm/src/common/options.h:\x1b[m\x1b[K In function \xe2\x80\x98\x1b[01m\x1b[Kvoid lightning::debug::SigHandle(int)\x1b[m\x1b[K\xe2\x80\x99:\n'}
[6.329343] (lightning) StderrLine: {'line': b'\x1b[01m\x1b[K/home/kepler/Documents/Codex/2026-08-14/microsoft-visual-studio-code-stable-vs/outputs/lightning_lm_ws/src/lightning-lm/src/common/options.h:27:27:\x1b[m\x1b[K \x1b[01;35m\x1b[Kwarning: \x1b[m\x1b[Kunused parameter \xe2\x80\x98\x1b[01m\x1b[Ksig\x1b[m\x1b[K\xe2\x80\x99 [\x1b[01;35m\x1b[K\x1b]8;;https://gcc.gnu.org/onlinedocs/gcc/Warning-Options.html#index-Wunused-parameter\x07-Wunused-parameter\x1b]8;;\x07\x1b[m\x1b[K]\n'}
[6.329420] (lightning) StderrLine: {'line': b'   27 | inline void SigHandle(\x1b[01;35m\x1b[Kint sig\x1b[m\x1b[K) {\n'}
[6.329476] (lightning) StderrLine: {'line': b'      |                       \x1b[01;35m\x1b[K~~~~^~~\x1b[m\x1b[K\n'}
[6.416701] (-) TimerEvent: {}
[6.517024] (-) TimerEvent: {}
[6.617332] (-) TimerEvent: {}
[6.621699] (lightning) StderrLine: {'line': b'In file included from \x1b[01m\x1b[K/home/kepler/Documents/Codex/2026-08-14/microsoft-visual-studio-code-stable-vs/outputs/lightning_lm_ws/src/lightning-lm/src/core/system/loc_system.h:17\x1b[m\x1b[K,\n'}
[6.621893] (lightning) StderrLine: {'line': b'                 from \x1b[01m\x1b[K/home/kepler/Documents/Codex/2026-08-14/microsoft-visual-studio-code-stable-vs/outputs/lightning_lm_ws/src/lightning-lm/src/core/system/loc_system.cc:5\x1b[m\x1b[K:\n'}
[6.621960] (lightning) StderrLine: {'line': b'\x1b[01m\x1b[K/home/kepler/Documents/Codex/2026-08-14/microsoft-visual-studio-code-stable-vs/outputs/lightning_lm_ws/src/lightning-lm/src/common/keyframe.h:\x1b[m\x1b[K In constructor \xe2\x80\x98\x1b[01m\x1b[Klightning::Keyframe::Keyframe(long unsigned int, lightning::CloudPtr, lightning::NavState)\x1b[m\x1b[K\xe2\x80\x99:\n'}
[6.622021] (lightning) StderrLine: {'line': b'\x1b[01m\x1b[K/home/kepler/Documents/Codex/2026-08-14/microsoft-visual-studio-code-stable-vs/outputs/lightning_lm_ws/src/lightning-lm/src/common/keyframe.h:74:14:\x1b[m\x1b[K \x1b[01;35m\x1b[Kwarning: \x1b[m\x1b[K\xe2\x80\x98\x1b[01m\x1b[Klightning::Keyframe::state_\x1b[m\x1b[K\xe2\x80\x99 will be initialized after [\x1b[01;35m\x1b[K\x1b]8;;https://gcc.gnu.org/onlinedocs/gcc/Warning-Options.html#index-Wreorder\x07-Wreorder\x1b]8;;\x07\x1b[m\x1b[K]\n'}
[6.622092] (lightning) StderrLine: {'line': b'   74 |     NavState \x1b[01;35m\x1b[Kstate_\x1b[m\x1b[K;  // \xe5\x8d\xa1\xe5\xb0\x94\xe6\x9b\xbc\xe6\xbb\xa4\xe6\xb3\xa2\xe5\x99\xa8\xe7\x8a\xb6\xe6\x80\x81\n'}
[6.622145] (lightning) StderrLine: {'line': b'      |              \x1b[01;35m\x1b[K^~~~~~\x1b[m\x1b[K\n'}
[6.622193] (lightning) StderrLine: {'line': b'\x1b[01m\x1b[K/home/kepler/Documents/Codex/2026-08-14/microsoft-visual-studio-code-stable-vs/outputs/lightning_lm_ws/src/lightning-lm/src/common/keyframe.h:71:9:\x1b[m\x1b[K \x1b[01;35m\x1b[Kwarning: \x1b[m\x1b[K  \xe2\x80\x98\x1b[01m\x1b[Klightning::SE3 lightning::Keyframe::pose_lio_\x1b[m\x1b[K\xe2\x80\x99 [\x1b[01;35m\x1b[K\x1b]8;;https://gcc.gnu.org/onlinedocs/gcc/Warning-Options.html#index-Wreorder\x07-Wreorder\x1b]8;;\x07\x1b[m\x1b[K]\n'}
[6.622243] (lightning) StderrLine: {'line': b'   71 |     SE3 \x1b[01;35m\x1b[Kpose_lio_\x1b[m\x1b[K;  // \xe5\x89\x8d\xe7\xab\xaf\xe7\x9a\x84pose\n'}
[6.622293] (lightning) StderrLine: {'line': b'      |         \x1b[01;35m\x1b[K^~~~~~~~~\x1b[m\x1b[K\n'}
[6.622340] (lightning) StderrLine: {'line': b'\x1b[01m\x1b[K/home/kepler/Documents/Codex/2026-08-14/microsoft-visual-studio-code-stable-vs/outputs/lightning_lm_ws/src/lightning-lm/src/common/keyframe.h:22:5:\x1b[m\x1b[K \x1b[01;35m\x1b[Kwarning: \x1b[m\x1b[K  when initialized here [\x1b[01;35m\x1b[K\x1b]8;;https://gcc.gnu.org/onlinedocs/gcc/Warning-Options.html#index-Wreorder\x07-Wreorder\x1b]8;;\x07\x1b[m\x1b[K]\n'}
[6.622401] (lightning) StderrLine: {'line': b'   22 |     \x1b[01;35m\x1b[KKeyframe\x1b[m\x1b[K(unsigned long id, CloudPtr cloud, NavState state)\n'}
[6.622447] (lightning) StderrLine: {'line': b'      |     \x1b[01;35m\x1b[K^~~~~~~~\x1b[m\x1b[K\n'}
[6.650908] (lightning) StderrLine: {'line': b'In file included from \x1b[01m\x1b[K/home/kepler/Documents/Codex/2026-08-14/microsoft-visual-studio-code-stable-vs/outputs/lightning_lm_ws/src/lightning-lm/src/core/lightning_math.hpp:22\x1b[m\x1b[K,\n'}
[6.651100] (lightning) StderrLine: {'line': b'                 from \x1b[01m\x1b[K/home/kepler/Documents/Codex/2026-08-14/microsoft-visual-studio-code-stable-vs/outputs/lightning_lm_ws/src/lightning-lm/src/core/localization/pose_graph/pose_extrapolator.cc:2\x1b[m\x1b[K:\n'}
[6.651163] (lightning) StderrLine: {'line': b'\x1b[01m\x1b[K/home/kepler/Documents/Codex/2026-08-14/microsoft-visual-studio-code-stable-vs/outputs/lightning_lm_ws/src/lightning-lm/src/common/options.h:\x1b[m\x1b[K In function \xe2\x80\x98\x1b[01m\x1b[Kvoid lightning::debug::SigHandle(int)\x1b[m\x1b[K\xe2\x80\x99:\n'}
[6.651214] (lightning) StderrLine: {'line': b'\x1b[01m\x1b[K/home/kepler/Documents/Codex/2026-08-14/microsoft-visual-studio-code-stable-vs/outputs/lightning_lm_ws/src/lightning-lm/src/common/options.h:27:27:\x1b[m\x1b[K \x1b[01;35m\x1b[Kwarning: \x1b[m\x1b[Kunused parameter \xe2\x80\x98\x1b[01m\x1b[Ksig\x1b[m\x1b[K\xe2\x80\x99 [\x1b[01;35m\x1b[K\x1b]8;;https://gcc.gnu.org/onlinedocs/gcc/Warning-Options.html#index-Wunused-parameter\x07-Wunused-parameter\x1b]8;;\x07\x1b[m\x1b[K]\n'}
[6.651287] (lightning) StderrLine: {'line': b'   27 | inline void SigHandle(\x1b[01;35m\x1b[Kint sig\x1b[m\x1b[K) {\n'}
[6.651340] (lightning) StderrLine: {'line': b'      |                       \x1b[01;35m\x1b[K~~~~^~~\x1b[m\x1b[K\n'}
[6.681830] (lightning) StderrLine: {'line': b'In file included from \x1b[01m\x1b[K/home/kepler/Documents/Codex/2026-08-14/microsoft-visual-studio-code-stable-vs/outputs/lightning_lm_ws/src/lightning-lm/src/core/lightning_math.hpp:22\x1b[m\x1b[K,\n'}
[6.682021] (lightning) StderrLine: {'line': b'                 from \x1b[01m\x1b[K/home/kepler/Documents/Codex/2026-08-14/microsoft-visual-studio-code-stable-vs/outputs/lightning_lm_ws/src/lightning-lm/src/core/localization/localization_result.cc:6\x1b[m\x1b[K:\n'}
[6.682092] (lightning) StderrLine: {'line': b'\x1b[01m\x1b[K/home/kepler/Documents/Codex/2026-08-14/microsoft-visual-studio-code-stable-vs/outputs/lightning_lm_ws/src/lightning-lm/src/common/options.h:\x1b[m\x1b[K In function \xe2\x80\x98\x1b[01m\x1b[Kvoid lightning::debug::SigHandle(int)\x1b[m\x1b[K\xe2\x80\x99:\n'}
[6.682166] (lightning) StderrLine: {'line': b'\x1b[01m\x1b[K/home/kepler/Documents/Codex/2026-08-14/microsoft-visual-studio-code-stable-vs/outputs/lightning_lm_ws/src/lightning-lm/src/common/options.h:27:27:\x1b[m\x1b[K \x1b[01;35m\x1b[Kwarning: \x1b[m\x1b[Kunused parameter \xe2\x80\x98\x1b[01m\x1b[Ksig\x1b[m\x1b[K\xe2\x80\x99 [\x1b[01;35m\x1b[K\x1b]8;;https://gcc.gnu.org/onlinedocs/gcc/Warning-Options.html#index-Wunused-parameter\x07-Wunused-parameter\x1b]8;;\x07\x1b[m\x1b[K]\n'}
[6.682227] (lightning) StderrLine: {'line': b'   27 | inline void SigHandle(\x1b[01;35m\x1b[Kint sig\x1b[m\x1b[K) {\n'}
[6.682283] (lightning) StderrLine: {'line': b'      |                       \x1b[01;35m\x1b[K~~~~^~~\x1b[m\x1b[K\n'}
[6.717458] (-) TimerEvent: {}
[6.795936] (lightning) StderrLine: {'line': b'In file included from \x1b[01m\x1b[K/home/kepler/Documents/Codex/2026-08-14/microsoft-visual-studio-code-stable-vs/outputs/lightning_lm_ws/src/lightning-lm/src/core/lio/laser_mapping.cc:5\x1b[m\x1b[K:\n'}
[6.796117] (lightning) StderrLine: {'line': b'\x1b[01m\x1b[K/home/kepler/Documents/Codex/2026-08-14/microsoft-visual-studio-code-stable-vs/outputs/lightning_lm_ws/src/lightning-lm/src/common/options.h:\x1b[m\x1b[K In function \xe2\x80\x98\x1b[01m\x1b[Kvoid lightning::debug::SigHandle(int)\x1b[m\x1b[K\xe2\x80\x99:\n'}
[6.796185] (lightning) StderrLine: {'line': b'\x1b[01m\x1b[K/home/kepler/Documents/Codex/2026-08-14/microsoft-visual-studio-code-stable-vs/outputs/lightning_lm_ws/src/lightning-lm/src/common/options.h:27:27:\x1b[m\x1b[K \x1b[01;35m\x1b[Kwarning: \x1b[m\x1b[Kunused parameter \xe2\x80\x98\x1b[01m\x1b[Ksig\x1b[m\x1b[K\xe2\x80\x99 [\x1b[01;35m\x1b[K\x1b]8;;https://gcc.gnu.org/onlinedocs/gcc/Warning-Options.html#index-Wunused-parameter\x07-Wunused-parameter\x1b]8;;\x07\x1b[m\x1b[K]\n'}
[6.796257] (lightning) StderrLine: {'line': b'   27 | inline void SigHandle(\x1b[01;35m\x1b[Kint sig\x1b[m\x1b[K) {\n'}
[6.796312] (lightning) StderrLine: {'line': b'      |                       \x1b[01;35m\x1b[K~~~~^~~\x1b[m\x1b[K\n'}
[6.817573] (-) TimerEvent: {}
[6.823825] (lightning) StderrLine: {'line': b'In file included from \x1b[01m\x1b[K/home/kepler/Documents/Codex/2026-08-14/microsoft-visual-studio-code-stable-vs/outputs/lightning_lm_ws/src/lightning-lm/src/core/lightning_math.hpp:22\x1b[m\x1b[K,\n'}
[6.824016] (lightning) StderrLine: {'line': b'                 from \x1b[01m\x1b[K/home/kepler/Documents/Codex/2026-08-14/microsoft-visual-studio-code-stable-vs/outputs/lightning_lm_ws/src/lightning-lm/src/core/localization/lidar_loc/pclomp/voxel_grid_covariance_omp.h:47\x1b[m\x1b[K,\n'}
[6.824091] (lightning) StderrLine: {'line': b'                 from \x1b[01m\x1b[K/home/kepler/Documents/Codex/2026-08-14/microsoft-visual-studio-code-stable-vs/outputs/lightning_lm_ws/src/lightning-lm/src/core/localization/lidar_loc/pclomp/voxel_grid_covariance_omp.cpp:1\x1b[m\x1b[K:\n'}
[6.824159] (lightning) StderrLine: {'line': b'\x1b[01m\x1b[K/home/kepler/Documents/Codex/2026-08-14/microsoft-visual-studio-code-stable-vs/outputs/lightning_lm_ws/src/lightning-lm/src/common/options.h:\x1b[m\x1b[K In function \xe2\x80\x98\x1b[01m\x1b[Kvoid lightning::debug::SigHandle(int)\x1b[m\x1b[K\xe2\x80\x99:\n'}
[6.824216] (lightning) StderrLine: {'line': b'\x1b[01m\x1b[K/home/kepler/Documents/Codex/2026-08-14/microsoft-visual-studio-code-stable-vs/outputs/lightning_lm_ws/src/lightning-lm/src/common/options.h:27:27:\x1b[m\x1b[K \x1b[01;35m\x1b[Kwarning: \x1b[m\x1b[Kunused parameter \xe2\x80\x98\x1b[01m\x1b[Ksig\x1b[m\x1b[K\xe2\x80\x99 [\x1b[01;35m\x1b[K\x1b]8;;https://gcc.gnu.org/onlinedocs/gcc/Warning-Options.html#index-Wunused-parameter\x07-Wunused-parameter\x1b]8;;\x07\x1b[m\x1b[K]\n'}
[6.824281] (lightning) StderrLine: {'line': b'   27 | inline void SigHandle(\x1b[01;35m\x1b[Kint sig\x1b[m\x1b[K) {\n'}
[6.824334] (lightning) StderrLine: {'line': b'      |                       \x1b[01;35m\x1b[K~~~~^~~\x1b[m\x1b[K\n'}
[6.917692] (-) TimerEvent: {}
[7.018018] (-) TimerEvent: {}
[7.058239] (lightning) StderrLine: {'line': b'In file included from \x1b[01m\x1b[K/home/kepler/Documents/Codex/2026-08-14/microsoft-visual-studio-code-stable-vs/outputs/lightning_lm_ws/src/lightning-lm/src/core/lio/laser_mapping.h:12\x1b[m\x1b[K,\n'}
[7.058472] (lightning) StderrLine: {'line': b'                 from \x1b[01m\x1b[K/home/kepler/Documents/Codex/2026-08-14/microsoft-visual-studio-code-stable-vs/outputs/lightning_lm_ws/src/lightning-lm/src/core/localization/localization.h:7\x1b[m\x1b[K,\n'}
[7.058540] (lightning) StderrLine: {'line': b'                 from \x1b[01m\x1b[K/home/kepler/Documents/Codex/2026-08-14/microsoft-visual-studio-code-stable-vs/outputs/lightning_lm_ws/src/lightning-lm/src/core/system/loc_system.cc:6\x1b[m\x1b[K:\n'}
[7.058610] (lightning) StderrLine: {'line': b'\x1b[01m\x1b[K/home/kepler/Documents/Codex/2026-08-14/microsoft-visual-studio-code-stable-vs/outputs/lightning_lm_ws/src/lightning-lm/src/common/options.h:\x1b[m\x1b[K In function \xe2\x80\x98\x1b[01m\x1b[Kvoid lightning::debug::SigHandle(int)\x1b[m\x1b[K\xe2\x80\x99:\n'}
[7.058675] (lightning) StderrLine: {'line': b'\x1b[01m\x1b[K/home/kepler/Documents/Codex/2026-08-14/microsoft-visual-studio-code-stable-vs/outputs/lightning_lm_ws/src/lightning-lm/src/common/options.h:27:27:\x1b[m\x1b[K \x1b[01;35m\x1b[Kwarning: \x1b[m\x1b[Kunused parameter \xe2\x80\x98\x1b[01m\x1b[Ksig\x1b[m\x1b[K\xe2\x80\x99 [\x1b[01;35m\x1b[K\x1b]8;;https://gcc.gnu.org/onlinedocs/gcc/Warning-Options.html#index-Wunused-parameter\x07-Wunused-parameter\x1b]8;;\x07\x1b[m\x1b[K]\n'}
[7.058745] (lightning) StderrLine: {'line': b'   27 | inline void SigHandle(\x1b[01;35m\x1b[Kint sig\x1b[m\x1b[K) {\n'}
[7.058800] (lightning) StderrLine: {'line': b'      |                       \x1b[01;35m\x1b[K~~~~^~~\x1b[m\x1b[K\n'}
[7.079615] (lightning) StderrLine: {'line': b'In file included from \x1b[01m\x1b[K/home/kepler/Documents/Codex/2026-08-14/microsoft-visual-studio-code-stable-vs/outputs/lightning_lm_ws/src/lightning-lm/src/core/lightning_math.hpp:22\x1b[m\x1b[K,\n'}
[7.079797] (lightning) StderrLine: {'line': b'                 from \x1b[01m\x1b[K/home/kepler/Documents/Codex/2026-08-14/microsoft-visual-studio-code-stable-vs/outputs/lightning_lm_ws/src/lightning-lm/src/core/maps/tiled_map.h:16\x1b[m\x1b[K,\n'}
[7.079867] (lightning) StderrLine: {'line': b'                 from \x1b[01m\x1b[K/home/kepler/Documents/Codex/2026-08-14/microsoft-visual-studio-code-stable-vs/outputs/lightning_lm_ws/src/lightning-lm/src/core/maps/tiled_map.cc:5\x1b[m\x1b[K:\n'}
[7.079928] (lightning) StderrLine: {'line': b'\x1b[01m\x1b[K/home/kepler/Documents/Codex/2026-08-14/microsoft-visual-studio-code-stable-vs/outputs/lightning_lm_ws/src/lightning-lm/src/common/options.h:\x1b[m\x1b[K In function \xe2\x80\x98\x1b[01m\x1b[Kvoid lightning::debug::SigHandle(int)\x1b[m\x1b[K\xe2\x80\x99:\n'}
[7.079991] (lightning) StderrLine: {'line': b'\x1b[01m\x1b[K/home/kepler/Documents/Codex/2026-08-14/microsoft-visual-studio-code-stable-vs/outputs/lightning_lm_ws/src/lightning-lm/src/common/options.h:27:27:\x1b[m\x1b[K \x1b[01;35m\x1b[Kwarning: \x1b[m\x1b[Kunused parameter \xe2\x80\x98\x1b[01m\x1b[Ksig\x1b[m\x1b[K\xe2\x80\x99 [\x1b[01;35m\x1b[K\x1b]8;;https://gcc.gnu.org/onlinedocs/gcc/Warning-Options.html#index-Wunused-parameter\x07-Wunused-parameter\x1b]8;;\x07\x1b[m\x1b[K]\n'}
[7.080052] (lightning) StderrLine: {'line': b'   27 | inline void SigHandle(\x1b[01;35m\x1b[Kint sig\x1b[m\x1b[K) {\n'}
[7.080119] (lightning) StderrLine: {'line': b'      |                       \x1b[01;35m\x1b[K~~~~^~~\x1b[m\x1b[K\n'}
[7.118134] (-) TimerEvent: {}
[7.174435] (lightning) StderrLine: {'line': b'In file included from \x1b[01m\x1b[K/home/kepler/Documents/Codex/2026-08-14/microsoft-visual-studio-code-stable-vs/outputs/lightning_lm_ws/src/lightning-lm/src/ui/pangolin_window.h:8\x1b[m\x1b[K,\n'}
[7.174640] (lightning) StderrLine: {'line': b'                 from \x1b[01m\x1b[K/home/kepler/Documents/Codex/2026-08-14/microsoft-visual-studio-code-stable-vs/outputs/lightning_lm_ws/src/lightning-lm/src/core/localization/lidar_loc/lidar_loc.cc:20\x1b[m\x1b[K:\n'}
[7.174734] (lightning) StderrLine: {'line': b'\x1b[01m\x1b[K/home/kepler/Documents/Codex/2026-08-14/microsoft-visual-studio-code-stable-vs/outputs/lightning_lm_ws/src/lightning-lm/src/common/keyframe.h:\x1b[m\x1b[K In constructor \xe2\x80\x98\x1b[01m\x1b[Klightning::Keyframe::Keyframe(long unsigned int, lightning::CloudPtr, lightning::NavState)\x1b[m\x1b[K\xe2\x80\x99:\n'}
[7.174807] (lightning) StderrLine: {'line': b'\x1b[01m\x1b[K/home/kepler/Documents/Codex/2026-08-14/microsoft-visual-studio-code-stable-vs/outputs/lightning_lm_ws/src/lightning-lm/src/common/keyframe.h:74:14:\x1b[m\x1b[K \x1b[01;35m\x1b[Kwarning: \x1b[m\x1b[K\xe2\x80\x98\x1b[01m\x1b[Klightning::Keyframe::state_\x1b[m\x1b[K\xe2\x80\x99 will be initialized after [\x1b[01;35m\x1b[K\x1b]8;;https://gcc.gnu.org/onlinedocs/gcc/Warning-Options.html#index-Wreorder\x07-Wreorder\x1b]8;;\x07\x1b[m\x1b[K]\n'}
[7.174875] (lightning) StderrLine: {'line': b'   74 |     NavState \x1b[01;35m\x1b[Kstate_\x1b[m\x1b[K;  // \xe5\x8d\xa1\xe5\xb0\x94\xe6\x9b\xbc\xe6\xbb\xa4\xe6\xb3\xa2\xe5\x99\xa8\xe7\x8a\xb6\xe6\x80\x81\n'}
[7.174941] (lightning) StderrLine: {'line': b'      |              \x1b[01;35m\x1b[K^~~~~~\x1b[m\x1b[K\n'}
[7.175003] (lightning) StderrLine: {'line': b'\x1b[01m\x1b[K/home/kepler/Documents/Codex/2026-08-14/microsoft-visual-studio-code-stable-vs/outputs/lightning_lm_ws/src/lightning-lm/src/common/keyframe.h:71:9:\x1b[m\x1b[K \x1b[01;35m\x1b[Kwarning: \x1b[m\x1b[K  \xe2\x80\x98\x1b[01m\x1b[Klightning::SE3 lightning::Keyframe::pose_lio_\x1b[m\x1b[K\xe2\x80\x99 [\x1b[01;35m\x1b[K\x1b]8;;https://gcc.gnu.org/onlinedocs/gcc/Warning-Options.html#index-Wreorder\x07-Wreorder\x1b]8;;\x07\x1b[m\x1b[K]\n'}
[7.175074] (lightning) StderrLine: {'line': b'   71 |     SE3 \x1b[01;35m\x1b[Kpose_lio_\x1b[m\x1b[K;  // \xe5\x89\x8d\xe7\xab\xaf\xe7\x9a\x84pose\n'}
[7.175135] (lightning) StderrLine: {'line': b'      |         \x1b[01;35m\x1b[K^~~~~~~~~\x1b[m\x1b[K\n'}
[7.175195] (lightning) StderrLine: {'line': b'\x1b[01m\x1b[K/home/kepler/Documents/Codex/2026-08-14/microsoft-visual-studio-code-stable-vs/outputs/lightning_lm_ws/src/lightning-lm/src/common/keyframe.h:22:5:\x1b[m\x1b[K \x1b[01;35m\x1b[Kwarning: \x1b[m\x1b[K  when initialized here [\x1b[01;35m\x1b[K\x1b]8;;https://gcc.gnu.org/onlinedocs/gcc/Warning-Options.html#index-Wreorder\x07-Wreorder\x1b]8;;\x07\x1b[m\x1b[K]\n'}
[7.175262] (lightning) StderrLine: {'line': b'   22 |     \x1b[01;35m\x1b[KKeyframe\x1b[m\x1b[K(unsigned long id, CloudPtr cloud, NavState state)\n'}
[7.175322] (lightning) StderrLine: {'line': b'      |     \x1b[01;35m\x1b[K^~~~~~~~\x1b[m\x1b[K\n'}
[7.218255] (-) TimerEvent: {}
[7.318602] (-) TimerEvent: {}
[7.381263] (lightning) StderrLine: {'line': b'\x1b[01m\x1b[K/home/kepler/Documents/Codex/2026-08-14/microsoft-visual-studio-code-stable-vs/outputs/lightning_lm_ws/src/lightning-lm/src/core/loop_closing/loop_closing.cc:\x1b[m\x1b[K In member function \xe2\x80\x98\x1b[01m\x1b[Kvoid lightning::LoopClosing::DetectLoopCandidates()\x1b[m\x1b[K\xe2\x80\x99:\n'}
[7.381473] (lightning) StderrLine: {'line': b'\x1b[01m\x1b[K/home/kepler/Documents/Codex/2026-08-14/microsoft-visual-studio-code-stable-vs/outputs/lightning_lm_ws/src/lightning-lm/src/core/loop_closing/loop_closing.cc:107:70:\x1b[m\x1b[K \x1b[01;35m\x1b[Kwarning: \x1b[m\x1b[Kcomparison of integer expressions of different signedness: \xe2\x80\x98\x1b[01m\x1b[Klong unsigned int\x1b[m\x1b[K\xe2\x80\x99 and \xe2\x80\x98\x1b[01m\x1b[Kint\x1b[m\x1b[K\xe2\x80\x99 [\x1b[01;35m\x1b[K\x1b]8;;https://gcc.gnu.org/onlinedocs/gcc/Warning-Options.html#index-Wsign-compare\x07-Wsign-compare\x1b]8;;\x07\x1b[m\x1b[K]\n'}
[7.381539] (lightning) StderrLine: {'line': b'  107 |     if (last_loop_kf_ && \x1b[01;35m\x1b[K(cur_kf_->GetID() - last_loop_kf_->GetID()) <= options_.loop_kf_gap_\x1b[m\x1b[K) {\n'}
[7.381595] (lightning) StderrLine: {'line': b'      |                          \x1b[01;35m\x1b[K~~~~~~~~~~~~~~~~~~~~~~~~~~~~~~~~~~~~~~~~~~~~^~~~~~~~~~~~~~~~~~~~~~~~\x1b[m\x1b[K\n'}
[7.403678] (lightning) StderrLine: {'line': b'\x1b[01m\x1b[K/home/kepler/Documents/Codex/2026-08-14/microsoft-visual-studio-code-stable-vs/outputs/lightning_lm_ws/src/lightning-lm/src/core/loop_closing/loop_closing.cc:\x1b[m\x1b[K In lambda function:\n'}
[7.403877] (lightning) StderrLine: {'line': b'\x1b[01m\x1b[K/home/kepler/Documents/Codex/2026-08-14/microsoft-visual-studio-code-stable-vs/outputs/lightning_lm_ws/src/lightning-lm/src/core/loop_closing/loop_closing.cc:177:30:\x1b[m\x1b[K \x1b[01;35m\x1b[Kwarning: \x1b[m\x1b[Kcomparison of integer expressions of different signedness: \xe2\x80\x98\x1b[01m\x1b[Kint\x1b[m\x1b[K\xe2\x80\x99 and \xe2\x80\x98\x1b[01m\x1b[Kstd::vector<std::shared_ptr<lightning::Keyframe> >::size_type\x1b[m\x1b[K\xe2\x80\x99 {aka \xe2\x80\x98\x1b[01m\x1b[Klong unsigned int\x1b[m\x1b[K\xe2\x80\x99} [\x1b[01;35m\x1b[K\x1b]8;;https://gcc.gnu.org/onlinedocs/gcc/Warning-Options.html#index-Wsign-compare\x07-Wsign-compare\x1b]8;;\x07\x1b[m\x1b[K]\n'}
[7.403961] (lightning) StderrLine: {'line': b'  177 |             if (id < 0 || \x1b[01;35m\x1b[Kid >= all_keyframes_.size()\x1b[m\x1b[K) {\n'}
[7.404025] (lightning) StderrLine: {'line': b'      |                           \x1b[01;35m\x1b[K~~~^~~~~~~~~~~~~~~~~~~~~~~~\x1b[m\x1b[K\n'}
[7.418721] (-) TimerEvent: {}
[7.519058] (-) TimerEvent: {}
[7.619409] (-) TimerEvent: {}
[7.666100] (lightning) StderrLine: {'line': b'In file included from \x1b[01m\x1b[K/home/kepler/Documents/Codex/2026-08-14/microsoft-visual-studio-code-stable-vs/outputs/lightning_lm_ws/src/lightning-lm/src/core/lightning_math.hpp:22\x1b[m\x1b[K,\n'}
[7.666316] (lightning) StderrLine: {'line': b'                 from \x1b[01m\x1b[K/home/kepler/Documents/Codex/2026-08-14/microsoft-visual-studio-code-stable-vs/outputs/lightning_lm_ws/src/lightning-lm/src/core/localization/pose_graph/pgo_impl.cc:4\x1b[m\x1b[K:\n'}
[7.666392] (lightning) StderrLine: {'line': b'\x1b[01m\x1b[K/home/kepler/Documents/Codex/2026-08-14/microsoft-visual-studio-code-stable-vs/outputs/lightning_lm_ws/src/lightning-lm/src/common/options.h:\x1b[m\x1b[K In function \xe2\x80\x98\x1b[01m\x1b[Kvoid lightning::debug::SigHandle(int)\x1b[m\x1b[K\xe2\x80\x99:\n'}
[7.666455] (lightning) StderrLine: {'line': b'\x1b[01m\x1b[K/home/kepler/Documents/Codex/2026-08-14/microsoft-visual-studio-code-stable-vs/outputs/lightning_lm_ws/src/lightning-lm/src/common/options.h:27:27:\x1b[m\x1b[K \x1b[01;35m\x1b[Kwarning: \x1b[m\x1b[Kunused parameter \xe2\x80\x98\x1b[01m\x1b[Ksig\x1b[m\x1b[K\xe2\x80\x99 [\x1b[01;35m\x1b[K\x1b]8;;https://gcc.gnu.org/onlinedocs/gcc/Warning-Options.html#index-Wunused-parameter\x07-Wunused-parameter\x1b]8;;\x07\x1b[m\x1b[K]\n'}
[7.666518] (lightning) StderrLine: {'line': b'   27 | inline void SigHandle(\x1b[01;35m\x1b[Kint sig\x1b[m\x1b[K) {\n'}
[7.666575] (lightning) StderrLine: {'line': b'      |                       \x1b[01;35m\x1b[K~~~~^~~\x1b[m\x1b[K\n'}
[7.719532] (-) TimerEvent: {}
[7.731860] (lightning) StderrLine: {'line': b'In file included from \x1b[01m\x1b[K/home/kepler/Documents/Codex/2026-08-14/microsoft-visual-studio-code-stable-vs/outputs/lightning_lm_ws/src/lightning-lm/src/core/lio/imu_processing.hpp:18\x1b[m\x1b[K,\n'}
[7.732092] (lightning) StderrLine: {'line': b'                 from \x1b[01m\x1b[K/home/kepler/Documents/Codex/2026-08-14/microsoft-visual-studio-code-stable-vs/outputs/lightning_lm_ws/src/lightning-lm/src/core/lio/laser_mapping.h:15\x1b[m\x1b[K,\n'}
[7.732159] (lightning) StderrLine: {'line': b'                 from \x1b[01m\x1b[K/home/kepler/Documents/Codex/2026-08-14/microsoft-visual-studio-code-stable-vs/outputs/lightning_lm_ws/src/lightning-lm/src/core/localization/localization.h:7\x1b[m\x1b[K,\n'}
[7.732212] (lightning) StderrLine: {'line': b'                 from \x1b[01m\x1b[K/home/kepler/Documents/Codex/2026-08-14/microsoft-visual-studio-code-stable-vs/outputs/lightning_lm_ws/src/lightning-lm/src/core/system/loc_system.cc:6\x1b[m\x1b[K:\n'}
[7.732277] (lightning) StderrLine: {'line': b'\x1b[01m\x1b[K/home/kepler/Documents/Codex/2026-08-14/microsoft-visual-studio-code-stable-vs/outputs/lightning_lm_ws/src/lightning-lm/src/core/lio/imu_filter.h:\x1b[m\x1b[K In member function \xe2\x80\x98\x1b[01m\x1b[Kdouble lightning::IMUFilter::processAxis(double, std::deque<double>&, int)\x1b[m\x1b[K\xe2\x80\x99:\n'}
[7.732335] (lightning) StderrLine: {'line': b'\x1b[01m\x1b[K/home/kepler/Documents/Codex/2026-08-14/microsoft-visual-studio-code-stable-vs/outputs/lightning_lm_ws/src/lightning-lm/src/core/lio/imu_filter.h:92:28:\x1b[m\x1b[K \x1b[01;35m\x1b[Kwarning: \x1b[m\x1b[Kcomparison of integer expressions of different signedness: \xe2\x80\x98\x1b[01m\x1b[Kstd::deque<double>::size_type\x1b[m\x1b[K\xe2\x80\x99 {aka \xe2\x80\x98\x1b[01m\x1b[Klong unsigned int\x1b[m\x1b[K\xe2\x80\x99} and \xe2\x80\x98\x1b[01m\x1b[Kint\x1b[m\x1b[K\xe2\x80\x99 [\x1b[01;35m\x1b[K\x1b]8;;https://gcc.gnu.org/onlinedocs/gcc/Warning-Options.html#index-Wsign-compare\x07-Wsign-compare\x1b]8;;\x07\x1b[m\x1b[K]\n'}
[7.732406] (lightning) StderrLine: {'line': b'   92 |         if (\x1b[01;35m\x1b[Khistory.size() >= config_.median_window_size\x1b[m\x1b[K && sample_count_ > 100) {\n'}
[7.732460] (lightning) StderrLine: {'line': b'      |             \x1b[01;35m\x1b[K~~~~~~~~~~~~~~~^~~~~~~~~~~~~~~~~~~~~~~~~~~~~\x1b[m\x1b[K\n'}
[7.732508] (lightning) StderrLine: {'line': b'\x1b[01m\x1b[K/home/kepler/Documents/Codex/2026-08-14/microsoft-visual-studio-code-stable-vs/outputs/lightning_lm_ws/src/lightning-lm/src/core/lio/imu_filter.h:\x1b[m\x1b[K In member function \xe2\x80\x98\x1b[01m\x1b[Kvoid lightning::IMUFilter::updateBuffer(const lightning::IMU&)\x1b[m\x1b[K\xe2\x80\x99:\n'}
[7.732560] (lightning) StderrLine: {'line': b'\x1b[01m\x1b[K/home/kepler/Documents/Codex/2026-08-14/microsoft-visual-studio-code-stable-vs/outputs/lightning_lm_ws/src/lightning-lm/src/core/lio/imu_filter.h:114:39:\x1b[m\x1b[K \x1b[01;35m\x1b[Kwarning: \x1b[m\x1b[Kcomparison of integer expressions of different signedness: \xe2\x80\x98\x1b[01m\x1b[Kstd::deque<double>::size_type\x1b[m\x1b[K\xe2\x80\x99 {aka \xe2\x80\x98\x1b[01m\x1b[Klong unsigned int\x1b[m\x1b[K\xe2\x80\x99} and \xe2\x80\x98\x1b[01m\x1b[Kint\x1b[m\x1b[K\xe2\x80\x99 [\x1b[01;35m\x1b[K\x1b]8;;https://gcc.gnu.org/onlinedocs/gcc/Warning-Options.html#index-Wsign-compare\x07-Wsign-compare\x1b]8;;\x07\x1b[m\x1b[K]\n'}
[7.732613] (lightning) StderrLine: {'line': b'  114 |         while (\x1b[01;35m\x1b[Kgyro_x_history_.size() > max_history\x1b[m\x1b[K) {\n'}
[7.732662] (lightning) StderrLine: {'line': b'      |                \x1b[01;35m\x1b[K~~~~~~~~~~~~~~~~~~~~~~~^~~~~~~~~~~~~\x1b[m\x1b[K\n'}
[7.732710] (lightning) StderrLine: {'line': b'\x1b[01m\x1b[K/home/kepler/Documents/Codex/2026-08-14/microsoft-visual-studio-code-stable-vs/outputs/lightning_lm_ws/src/lightning-lm/src/core/lio/imu_filter.h:\x1b[m\x1b[K In member function \xe2\x80\x98\x1b[01m\x1b[Kdouble lightning::IMUFilter::detectAndRemoveSpike(double, std::deque<double>&, int)\x1b[m\x1b[K\xe2\x80\x99:\n'}
[7.732761] (lightning) StderrLine: {'line': b'\x1b[01m\x1b[K/home/kepler/Documents/Codex/2026-08-14/microsoft-visual-studio-code-stable-vs/outputs/lightning_lm_ws/src/lightning-lm/src/core/lio/imu_filter.h:123:28:\x1b[m\x1b[K \x1b[01;35m\x1b[Kwarning: \x1b[m\x1b[Kcomparison of integer expressions of different signedness: \xe2\x80\x98\x1b[01m\x1b[Kstd::deque<double>::size_type\x1b[m\x1b[K\xe2\x80\x99 {aka \xe2\x80\x98\x1b[01m\x1b[Klong unsigned int\x1b[m\x1b[K\xe2\x80\x99} and \xe2\x80\x98\x1b[01m\x1b[Kint\x1b[m\x1b[K\xe2\x80\x99 [\x1b[01;35m\x1b[K\x1b]8;;https://gcc.gnu.org/onlinedocs/gcc/Warning-Options.html#index-Wsign-compare\x07-Wsign-compare\x1b]8;;\x07\x1b[m\x1b[K]\n'}
[7.732816] (lightning) StderrLine: {'line': b'  123 |         if (\x1b[01;35m\x1b[Khistory.size() < config_.median_window_size\x1b[m\x1b[K) {\n'}
[7.732860] (lightning) StderrLine: {'line': b'      |             \x1b[01;35m\x1b[K~~~~~~~~~~~~~~~^~~~~~~~~~~~~~~~~~~~~~~~~~~~\x1b[m\x1b[K\n'}
[7.732985] (lightning) StderrLine: {'line': b'In file included from \x1b[01m\x1b[K/home/kepler/Documents/Codex/2026-08-14/microsoft-visual-studio-code-stable-vs/outputs/lightning_lm_ws/src/lightning-lm/src/core/lio/imu_processing.hpp:18\x1b[m\x1b[K,\n'}
[7.733041] (lightning) StderrLine: {'line': b'                 from \x1b[01m\x1b[K/home/kepler/Documents/Codex/2026-08-14/microsoft-visual-studio-code-stable-vs/outputs/lightning_lm_ws/src/lightning-lm/src/core/lio/laser_mapping.h:15\x1b[m\x1b[K,\n'}
[7.733087] (lightning) StderrLine: {'line': b'                 from \x1b[01m\x1b[K/home/kepler/Documents/Codex/2026-08-14/microsoft-visual-studio-code-stable-vs/outputs/lightning_lm_ws/src/lightning-lm/src/core/localization/localization.h:7\x1b[m\x1b[K,\n'}
[7.733139] (lightning) StderrLine: {'line': b'                 from \x1b[01m\x1b[K/home/kepler/Documents/Codex/2026-08-14/microsoft-visual-studio-code-stable-vs/outputs/lightning_lm_ws/src/lightning-lm/src/core/system/loc_system.cc:6\x1b[m\x1b[K:\n'}
[7.733192] (lightning) StderrLine: {'line': b'\x1b[01m\x1b[K/home/kepler/Documents/Codex/2026-08-14/microsoft-visual-studio-code-stable-vs/outputs/lightning_lm_ws/src/lightning-lm/src/core/lio/imu_filter.h:\x1b[m\x1b[K In member function \xe2\x80\x98\x1b[01m\x1b[Kdouble lightning::IMUFilter::medianFilter(double, std::deque<double>&)\x1b[m\x1b[K\xe2\x80\x99:\n'}
[7.733246] (lightning) StderrLine: {'line': b'\x1b[01m\x1b[K/home/kepler/Documents/Codex/2026-08-14/microsoft-visual-studio-code-stable-vs/outputs/lightning_lm_ws/src/lightning-lm/src/core/lio/imu_filter.h:152:28:\x1b[m\x1b[K \x1b[01;35m\x1b[Kwarning: \x1b[m\x1b[Kcomparison of integer expressions of different signedness: \xe2\x80\x98\x1b[01m\x1b[Kstd::deque<double>::size_type\x1b[m\x1b[K\xe2\x80\x99 {aka \xe2\x80\x98\x1b[01m\x1b[Klong unsigned int\x1b[m\x1b[K\xe2\x80\x99} and \xe2\x80\x98\x1b[01m\x1b[Kint\x1b[m\x1b[K\xe2\x80\x99 [\x1b[01;35m\x1b[K\x1b]8;;https://gcc.gnu.org/onlinedocs/gcc/Warning-Options.html#index-Wsign-compare\x07-Wsign-compare\x1b]8;;\x07\x1b[m\x1b[K]\n'}
[7.733340] (lightning) StderrLine: {'line': b'  152 |         if (\x1b[01;35m\x1b[Khistory.size() < config_.median_window_size\x1b[m\x1b[K) {\n'}
[7.733409] (lightning) StderrLine: {'line': b'      |             \x1b[01;35m\x1b[K~~~~~~~~~~~~~~~^~~~~~~~~~~~~~~~~~~~~~~~~~~~\x1b[m\x1b[K\n'}
[7.733461] (lightning) StderrLine: {'line': b'\x1b[01m\x1b[K/home/kepler/Documents/Codex/2026-08-14/microsoft-visual-studio-code-stable-vs/outputs/lightning_lm_ws/src/lightning-lm/src/core/lio/imu_filter.h:\x1b[m\x1b[K In member function \xe2\x80\x98\x1b[01m\x1b[Kdouble lightning::IMUFilter::movingAverage(double, std::deque<double>&)\x1b[m\x1b[K\xe2\x80\x99:\n'}
[7.733517] (lightning) StderrLine: {'line': b'\x1b[01m\x1b[K/home/kepler/Documents/Codex/2026-08-14/microsoft-visual-studio-code-stable-vs/outputs/lightning_lm_ws/src/lightning-lm/src/core/lio/imu_filter.h:164:28:\x1b[m\x1b[K \x1b[01;35m\x1b[Kwarning: \x1b[m\x1b[Kcomparison of integer expressions of different signedness: \xe2\x80\x98\x1b[01m\x1b[Kstd::deque<double>::size_type\x1b[m\x1b[K\xe2\x80\x99 {aka \xe2\x80\x98\x1b[01m\x1b[Klong unsigned int\x1b[m\x1b[K\xe2\x80\x99} and \xe2\x80\x98\x1b[01m\x1b[Kint\x1b[m\x1b[K\xe2\x80\x99 [\x1b[01;35m\x1b[K\x1b]8;;https://gcc.gnu.org/onlinedocs/gcc/Warning-Options.html#index-Wsign-compare\x07-Wsign-compare\x1b]8;;\x07\x1b[m\x1b[K]\n'}
[7.733571] (lightning) StderrLine: {'line': b'  164 |         if (\x1b[01;35m\x1b[Khistory.size() < config_.moving_avg_window\x1b[m\x1b[K) {\n'}
[7.733623] (lightning) StderrLine: {'line': b'      |             \x1b[01;35m\x1b[K~~~~~~~~~~~~~~~^~~~~~~~~~~~~~~~~~~~~~~~~~~\x1b[m\x1b[K\n'}
[7.733753] (lightning) StderrLine: {'line': b'\x1b[01m\x1b[K/home/kepler/Documents/Codex/2026-08-14/microsoft-visual-studio-code-stable-vs/outputs/lightning_lm_ws/src/lightning-lm/src/core/lio/imu_filter.h:\x1b[m\x1b[K In member function \xe2\x80\x98\x1b[01m\x1b[Kvoid lightning::IMUFilter::updateStatistics(const lightning::IMU&)\x1b[m\x1b[K\xe2\x80\x99:\n'}
[7.733882] (lightning) StderrLine: {'line': b'\x1b[01m\x1b[K/home/kepler/Documents/Codex/2026-08-14/microsoft-visual-studio-code-stable-vs/outputs/lightning_lm_ws/src/lightning-lm/src/core/lio/imu_filter.h:200:20:\x1b[m\x1b[K \x1b[01;35m\x1b[Kwarning: \x1b[m\x1b[Kunused variable \xe2\x80\x98\x1b[01m\x1b[Kprev_mean\x1b[m\x1b[K\xe2\x80\x99 [\x1b[01;35m\x1b[K\x1b]8;;https://gcc.gnu.org/onlinedocs/gcc/Warning-Options.html#index-Wunused-variable\x07-Wunused-variable\x1b]8;;\x07\x1b[m\x1b[K]\n'}
[7.733964] (lightning) StderrLine: {'line': b'  200 |             double \x1b[01;35m\x1b[Kprev_mean\x1b[m\x1b[K[3] = {gyro_mean_[0], gyro_mean_[1], gyro_mean_[2]};\n'}
[7.734024] (lightning) StderrLine: {'line': b'      |                    \x1b[01;35m\x1b[K^~~~~~~~~\x1b[m\x1b[K\n'}
[7.794289] (lightning) StderrLine: {'line': b'\x1b[01m\x1b[K/home/kepler/Documents/Codex/2026-08-14/microsoft-visual-studio-code-stable-vs/outputs/lightning_lm_ws/src/lightning-lm/src/core/localization/lidar_loc/lidar_loc.cc:\x1b[m\x1b[K In member function \xe2\x80\x98\x1b[01m\x1b[Kvoid lightning::loc::LidarLoc::Align(const CloudPtr&)\x1b[m\x1b[K\xe2\x80\x99:\n'}
[7.794584] (lightning) StderrLine: {'line': b'\x1b[01m\x1b[K/home/kepler/Documents/Codex/2026-08-14/microsoft-visual-studio-code-stable-vs/outputs/lightning_lm_ws/src/lightning-lm/src/core/localization/lidar_loc/lidar_loc.cc:584:10:\x1b[m\x1b[K \x1b[01;35m\x1b[Kwarning: \x1b[m\x1b[Kunused variable \xe2\x80\x98\x1b[01m\x1b[Ktry_self\x1b[m\x1b[K\xe2\x80\x99 [\x1b[01;35m\x1b[K\x1b]8;;https://gcc.gnu.org/onlinedocs/gcc/Warning-Options.html#index-Wunused-variable\x07-Wunused-variable\x1b]8;;\x07\x1b[m\x1b[K]\n'}
[7.794658] (lightning) StderrLine: {'line': b'  584 |     bool \x1b[01;35m\x1b[Ktry_self\x1b[m\x1b[K = false;\n'}
[7.794715] (lightning) StderrLine: {'line': b'      |          \x1b[01;35m\x1b[K^~~~~~~~\x1b[m\x1b[K\n'}
[7.794771] (lightning) StderrLine: {'line': b'\x1b[01m\x1b[K/home/kepler/Documents/Codex/2026-08-14/microsoft-visual-studio-code-stable-vs/outputs/lightning_lm_ws/src/lightning-lm/src/core/localization/lidar_loc/lidar_loc.cc:609:12:\x1b[m\x1b[K \x1b[01;35m\x1b[Kwarning: \x1b[m\x1b[Kunused variable \xe2\x80\x98\x1b[01m\x1b[Kscore_lo\x1b[m\x1b[K\xe2\x80\x99 [\x1b[01;35m\x1b[K\x1b]8;;https://gcc.gnu.org/onlinedocs/gcc/Warning-Options.html#index-Wunused-variable\x07-Wunused-variable\x1b]8;;\x07\x1b[m\x1b[K]\n'}
[7.794823] (lightning) StderrLine: {'line': b'  609 |     double \x1b[01;35m\x1b[Kscore_lo\x1b[m\x1b[K = fitness_score;\n'}
[7.794873] (lightning) StderrLine: {'line': b'      |            \x1b[01;35m\x1b[K^~~~~~~~\x1b[m\x1b[K\n'}
[7.794921] (lightning) StderrLine: {'line': b'\x1b[01m\x1b[K/home/kepler/Documents/Codex/2026-08-14/microsoft-visual-studio-code-stable-vs/outputs/lightning_lm_ws/src/lightning-lm/src/core/localization/lidar_loc/lidar_loc.cc:611:9:\x1b[m\x1b[K \x1b[01;35m\x1b[Kwarning: \x1b[m\x1b[Kvariable \xe2\x80\x98\x1b[01m\x1b[Kres_of_lo\x1b[m\x1b[K\xe2\x80\x99 set but not used [\x1b[01;35m\x1b[K\x1b]8;;https://gcc.gnu.org/onlinedocs/gcc/Warning-Options.html#index-Wunused-but-set-variable\x07-Wunused-but-set-variable\x1b]8;;\x07\x1b[m\x1b[K]\n'}
[7.794981] (lightning) StderrLine: {'line': b'  611 |     SE3 \x1b[01;35m\x1b[Kres_of_lo\x1b[m\x1b[K = current_pose_esti;\n'}
[7.795031] (lightning) StderrLine: {'line': b'      |         \x1b[01;35m\x1b[K^~~~~~~~~\x1b[m\x1b[K\n'}
[7.795080] (lightning) StderrLine: {'line': b'\x1b[01m\x1b[K/home/kepler/Documents/Codex/2026-08-14/microsoft-visual-studio-code-stable-vs/outputs/lightning_lm_ws/src/lightning-lm/src/core/localization/lidar_loc/lidar_loc.cc:612:9:\x1b[m\x1b[K \x1b[01;35m\x1b[Kwarning: \x1b[m\x1b[Kvariable \xe2\x80\x98\x1b[01m\x1b[Kres_of_dr\x1b[m\x1b[K\xe2\x80\x99 set but not used [\x1b[01;35m\x1b[K\x1b]8;;https://gcc.gnu.org/onlinedocs/gcc/Warning-Options.html#index-Wunused-but-set-variable\x07-Wunused-but-set-variable\x1b]8;;\x07\x1b[m\x1b[K]\n'}
[7.795137] (lightning) StderrLine: {'line': b'  612 |     SE3 \x1b[01;35m\x1b[Kres_of_dr\x1b[m\x1b[K = current_pose_esti;\n'}
[7.795191] (lightning) StderrLine: {'line': b'      |         \x1b[01;35m\x1b[K^~~~~~~~~\x1b[m\x1b[K\n'}
[7.795239] (lightning) StderrLine: {'line': b'\x1b[01m\x1b[K/home/kepler/Documents/Codex/2026-08-14/microsoft-visual-studio-code-stable-vs/outputs/lightning_lm_ws/src/lightning-lm/src/core/localization/lidar_loc/lidar_loc.cc:613:9:\x1b[m\x1b[K \x1b[01;35m\x1b[Kwarning: \x1b[m\x1b[Kvariable \xe2\x80\x98\x1b[01m\x1b[Kres_of_self\x1b[m\x1b[K\xe2\x80\x99 set but not used [\x1b[01;35m\x1b[K\x1b]8;;https://gcc.gnu.org/onlinedocs/gcc/Warning-Options.html#index-Wunused-but-set-variable\x07-Wunused-but-set-variable\x1b]8;;\x07\x1b[m\x1b[K]\n'}
[7.795304] (lightning) StderrLine: {'line': b'  613 |     SE3 \x1b[01;35m\x1b[Kres_of_self\x1b[m\x1b[K = current_pose_esti;\n'}
[7.795355] (lightning) StderrLine: {'line': b'      |         \x1b[01;35m\x1b[K^~~~~~~~~~~\x1b[m\x1b[K\n'}
[7.795416] (lightning) StderrLine: {'line': b'\x1b[01m\x1b[K/home/kepler/Documents/Codex/2026-08-14/microsoft-visual-studio-code-stable-vs/outputs/lightning_lm_ws/src/lightning-lm/src/core/localization/lidar_loc/lidar_loc.cc:614:12:\x1b[m\x1b[K \x1b[01;35m\x1b[Kwarning: \x1b[m\x1b[Kunused variable \xe2\x80\x98\x1b[01m\x1b[Kscore_dr\x1b[m\x1b[K\xe2\x80\x99 [\x1b[01;35m\x1b[K\x1b]8;;https://gcc.gnu.org/onlinedocs/gcc/Warning-Options.html#index-Wunused-variable\x07-Wunused-variable\x1b]8;;\x07\x1b[m\x1b[K]\n'}
[7.795469] (lightning) StderrLine: {'line': b'  614 |     double \x1b[01;35m\x1b[Kscore_dr\x1b[m\x1b[K = 0;\n'}
[7.795518] (lightning) StderrLine: {'line': b'      |            \x1b[01;35m\x1b[K^~~~~~~~\x1b[m\x1b[K\n'}
[7.819697] (-) TimerEvent: {}
[7.920089] (-) TimerEvent: {}
[7.950451] (lightning) StderrLine: {'line': b'\x1b[01m\x1b[K/home/kepler/Documents/Codex/2026-08-14/microsoft-visual-studio-code-stable-vs/outputs/lightning_lm_ws/src/lightning-lm/src/core/localization/lidar_loc/lidar_loc.cc:\x1b[m\x1b[K In member function \xe2\x80\x98\x1b[01m\x1b[Kbool lightning::loc::LidarLoc::CheckStatic(double)\x1b[m\x1b[K\xe2\x80\x99:\n'}
[7.950677] (lightning) StderrLine: {'line': b'\x1b[01m\x1b[K/home/kepler/Documents/Codex/2026-08-14/microsoft-visual-studio-code-stable-vs/outputs/lightning_lm_ws/src/lightning-lm/src/core/localization/lidar_loc/lidar_loc.cc:895:35:\x1b[m\x1b[K \x1b[01;35m\x1b[Kwarning: \x1b[m\x1b[Kunused parameter \xe2\x80\x98\x1b[01m\x1b[Ktimestamp\x1b[m\x1b[K\xe2\x80\x99 [\x1b[01;35m\x1b[K\x1b]8;;https://gcc.gnu.org/onlinedocs/gcc/Warning-Options.html#index-Wunused-parameter\x07-Wunused-parameter\x1b]8;;\x07\x1b[m\x1b[K]\n'}
[7.950761] (lightning) StderrLine: {'line': b'  895 | bool LidarLoc::CheckStatic(\x1b[01;35m\x1b[Kdouble timestamp\x1b[m\x1b[K) {\n'}
[7.950822] (lightning) StderrLine: {'line': b'      |                            \x1b[01;35m\x1b[K~~~~~~~^~~~~~~~~\x1b[m\x1b[K\n'}
[7.950939] (lightning) StderrLine: {'line': b'\x1b[01m\x1b[K/home/kepler/Documents/Codex/2026-08-14/microsoft-visual-studio-code-stable-vs/outputs/lightning_lm_ws/src/lightning-lm/src/core/localization/lidar_loc/lidar_loc.cc:\x1b[m\x1b[K In member function \xe2\x80\x98\x1b[01m\x1b[Kvoid lightning::loc::LidarLoc::UpdateState(const CloudPtr&)\x1b[m\x1b[K\xe2\x80\x99:\n'}
[7.951100] (lightning) StderrLine: {'line': b'\x1b[01m\x1b[K/home/kepler/Documents/Codex/2026-08-14/microsoft-visual-studio-code-stable-vs/outputs/lightning_lm_ws/src/lightning-lm/src/core/localization/lidar_loc/lidar_loc.cc:911:44:\x1b[m\x1b[K \x1b[01;35m\x1b[Kwarning: \x1b[m\x1b[Kunused parameter \xe2\x80\x98\x1b[01m\x1b[Kinput\x1b[m\x1b[K\xe2\x80\x99 [\x1b[01;35m\x1b[K\x1b]8;;https://gcc.gnu.org/onlinedocs/gcc/Warning-Options.html#index-Wunused-parameter\x07-Wunused-parameter\x1b]8;;\x07\x1b[m\x1b[K]\n'}
[7.951153] (lightning) StderrLine: {'line': b'  911 | void LidarLoc::UpdateState(\x1b[01;35m\x1b[Kconst CloudPtr& input\x1b[m\x1b[K) { last_timestamp_ = current_timestamp_; }\n'}
[7.951205] (lightning) StderrLine: {'line': b'      |                            \x1b[01;35m\x1b[K~~~~~~~~~~~~~~~~^~~~~\x1b[m\x1b[K\n'}
[8.020212] (-) TimerEvent: {}
[8.104549] (lightning) StderrLine: {'line': b'In file included from \x1b[01m\x1b[K/home/kepler/Documents/Codex/2026-08-14/microsoft-visual-studio-code-stable-vs/outputs/lightning_lm_ws/src/lightning-lm/src/core/lio/laser_mapping.h:11\x1b[m\x1b[K,\n'}
[8.104766] (lightning) StderrLine: {'line': b'                 from \x1b[01m\x1b[K/home/kepler/Documents/Codex/2026-08-14/microsoft-visual-studio-code-stable-vs/outputs/lightning_lm_ws/src/lightning-lm/src/core/lio/laser_mapping.cc:7\x1b[m\x1b[K:\n'}
[8.104860] (lightning) StderrLine: {'line': b'\x1b[01m\x1b[K/home/kepler/Documents/Codex/2026-08-14/microsoft-visual-studio-code-stable-vs/outputs/lightning_lm_ws/src/lightning-lm/src/common/keyframe.h:\x1b[m\x1b[K In constructor \xe2\x80\x98\x1b[01m\x1b[Klightning::Keyframe::Keyframe(long unsigned int, lightning::CloudPtr, lightning::NavState)\x1b[m\x1b[K\xe2\x80\x99:\n'}
[8.104934] (lightning) StderrLine: {'line': b'\x1b[01m\x1b[K/home/kepler/Documents/Codex/2026-08-14/microsoft-visual-studio-code-stable-vs/outputs/lightning_lm_ws/src/lightning-lm/src/common/keyframe.h:74:14:\x1b[m\x1b[K \x1b[01;35m\x1b[Kwarning: \x1b[m\x1b[K\xe2\x80\x98\x1b[01m\x1b[Klightning::Keyframe::state_\x1b[m\x1b[K\xe2\x80\x99 will be initialized after [\x1b[01;35m\x1b[K\x1b]8;;https://gcc.gnu.org/onlinedocs/gcc/Warning-Options.html#index-Wreorder\x07-Wreorder\x1b]8;;\x07\x1b[m\x1b[K]\n'}
[8.105001] (lightning) StderrLine: {'line': b'   74 |     NavState \x1b[01;35m\x1b[Kstate_\x1b[m\x1b[K;  // \xe5\x8d\xa1\xe5\xb0\x94\xe6\x9b\xbc\xe6\xbb\xa4\xe6\xb3\xa2\xe5\x99\xa8\xe7\x8a\xb6\xe6\x80\x81\n'}
[8.105062] (lightning) StderrLine: {'line': b'      |              \x1b[01;35m\x1b[K^~~~~~\x1b[m\x1b[K\n'}
[8.105120] (lightning) StderrLine: {'line': b'\x1b[01m\x1b[K/home/kepler/Documents/Codex/2026-08-14/microsoft-visual-studio-code-stable-vs/outputs/lightning_lm_ws/src/lightning-lm/src/common/keyframe.h:71:9:\x1b[m\x1b[K \x1b[01;35m\x1b[Kwarning: \x1b[m\x1b[K  \xe2\x80\x98\x1b[01m\x1b[Klightning::SE3 lightning::Keyframe::pose_lio_\x1b[m\x1b[K\xe2\x80\x99 [\x1b[01;35m\x1b[K\x1b]8;;https://gcc.gnu.org/onlinedocs/gcc/Warning-Options.html#index-Wreorder\x07-Wreorder\x1b]8;;\x07\x1b[m\x1b[K]\n'}
[8.105184] (lightning) StderrLine: {'line': b'   71 |     SE3 \x1b[01;35m\x1b[Kpose_lio_\x1b[m\x1b[K;  // \xe5\x89\x8d\xe7\xab\xaf\xe7\x9a\x84pose\n'}
[8.105241] (lightning) StderrLine: {'line': b'      |         \x1b[01;35m\x1b[K^~~~~~~~~\x1b[m\x1b[K\n'}
[8.105299] (lightning) StderrLine: {'line': b'\x1b[01m\x1b[K/home/kepler/Documents/Codex/2026-08-14/microsoft-visual-studio-code-stable-vs/outputs/lightning_lm_ws/src/lightning-lm/src/common/keyframe.h:22:5:\x1b[m\x1b[K \x1b[01;35m\x1b[Kwarning: \x1b[m\x1b[K  when initialized here [\x1b[01;35m\x1b[K\x1b]8;;https://gcc.gnu.org/onlinedocs/gcc/Warning-Options.html#index-Wreorder\x07-Wreorder\x1b]8;;\x07\x1b[m\x1b[K]\n'}
[8.105363] (lightning) StderrLine: {'line': b'   22 |     \x1b[01;35m\x1b[KKeyframe\x1b[m\x1b[K(unsigned long id, CloudPtr cloud, NavState state)\n'}
[8.105430] (lightning) StderrLine: {'line': b'      |     \x1b[01;35m\x1b[K^~~~~~~~\x1b[m\x1b[K\n'}
[8.120328] (-) TimerEvent: {}
[8.144015] (lightning) StderrLine: {'line': b'In file included from \x1b[01m\x1b[K/home/kepler/Documents/Codex/2026-08-14/microsoft-visual-studio-code-stable-vs/outputs/lightning_lm_ws/src/lightning-lm/src/core/lightning_math.hpp:22\x1b[m\x1b[K,\n'}
[8.144192] (lightning) StderrLine: {'line': b'                 from \x1b[01m\x1b[K/home/kepler/Documents/Codex/2026-08-14/microsoft-visual-studio-code-stable-vs/outputs/lightning_lm_ws/src/lightning-lm/src/core/maps/tiled_map.h:16\x1b[m\x1b[K,\n'}
[8.144260] (lightning) StderrLine: {'line': b'                 from \x1b[01m\x1b[K/home/kepler/Documents/Codex/2026-08-14/microsoft-visual-studio-code-stable-vs/outputs/lightning_lm_ws/src/lightning-lm/src/core/localization/lidar_loc/lidar_loc.h:13\x1b[m\x1b[K,\n'}
[8.144325] (lightning) StderrLine: {'line': b'                 from \x1b[01m\x1b[K/home/kepler/Documents/Codex/2026-08-14/microsoft-visual-studio-code-stable-vs/outputs/lightning_lm_ws/src/lightning-lm/src/core/localization/localization.cpp:4\x1b[m\x1b[K:\n'}
[8.144389] (lightning) StderrLine: {'line': b'\x1b[01m\x1b[K/home/kepler/Documents/Codex/2026-08-14/microsoft-visual-studio-code-stable-vs/outputs/lightning_lm_ws/src/lightning-lm/src/common/options.h:\x1b[m\x1b[K In function \xe2\x80\x98\x1b[01m\x1b[Kvoid lightning::debug::SigHandle(int)\x1b[m\x1b[K\xe2\x80\x99:\n'}
[8.144469] (lightning) StderrLine: {'line': b'\x1b[01m\x1b[K/home/kepler/Documents/Codex/2026-08-14/microsoft-visual-studio-code-stable-vs/outputs/lightning_lm_ws/src/lightning-lm/src/common/options.h:27:27:\x1b[m\x1b[K \x1b[01;35m\x1b[Kwarning: \x1b[m\x1b[Kunused parameter \xe2\x80\x98\x1b[01m\x1b[Ksig\x1b[m\x1b[K\xe2\x80\x99 [\x1b[01;35m\x1b[K\x1b]8;;https://gcc.gnu.org/onlinedocs/gcc/Warning-Options.html#index-Wunused-parameter\x07-Wunused-parameter\x1b]8;;\x07\x1b[m\x1b[K]\n'}
[8.144539] (lightning) StderrLine: {'line': b'   27 | inline void SigHandle(\x1b[01;35m\x1b[Kint sig\x1b[m\x1b[K) {\n'}
[8.144599] (lightning) StderrLine: {'line': b'      |                       \x1b[01;35m\x1b[K~~~~^~~\x1b[m\x1b[K\n'}
[8.220452] (-) TimerEvent: {}
[8.320815] (-) TimerEvent: {}
[8.402665] (lightning) StderrLine: {'line': b'\x1b[01m\x1b[K/home/kepler/Documents/Codex/2026-08-14/microsoft-visual-studio-code-stable-vs/outputs/lightning_lm_ws/src/lightning-lm/src/core/localization/pose_graph/pgo_impl.cc:\x1b[m\x1b[K In member function \xe2\x80\x98\x1b[01m\x1b[Kvoid lightning::loc::PGOImpl::AddLidarOdomFactors()\x1b[m\x1b[K\xe2\x80\x99:\n'}
[8.402881] (lightning) StderrLine: {'line': b'\x1b[01m\x1b[K/home/kepler/Documents/Codex/2026-08-14/microsoft-visual-studio-code-stable-vs/outputs/lightning_lm_ws/src/lightning-lm/src/core/localization/pose_graph/pgo_impl.cc:374:15:\x1b[m\x1b[K \x1b[01;35m\x1b[Kwarning: \x1b[m\x1b[Kvariable \xe2\x80\x98\x1b[01m\x1b[Klo_obs_weight\x1b[m\x1b[K\xe2\x80\x99 set but not used [\x1b[01;35m\x1b[K\x1b]8;;https://gcc.gnu.org/onlinedocs/gcc/Warning-Options.html#index-Wunused-but-set-variable\x07-Wunused-but-set-variable\x1b]8;;\x07\x1b[m\x1b[K]\n'}
[8.402954] (lightning) StderrLine: {'line': b'  374 |         Vec6d \x1b[01;35m\x1b[Klo_obs_weight\x1b[m\x1b[K = lo_noise;\n'}
[8.403010] (lightning) StderrLine: {'line': b'      |               \x1b[01;35m\x1b[K^~~~~~~~~~~~~\x1b[m\x1b[K\n'}
[8.411739] (lightning) StderrLine: {'line': b'\x1b[01m\x1b[K/home/kepler/Documents/Codex/2026-08-14/microsoft-visual-studio-code-stable-vs/outputs/lightning_lm_ws/src/lightning-lm/src/core/localization/pose_graph/pgo_impl.cc:\x1b[m\x1b[K In member function \xe2\x80\x98\x1b[01m\x1b[Kvoid lightning::loc::PGOImpl::RemoveOutliers()\x1b[m\x1b[K\xe2\x80\x99:\n'}
[8.411944] (lightning) StderrLine: {'line': b'\x1b[01m\x1b[K/home/kepler/Documents/Codex/2026-08-14/microsoft-visual-studio-code-stable-vs/outputs/lightning_lm_ws/src/lightning-lm/src/core/localization/pose_graph/pgo_impl.cc:499:10:\x1b[m\x1b[K \x1b[01;35m\x1b[Kwarning: \x1b[m\x1b[Kvariable \xe2\x80\x98\x1b[01m\x1b[Kremove_outlier\x1b[m\x1b[K\xe2\x80\x99 set but not used [\x1b[01;35m\x1b[K\x1b]8;;https://gcc.gnu.org/onlinedocs/gcc/Warning-Options.html#index-Wunused-but-set-variable\x07-Wunused-but-set-variable\x1b]8;;\x07\x1b[m\x1b[K]\n'}
[8.412013] (lightning) StderrLine: {'line': b'  499 |     auto \x1b[01;35m\x1b[Kremove_outlier\x1b[m\x1b[K = [&cnt_outliers, this](miao::Edge* e) {\n'}
[8.412065] (lightning) StderrLine: {'line': b'      |          \x1b[01;35m\x1b[K^~~~~~~~~~~~~~\x1b[m\x1b[K\n'}
[8.415112] (lightning) StderrLine: {'line': b'\x1b[01m\x1b[K/home/kepler/Documents/Codex/2026-08-14/microsoft-visual-studio-code-stable-vs/outputs/lightning_lm_ws/src/lightning-lm/src/core/localization/pose_graph/pgo_impl.cc:\x1b[m\x1b[K In member function \xe2\x80\x98\x1b[01m\x1b[Kvoid lightning::loc::PGOImpl::CollectOptimizationStatistics()\x1b[m\x1b[K\xe2\x80\x99:\n'}
[8.415303] (lightning) StderrLine: {'line': b'\x1b[01m\x1b[K/home/kepler/Documents/Codex/2026-08-14/microsoft-visual-studio-code-stable-vs/outputs/lightning_lm_ws/src/lightning-lm/src/core/localization/pose_graph/pgo_impl.cc:560:18:\x1b[m\x1b[K \x1b[01;35m\x1b[Kwarning: \x1b[m\x1b[Kunused variable \xe2\x80\x98\x1b[01m\x1b[Kloc_err\x1b[m\x1b[K\xe2\x80\x99 [\x1b[01;35m\x1b[K\x1b]8;;https://gcc.gnu.org/onlinedocs/gcc/Warning-Options.html#index-Wunused-variable\x07-Wunused-variable\x1b]8;;\x07\x1b[m\x1b[K]\n'}
[8.415391] (lightning) StderrLine: {'line': b'  560 |     const double \x1b[01;35m\x1b[Kloc_err\x1b[m\x1b[K = std::sqrt(result_.lidar_loc_error_vert_ * result_.lidar_loc_error_vert_ +\n'}
[8.415453] (lightning) StderrLine: {'line': b'      |                  \x1b[01;35m\x1b[K^~~~~~~\x1b[m\x1b[K\n'}
[8.415503] (lightning) StderrLine: {'line': b'\x1b[01m\x1b[K/home/kepler/Documents/Codex/2026-08-14/microsoft-visual-studio-code-stable-vs/outputs/lightning_lm_ws/src/lightning-lm/src/core/localization/pose_graph/pgo_impl.cc:563:18:\x1b[m\x1b[K \x1b[01;35m\x1b[Kwarning: \x1b[m\x1b[Kunused variable \xe2\x80\x98\x1b[01m\x1b[Klo_err\x1b[m\x1b[K\xe2\x80\x99 [\x1b[01;35m\x1b[K\x1b]8;;https://gcc.gnu.org/onlinedocs/gcc/Warning-Options.html#index-Wunused-variable\x07-Wunused-variable\x1b]8;;\x07\x1b[m\x1b[K]\n'}
[8.415555] (lightning) StderrLine: {'line': b'  563 |     const double \x1b[01;35m\x1b[Klo_err\x1b[m\x1b[K = std::sqrt(result_.lidar_odom_error_vert_ * result_.lidar_odom_error_vert_ +\n'}
[8.415602] (lightning) StderrLine: {'line': b'      |                  \x1b[01;35m\x1b[K^~~~~~\x1b[m\x1b[K\n'}
[8.416637] (lightning) StderrLine: {'line': b'\x1b[01m\x1b[K/home/kepler/Documents/Codex/2026-08-14/microsoft-visual-studio-code-stable-vs/outputs/lightning_lm_ws/src/lightning-lm/src/core/localization/pose_graph/pgo_impl.cc:\x1b[m\x1b[K In member function \xe2\x80\x98\x1b[01m\x1b[Kvoid lightning::loc::PGOImpl::UpdateFinalResultByWindow()\x1b[m\x1b[K\xe2\x80\x99:\n'}
[8.416826] (lightning) StderrLine: {'line': b'\x1b[01m\x1b[K/home/kepler/Documents/Codex/2026-08-14/microsoft-visual-studio-code-stable-vs/outputs/lightning_lm_ws/src/lightning-lm/src/core/localization/pose_graph/pgo_impl.cc:642:10:\x1b[m\x1b[K \x1b[01;35m\x1b[Kwarning: \x1b[m\x1b[Kunused variable \xe2\x80\x98\x1b[01m\x1b[Kfollowing_gps\x1b[m\x1b[K\xe2\x80\x99 [\x1b[01;35m\x1b[K\x1b]8;;https://gcc.gnu.org/onlinedocs/gcc/Warning-Options.html#index-Wunused-variable\x07-Wunused-variable\x1b]8;;\x07\x1b[m\x1b[K]\n'}
[8.416890] (lightning) StderrLine: {'line': b'  642 |     bool \x1b[01;35m\x1b[Kfollowing_gps\x1b[m\x1b[K = false;\n'}
[8.416946] (lightning) StderrLine: {'line': b'      |          \x1b[01;35m\x1b[K^~~~~~~~~~~~~\x1b[m\x1b[K\n'}
[8.416998] (lightning) StderrLine: {'line': b'\x1b[01m\x1b[K/home/kepler/Documents/Codex/2026-08-14/microsoft-visual-studio-code-stable-vs/outputs/lightning_lm_ws/src/lightning-lm/src/core/localization/pose_graph/pgo_impl.cc:643:10:\x1b[m\x1b[K \x1b[01;35m\x1b[Kwarning: \x1b[m\x1b[Kunused variable \xe2\x80\x98\x1b[01m\x1b[Kfollowing_lidar_loc\x1b[m\x1b[K\xe2\x80\x99 [\x1b[01;35m\x1b[K\x1b]8;;https://gcc.gnu.org/onlinedocs/gcc/Warning-Options.html#index-Wunused-variable\x07-Wunused-variable\x1b]8;;\x07\x1b[m\x1b[K]\n'}
[8.417058] (lightning) StderrLine: {'line': b'  643 |     bool \x1b[01;35m\x1b[Kfollowing_lidar_loc\x1b[m\x1b[K = false;\n'}
[8.417106] (lightning) StderrLine: {'line': b'      |          \x1b[01;35m\x1b[K^~~~~~~~~~~~~~~~~~~\x1b[m\x1b[K\n'}
[8.417150] (lightning) StderrLine: {'line': b'\x1b[01m\x1b[K/home/kepler/Documents/Codex/2026-08-14/microsoft-visual-studio-code-stable-vs/outputs/lightning_lm_ws/src/lightning-lm/src/core/localization/pose_graph/pgo_impl.cc:644:10:\x1b[m\x1b[K \x1b[01;35m\x1b[Kwarning: \x1b[m\x1b[Kunused variable \xe2\x80\x98\x1b[01m\x1b[Kfollowing_lidar_odom\x1b[m\x1b[K\xe2\x80\x99 [\x1b[01;35m\x1b[K\x1b]8;;https://gcc.gnu.org/onlinedocs/gcc/Warning-Options.html#index-Wunused-variable\x07-Wunused-variable\x1b]8;;\x07\x1b[m\x1b[K]\n'}
[8.417197] (lightning) StderrLine: {'line': b'  644 |     bool \x1b[01;35m\x1b[Kfollowing_lidar_odom\x1b[m\x1b[K = lf->lidar_odom_valid_;\n'}
[8.417249] (lightning) StderrLine: {'line': b'      |          \x1b[01;35m\x1b[K^~~~~~~~~~~~~~~~~~~~\x1b[m\x1b[K\n'}
[8.417293] (lightning) StderrLine: {'line': b'\x1b[01m\x1b[K/home/kepler/Documents/Codex/2026-08-14/microsoft-visual-studio-code-stable-vs/outputs/lightning_lm_ws/src/lightning-lm/src/core/localization/pose_graph/pgo_impl.cc:645:10:\x1b[m\x1b[K \x1b[01;35m\x1b[Kwarning: \x1b[m\x1b[Kunused variable \xe2\x80\x98\x1b[01m\x1b[Kfollowing_dr\x1b[m\x1b[K\xe2\x80\x99 [\x1b[01;35m\x1b[K\x1b]8;;https://gcc.gnu.org/onlinedocs/gcc/Warning-Options.html#index-Wunused-variable\x07-Wunused-variable\x1b]8;;\x07\x1b[m\x1b[K]\n'}
[8.417341] (lightning) StderrLine: {'line': b'  645 |     bool \x1b[01;35m\x1b[Kfollowing_dr\x1b[m\x1b[K = lf->dr_valid_;\n'}
[8.417396] (lightning) StderrLine: {'line': b'      |          \x1b[01;35m\x1b[K^~~~~~~~~~~~\x1b[m\x1b[K\n'}
[8.419129] (lightning) StderrLine: {'line': b'\x1b[01m\x1b[K/home/kepler/Documents/Codex/2026-08-14/microsoft-visual-studio-code-stable-vs/outputs/lightning_lm_ws/src/lightning-lm/src/core/localization/pose_graph/pgo_impl.cc:\x1b[m\x1b[K In member function \xe2\x80\x98\x1b[01m\x1b[Kvoid lightning::loc::PGOImpl::Marginalize(const PGOFramePtr&, const PGOFramePtr&)\x1b[m\x1b[K\xe2\x80\x99:\n'}
[8.419281] (lightning) StderrLine: {'line': b'\x1b[01m\x1b[K/home/kepler/Documents/Codex/2026-08-14/microsoft-visual-studio-code-stable-vs/outputs/lightning_lm_ws/src/lightning-lm/src/core/localization/pose_graph/pgo_impl.cc:846:46:\x1b[m\x1b[K \x1b[01;35m\x1b[Kwarning: \x1b[m\x1b[Kunused parameter \xe2\x80\x98\x1b[01m\x1b[Kframe_to_remove\x1b[m\x1b[K\xe2\x80\x99 [\x1b[01;35m\x1b[K\x1b]8;;https://gcc.gnu.org/onlinedocs/gcc/Warning-Options.html#index-Wunused-parameter\x07-Wunused-parameter\x1b]8;;\x07\x1b[m\x1b[K]\n'}
[8.419344] (lightning) StderrLine: {'line': b'  846 | void PGOImpl::Marginalize(\x1b[01;35m\x1b[Kconst PGOFramePtr& frame_to_remove\x1b[m\x1b[K, const PGOFramePtr& frame_to_keep) {\n'}
[8.419408] (lightning) StderrLine: {'line': b'      |                           \x1b[01;35m\x1b[K~~~~~~~~~~~~~~~~~~~^~~~~~~~~~~~~~~\x1b[m\x1b[K\n'}
[8.420879] (-) TimerEvent: {}
[8.521186] (-) TimerEvent: {}
[8.621530] (-) TimerEvent: {}
[8.684934] (lightning) StderrLine: {'line': b'In file included from \x1b[01m\x1b[K/home/kepler/Documents/Codex/2026-08-14/microsoft-visual-studio-code-stable-vs/outputs/lightning_lm_ws/src/lightning-lm/src/core/lio/imu_processing.hpp:18\x1b[m\x1b[K,\n'}
[8.685190] (lightning) StderrLine: {'line': b'                 from \x1b[01m\x1b[K/home/kepler/Documents/Codex/2026-08-14/microsoft-visual-studio-code-stable-vs/outputs/lightning_lm_ws/src/lightning-lm/src/core/lio/laser_mapping.h:15\x1b[m\x1b[K,\n'}
[8.685270] (lightning) StderrLine: {'line': b'                 from \x1b[01m\x1b[K/home/kepler/Documents/Codex/2026-08-14/microsoft-visual-studio-code-stable-vs/outputs/lightning_lm_ws/src/lightning-lm/src/core/lio/laser_mapping.cc:7\x1b[m\x1b[K:\n'}
[8.685336] (lightning) StderrLine: {'line': b'\x1b[01m\x1b[K/home/kepler/Documents/Codex/2026-08-14/microsoft-visual-studio-code-stable-vs/outputs/lightning_lm_ws/src/lightning-lm/src/core/lio/imu_filter.h:\x1b[m\x1b[K In member function \xe2\x80\x98\x1b[01m\x1b[Kdouble lightning::IMUFilter::processAxis(double, std::deque<double>&, int)\x1b[m\x1b[K\xe2\x80\x99:\n'}
[8.685411] (lightning) StderrLine: {'line': b'\x1b[01m\x1b[K/home/kepler/Documents/Codex/2026-08-14/microsoft-visual-studio-code-stable-vs/outputs/lightning_lm_ws/src/lightning-lm/src/core/lio/imu_filter.h:92:28:\x1b[m\x1b[K \x1b[01;35m\x1b[Kwarning: \x1b[m\x1b[Kcomparison of integer expressions of different signedness: \xe2\x80\x98\x1b[01m\x1b[Kstd::deque<double>::size_type\x1b[m\x1b[K\xe2\x80\x99 {aka \xe2\x80\x98\x1b[01m\x1b[Klong unsigned int\x1b[m\x1b[K\xe2\x80\x99} and \xe2\x80\x98\x1b[01m\x1b[Kint\x1b[m\x1b[K\xe2\x80\x99 [\x1b[01;35m\x1b[K\x1b]8;;https://gcc.gnu.org/onlinedocs/gcc/Warning-Options.html#index-Wsign-compare\x07-Wsign-compare\x1b]8;;\x07\x1b[m\x1b[K]\n'}
[8.685475] (lightning) StderrLine: {'line': b'   92 |         if (\x1b[01;35m\x1b[Khistory.size() >= config_.median_window_size\x1b[m\x1b[K && sample_count_ > 100) {\n'}
[8.685533] (lightning) StderrLine: {'line': b'      |             \x1b[01;35m\x1b[K~~~~~~~~~~~~~~~^~~~~~~~~~~~~~~~~~~~~~~~~~~~~\x1b[m\x1b[K\n'}
[8.685589] (lightning) StderrLine: {'line': b'\x1b[01m\x1b[K/home/kepler/Documents/Codex/2026-08-14/microsoft-visual-studio-code-stable-vs/outputs/lightning_lm_ws/src/lightning-lm/src/core/lio/imu_filter.h:\x1b[m\x1b[K In member function \xe2\x80\x98\x1b[01m\x1b[Kvoid lightning::IMUFilter::updateBuffer(const lightning::IMU&)\x1b[m\x1b[K\xe2\x80\x99:\n'}
[8.685708] (lightning) StderrLine: {'line': b'\x1b[01m\x1b[K/home/kepler/Documents/Codex/2026-08-14/microsoft-visual-studio-code-stable-vs/outputs/lightning_lm_ws/src/lightning-lm/src/core/lio/imu_filter.h:114:39:\x1b[m\x1b[K \x1b[01;35m\x1b[Kwarning: \x1b[m\x1b[Kcomparison of integer expressions of different signedness: \xe2\x80\x98\x1b[01m\x1b[Kstd::deque<double>::size_type\x1b[m\x1b[K\xe2\x80\x99 {aka \xe2\x80\x98\x1b[01m\x1b[Klong unsigned int\x1b[m\x1b[K\xe2\x80\x99} and \xe2\x80\x98\x1b[01m\x1b[Kint\x1b[m\x1b[K\xe2\x80\x99 [\x1b[01;35m\x1b[K\x1b]8;;https://gcc.gnu.org/onlinedocs/gcc/Warning-Options.html#index-Wsign-compare\x07-Wsign-compare\x1b]8;;\x07\x1b[m\x1b[K]\n'}
[8.685770] (lightning) StderrLine: {'line': b'  114 |         while (\x1b[01;35m\x1b[Kgyro_x_history_.size() > max_history\x1b[m\x1b[K) {\n'}
[8.685824] (lightning) StderrLine: {'line': b'      |                \x1b[01;35m\x1b[K~~~~~~~~~~~~~~~~~~~~~~~^~~~~~~~~~~~~\x1b[m\x1b[K\n'}
[8.685880] (lightning) StderrLine: {'line': b'\x1b[01m\x1b[K/home/kepler/Documents/Codex/2026-08-14/microsoft-visual-studio-code-stable-vs/outputs/lightning_lm_ws/src/lightning-lm/src/core/lio/imu_filter.h:\x1b[m\x1b[K In member function \xe2\x80\x98\x1b[01m\x1b[Kdouble lightning::IMUFilter::detectAndRemoveSpike(double, std::deque<double>&, int)\x1b[m\x1b[K\xe2\x80\x99:\n'}
[8.685938] (lightning) StderrLine: {'line': b'\x1b[01m\x1b[K/home/kepler/Documents/Codex/2026-08-14/microsoft-visual-studio-code-stable-vs/outputs/lightning_lm_ws/src/lightning-lm/src/core/lio/imu_filter.h:123:28:\x1b[m\x1b[K \x1b[01;35m\x1b[Kwarning: \x1b[m\x1b[Kcomparison of integer expressions of different signedness: \xe2\x80\x98\x1b[01m\x1b[Kstd::deque<double>::size_type\x1b[m\x1b[K\xe2\x80\x99 {aka \xe2\x80\x98\x1b[01m\x1b[Klong unsigned int\x1b[m\x1b[K\xe2\x80\x99} and \xe2\x80\x98\x1b[01m\x1b[Kint\x1b[m\x1b[K\xe2\x80\x99 [\x1b[01;35m\x1b[K\x1b]8;;https://gcc.gnu.org/onlinedocs/gcc/Warning-Options.html#index-Wsign-compare\x07-Wsign-compare\x1b]8;;\x07\x1b[m\x1b[K]\n'}
[8.685994] (lightning) StderrLine: {'line': b'  123 |         if (\x1b[01;35m\x1b[Khistory.size() < config_.median_window_size\x1b[m\x1b[K) {\n'}
[8.686049] (lightning) StderrLine: {'line': b'      |             \x1b[01;35m\x1b[K~~~~~~~~~~~~~~~^~~~~~~~~~~~~~~~~~~~~~~~~~~~\x1b[m\x1b[K\n'}
[8.686765] (lightning) StderrLine: {'line': b'In file included from \x1b[01m\x1b[K/home/kepler/Documents/Codex/2026-08-14/microsoft-visual-studio-code-stable-vs/outputs/lightning_lm_ws/src/lightning-lm/src/core/lio/imu_processing.hpp:18\x1b[m\x1b[K,\n'}
[8.686876] (lightning) StderrLine: {'line': b'                 from \x1b[01m\x1b[K/home/kepler/Documents/Codex/2026-08-14/microsoft-visual-studio-code-stable-vs/outputs/lightning_lm_ws/src/lightning-lm/src/core/lio/laser_mapping.h:15\x1b[m\x1b[K,\n'}
[8.686936] (lightning) StderrLine: {'line': b'                 from \x1b[01m\x1b[K/home/kepler/Documents/Codex/2026-08-14/microsoft-visual-studio-code-stable-vs/outputs/lightning_lm_ws/src/lightning-lm/src/core/lio/laser_mapping.cc:7\x1b[m\x1b[K:\n'}
[8.686992] (lightning) StderrLine: {'line': b'\x1b[01m\x1b[K/home/kepler/Documents/Codex/2026-08-14/microsoft-visual-studio-code-stable-vs/outputs/lightning_lm_ws/src/lightning-lm/src/core/lio/imu_filter.h:\x1b[m\x1b[K In member function \xe2\x80\x98\x1b[01m\x1b[Kdouble lightning::IMUFilter::medianFilter(double, std::deque<double>&)\x1b[m\x1b[K\xe2\x80\x99:\n'}
[8.687109] (lightning) StderrLine: {'line': b'\x1b[01m\x1b[K/home/kepler/Documents/Codex/2026-08-14/microsoft-visual-studio-code-stable-vs/outputs/lightning_lm_ws/src/lightning-lm/src/core/lio/imu_filter.h:152:28:\x1b[m\x1b[K \x1b[01;35m\x1b[Kwarning: \x1b[m\x1b[Kcomparison of integer expressions of different signedness: \xe2\x80\x98\x1b[01m\x1b[Kstd::deque<double>::size_type\x1b[m\x1b[K\xe2\x80\x99 {aka \xe2\x80\x98\x1b[01m\x1b[Klong unsigned int\x1b[m\x1b[K\xe2\x80\x99} and \xe2\x80\x98\x1b[01m\x1b[Kint\x1b[m\x1b[K\xe2\x80\x99 [\x1b[01;35m\x1b[K\x1b]8;;https://gcc.gnu.org/onlinedocs/gcc/Warning-Options.html#index-Wsign-compare\x07-Wsign-compare\x1b]8;;\x07\x1b[m\x1b[K]\n'}
[8.687173] (lightning) StderrLine: {'line': b'  152 |         if (\x1b[01;35m\x1b[Khistory.size() < config_.median_window_size\x1b[m\x1b[K) {\n'}
[8.687226] (lightning) StderrLine: {'line': b'      |             \x1b[01;35m\x1b[K~~~~~~~~~~~~~~~^~~~~~~~~~~~~~~~~~~~~~~~~~~~\x1b[m\x1b[K\n'}
[8.687280] (lightning) StderrLine: {'line': b'\x1b[01m\x1b[K/home/kepler/Documents/Codex/2026-08-14/microsoft-visual-studio-code-stable-vs/outputs/lightning_lm_ws/src/lightning-lm/src/core/lio/imu_filter.h:\x1b[m\x1b[K In member function \xe2\x80\x98\x1b[01m\x1b[Kdouble lightning::IMUFilter::movingAverage(double, std::deque<double>&)\x1b[m\x1b[K\xe2\x80\x99:\n'}
[8.687330] (lightning) StderrLine: {'line': b'\x1b[01m\x1b[K/home/kepler/Documents/Codex/2026-08-14/microsoft-visual-studio-code-stable-vs/outputs/lightning_lm_ws/src/lightning-lm/src/core/lio/imu_filter.h:164:28:\x1b[m\x1b[K \x1b[01;35m\x1b[Kwarning: \x1b[m\x1b[Kcomparison of integer expressions of different signedness: \xe2\x80\x98\x1b[01m\x1b[Kstd::deque<double>::size_type\x1b[m\x1b[K\xe2\x80\x99 {aka \xe2\x80\x98\x1b[01m\x1b[Klong unsigned int\x1b[m\x1b[K\xe2\x80\x99} and \xe2\x80\x98\x1b[01m\x1b[Kint\x1b[m\x1b[K\xe2\x80\x99 [\x1b[01;35m\x1b[K\x1b]8;;https://gcc.gnu.org/onlinedocs/gcc/Warning-Options.html#index-Wsign-compare\x07-Wsign-compare\x1b]8;;\x07\x1b[m\x1b[K]\n'}
[8.687384] (lightning) StderrLine: {'line': b'  164 |         if (\x1b[01;35m\x1b[Khistory.size() < config_.moving_avg_window\x1b[m\x1b[K) {\n'}
[8.687436] (lightning) StderrLine: {'line': b'      |             \x1b[01;35m\x1b[K~~~~~~~~~~~~~~~^~~~~~~~~~~~~~~~~~~~~~~~~~~\x1b[m\x1b[K\n'}
[8.688174] (lightning) StderrLine: {'line': b'\x1b[01m\x1b[K/home/kepler/Documents/Codex/2026-08-14/microsoft-visual-studio-code-stable-vs/outputs/lightning_lm_ws/src/lightning-lm/src/core/lio/imu_filter.h:\x1b[m\x1b[K In member function \xe2\x80\x98\x1b[01m\x1b[Kvoid lightning::IMUFilter::updateStatistics(const lightning::IMU&)\x1b[m\x1b[K\xe2\x80\x99:\n'}
[8.688296] (lightning) StderrLine: {'line': b'\x1b[01m\x1b[K/home/kepler/Documents/Codex/2026-08-14/microsoft-visual-studio-code-stable-vs/outputs/lightning_lm_ws/src/lightning-lm/src/core/lio/imu_filter.h:200:20:\x1b[m\x1b[K \x1b[01;35m\x1b[Kwarning: \x1b[m\x1b[Kunused variable \xe2\x80\x98\x1b[01m\x1b[Kprev_mean\x1b[m\x1b[K\xe2\x80\x99 [\x1b[01;35m\x1b[K\x1b]8;;https://gcc.gnu.org/onlinedocs/gcc/Warning-Options.html#index-Wunused-variable\x07-Wunused-variable\x1b]8;;\x07\x1b[m\x1b[K]\n'}
[8.688362] (lightning) StderrLine: {'line': b'  200 |             double \x1b[01;35m\x1b[Kprev_mean\x1b[m\x1b[K[3] = {gyro_mean_[0], gyro_mean_[1], gyro_mean_[2]};\n'}
[8.688429] (lightning) StderrLine: {'line': b'      |                    \x1b[01;35m\x1b[K^~~~~~~~~\x1b[m\x1b[K\n'}
[8.721640] (-) TimerEvent: {}
[8.821961] (-) TimerEvent: {}
[8.922335] (-) TimerEvent: {}
[9.022665] (-) TimerEvent: {}
[9.122997] (-) TimerEvent: {}
[9.172774] (lightning) StderrLine: {'line': b'In file included from \x1b[01m\x1b[K/home/kepler/Documents/Codex/2026-08-14/microsoft-visual-studio-code-stable-vs/outputs/lightning_lm_ws/src/lightning-lm/src/core/lio/laser_mapping.h:11\x1b[m\x1b[K,\n'}
[9.173341] (lightning) StderrLine: {'line': b'                 from \x1b[01m\x1b[K/home/kepler/Documents/Codex/2026-08-14/microsoft-visual-studio-code-stable-vs/outputs/lightning_lm_ws/src/lightning-lm/src/core/localization/localization.h:7\x1b[m\x1b[K,\n'}
[9.173446] (lightning) StderrLine: {'line': b'                 from \x1b[01m\x1b[K/home/kepler/Documents/Codex/2026-08-14/microsoft-visual-studio-code-stable-vs/outputs/lightning_lm_ws/src/lightning-lm/src/core/localization/localization.cpp:5\x1b[m\x1b[K:\n'}
[9.173516] (lightning) StderrLine: {'line': b'\x1b[01m\x1b[K/home/kepler/Documents/Codex/2026-08-14/microsoft-visual-studio-code-stable-vs/outputs/lightning_lm_ws/src/lightning-lm/src/common/keyframe.h:\x1b[m\x1b[K In constructor \xe2\x80\x98\x1b[01m\x1b[Klightning::Keyframe::Keyframe(long unsigned int, lightning::CloudPtr, lightning::NavState)\x1b[m\x1b[K\xe2\x80\x99:\n'}
[9.173596] (lightning) StderrLine: {'line': b'\x1b[01m\x1b[K/home/kepler/Documents/Codex/2026-08-14/microsoft-visual-studio-code-stable-vs/outputs/lightning_lm_ws/src/lightning-lm/src/common/keyframe.h:74:14:\x1b[m\x1b[K \x1b[01;35m\x1b[Kwarning: \x1b[m\x1b[K\xe2\x80\x98\x1b[01m\x1b[Klightning::Keyframe::state_\x1b[m\x1b[K\xe2\x80\x99 will be initialized after [\x1b[01;35m\x1b[K\x1b]8;;https://gcc.gnu.org/onlinedocs/gcc/Warning-Options.html#index-Wreorder\x07-Wreorder\x1b]8;;\x07\x1b[m\x1b[K]\n'}
[9.173661] (lightning) StderrLine: {'line': b'   74 |     NavState \x1b[01;35m\x1b[Kstate_\x1b[m\x1b[K;  // \xe5\x8d\xa1\xe5\xb0\x94\xe6\x9b\xbc\xe6\xbb\xa4\xe6\xb3\xa2\xe5\x99\xa8\xe7\x8a\xb6\xe6\x80\x81\n'}
[9.173915] (lightning) StderrLine: {'line': b'      |              \x1b[01;35m\x1b[K^~~~~~\x1b[m\x1b[K\n'}
[9.173976] (lightning) StderrLine: {'line': b'\x1b[01m\x1b[K/home/kepler/Documents/Codex/2026-08-14/microsoft-visual-studio-code-stable-vs/outputs/lightning_lm_ws/src/lightning-lm/src/common/keyframe.h:71:9:\x1b[m\x1b[K \x1b[01;35m\x1b[Kwarning: \x1b[m\x1b[K  \xe2\x80\x98\x1b[01m\x1b[Klightning::SE3 lightning::Keyframe::pose_lio_\x1b[m\x1b[K\xe2\x80\x99 [\x1b[01;35m\x1b[K\x1b]8;;https://gcc.gnu.org/onlinedocs/gcc/Warning-Options.html#index-Wreorder\x07-Wreorder\x1b]8;;\x07\x1b[m\x1b[K]\n'}
[9.174053] (lightning) StderrLine: {'line': b'   71 |     SE3 \x1b[01;35m\x1b[Kpose_lio_\x1b[m\x1b[K;  // \xe5\x89\x8d\xe7\xab\xaf\xe7\x9a\x84pose\n'}
[9.174116] (lightning) StderrLine: {'line': b'      |         \x1b[01;35m\x1b[K^~~~~~~~~\x1b[m\x1b[K\n'}
[9.174180] (lightning) StderrLine: {'line': b'\x1b[01m\x1b[K/home/kepler/Documents/Codex/2026-08-14/microsoft-visual-studio-code-stable-vs/outputs/lightning_lm_ws/src/lightning-lm/src/common/keyframe.h:22:5:\x1b[m\x1b[K \x1b[01;35m\x1b[Kwarning: \x1b[m\x1b[K  when initialized here [\x1b[01;35m\x1b[K\x1b]8;;https://gcc.gnu.org/onlinedocs/gcc/Warning-Options.html#index-Wreorder\x07-Wreorder\x1b]8;;\x07\x1b[m\x1b[K]\n'}
[9.174246] (lightning) StderrLine: {'line': b'   22 |     \x1b[01;35m\x1b[KKeyframe\x1b[m\x1b[K(unsigned long id, CloudPtr cloud, NavState state)\n'}
[9.174309] (lightning) StderrLine: {'line': b'      |     \x1b[01;35m\x1b[K^~~~~~~~\x1b[m\x1b[K\n'}
[9.223112] (-) TimerEvent: {}
[9.323434] (-) TimerEvent: {}
[9.423738] (-) TimerEvent: {}
[9.523553] (lightning) StderrLine: {'line': b'In file included from \x1b[01m\x1b[K/home/kepler/Documents/Codex/2026-08-14/microsoft-visual-studio-code-stable-vs/outputs/lightning_lm_ws/src/lightning-lm/src/core/lio/imu_processing.hpp:18\x1b[m\x1b[K,\n'}
[9.524243] (-) TimerEvent: {}
[9.524355] (lightning) StderrLine: {'line': b'                 from \x1b[01m\x1b[K/home/kepler/Documents/Codex/2026-08-14/microsoft-visual-studio-code-stable-vs/outputs/lightning_lm_ws/src/lightning-lm/src/core/lio/laser_mapping.h:15\x1b[m\x1b[K,\n'}
[9.524437] (lightning) StderrLine: {'line': b'                 from \x1b[01m\x1b[K/home/kepler/Documents/Codex/2026-08-14/microsoft-visual-studio-code-stable-vs/outputs/lightning_lm_ws/src/lightning-lm/src/core/localization/localization.h:7\x1b[m\x1b[K,\n'}
[9.524491] (lightning) StderrLine: {'line': b'                 from \x1b[01m\x1b[K/home/kepler/Documents/Codex/2026-08-14/microsoft-visual-studio-code-stable-vs/outputs/lightning_lm_ws/src/lightning-lm/src/core/localization/localization.cpp:5\x1b[m\x1b[K:\n'}
[9.524538] (lightning) StderrLine: {'line': b'\x1b[01m\x1b[K/home/kepler/Documents/Codex/2026-08-14/microsoft-visual-studio-code-stable-vs/outputs/lightning_lm_ws/src/lightning-lm/src/core/lio/imu_filter.h:\x1b[m\x1b[K In member function \xe2\x80\x98\x1b[01m\x1b[Kdouble lightning::IMUFilter::processAxis(double, std::deque<double>&, int)\x1b[m\x1b[K\xe2\x80\x99:\n'}
[9.524587] (lightning) StderrLine: {'line': b'\x1b[01m\x1b[K/home/kepler/Documents/Codex/2026-08-14/microsoft-visual-studio-code-stable-vs/outputs/lightning_lm_ws/src/lightning-lm/src/core/lio/imu_filter.h:92:28:\x1b[m\x1b[K \x1b[01;35m\x1b[Kwarning: \x1b[m\x1b[Kcomparison of integer expressions of different signedness: \xe2\x80\x98\x1b[01m\x1b[Kstd::deque<double>::size_type\x1b[m\x1b[K\xe2\x80\x99 {aka \xe2\x80\x98\x1b[01m\x1b[Klong unsigned int\x1b[m\x1b[K\xe2\x80\x99} and \xe2\x80\x98\x1b[01m\x1b[Kint\x1b[m\x1b[K\xe2\x80\x99 [\x1b[01;35m\x1b[K\x1b]8;;https://gcc.gnu.org/onlinedocs/gcc/Warning-Options.html#index-Wsign-compare\x07-Wsign-compare\x1b]8;;\x07\x1b[m\x1b[K]\n'}
[9.524654] (lightning) StderrLine: {'line': b'   92 |         if (\x1b[01;35m\x1b[Khistory.size() >= config_.median_window_size\x1b[m\x1b[K && sample_count_ > 100) {\n'}
[9.524708] (lightning) StderrLine: {'line': b'      |             \x1b[01;35m\x1b[K~~~~~~~~~~~~~~~^~~~~~~~~~~~~~~~~~~~~~~~~~~~~\x1b[m\x1b[K\n'}
[9.524755] (lightning) StderrLine: {'line': b'\x1b[01m\x1b[K/home/kepler/Documents/Codex/2026-08-14/microsoft-visual-studio-code-stable-vs/outputs/lightning_lm_ws/src/lightning-lm/src/core/lio/imu_filter.h:\x1b[m\x1b[K In member function \xe2\x80\x98\x1b[01m\x1b[Kvoid lightning::IMUFilter::updateBuffer(const lightning::IMU&)\x1b[m\x1b[K\xe2\x80\x99:\n'}
[9.524804] (lightning) StderrLine: {'line': b'\x1b[01m\x1b[K/home/kepler/Documents/Codex/2026-08-14/microsoft-visual-studio-code-stable-vs/outputs/lightning_lm_ws/src/lightning-lm/src/core/lio/imu_filter.h:114:39:\x1b[m\x1b[K \x1b[01;35m\x1b[Kwarning: \x1b[m\x1b[Kcomparison of integer expressions of different signedness: \xe2\x80\x98\x1b[01m\x1b[Kstd::deque<double>::size_type\x1b[m\x1b[K\xe2\x80\x99 {aka \xe2\x80\x98\x1b[01m\x1b[Klong unsigned int\x1b[m\x1b[K\xe2\x80\x99} and \xe2\x80\x98\x1b[01m\x1b[Kint\x1b[m\x1b[K\xe2\x80\x99 [\x1b[01;35m\x1b[K\x1b]8;;https://gcc.gnu.org/onlinedocs/gcc/Warning-Options.html#index-Wsign-compare\x07-Wsign-compare\x1b]8;;\x07\x1b[m\x1b[K]\n'}
[9.524853] (lightning) StderrLine: {'line': b'  114 |         while (\x1b[01;35m\x1b[Kgyro_x_history_.size() > max_history\x1b[m\x1b[K) {\n'}
[9.524900] (lightning) StderrLine: {'line': b'      |                \x1b[01;35m\x1b[K~~~~~~~~~~~~~~~~~~~~~~~^~~~~~~~~~~~~\x1b[m\x1b[K\n'}
[9.524948] (lightning) StderrLine: {'line': b'\x1b[01m\x1b[K/home/kepler/Documents/Codex/2026-08-14/microsoft-visual-studio-code-stable-vs/outputs/lightning_lm_ws/src/lightning-lm/src/core/lio/imu_filter.h:\x1b[m\x1b[K In member function \xe2\x80\x98\x1b[01m\x1b[Kdouble lightning::IMUFilter::detectAndRemoveSpike(double, std::deque<double>&, int)\x1b[m\x1b[K\xe2\x80\x99:\n'}
[9.524998] (lightning) StderrLine: {'line': b'\x1b[01m\x1b[K/home/kepler/Documents/Codex/2026-08-14/microsoft-visual-studio-code-stable-vs/outputs/lightning_lm_ws/src/lightning-lm/src/core/lio/imu_filter.h:123:28:\x1b[m\x1b[K \x1b[01;35m\x1b[Kwarning: \x1b[m\x1b[Kcomparison of integer expressions of different signedness: \xe2\x80\x98\x1b[01m\x1b[Kstd::deque<double>::size_type\x1b[m\x1b[K\xe2\x80\x99 {aka \xe2\x80\x98\x1b[01m\x1b[Klong unsigned int\x1b[m\x1b[K\xe2\x80\x99} and \xe2\x80\x98\x1b[01m\x1b[Kint\x1b[m\x1b[K\xe2\x80\x99 [\x1b[01;35m\x1b[K\x1b]8;;https://gcc.gnu.org/onlinedocs/gcc/Warning-Options.html#index-Wsign-compare\x07-Wsign-compare\x1b]8;;\x07\x1b[m\x1b[K]\n'}
[9.525138] (lightning) StderrLine: {'line': b'  123 |         if (\x1b[01;35m\x1b[Khistory.size() < config_.median_window_size\x1b[m\x1b[K) {\n'}
[9.525190] (lightning) StderrLine: {'line': b'      |             \x1b[01;35m\x1b[K~~~~~~~~~~~~~~~^~~~~~~~~~~~~~~~~~~~~~~~~~~~\x1b[m\x1b[K\n'}
[9.525236] (lightning) StderrLine: {'line': b'In file included from \x1b[01m\x1b[K/home/kepler/Documents/Codex/2026-08-14/microsoft-visual-studio-code-stable-vs/outputs/lightning_lm_ws/src/lightning-lm/src/core/lio/imu_processing.hpp:18\x1b[m\x1b[K,\n'}
[9.525286] (lightning) StderrLine: {'line': b'                 from \x1b[01m\x1b[K/home/kepler/Documents/Codex/2026-08-14/microsoft-visual-studio-code-stable-vs/outputs/lightning_lm_ws/src/lightning-lm/src/core/lio/laser_mapping.h:15\x1b[m\x1b[K,\n'}
[9.525336] (lightning) StderrLine: {'line': b'                 from \x1b[01m\x1b[K/home/kepler/Documents/Codex/2026-08-14/microsoft-visual-studio-code-stable-vs/outputs/lightning_lm_ws/src/lightning-lm/src/core/localization/localization.h:7\x1b[m\x1b[K,\n'}
[9.525394] (lightning) StderrLine: {'line': b'                 from \x1b[01m\x1b[K/home/kepler/Documents/Codex/2026-08-14/microsoft-visual-studio-code-stable-vs/outputs/lightning_lm_ws/src/lightning-lm/src/core/localization/localization.cpp:5\x1b[m\x1b[K:\n'}
[9.525441] (lightning) StderrLine: {'line': b'\x1b[01m\x1b[K/home/kepler/Documents/Codex/2026-08-14/microsoft-visual-studio-code-stable-vs/outputs/lightning_lm_ws/src/lightning-lm/src/core/lio/imu_filter.h:\x1b[m\x1b[K In member function \xe2\x80\x98\x1b[01m\x1b[Kdouble lightning::IMUFilter::medianFilter(double, std::deque<double>&)\x1b[m\x1b[K\xe2\x80\x99:\n'}
[9.525490] (lightning) StderrLine: {'line': b'\x1b[01m\x1b[K/home/kepler/Documents/Codex/2026-08-14/microsoft-visual-studio-code-stable-vs/outputs/lightning_lm_ws/src/lightning-lm/src/core/lio/imu_filter.h:152:28:\x1b[m\x1b[K \x1b[01;35m\x1b[Kwarning: \x1b[m\x1b[Kcomparison of integer expressions of different signedness: \xe2\x80\x98\x1b[01m\x1b[Kstd::deque<double>::size_type\x1b[m\x1b[K\xe2\x80\x99 {aka \xe2\x80\x98\x1b[01m\x1b[Klong unsigned int\x1b[m\x1b[K\xe2\x80\x99} and \xe2\x80\x98\x1b[01m\x1b[Kint\x1b[m\x1b[K\xe2\x80\x99 [\x1b[01;35m\x1b[K\x1b]8;;https://gcc.gnu.org/onlinedocs/gcc/Warning-Options.html#index-Wsign-compare\x07-Wsign-compare\x1b]8;;\x07\x1b[m\x1b[K]\n'}
[9.525538] (lightning) StderrLine: {'line': b'  152 |         if (\x1b[01;35m\x1b[Khistory.size() < config_.median_window_size\x1b[m\x1b[K) {\n'}
[9.525630] (lightning) StderrLine: {'line': b'      |             \x1b[01;35m\x1b[K~~~~~~~~~~~~~~~^~~~~~~~~~~~~~~~~~~~~~~~~~~~\x1b[m\x1b[K\n'}
[9.525677] (lightning) StderrLine: {'line': b'\x1b[01m\x1b[K/home/kepler/Documents/Codex/2026-08-14/microsoft-visual-studio-code-stable-vs/outputs/lightning_lm_ws/src/lightning-lm/src/core/lio/imu_filter.h:\x1b[m\x1b[K In member function \xe2\x80\x98\x1b[01m\x1b[Kdouble lightning::IMUFilter::movingAverage(double, std::deque<double>&)\x1b[m\x1b[K\xe2\x80\x99:\n'}
[9.525723] (lightning) StderrLine: {'line': b'\x1b[01m\x1b[K/home/kepler/Documents/Codex/2026-08-14/microsoft-visual-studio-code-stable-vs/outputs/lightning_lm_ws/src/lightning-lm/src/core/lio/imu_filter.h:164:28:\x1b[m\x1b[K \x1b[01;35m\x1b[Kwarning: \x1b[m\x1b[Kcomparison of integer expressions of different signedness: \xe2\x80\x98\x1b[01m\x1b[Kstd::deque<double>::size_type\x1b[m\x1b[K\xe2\x80\x99 {aka \xe2\x80\x98\x1b[01m\x1b[Klong unsigned int\x1b[m\x1b[K\xe2\x80\x99} and \xe2\x80\x98\x1b[01m\x1b[Kint\x1b[m\x1b[K\xe2\x80\x99 [\x1b[01;35m\x1b[K\x1b]8;;https://gcc.gnu.org/onlinedocs/gcc/Warning-Options.html#index-Wsign-compare\x07-Wsign-compare\x1b]8;;\x07\x1b[m\x1b[K]\n'}
[9.525769] (lightning) StderrLine: {'line': b'  164 |         if (\x1b[01;35m\x1b[Khistory.size() < config_.moving_avg_window\x1b[m\x1b[K) {\n'}
[9.525812] (lightning) StderrLine: {'line': b'      |             \x1b[01;35m\x1b[K~~~~~~~~~~~~~~~^~~~~~~~~~~~~~~~~~~~~~~~~~~\x1b[m\x1b[K\n'}
[9.525855] (lightning) StderrLine: {'line': b'\x1b[01m\x1b[K/home/kepler/Documents/Codex/2026-08-14/microsoft-visual-studio-code-stable-vs/outputs/lightning_lm_ws/src/lightning-lm/src/core/lio/imu_filter.h:\x1b[m\x1b[K In member function \xe2\x80\x98\x1b[01m\x1b[Kvoid lightning::IMUFilter::updateStatistics(const lightning::IMU&)\x1b[m\x1b[K\xe2\x80\x99:\n'}
[9.525898] (lightning) StderrLine: {'line': b'\x1b[01m\x1b[K/home/kepler/Documents/Codex/2026-08-14/microsoft-visual-studio-code-stable-vs/outputs/lightning_lm_ws/src/lightning-lm/src/core/lio/imu_filter.h:200:20:\x1b[m\x1b[K \x1b[01;35m\x1b[Kwarning: \x1b[m\x1b[Kunused variable \xe2\x80\x98\x1b[01m\x1b[Kprev_mean\x1b[m\x1b[K\xe2\x80\x99 [\x1b[01;35m\x1b[K\x1b]8;;https://gcc.gnu.org/onlinedocs/gcc/Warning-Options.html#index-Wunused-variable\x07-Wunused-variable\x1b]8;;\x07\x1b[m\x1b[K]\n'}
[9.525945] (lightning) StderrLine: {'line': b'  200 |             double \x1b[01;35m\x1b[Kprev_mean\x1b[m\x1b[K[3] = {gyro_mean_[0], gyro_mean_[1], gyro_mean_[2]};\n'}
[9.525997] (lightning) StderrLine: {'line': b'      |                    \x1b[01;35m\x1b[K^~~~~~~~~\x1b[m\x1b[K\n'}
[9.624367] (-) TimerEvent: {}
[9.674131] (lightning) StderrLine: {'line': b'\x1b[01m\x1b[K/home/kepler/Documents/Codex/2026-08-14/microsoft-visual-studio-code-stable-vs/outputs/lightning_lm_ws/src/lightning-lm/src/core/maps/tiled_map.cc:\x1b[m\x1b[K In member function \xe2\x80\x98\x1b[01m\x1b[Kvoid lightning::TiledMap::UpdateVoxel(lightning::TiledMap::VoxelData&, bool)\x1b[m\x1b[K\xe2\x80\x99:\n'}
[9.674348] (lightning) StderrLine: {'line': b'\x1b[01m\x1b[K/home/kepler/Documents/Codex/2026-08-14/microsoft-visual-studio-code-stable-vs/outputs/lightning_lm_ws/src/lightning-lm/src/core/maps/tiled_map.cc:563:44:\x1b[m\x1b[K \x1b[01;35m\x1b[Kwarning: \x1b[m\x1b[Kcomparison of integer expressions of different signedness: \xe2\x80\x98\x1b[01m\x1b[Kstd::vector<Eigen::Matrix<float, 3, 1> >::size_type\x1b[m\x1b[K\xe2\x80\x99 {aka \xe2\x80\x98\x1b[01m\x1b[Klong unsigned int\x1b[m\x1b[K\xe2\x80\x99} and \xe2\x80\x98\x1b[01m\x1b[Kint\x1b[m\x1b[K\xe2\x80\x99 [\x1b[01;35m\x1b[K\x1b]8;;https://gcc.gnu.org/onlinedocs/gcc/Warning-Options.html#index-Wsign-compare\x07-Wsign-compare\x1b]8;;\x07\x1b[m\x1b[K]\n'}
[9.674512] (lightning) StderrLine: {'line': b'  563 |     if (!v.ndt_estimated_ && \x1b[01;35m\x1b[Kv.pts_.size() > ndt_map_options_.min_pts_in_voxel_\x1b[m\x1b[K) {\n'}
[9.674585] (lightning) StderrLine: {'line': b'      |                              \x1b[01;35m\x1b[K~~~~~~~~~~~~~~^~~~~~~~~~~~~~~~~~~~~~~~~~~~~~~~~~~~\x1b[m\x1b[K\n'}
[9.674651] (lightning) StderrLine: {'line': b'\x1b[01m\x1b[K/home/kepler/Documents/Codex/2026-08-14/microsoft-visual-studio-code-stable-vs/outputs/lightning_lm_ws/src/lightning-lm/src/core/maps/tiled_map.cc:569:50:\x1b[m\x1b[K \x1b[01;35m\x1b[Kwarning: \x1b[m\x1b[Kcomparison of integer expressions of different signedness: \xe2\x80\x98\x1b[01m\x1b[Kstd::vector<Eigen::Matrix<float, 3, 1> >::size_type\x1b[m\x1b[K\xe2\x80\x99 {aka \xe2\x80\x98\x1b[01m\x1b[Klong unsigned int\x1b[m\x1b[K\xe2\x80\x99} and \xe2\x80\x98\x1b[01m\x1b[Kint\x1b[m\x1b[K\xe2\x80\x99 [\x1b[01;35m\x1b[K\x1b]8;;https://gcc.gnu.org/onlinedocs/gcc/Warning-Options.html#index-Wsign-compare\x07-Wsign-compare\x1b]8;;\x07\x1b[m\x1b[K]\n'}
[9.674715] (lightning) StderrLine: {'line': b'  569 |     } else if (v.ndt_estimated_ && \x1b[01;35m\x1b[Kv.pts_.size() > ndt_map_options_.min_pts_in_voxel_\x1b[m\x1b[K) {\n'}
[9.674775] (lightning) StderrLine: {'line': b'      |                                    \x1b[01;35m\x1b[K~~~~~~~~~~~~~~^~~~~~~~~~~~~~~~~~~~~~~~~~~~~~~~~~~~\x1b[m\x1b[K\n'}
[9.724469] (-) TimerEvent: {}
[9.824796] (-) TimerEvent: {}
[9.925111] (-) TimerEvent: {}
[10.025456] (-) TimerEvent: {}
[10.125914] (-) TimerEvent: {}
[10.226240] (-) TimerEvent: {}
[10.326579] (-) TimerEvent: {}
[10.426907] (-) TimerEvent: {}
[10.527290] (-) TimerEvent: {}
[10.627620] (-) TimerEvent: {}
[10.730085] (-) TimerEvent: {}
[10.771601] (lightning) StderrLine: {'line': b'\x1b[01m\x1b[K/home/kepler/Documents/Codex/2026-08-14/microsoft-visual-studio-code-stable-vs/outputs/lightning_lm_ws/src/lightning-lm/src/core/lio/laser_mapping.cc:\x1b[m\x1b[K In member function \xe2\x80\x98\x1b[01m\x1b[Kbool lightning::LaserMapping::Run()\x1b[m\x1b[K\xe2\x80\x99:\n'}
[10.772731] (lightning) StderrLine: {'line': b'\x1b[01m\x1b[K/home/kepler/Documents/Codex/2026-08-14/microsoft-visual-studio-code-stable-vs/outputs/lightning_lm_ws/src/lightning-lm/src/core/lio/laser_mapping.cc:189:27:\x1b[m\x1b[K \x1b[01;35m\x1b[Kwarning: \x1b[m\x1b[Kcomparison of integer expressions of different signedness: \xe2\x80\x98\x1b[01m\x1b[Kint\x1b[m\x1b[K\xe2\x80\x99 and \xe2\x80\x98\x1b[01m\x1b[Kstd::size_t\x1b[m\x1b[K\xe2\x80\x99 {aka \xe2\x80\x98\x1b[01m\x1b[Klong unsigned int\x1b[m\x1b[K\xe2\x80\x99} [\x1b[01;35m\x1b[K\x1b]8;;https://gcc.gnu.org/onlinedocs/gcc/Warning-Options.html#index-Wsign-compare\x07-Wsign-compare\x1b]8;;\x07\x1b[m\x1b[K]\n'}
[10.772883] (lightning) StderrLine: {'line': b'  189 |         for (int i = 0; \x1b[01;35m\x1b[Ki < scan_undistort_->size()\x1b[m\x1b[K; i++) {\n'}
[10.772947] (lightning) StderrLine: {'line': b'      |                         \x1b[01;35m\x1b[K~~^~~~~~~~~~~~~~~~~~~~~~~~~\x1b[m\x1b[K\n'}
[10.788237] (lightning) StderrLine: {'line': b'\x1b[01m\x1b[K/home/kepler/Documents/Codex/2026-08-14/microsoft-visual-studio-code-stable-vs/outputs/lightning_lm_ws/src/lightning-lm/src/core/lio/laser_mapping.cc:272:18:\x1b[m\x1b[K \x1b[01;35m\x1b[Kwarning: \x1b[m\x1b[Kunused variable \xe2\x80\x98\x1b[01m\x1b[Kdelta_translation\x1b[m\x1b[K\xe2\x80\x99 [\x1b[01;35m\x1b[K\x1b]8;;https://gcc.gnu.org/onlinedocs/gcc/Warning-Options.html#index-Wunused-variable\x07-Wunused-variable\x1b]8;;\x07\x1b[m\x1b[K]\n'}
[10.789535] (lightning) StderrLine: {'line': b'  272 |     const double \x1b[01;35m\x1b[Kdelta_translation\x1b[m\x1b[K = (pred_state.pos_ - state_point_.pos_).norm();\n'}
[10.789610] (lightning) StderrLine: {'line': b'      |                  \x1b[01;35m\x1b[K^~~~~~~~~~~~~~~~~\x1b[m\x1b[K\n'}
[10.789662] (lightning) StderrLine: {'line': b'\x1b[01m\x1b[K/home/kepler/Documents/Codex/2026-08-14/microsoft-visual-studio-code-stable-vs/outputs/lightning_lm_ws/src/lightning-lm/src/core/lio/laser_mapping.cc:274:18:\x1b[m\x1b[K \x1b[01;35m\x1b[Kwarning: \x1b[m\x1b[Kunused variable \xe2\x80\x98\x1b[01m\x1b[Kdelta_velocity\x1b[m\x1b[K\xe2\x80\x99 [\x1b[01;35m\x1b[K\x1b]8;;https://gcc.gnu.org/onlinedocs/gcc/Warning-Options.html#index-Wunused-variable\x07-Wunused-variable\x1b]8;;\x07\x1b[m\x1b[K]\n'}
[10.789715] (lightning) StderrLine: {'line': b'  274 |     const double \x1b[01;35m\x1b[Kdelta_velocity\x1b[m\x1b[K = (pred_state.vel_ - state_point_.vel_).norm();\n'}
[10.789759] (lightning) StderrLine: {'line': b'      |                  \x1b[01;35m\x1b[K^~~~~~~~~~~~~~\x1b[m\x1b[K\n'}
[10.789801] (lightning) StderrLine: {'line': b'\x1b[01m\x1b[K/home/kepler/Documents/Codex/2026-08-14/microsoft-visual-studio-code-stable-vs/outputs/lightning_lm_ws/src/lightning-lm/src/core/lio/laser_mapping.cc:276:18:\x1b[m\x1b[K \x1b[01;35m\x1b[Kwarning: \x1b[m\x1b[Kunused variable \xe2\x80\x98\x1b[01m\x1b[Kcurrent_speed\x1b[m\x1b[K\xe2\x80\x99 [\x1b[01;35m\x1b[K\x1b]8;;https://gcc.gnu.org/onlinedocs/gcc/Warning-Options.html#index-Wunused-variable\x07-Wunused-variable\x1b]8;;\x07\x1b[m\x1b[K]\n'}
[10.789850] (lightning) StderrLine: {'line': b'  276 |     const double \x1b[01;35m\x1b[Kcurrent_speed\x1b[m\x1b[K = state_point_.vel_.norm();\n'}
[10.789900] (lightning) StderrLine: {'line': b'      |                  \x1b[01;35m\x1b[K^~~~~~~~~~~~~\x1b[m\x1b[K\n'}
[10.793842] (lightning) StderrLine: {'line': b'\x1b[01m\x1b[K/home/kepler/Documents/Codex/2026-08-14/microsoft-visual-studio-code-stable-vs/outputs/lightning_lm_ws/src/lightning-lm/src/core/lio/laser_mapping.cc:\x1b[m\x1b[K In member function \xe2\x80\x98\x1b[01m\x1b[Kvoid lightning::LaserMapping::MakeKF()\x1b[m\x1b[K\xe2\x80\x99:\n'}
[10.794003] (lightning) StderrLine: {'line': b'\x1b[01m\x1b[K/home/kepler/Documents/Codex/2026-08-14/microsoft-visual-studio-code-stable-vs/outputs/lightning_lm_ws/src/lightning-lm/src/core/lio/laser_mapping.cc:392:26:\x1b[m\x1b[K \x1b[01;35m\x1b[Kwarning: \x1b[m\x1b[Kcomparison of integer expressions of different signedness: \xe2\x80\x98\x1b[01m\x1b[Kstd::__cxx11::list<std::shared_ptr<lightning::Keyframe> >::size_type\x1b[m\x1b[K\xe2\x80\x99 {aka \xe2\x80\x98\x1b[01m\x1b[Klong unsigned int\x1b[m\x1b[K\xe2\x80\x99} and \xe2\x80\x98\x1b[01m\x1b[Kint\x1b[m\x1b[K\xe2\x80\x99 [\x1b[01;35m\x1b[K\x1b]8;;https://gcc.gnu.org/onlinedocs/gcc/Warning-Options.html#index-Wsign-compare\x07-Wsign-compare\x1b]8;;\x07\x1b[m\x1b[K]\n'}
[10.794384] (lightning) StderrLine: {'line': b'  392 |     if (\x1b[01;35m\x1b[Kproj_kfs_.size() >= options_.max_proj_kfs_\x1b[m\x1b[K) {\n'}
[10.794441] (lightning) StderrLine: {'line': b'      |         \x1b[01;35m\x1b[K~~~~~~~~~~~~~~~~~^~~~~~~~~~~~~~~~~~~~~~~~~\x1b[m\x1b[K\n'}
[10.832236] (-) TimerEvent: {}
[10.965313] (-) TimerEvent: {}
[15.874685] (-) TimerEvent: {}
[21.202385] (-) TimerEvent: {}
[25.313038] (-) TimerEvent: {}
[31.597048] (-) TimerEvent: {}
[41.538716] (-) TimerEvent: {}
[50.689585] (-) TimerEvent: {}
[58.886721] (-) TimerEvent: {}
[62.303586] (lightning) StderrLine: {'line': b'In file included from \x1b[01m\x1b[K/home/kepler/Documents/Codex/2026-08-14/microsoft-visual-studio-code-stable-vs/outputs/lightning_lm_ws/src/lightning-lm/src/core/miao/core/graph/optimizer.h:8\x1b[m\x1b[K,\n'}
[62.305914] (-) TimerEvent: {}
[62.307557] (lightning) StderrLine: {'line': b'                 from \x1b[01m\x1b[K/home/kepler/Documents/Codex/2026-08-14/microsoft-visual-studio-code-stable-vs/outputs/lightning_lm_ws/src/lightning-lm/src/core/localization/pose_graph/pgo_impl.h:16\x1b[m\x1b[K,\n'}
[62.307687] (lightning) StderrLine: {'line': b'                 from \x1b[01m\x1b[K/home/kepler/Documents/Codex/2026-08-14/microsoft-visual-studio-code-stable-vs/outputs/lightning_lm_ws/src/lightning-lm/src/core/localization/pose_graph/pgo.h:7\x1b[m\x1b[K,\n'}
[62.307736] (lightning) StderrLine: {'line': b'                 from \x1b[01m\x1b[K/home/kepler/Documents/Codex/2026-08-14/microsoft-visual-studio-code-stable-vs/outputs/lightning_lm_ws/src/lightning-lm/src/core/localization/localization.cpp:9\x1b[m\x1b[K:\n'}
[62.307785] (lightning) StderrLine: {'line': b'\x1b[01m\x1b[K/home/kepler/Documents/Codex/2026-08-14/microsoft-visual-studio-code-stable-vs/outputs/lightning_lm_ws/src/lightning-lm/src/core/miao/core/common/config.h:\x1b[m\x1b[K In constructor \xe2\x80\x98\x1b[01m\x1b[Klightning::miao::OptimizerConfig::OptimizerConfig(lightning::miao::AlgorithmType, lightning::miao::LinearSolverType, bool)\x1b[m\x1b[K\xe2\x80\x99:\n'}
[62.307852] (lightning) StderrLine: {'line': b'\x1b[01m\x1b[K/home/kepler/Documents/Codex/2026-08-14/microsoft-visual-studio-code-stable-vs/outputs/lightning_lm_ws/src/lightning-lm/src/core/miao/core/common/config.h:44:10:\x1b[m\x1b[K \x1b[01;35m\x1b[Kwarning: \x1b[m\x1b[K\xe2\x80\x98\x1b[01m\x1b[Klightning::miao::OptimizerConfig::is_dense_\x1b[m\x1b[K\xe2\x80\x99 will be initialized after [\x1b[01;35m\x1b[K\x1b]8;;https://gcc.gnu.org/onlinedocs/gcc/Warning-Options.html#index-Wreorder\x07-Wreorder\x1b]8;;\x07\x1b[m\x1b[K]\n'}
[62.307908] (lightning) StderrLine: {'line': b'   44 |     bool \x1b[01;35m\x1b[Kis_dense_\x1b[m\x1b[K = true;\n'}
[62.307948] (lightning) StderrLine: {'line': b'      |          \x1b[01;35m\x1b[K^~~~~~~~~\x1b[m\x1b[K\n'}
[62.307992] (lightning) StderrLine: {'line': b'\x1b[01m\x1b[K/home/kepler/Documents/Codex/2026-08-14/microsoft-visual-studio-code-stable-vs/outputs/lightning_lm_ws/src/lightning-lm/src/core/miao/core/common/config.h:39:22:\x1b[m\x1b[K \x1b[01;35m\x1b[Kwarning: \x1b[m\x1b[K  \xe2\x80\x98\x1b[01m\x1b[Klightning::miao::LinearSolverType lightning::miao::OptimizerConfig::linear_solver_type_\x1b[m\x1b[K\xe2\x80\x99 [\x1b[01;35m\x1b[K\x1b]8;;https://gcc.gnu.org/onlinedocs/gcc/Warning-Options.html#index-Wreorder\x07-Wreorder\x1b]8;;\x07\x1b[m\x1b[K]\n'}
[62.308045] (lightning) StderrLine: {'line': b'   39 |     LinearSolverType \x1b[01;35m\x1b[Klinear_solver_type_\x1b[m\x1b[K = LinearSolverType::LINEAR_SOLVER_SPARSE_EIGEN;\n'}
[62.308082] (lightning) StderrLine: {'line': b'      |                      \x1b[01;35m\x1b[K^~~~~~~~~~~~~~~~~~~\x1b[m\x1b[K\n'}
[62.308112] (lightning) StderrLine: {'line': b'\x1b[01m\x1b[K/home/kepler/Documents/Codex/2026-08-14/microsoft-visual-studio-code-stable-vs/outputs/lightning_lm_ws/src/lightning-lm/src/core/miao/core/common/config.h:31:14:\x1b[m\x1b[K \x1b[01;35m\x1b[Kwarning: \x1b[m\x1b[K  when initialized here [\x1b[01;35m\x1b[K\x1b]8;;https://gcc.gnu.org/onlinedocs/gcc/Warning-Options.html#index-Wreorder\x07-Wreorder\x1b]8;;\x07\x1b[m\x1b[K]\n'}
[62.308143] (lightning) StderrLine: {'line': b'   31 |     explicit \x1b[01;35m\x1b[KOptimizerConfig\x1b[m\x1b[K(AlgorithmType algo_type,\n'}
[62.308179] (lightning) StderrLine: {'line': b'      |              \x1b[01;35m\x1b[K^~~~~~~~~~~~~~~\x1b[m\x1b[K\n'}
[62.322158] (lightning) StderrLine: {'line': b'In file included from \x1b[01m\x1b[K/home/kepler/Documents/Codex/2026-08-14/microsoft-visual-studio-code-stable-vs/outputs/lightning_lm_ws/src/lightning-lm/src/core/miao/core/graph/optimizer.h:9\x1b[m\x1b[K,\n'}
[62.322356] (lightning) StderrLine: {'line': b'                 from \x1b[01m\x1b[K/home/kepler/Documents/Codex/2026-08-14/microsoft-visual-studio-code-stable-vs/outputs/lightning_lm_ws/src/lightning-lm/src/core/localization/pose_graph/pgo_impl.h:16\x1b[m\x1b[K,\n'}
[62.322445] (lightning) StderrLine: {'line': b'                 from \x1b[01m\x1b[K/home/kepler/Documents/Codex/2026-08-14/microsoft-visual-studio-code-stable-vs/outputs/lightning_lm_ws/src/lightning-lm/src/core/localization/pose_graph/pgo.h:7\x1b[m\x1b[K,\n'}
[62.322505] (lightning) StderrLine: {'line': b'                 from \x1b[01m\x1b[K/home/kepler/Documents/Codex/2026-08-14/microsoft-visual-studio-code-stable-vs/outputs/lightning_lm_ws/src/lightning-lm/src/core/localization/localization.cpp:9\x1b[m\x1b[K:\n'}
[62.322559] (lightning) StderrLine: {'line': b'\x1b[01m\x1b[K/home/kepler/Documents/Codex/2026-08-14/microsoft-visual-studio-code-stable-vs/outputs/lightning_lm_ws/src/lightning-lm/src/core/miao/core/graph/graph.h:\x1b[m\x1b[K In member function \xe2\x80\x98\x1b[01m\x1b[Kvirtual int lightning::miao::Graph::Optimize(int)\x1b[m\x1b[K\xe2\x80\x99:\n'}
[62.322622] (lightning) StderrLine: {'line': b'\x1b[01m\x1b[K/home/kepler/Documents/Codex/2026-08-14/microsoft-visual-studio-code-stable-vs/outputs/lightning_lm_ws/src/lightning-lm/src/core/miao/core/graph/graph.h:80:30:\x1b[m\x1b[K \x1b[01;35m\x1b[Kwarning: \x1b[m\x1b[Kunused parameter \xe2\x80\x98\x1b[01m\x1b[Kinterations\x1b[m\x1b[K\xe2\x80\x99 [\x1b[01;35m\x1b[K\x1b]8;;https://gcc.gnu.org/onlinedocs/gcc/Warning-Options.html#index-Wunused-parameter\x07-Wunused-parameter\x1b]8;;\x07\x1b[m\x1b[K]\n'}
[62.322682] (lightning) StderrLine: {'line': b'   80 |     virtual int Optimize(\x1b[01;35m\x1b[Kint interations\x1b[m\x1b[K) { return 0; }\n'}
[62.322737] (lightning) StderrLine: {'line': b'      |                          \x1b[01;35m\x1b[K~~~~^~~~~~~~~~~\x1b[m\x1b[K\n'}
[62.405130] (lightning) StderrLine: {'line': b'\x1b[01m\x1b[K/home/kepler/Documents/Codex/2026-08-14/microsoft-visual-studio-code-stable-vs/outputs/lightning_lm_ws/src/lightning-lm/src/core/lio/laser_mapping.cc:\x1b[m\x1b[K In member function \xe2\x80\x98\x1b[01m\x1b[Kvoid lightning::LaserMapping::ObsModel(lightning::NavState&, lightning::ESKF::CustomObservationModel&)\x1b[m\x1b[K\xe2\x80\x99:\n'}
[62.405310] (lightning) StderrLine: {'line': b'\x1b[01m\x1b[K/home/kepler/Documents/Codex/2026-08-14/microsoft-visual-studio-code-stable-vs/outputs/lightning_lm_ws/src/lightning-lm/src/core/lio/laser_mapping.cc:739:23:\x1b[m\x1b[K \x1b[01;35m\x1b[Kwarning: \x1b[m\x1b[Kcomparison of integer expressions of different signedness: \xe2\x80\x98\x1b[01m\x1b[Kint\x1b[m\x1b[K\xe2\x80\x99 and \xe2\x80\x98\x1b[01m\x1b[Kstd::vector<long unsigned int>::size_type\x1b[m\x1b[K\xe2\x80\x99 {aka \xe2\x80\x98\x1b[01m\x1b[Klong unsigned int\x1b[m\x1b[K\xe2\x80\x99} [\x1b[01;35m\x1b[K\x1b]8;;https://gcc.gnu.org/onlinedocs/gcc/Warning-Options.html#index-Wsign-compare\x07-Wsign-compare\x1b]8;;\x07\x1b[m\x1b[K]\n'}
[62.405390] (lightning) StderrLine: {'line': b'  739 |     for (int i = 0; \x1b[01;35m\x1b[Ki < index.size()\x1b[m\x1b[K; ++i) {\n'}
[62.405443] (lightning) StderrLine: {'line': b'      |                     \x1b[01;35m\x1b[K~~^~~~~~~~~~~~~~\x1b[m\x1b[K\n'}
[62.405981] (-) TimerEvent: {}
[62.506256] (-) TimerEvent: {}
[62.606616] (-) TimerEvent: {}
[62.710249] (-) TimerEvent: {}
[62.821076] (-) TimerEvent: {}
[63.704823] (-) TimerEvent: {}
[66.939377] (-) TimerEvent: {}
[70.745876] (-) TimerEvent: {}
[78.796176] (-) TimerEvent: {}
[92.162307] (-) TimerEvent: {}
[92.276173] (-) TimerEvent: {}
[92.389828] (-) TimerEvent: {}
[92.521067] (-) TimerEvent: {}
[92.729170] (-) TimerEvent: {}
[95.762837] (-) TimerEvent: {}
[99.875771] (-) TimerEvent: {}
[106.617270] (-) TimerEvent: {}
[113.806571] (-) TimerEvent: {}
[123.500894] (-) TimerEvent: {}
[130.493173] (-) TimerEvent: {}
[130.612263] (-) TimerEvent: {}
[130.765951] (-) TimerEvent: {}
[132.030937] (-) TimerEvent: {}
[134.763956] (-) TimerEvent: {}
[138.805570] (-) TimerEvent: {}
[143.162623] (-) TimerEvent: {}
[145.312037] (-) TimerEvent: {}
[146.531729] (-) TimerEvent: {}
[149.639009] (-) TimerEvent: {}
[154.623751] (-) TimerEvent: {}
[159.125329] (-) TimerEvent: {}
[161.740013] (-) TimerEvent: {}
[164.858700] (-) TimerEvent: {}
[169.506818] (-) TimerEvent: {}
[174.061427] (-) TimerEvent: {}
[181.420877] (-) TimerEvent: {}
[187.753265] (-) TimerEvent: {}
[194.507442] (-) TimerEvent: {}
[199.343835] (-) TimerEvent: {}
[203.979601] (-) TimerEvent: {}
[208.222771] (-) TimerEvent: {}
[215.690624] (-) TimerEvent: {}
