[0.114s] DEBUG:colcon:Command line arguments: ['/usr/bin/colcon', 'list']
[0.114s] DEBUG:colcon:Parsed command line arguments: Namespace(log_base=None, log_level=None, verb_name='list', build_base='build', ignore_user_meta=False, metas=['./colcon.meta'], base_paths=['.'], packages_ignore=None, packages_ignore_regex=None, paths=None, packages_up_to=None, packages_up_to_regex=None, packages_above=None, packages_above_and_dependencies=None, packages_above_depth=None, packages_select_by_dep=None, packages_skip_by_dep=None, packages_skip_up_to=None, packages_select_build_failed=False, packages_skip_build_finished=False, packages_select_test_failures=False, packages_skip_test_passed=False, packages_select=None, packages_skip=None, packages_select_regex=None, packages_skip_regex=None, packages_start=None, packages_end=None, allow_overriding=[], topological_order=False, names_only=False, paths_only=False, topological_graph=False, topological_graph_dot=False, topological_graph_density=False, topological_graph_legend=False, topological_graph_dot_cluster=False, topological_graph_dot_include_skipped=False, verb_parser=<colcon_defaults.argument_parser.defaults.DefaultArgumentsDecorator object at 0x77e4dcf186d0>, verb_extension=<colcon_package_information.verb.list.ListVerb object at 0x77e4dcedf9d0>, main=<bound method ListVerb.main of <colcon_package_information.verb.list.ListVerb object at 0x77e4dcedf9d0>>)
[0.303s] Level 1:colcon.colcon_core.package_discovery:discover_packages(colcon_meta) check parameters
[0.303s] Level 1:colcon.colcon_core.package_discovery:discover_packages(recursive) check parameters
[0.303s] Level 1:colcon.colcon_core.package_discovery:discover_packages(ignore) check parameters
[0.303s] Level 1:colcon.colcon_core.package_discovery:discover_packages(path) check parameters
[0.303s] Level 1:colcon.colcon_core.package_discovery:discover_packages(colcon_meta) discover
[0.303s] Level 1:colcon.colcon_core.package_discovery:discover_packages(recursive) discover
[0.303s] INFO:colcon.colcon_core.package_discovery:Crawling recursively for packages in '/home/kepler/lightning_lm_ws'
[0.303s] Level 1:colcon.colcon_core.package_identification:_identify(.) by extensions ['ignore', 'ignore_ament_install']
[0.304s] Level 1:colcon.colcon_core.package_identification:_identify(.) by extension 'ignore'
[0.304s] Level 1:colcon.colcon_core.package_identification:_identify(.) by extension 'ignore_ament_install'
[0.304s] Level 1:colcon.colcon_core.package_identification:_identify(.) by extensions ['colcon_pkg']
[0.304s] Level 1:colcon.colcon_core.package_identification:_identify(.) by extension 'colcon_pkg'
[0.304s] Level 1:colcon.colcon_core.package_identification:_identify(.) by extensions ['colcon_meta']
[0.304s] Level 1:colcon.colcon_core.package_identification:_identify(.) by extension 'colcon_meta'
[0.304s] Level 1:colcon.colcon_core.package_identification:_identify(.) by extensions ['ros']
[0.304s] Level 1:colcon.colcon_core.package_identification:_identify(.) by extension 'ros'
[0.318s] Level 1:colcon.colcon_core.package_identification:_identify(.) by extensions ['cmake', 'python']
[0.318s] Level 1:colcon.colcon_core.package_identification:_identify(.) by extension 'cmake'
[0.318s] Level 1:colcon.colcon_core.package_identification:_identify(.) by extension 'python'
[0.318s] Level 1:colcon.colcon_core.package_identification:_identify(.) by extensions ['python_setup_py']
[0.318s] Level 1:colcon.colcon_core.package_identification:_identify(.) by extension 'python_setup_py'
[0.318s] Level 1:colcon.colcon_core.package_identification:_identify(bags) by extensions ['ignore', 'ignore_ament_install']
[0.318s] Level 1:colcon.colcon_core.package_identification:_identify(bags) by extension 'ignore'
[0.318s] Level 1:colcon.colcon_core.package_identification:_identify(bags) by extension 'ignore_ament_install'
[0.318s] Level 1:colcon.colcon_core.package_identification:_identify(bags) by extensions ['colcon_pkg']
[0.319s] Level 1:colcon.colcon_core.package_identification:_identify(bags) by extension 'colcon_pkg'
[0.319s] Level 1:colcon.colcon_core.package_identification:_identify(bags) by extensions ['colcon_meta']
[0.319s] Level 1:colcon.colcon_core.package_identification:_identify(bags) by extension 'colcon_meta'
[0.319s] Level 1:colcon.colcon_core.package_identification:_identify(bags) by extensions ['ros']
[0.319s] Level 1:colcon.colcon_core.package_identification:_identify(bags) by extension 'ros'
[0.319s] Level 1:colcon.colcon_core.package_identification:_identify(bags) by extensions ['cmake', 'python']
[0.319s] Level 1:colcon.colcon_core.package_identification:_identify(bags) by extension 'cmake'
[0.319s] Level 1:colcon.colcon_core.package_identification:_identify(bags) by extension 'python'
[0.319s] Level 1:colcon.colcon_core.package_identification:_identify(bags) by extensions ['python_setup_py']
[0.319s] Level 1:colcon.colcon_core.package_identification:_identify(bags) by extension 'python_setup_py'
[0.319s] Level 1:colcon.colcon_core.package_identification:_identify(bags/lightning_sim) by extensions ['ignore', 'ignore_ament_install']
[0.319s] Level 1:colcon.colcon_core.package_identification:_identify(bags/lightning_sim) by extension 'ignore'
[0.319s] Level 1:colcon.colcon_core.package_identification:_identify(bags/lightning_sim) by extension 'ignore_ament_install'
[0.319s] Level 1:colcon.colcon_core.package_identification:_identify(bags/lightning_sim) by extensions ['colcon_pkg']
[0.319s] Level 1:colcon.colcon_core.package_identification:_identify(bags/lightning_sim) by extension 'colcon_pkg'
[0.319s] Level 1:colcon.colcon_core.package_identification:_identify(bags/lightning_sim) by extensions ['colcon_meta']
[0.319s] Level 1:colcon.colcon_core.package_identification:_identify(bags/lightning_sim) by extension 'colcon_meta'
[0.319s] Level 1:colcon.colcon_core.package_identification:_identify(bags/lightning_sim) by extensions ['ros']
[0.319s] Level 1:colcon.colcon_core.package_identification:_identify(bags/lightning_sim) by extension 'ros'
[0.319s] Level 1:colcon.colcon_core.package_identification:_identify(bags/lightning_sim) by extensions ['cmake', 'python']
[0.319s] Level 1:colcon.colcon_core.package_identification:_identify(bags/lightning_sim) by extension 'cmake'
[0.320s] Level 1:colcon.colcon_core.package_identification:_identify(bags/lightning_sim) by extension 'python'
[0.320s] Level 1:colcon.colcon_core.package_identification:_identify(bags/lightning_sim) by extensions ['python_setup_py']
[0.320s] Level 1:colcon.colcon_core.package_identification:_identify(bags/lightning_sim) by extension 'python_setup_py'
[0.320s] Level 1:colcon.colcon_core.package_identification:_identify(bags/lightning_sim/sim-20260814-111258) by extensions ['ignore', 'ignore_ament_install']
[0.320s] Level 1:colcon.colcon_core.package_identification:_identify(bags/lightning_sim/sim-20260814-111258) by extension 'ignore'
[0.320s] Level 1:colcon.colcon_core.package_identification:_identify(bags/lightning_sim/sim-20260814-111258) by extension 'ignore_ament_install'
[0.320s] Level 1:colcon.colcon_core.package_identification:_identify(bags/lightning_sim/sim-20260814-111258) by extensions ['colcon_pkg']
[0.320s] Level 1:colcon.colcon_core.package_identification:_identify(bags/lightning_sim/sim-20260814-111258) by extension 'colcon_pkg'
[0.320s] Level 1:colcon.colcon_core.package_identification:_identify(bags/lightning_sim/sim-20260814-111258) by extensions ['colcon_meta']
[0.320s] Level 1:colcon.colcon_core.package_identification:_identify(bags/lightning_sim/sim-20260814-111258) by extension 'colcon_meta'
[0.320s] Level 1:colcon.colcon_core.package_identification:_identify(bags/lightning_sim/sim-20260814-111258) by extensions ['ros']
[0.320s] Level 1:colcon.colcon_core.package_identification:_identify(bags/lightning_sim/sim-20260814-111258) by extension 'ros'
[0.320s] Level 1:colcon.colcon_core.package_identification:_identify(bags/lightning_sim/sim-20260814-111258) by extensions ['cmake', 'python']
[0.320s] Level 1:colcon.colcon_core.package_identification:_identify(bags/lightning_sim/sim-20260814-111258) by extension 'cmake'
[0.320s] Level 1:colcon.colcon_core.package_identification:_identify(bags/lightning_sim/sim-20260814-111258) by extension 'python'
[0.320s] Level 1:colcon.colcon_core.package_identification:_identify(bags/lightning_sim/sim-20260814-111258) by extensions ['python_setup_py']
[0.320s] Level 1:colcon.colcon_core.package_identification:_identify(bags/lightning_sim/sim-20260814-111258) by extension 'python_setup_py'
[0.320s] Level 1:colcon.colcon_core.package_identification:_identify(bags/real_mid360) by extensions ['ignore', 'ignore_ament_install']
[0.320s] Level 1:colcon.colcon_core.package_identification:_identify(bags/real_mid360) by extension 'ignore'
[0.320s] Level 1:colcon.colcon_core.package_identification:_identify(bags/real_mid360) by extension 'ignore_ament_install'
[0.321s] Level 1:colcon.colcon_core.package_identification:_identify(bags/real_mid360) by extensions ['colcon_pkg']
[0.321s] Level 1:colcon.colcon_core.package_identification:_identify(bags/real_mid360) by extension 'colcon_pkg'
[0.321s] Level 1:colcon.colcon_core.package_identification:_identify(bags/real_mid360) by extensions ['colcon_meta']
[0.321s] Level 1:colcon.colcon_core.package_identification:_identify(bags/real_mid360) by extension 'colcon_meta'
[0.321s] Level 1:colcon.colcon_core.package_identification:_identify(bags/real_mid360) by extensions ['ros']
[0.321s] Level 1:colcon.colcon_core.package_identification:_identify(bags/real_mid360) by extension 'ros'
[0.321s] Level 1:colcon.colcon_core.package_identification:_identify(bags/real_mid360) by extensions ['cmake', 'python']
[0.321s] Level 1:colcon.colcon_core.package_identification:_identify(bags/real_mid360) by extension 'cmake'
[0.321s] Level 1:colcon.colcon_core.package_identification:_identify(bags/real_mid360) by extension 'python'
[0.321s] Level 1:colcon.colcon_core.package_identification:_identify(bags/real_mid360) by extensions ['python_setup_py']
[0.321s] Level 1:colcon.colcon_core.package_identification:_identify(bags/real_mid360) by extension 'python_setup_py'
[0.321s] Level 1:colcon.colcon_core.package_identification:_identify(bags/real_mid360/dynamic) by extensions ['ignore', 'ignore_ament_install']
[0.321s] Level 1:colcon.colcon_core.package_identification:_identify(bags/real_mid360/dynamic) by extension 'ignore'
[0.321s] Level 1:colcon.colcon_core.package_identification:_identify(bags/real_mid360/dynamic) by extension 'ignore_ament_install'
[0.321s] Level 1:colcon.colcon_core.package_identification:_identify(bags/real_mid360/dynamic) by extensions ['colcon_pkg']
[0.321s] Level 1:colcon.colcon_core.package_identification:_identify(bags/real_mid360/dynamic) by extension 'colcon_pkg'
[0.321s] Level 1:colcon.colcon_core.package_identification:_identify(bags/real_mid360/dynamic) by extensions ['colcon_meta']
[0.321s] Level 1:colcon.colcon_core.package_identification:_identify(bags/real_mid360/dynamic) by extension 'colcon_meta'
[0.321s] Level 1:colcon.colcon_core.package_identification:_identify(bags/real_mid360/dynamic) by extensions ['ros']
[0.321s] Level 1:colcon.colcon_core.package_identification:_identify(bags/real_mid360/dynamic) by extension 'ros'
[0.321s] Level 1:colcon.colcon_core.package_identification:_identify(bags/real_mid360/dynamic) by extensions ['cmake', 'python']
[0.321s] Level 1:colcon.colcon_core.package_identification:_identify(bags/real_mid360/dynamic) by extension 'cmake'
[0.321s] Level 1:colcon.colcon_core.package_identification:_identify(bags/real_mid360/dynamic) by extension 'python'
[0.321s] Level 1:colcon.colcon_core.package_identification:_identify(bags/real_mid360/dynamic) by extensions ['python_setup_py']
[0.322s] Level 1:colcon.colcon_core.package_identification:_identify(bags/real_mid360/dynamic) by extension 'python_setup_py'
[0.322s] Level 1:colcon.colcon_core.package_identification:_identify(bags/real_mid360/dynamic/mid360-dynamic-20260814-175320) by extensions ['ignore', 'ignore_ament_install']
[0.322s] Level 1:colcon.colcon_core.package_identification:_identify(bags/real_mid360/dynamic/mid360-dynamic-20260814-175320) by extension 'ignore'
[0.322s] Level 1:colcon.colcon_core.package_identification:_identify(bags/real_mid360/dynamic/mid360-dynamic-20260814-175320) by extension 'ignore_ament_install'
[0.322s] Level 1:colcon.colcon_core.package_identification:_identify(bags/real_mid360/dynamic/mid360-dynamic-20260814-175320) by extensions ['colcon_pkg']
[0.322s] Level 1:colcon.colcon_core.package_identification:_identify(bags/real_mid360/dynamic/mid360-dynamic-20260814-175320) by extension 'colcon_pkg'
[0.322s] Level 1:colcon.colcon_core.package_identification:_identify(bags/real_mid360/dynamic/mid360-dynamic-20260814-175320) by extensions ['colcon_meta']
[0.322s] Level 1:colcon.colcon_core.package_identification:_identify(bags/real_mid360/dynamic/mid360-dynamic-20260814-175320) by extension 'colcon_meta'
[0.322s] Level 1:colcon.colcon_core.package_identification:_identify(bags/real_mid360/dynamic/mid360-dynamic-20260814-175320) by extensions ['ros']
[0.322s] Level 1:colcon.colcon_core.package_identification:_identify(bags/real_mid360/dynamic/mid360-dynamic-20260814-175320) by extension 'ros'
[0.322s] Level 1:colcon.colcon_core.package_identification:_identify(bags/real_mid360/dynamic/mid360-dynamic-20260814-175320) by extensions ['cmake', 'python']
[0.322s] Level 1:colcon.colcon_core.package_identification:_identify(bags/real_mid360/dynamic/mid360-dynamic-20260814-175320) by extension 'cmake'
[0.322s] Level 1:colcon.colcon_core.package_identification:_identify(bags/real_mid360/dynamic/mid360-dynamic-20260814-175320) by extension 'python'
[0.322s] Level 1:colcon.colcon_core.package_identification:_identify(bags/real_mid360/dynamic/mid360-dynamic-20260814-175320) by extensions ['python_setup_py']
[0.322s] Level 1:colcon.colcon_core.package_identification:_identify(bags/real_mid360/dynamic/mid360-dynamic-20260814-175320) by extension 'python_setup_py'
[0.322s] Level 1:colcon.colcon_core.package_identification:_identify(bags/real_mid360/dynamic/mid360-loop-20260814-180225) by extensions ['ignore', 'ignore_ament_install']
[0.322s] Level 1:colcon.colcon_core.package_identification:_identify(bags/real_mid360/dynamic/mid360-loop-20260814-180225) by extension 'ignore'
[0.322s] Level 1:colcon.colcon_core.package_identification:_identify(bags/real_mid360/dynamic/mid360-loop-20260814-180225) by extension 'ignore_ament_install'
[0.322s] Level 1:colcon.colcon_core.package_identification:_identify(bags/real_mid360/dynamic/mid360-loop-20260814-180225) by extensions ['colcon_pkg']
[0.322s] Level 1:colcon.colcon_core.package_identification:_identify(bags/real_mid360/dynamic/mid360-loop-20260814-180225) by extension 'colcon_pkg'
[0.323s] Level 1:colcon.colcon_core.package_identification:_identify(bags/real_mid360/dynamic/mid360-loop-20260814-180225) by extensions ['colcon_meta']
[0.323s] Level 1:colcon.colcon_core.package_identification:_identify(bags/real_mid360/dynamic/mid360-loop-20260814-180225) by extension 'colcon_meta'
[0.323s] Level 1:colcon.colcon_core.package_identification:_identify(bags/real_mid360/dynamic/mid360-loop-20260814-180225) by extensions ['ros']
[0.323s] Level 1:colcon.colcon_core.package_identification:_identify(bags/real_mid360/dynamic/mid360-loop-20260814-180225) by extension 'ros'
[0.323s] Level 1:colcon.colcon_core.package_identification:_identify(bags/real_mid360/dynamic/mid360-loop-20260814-180225) by extensions ['cmake', 'python']
[0.323s] Level 1:colcon.colcon_core.package_identification:_identify(bags/real_mid360/dynamic/mid360-loop-20260814-180225) by extension 'cmake'
[0.323s] Level 1:colcon.colcon_core.package_identification:_identify(bags/real_mid360/dynamic/mid360-loop-20260814-180225) by extension 'python'
[0.323s] Level 1:colcon.colcon_core.package_identification:_identify(bags/real_mid360/dynamic/mid360-loop-20260814-180225) by extensions ['python_setup_py']
[0.323s] Level 1:colcon.colcon_core.package_identification:_identify(bags/real_mid360/dynamic/mid360-loop-20260814-180225) by extension 'python_setup_py'
[0.323s] Level 1:colcon.colcon_core.package_identification:_identify(bags/real_mid360/nav_costmap) by extensions ['ignore', 'ignore_ament_install']
[0.323s] Level 1:colcon.colcon_core.package_identification:_identify(bags/real_mid360/nav_costmap) by extension 'ignore'
[0.323s] Level 1:colcon.colcon_core.package_identification:_identify(bags/real_mid360/nav_costmap) by extension 'ignore_ament_install'
[0.323s] Level 1:colcon.colcon_core.package_identification:_identify(bags/real_mid360/nav_costmap) by extensions ['colcon_pkg']
[0.323s] Level 1:colcon.colcon_core.package_identification:_identify(bags/real_mid360/nav_costmap) by extension 'colcon_pkg'
[0.323s] Level 1:colcon.colcon_core.package_identification:_identify(bags/real_mid360/nav_costmap) by extensions ['colcon_meta']
[0.323s] Level 1:colcon.colcon_core.package_identification:_identify(bags/real_mid360/nav_costmap) by extension 'colcon_meta'
[0.323s] Level 1:colcon.colcon_core.package_identification:_identify(bags/real_mid360/nav_costmap) by extensions ['ros']
[0.323s] Level 1:colcon.colcon_core.package_identification:_identify(bags/real_mid360/nav_costmap) by extension 'ros'
[0.323s] Level 1:colcon.colcon_core.package_identification:_identify(bags/real_mid360/nav_costmap) by extensions ['cmake', 'python']
[0.323s] Level 1:colcon.colcon_core.package_identification:_identify(bags/real_mid360/nav_costmap) by extension 'cmake'
[0.323s] Level 1:colcon.colcon_core.package_identification:_identify(bags/real_mid360/nav_costmap) by extension 'python'
[0.323s] Level 1:colcon.colcon_core.package_identification:_identify(bags/real_mid360/nav_costmap) by extensions ['python_setup_py']
[0.323s] Level 1:colcon.colcon_core.package_identification:_identify(bags/real_mid360/nav_costmap) by extension 'python_setup_py'
[0.324s] Level 1:colcon.colcon_core.package_identification:_identify(bags/real_mid360/nav_costmap/box-full-20260817-144610) by extensions ['ignore', 'ignore_ament_install']
[0.324s] Level 1:colcon.colcon_core.package_identification:_identify(bags/real_mid360/nav_costmap/box-full-20260817-144610) by extension 'ignore'
[0.324s] Level 1:colcon.colcon_core.package_identification:_identify(bags/real_mid360/nav_costmap/box-full-20260817-144610) by extension 'ignore_ament_install'
[0.324s] Level 1:colcon.colcon_core.package_identification:_identify(bags/real_mid360/nav_costmap/box-full-20260817-144610) by extensions ['colcon_pkg']
[0.324s] Level 1:colcon.colcon_core.package_identification:_identify(bags/real_mid360/nav_costmap/box-full-20260817-144610) by extension 'colcon_pkg'
[0.324s] Level 1:colcon.colcon_core.package_identification:_identify(bags/real_mid360/nav_costmap/box-full-20260817-144610) by extensions ['colcon_meta']
[0.324s] Level 1:colcon.colcon_core.package_identification:_identify(bags/real_mid360/nav_costmap/box-full-20260817-144610) by extension 'colcon_meta'
[0.324s] Level 1:colcon.colcon_core.package_identification:_identify(bags/real_mid360/nav_costmap/box-full-20260817-144610) by extensions ['ros']
[0.324s] Level 1:colcon.colcon_core.package_identification:_identify(bags/real_mid360/nav_costmap/box-full-20260817-144610) by extension 'ros'
[0.324s] Level 1:colcon.colcon_core.package_identification:_identify(bags/real_mid360/nav_costmap/box-full-20260817-144610) by extensions ['cmake', 'python']
[0.324s] Level 1:colcon.colcon_core.package_identification:_identify(bags/real_mid360/nav_costmap/box-full-20260817-144610) by extension 'cmake'
[0.324s] Level 1:colcon.colcon_core.package_identification:_identify(bags/real_mid360/nav_costmap/box-full-20260817-144610) by extension 'python'
[0.324s] Level 1:colcon.colcon_core.package_identification:_identify(bags/real_mid360/nav_costmap/box-full-20260817-144610) by extensions ['python_setup_py']
[0.324s] Level 1:colcon.colcon_core.package_identification:_identify(bags/real_mid360/nav_costmap/box-full-20260817-144610) by extension 'python_setup_py'
[0.324s] Level 1:colcon.colcon_core.package_identification:_identify(bags/real_mid360/navigation) by extensions ['ignore', 'ignore_ament_install']
[0.324s] Level 1:colcon.colcon_core.package_identification:_identify(bags/real_mid360/navigation) by extension 'ignore'
[0.324s] Level 1:colcon.colcon_core.package_identification:_identify(bags/real_mid360/navigation) by extension 'ignore_ament_install'
[0.324s] Level 1:colcon.colcon_core.package_identification:_identify(bags/real_mid360/navigation) by extensions ['colcon_pkg']
[0.324s] Level 1:colcon.colcon_core.package_identification:_identify(bags/real_mid360/navigation) by extension 'colcon_pkg'
[0.324s] Level 1:colcon.colcon_core.package_identification:_identify(bags/real_mid360/navigation) by extensions ['colcon_meta']
[0.325s] Level 1:colcon.colcon_core.package_identification:_identify(bags/real_mid360/navigation) by extension 'colcon_meta'
[0.325s] Level 1:colcon.colcon_core.package_identification:_identify(bags/real_mid360/navigation) by extensions ['ros']
[0.325s] Level 1:colcon.colcon_core.package_identification:_identify(bags/real_mid360/navigation) by extension 'ros'
[0.325s] Level 1:colcon.colcon_core.package_identification:_identify(bags/real_mid360/navigation) by extensions ['cmake', 'python']
[0.325s] Level 1:colcon.colcon_core.package_identification:_identify(bags/real_mid360/navigation) by extension 'cmake'
[0.325s] Level 1:colcon.colcon_core.package_identification:_identify(bags/real_mid360/navigation) by extension 'python'
[0.325s] Level 1:colcon.colcon_core.package_identification:_identify(bags/real_mid360/navigation) by extensions ['python_setup_py']
[0.325s] Level 1:colcon.colcon_core.package_identification:_identify(bags/real_mid360/navigation) by extension 'python_setup_py'
[0.325s] Level 1:colcon.colcon_core.package_identification:_identify(bags/real_mid360/navigation/box-20260817-135841) by extensions ['ignore', 'ignore_ament_install']
[0.325s] Level 1:colcon.colcon_core.package_identification:_identify(bags/real_mid360/navigation/box-20260817-135841) by extension 'ignore'
[0.325s] Level 1:colcon.colcon_core.package_identification:_identify(bags/real_mid360/navigation/box-20260817-135841) by extension 'ignore_ament_install'
[0.325s] Level 1:colcon.colcon_core.package_identification:_identify(bags/real_mid360/navigation/box-20260817-135841) by extensions ['colcon_pkg']
[0.325s] Level 1:colcon.colcon_core.package_identification:_identify(bags/real_mid360/navigation/box-20260817-135841) by extension 'colcon_pkg'
[0.325s] Level 1:colcon.colcon_core.package_identification:_identify(bags/real_mid360/navigation/box-20260817-135841) by extensions ['colcon_meta']
[0.325s] Level 1:colcon.colcon_core.package_identification:_identify(bags/real_mid360/navigation/box-20260817-135841) by extension 'colcon_meta'
[0.325s] Level 1:colcon.colcon_core.package_identification:_identify(bags/real_mid360/navigation/box-20260817-135841) by extensions ['ros']
[0.325s] Level 1:colcon.colcon_core.package_identification:_identify(bags/real_mid360/navigation/box-20260817-135841) by extension 'ros'
[0.325s] Level 1:colcon.colcon_core.package_identification:_identify(bags/real_mid360/navigation/box-20260817-135841) by extensions ['cmake', 'python']
[0.325s] Level 1:colcon.colcon_core.package_identification:_identify(bags/real_mid360/navigation/box-20260817-135841) by extension 'cmake'
[0.325s] Level 1:colcon.colcon_core.package_identification:_identify(bags/real_mid360/navigation/box-20260817-135841) by extension 'python'
[0.325s] Level 1:colcon.colcon_core.package_identification:_identify(bags/real_mid360/navigation/box-20260817-135841) by extensions ['python_setup_py']
[0.325s] Level 1:colcon.colcon_core.package_identification:_identify(bags/real_mid360/navigation/box-20260817-135841) by extension 'python_setup_py'
[0.326s] Level 1:colcon.colcon_core.package_identification:_identify(bags/real_mid360/static) by extensions ['ignore', 'ignore_ament_install']
[0.326s] Level 1:colcon.colcon_core.package_identification:_identify(bags/real_mid360/static) by extension 'ignore'
[0.326s] Level 1:colcon.colcon_core.package_identification:_identify(bags/real_mid360/static) by extension 'ignore_ament_install'
[0.326s] Level 1:colcon.colcon_core.package_identification:_identify(bags/real_mid360/static) by extensions ['colcon_pkg']
[0.326s] Level 1:colcon.colcon_core.package_identification:_identify(bags/real_mid360/static) by extension 'colcon_pkg'
[0.326s] Level 1:colcon.colcon_core.package_identification:_identify(bags/real_mid360/static) by extensions ['colcon_meta']
[0.326s] Level 1:colcon.colcon_core.package_identification:_identify(bags/real_mid360/static) by extension 'colcon_meta'
[0.326s] Level 1:colcon.colcon_core.package_identification:_identify(bags/real_mid360/static) by extensions ['ros']
[0.326s] Level 1:colcon.colcon_core.package_identification:_identify(bags/real_mid360/static) by extension 'ros'
[0.326s] Level 1:colcon.colcon_core.package_identification:_identify(bags/real_mid360/static) by extensions ['cmake', 'python']
[0.326s] Level 1:colcon.colcon_core.package_identification:_identify(bags/real_mid360/static) by extension 'cmake'
[0.326s] Level 1:colcon.colcon_core.package_identification:_identify(bags/real_mid360/static) by extension 'python'
[0.326s] Level 1:colcon.colcon_core.package_identification:_identify(bags/real_mid360/static) by extensions ['python_setup_py']
[0.326s] Level 1:colcon.colcon_core.package_identification:_identify(bags/real_mid360/static) by extension 'python_setup_py'
[0.326s] Level 1:colcon.colcon_core.package_identification:_identify(bags/real_mid360/static/mid360-static-20260814-145850) by extensions ['ignore', 'ignore_ament_install']
[0.326s] Level 1:colcon.colcon_core.package_identification:_identify(bags/real_mid360/static/mid360-static-20260814-145850) by extension 'ignore'
[0.326s] Level 1:colcon.colcon_core.package_identification:_identify(bags/real_mid360/static/mid360-static-20260814-145850) by extension 'ignore_ament_install'
[0.326s] Level 1:colcon.colcon_core.package_identification:_identify(bags/real_mid360/static/mid360-static-20260814-145850) by extensions ['colcon_pkg']
[0.326s] Level 1:colcon.colcon_core.package_identification:_identify(bags/real_mid360/static/mid360-static-20260814-145850) by extension 'colcon_pkg'
[0.326s] Level 1:colcon.colcon_core.package_identification:_identify(bags/real_mid360/static/mid360-static-20260814-145850) by extensions ['colcon_meta']
[0.326s] Level 1:colcon.colcon_core.package_identification:_identify(bags/real_mid360/static/mid360-static-20260814-145850) by extension 'colcon_meta'
[0.327s] Level 1:colcon.colcon_core.package_identification:_identify(bags/real_mid360/static/mid360-static-20260814-145850) by extensions ['ros']
[0.327s] Level 1:colcon.colcon_core.package_identification:_identify(bags/real_mid360/static/mid360-static-20260814-145850) by extension 'ros'
[0.327s] Level 1:colcon.colcon_core.package_identification:_identify(bags/real_mid360/static/mid360-static-20260814-145850) by extensions ['cmake', 'python']
[0.327s] Level 1:colcon.colcon_core.package_identification:_identify(bags/real_mid360/static/mid360-static-20260814-145850) by extension 'cmake'
[0.327s] Level 1:colcon.colcon_core.package_identification:_identify(bags/real_mid360/static/mid360-static-20260814-145850) by extension 'python'
[0.327s] Level 1:colcon.colcon_core.package_identification:_identify(bags/real_mid360/static/mid360-static-20260814-145850) by extensions ['python_setup_py']
[0.327s] Level 1:colcon.colcon_core.package_identification:_identify(bags/real_mid360/static/mid360-static-20260814-145850) by extension 'python_setup_py'
[0.327s] Level 1:colcon.colcon_core.package_identification:_identify(bags/real_mid360/static_tests) by extensions ['ignore', 'ignore_ament_install']
[0.327s] Level 1:colcon.colcon_core.package_identification:_identify(bags/real_mid360/static_tests) by extension 'ignore'
[0.327s] Level 1:colcon.colcon_core.package_identification:_identify(bags/real_mid360/static_tests) by extension 'ignore_ament_install'
[0.327s] Level 1:colcon.colcon_core.package_identification:_identify(bags/real_mid360/static_tests) by extensions ['colcon_pkg']
[0.327s] Level 1:colcon.colcon_core.package_identification:_identify(bags/real_mid360/static_tests) by extension 'colcon_pkg'
[0.327s] Level 1:colcon.colcon_core.package_identification:_identify(bags/real_mid360/static_tests) by extensions ['colcon_meta']
[0.327s] Level 1:colcon.colcon_core.package_identification:_identify(bags/real_mid360/static_tests) by extension 'colcon_meta'
[0.327s] Level 1:colcon.colcon_core.package_identification:_identify(bags/real_mid360/static_tests) by extensions ['ros']
[0.327s] Level 1:colcon.colcon_core.package_identification:_identify(bags/real_mid360/static_tests) by extension 'ros'
[0.327s] Level 1:colcon.colcon_core.package_identification:_identify(bags/real_mid360/static_tests) by extensions ['cmake', 'python']
[0.327s] Level 1:colcon.colcon_core.package_identification:_identify(bags/real_mid360/static_tests) by extension 'cmake'
[0.327s] Level 1:colcon.colcon_core.package_identification:_identify(bags/real_mid360/static_tests) by extension 'python'
[0.327s] Level 1:colcon.colcon_core.package_identification:_identify(bags/real_mid360/static_tests) by extensions ['python_setup_py']
[0.327s] Level 1:colcon.colcon_core.package_identification:_identify(bags/real_mid360/static_tests) by extension 'python_setup_py'
[0.328s] Level 1:colcon.colcon_core.package_identification:_identify(bags/real_mid360/static_tests/mid360-static-75s-20260817-110208) by extensions ['ignore', 'ignore_ament_install']
[0.328s] Level 1:colcon.colcon_core.package_identification:_identify(bags/real_mid360/static_tests/mid360-static-75s-20260817-110208) by extension 'ignore'
[0.328s] Level 1:colcon.colcon_core.package_identification:_identify(bags/real_mid360/static_tests/mid360-static-75s-20260817-110208) by extension 'ignore_ament_install'
[0.328s] Level 1:colcon.colcon_core.package_identification:_identify(bags/real_mid360/static_tests/mid360-static-75s-20260817-110208) by extensions ['colcon_pkg']
[0.328s] Level 1:colcon.colcon_core.package_identification:_identify(bags/real_mid360/static_tests/mid360-static-75s-20260817-110208) by extension 'colcon_pkg'
[0.328s] Level 1:colcon.colcon_core.package_identification:_identify(bags/real_mid360/static_tests/mid360-static-75s-20260817-110208) by extensions ['colcon_meta']
[0.328s] Level 1:colcon.colcon_core.package_identification:_identify(bags/real_mid360/static_tests/mid360-static-75s-20260817-110208) by extension 'colcon_meta'
[0.328s] Level 1:colcon.colcon_core.package_identification:_identify(bags/real_mid360/static_tests/mid360-static-75s-20260817-110208) by extensions ['ros']
[0.328s] Level 1:colcon.colcon_core.package_identification:_identify(bags/real_mid360/static_tests/mid360-static-75s-20260817-110208) by extension 'ros'
[0.328s] Level 1:colcon.colcon_core.package_identification:_identify(bags/real_mid360/static_tests/mid360-static-75s-20260817-110208) by extensions ['cmake', 'python']
[0.328s] Level 1:colcon.colcon_core.package_identification:_identify(bags/real_mid360/static_tests/mid360-static-75s-20260817-110208) by extension 'cmake'
[0.328s] Level 1:colcon.colcon_core.package_identification:_identify(bags/real_mid360/static_tests/mid360-static-75s-20260817-110208) by extension 'python'
[0.328s] Level 1:colcon.colcon_core.package_identification:_identify(bags/real_mid360/static_tests/mid360-static-75s-20260817-110208) by extensions ['python_setup_py']
[0.328s] Level 1:colcon.colcon_core.package_identification:_identify(bags/real_mid360/static_tests/mid360-static-75s-20260817-110208) by extension 'python_setup_py'
[0.328s] Level 1:colcon.colcon_core.package_identification:_identify(build) by extensions ['ignore', 'ignore_ament_install']
[0.328s] Level 1:colcon.colcon_core.package_identification:_identify(build) by extension 'ignore'
[0.328s] Level 1:colcon.colcon_core.package_identification:_identify(build) ignored
[0.329s] Level 1:colcon.colcon_core.package_identification:_identify(docs) by extensions ['ignore', 'ignore_ament_install']
[0.329s] Level 1:colcon.colcon_core.package_identification:_identify(docs) by extension 'ignore'
[0.329s] Level 1:colcon.colcon_core.package_identification:_identify(docs) by extension 'ignore_ament_install'
[0.329s] Level 1:colcon.colcon_core.package_identification:_identify(docs) by extensions ['colcon_pkg']
[0.329s] Level 1:colcon.colcon_core.package_identification:_identify(docs) by extension 'colcon_pkg'
[0.329s] Level 1:colcon.colcon_core.package_identification:_identify(docs) by extensions ['colcon_meta']
[0.329s] Level 1:colcon.colcon_core.package_identification:_identify(docs) by extension 'colcon_meta'
[0.329s] Level 1:colcon.colcon_core.package_identification:_identify(docs) by extensions ['ros']
[0.329s] Level 1:colcon.colcon_core.package_identification:_identify(docs) by extension 'ros'
[0.329s] Level 1:colcon.colcon_core.package_identification:_identify(docs) by extensions ['cmake', 'python']
[0.329s] Level 1:colcon.colcon_core.package_identification:_identify(docs) by extension 'cmake'
[0.329s] Level 1:colcon.colcon_core.package_identification:_identify(docs) by extension 'python'
[0.329s] Level 1:colcon.colcon_core.package_identification:_identify(docs) by extensions ['python_setup_py']
[0.329s] Level 1:colcon.colcon_core.package_identification:_identify(docs) by extension 'python_setup_py'
[0.329s] Level 1:colcon.colcon_core.package_identification:_identify(docs/daily) by extensions ['ignore', 'ignore_ament_install']
[0.329s] Level 1:colcon.colcon_core.package_identification:_identify(docs/daily) by extension 'ignore'
[0.329s] Level 1:colcon.colcon_core.package_identification:_identify(docs/daily) by extension 'ignore_ament_install'
[0.329s] Level 1:colcon.colcon_core.package_identification:_identify(docs/daily) by extensions ['colcon_pkg']
[0.329s] Level 1:colcon.colcon_core.package_identification:_identify(docs/daily) by extension 'colcon_pkg'
[0.329s] Level 1:colcon.colcon_core.package_identification:_identify(docs/daily) by extensions ['colcon_meta']
[0.329s] Level 1:colcon.colcon_core.package_identification:_identify(docs/daily) by extension 'colcon_meta'
[0.330s] Level 1:colcon.colcon_core.package_identification:_identify(docs/daily) by extensions ['ros']
[0.330s] Level 1:colcon.colcon_core.package_identification:_identify(docs/daily) by extension 'ros'
[0.330s] Level 1:colcon.colcon_core.package_identification:_identify(docs/daily) by extensions ['cmake', 'python']
[0.330s] Level 1:colcon.colcon_core.package_identification:_identify(docs/daily) by extension 'cmake'
[0.330s] Level 1:colcon.colcon_core.package_identification:_identify(docs/daily) by extension 'python'
[0.330s] Level 1:colcon.colcon_core.package_identification:_identify(docs/daily) by extensions ['python_setup_py']
[0.330s] Level 1:colcon.colcon_core.package_identification:_identify(docs/daily) by extension 'python_setup_py'
[0.330s] Level 1:colcon.colcon_core.package_identification:_identify(docs/problems) by extensions ['ignore', 'ignore_ament_install']
[0.330s] Level 1:colcon.colcon_core.package_identification:_identify(docs/problems) by extension 'ignore'
[0.330s] Level 1:colcon.colcon_core.package_identification:_identify(docs/problems) by extension 'ignore_ament_install'
[0.330s] Level 1:colcon.colcon_core.package_identification:_identify(docs/problems) by extensions ['colcon_pkg']
[0.330s] Level 1:colcon.colcon_core.package_identification:_identify(docs/problems) by extension 'colcon_pkg'
[0.330s] Level 1:colcon.colcon_core.package_identification:_identify(docs/problems) by extensions ['colcon_meta']
[0.330s] Level 1:colcon.colcon_core.package_identification:_identify(docs/problems) by extension 'colcon_meta'
[0.330s] Level 1:colcon.colcon_core.package_identification:_identify(docs/problems) by extensions ['ros']
[0.330s] Level 1:colcon.colcon_core.package_identification:_identify(docs/problems) by extension 'ros'
[0.330s] Level 1:colcon.colcon_core.package_identification:_identify(docs/problems) by extensions ['cmake', 'python']
[0.330s] Level 1:colcon.colcon_core.package_identification:_identify(docs/problems) by extension 'cmake'
[0.330s] Level 1:colcon.colcon_core.package_identification:_identify(docs/problems) by extension 'python'
[0.330s] Level 1:colcon.colcon_core.package_identification:_identify(docs/problems) by extensions ['python_setup_py']
[0.330s] Level 1:colcon.colcon_core.package_identification:_identify(docs/problems) by extension 'python_setup_py'
[0.331s] Level 1:colcon.colcon_core.package_identification:_identify(install) by extensions ['ignore', 'ignore_ament_install']
[0.331s] Level 1:colcon.colcon_core.package_identification:_identify(install) by extension 'ignore'
[0.331s] Level 1:colcon.colcon_core.package_identification:_identify(install) ignored
[0.331s] Level 1:colcon.colcon_core.package_identification:_identify(log) by extensions ['ignore', 'ignore_ament_install']
[0.331s] Level 1:colcon.colcon_core.package_identification:_identify(log) by extension 'ignore'
[0.331s] Level 1:colcon.colcon_core.package_identification:_identify(log) ignored
[0.331s] Level 1:colcon.colcon_core.package_identification:_identify(runs) by extensions ['ignore', 'ignore_ament_install']
[0.331s] Level 1:colcon.colcon_core.package_identification:_identify(runs) by extension 'ignore'
[0.331s] Level 1:colcon.colcon_core.package_identification:_identify(runs) by extension 'ignore_ament_install'
[0.331s] Level 1:colcon.colcon_core.package_identification:_identify(runs) by extensions ['colcon_pkg']
[0.331s] Level 1:colcon.colcon_core.package_identification:_identify(runs) by extension 'colcon_pkg'
[0.331s] Level 1:colcon.colcon_core.package_identification:_identify(runs) by extensions ['colcon_meta']
[0.331s] Level 1:colcon.colcon_core.package_identification:_identify(runs) by extension 'colcon_meta'
[0.331s] Level 1:colcon.colcon_core.package_identification:_identify(runs) by extensions ['ros']
[0.331s] Level 1:colcon.colcon_core.package_identification:_identify(runs) by extension 'ros'
[0.332s] Level 1:colcon.colcon_core.package_identification:_identify(runs) by extensions ['cmake', 'python']
[0.332s] Level 1:colcon.colcon_core.package_identification:_identify(runs) by extension 'cmake'
[0.332s] Level 1:colcon.colcon_core.package_identification:_identify(runs) by extension 'python'
[0.332s] Level 1:colcon.colcon_core.package_identification:_identify(runs) by extensions ['python_setup_py']
[0.332s] Level 1:colcon.colcon_core.package_identification:_identify(runs) by extension 'python_setup_py'
[0.332s] Level 1:colcon.colcon_core.package_identification:_identify(runs/lightning_sim) by extensions ['ignore', 'ignore_ament_install']
[0.332s] Level 1:colcon.colcon_core.package_identification:_identify(runs/lightning_sim) by extension 'ignore'
[0.332s] Level 1:colcon.colcon_core.package_identification:_identify(runs/lightning_sim) by extension 'ignore_ament_install'
[0.332s] Level 1:colcon.colcon_core.package_identification:_identify(runs/lightning_sim) by extensions ['colcon_pkg']
[0.332s] Level 1:colcon.colcon_core.package_identification:_identify(runs/lightning_sim) by extension 'colcon_pkg'
[0.332s] Level 1:colcon.colcon_core.package_identification:_identify(runs/lightning_sim) by extensions ['colcon_meta']
[0.332s] Level 1:colcon.colcon_core.package_identification:_identify(runs/lightning_sim) by extension 'colcon_meta'
[0.332s] Level 1:colcon.colcon_core.package_identification:_identify(runs/lightning_sim) by extensions ['ros']
[0.332s] Level 1:colcon.colcon_core.package_identification:_identify(runs/lightning_sim) by extension 'ros'
[0.332s] Level 1:colcon.colcon_core.package_identification:_identify(runs/lightning_sim) by extensions ['cmake', 'python']
[0.332s] Level 1:colcon.colcon_core.package_identification:_identify(runs/lightning_sim) by extension 'cmake'
[0.332s] Level 1:colcon.colcon_core.package_identification:_identify(runs/lightning_sim) by extension 'python'
[0.332s] Level 1:colcon.colcon_core.package_identification:_identify(runs/lightning_sim) by extensions ['python_setup_py']
[0.332s] Level 1:colcon.colcon_core.package_identification:_identify(runs/lightning_sim) by extension 'python_setup_py'
[0.332s] Level 1:colcon.colcon_core.package_identification:_identify(runs/lightning_sim/offline-sim-20260814-111258-20260814-111944) by extensions ['ignore', 'ignore_ament_install']
[0.332s] Level 1:colcon.colcon_core.package_identification:_identify(runs/lightning_sim/offline-sim-20260814-111258-20260814-111944) by extension 'ignore'
[0.333s] Level 1:colcon.colcon_core.package_identification:_identify(runs/lightning_sim/offline-sim-20260814-111258-20260814-111944) by extension 'ignore_ament_install'
[0.333s] Level 1:colcon.colcon_core.package_identification:_identify(runs/lightning_sim/offline-sim-20260814-111258-20260814-111944) by extensions ['colcon_pkg']
[0.333s] Level 1:colcon.colcon_core.package_identification:_identify(runs/lightning_sim/offline-sim-20260814-111258-20260814-111944) by extension 'colcon_pkg'
[0.333s] Level 1:colcon.colcon_core.package_identification:_identify(runs/lightning_sim/offline-sim-20260814-111258-20260814-111944) by extensions ['colcon_meta']
[0.333s] Level 1:colcon.colcon_core.package_identification:_identify(runs/lightning_sim/offline-sim-20260814-111258-20260814-111944) by extension 'colcon_meta'
[0.333s] Level 1:colcon.colcon_core.package_identification:_identify(runs/lightning_sim/offline-sim-20260814-111258-20260814-111944) by extensions ['ros']
[0.333s] Level 1:colcon.colcon_core.package_identification:_identify(runs/lightning_sim/offline-sim-20260814-111258-20260814-111944) by extension 'ros'
[0.333s] Level 1:colcon.colcon_core.package_identification:_identify(runs/lightning_sim/offline-sim-20260814-111258-20260814-111944) by extensions ['cmake', 'python']
[0.333s] Level 1:colcon.colcon_core.package_identification:_identify(runs/lightning_sim/offline-sim-20260814-111258-20260814-111944) by extension 'cmake'
[0.333s] Level 1:colcon.colcon_core.package_identification:_identify(runs/lightning_sim/offline-sim-20260814-111258-20260814-111944) by extension 'python'
[0.333s] Level 1:colcon.colcon_core.package_identification:_identify(runs/lightning_sim/offline-sim-20260814-111258-20260814-111944) by extensions ['python_setup_py']
[0.333s] Level 1:colcon.colcon_core.package_identification:_identify(runs/lightning_sim/offline-sim-20260814-111258-20260814-111944) by extension 'python_setup_py'
[0.333s] Level 1:colcon.colcon_core.package_identification:_identify(runs/lightning_sim/offline-sim-20260814-111258-20260814-111944/data) by extensions ['ignore', 'ignore_ament_install']
[0.333s] Level 1:colcon.colcon_core.package_identification:_identify(runs/lightning_sim/offline-sim-20260814-111258-20260814-111944/data) by extension 'ignore'
[0.333s] Level 1:colcon.colcon_core.package_identification:_identify(runs/lightning_sim/offline-sim-20260814-111258-20260814-111944/data) by extension 'ignore_ament_install'
[0.333s] Level 1:colcon.colcon_core.package_identification:_identify(runs/lightning_sim/offline-sim-20260814-111258-20260814-111944/data) by extensions ['colcon_pkg']
[0.333s] Level 1:colcon.colcon_core.package_identification:_identify(runs/lightning_sim/offline-sim-20260814-111258-20260814-111944/data) by extension 'colcon_pkg'
[0.333s] Level 1:colcon.colcon_core.package_identification:_identify(runs/lightning_sim/offline-sim-20260814-111258-20260814-111944/data) by extensions ['colcon_meta']
[0.333s] Level 1:colcon.colcon_core.package_identification:_identify(runs/lightning_sim/offline-sim-20260814-111258-20260814-111944/data) by extension 'colcon_meta'
[0.333s] Level 1:colcon.colcon_core.package_identification:_identify(runs/lightning_sim/offline-sim-20260814-111258-20260814-111944/data) by extensions ['ros']
[0.333s] Level 1:colcon.colcon_core.package_identification:_identify(runs/lightning_sim/offline-sim-20260814-111258-20260814-111944/data) by extension 'ros'
[0.334s] Level 1:colcon.colcon_core.package_identification:_identify(runs/lightning_sim/offline-sim-20260814-111258-20260814-111944/data) by extensions ['cmake', 'python']
[0.334s] Level 1:colcon.colcon_core.package_identification:_identify(runs/lightning_sim/offline-sim-20260814-111258-20260814-111944/data) by extension 'cmake'
[0.334s] Level 1:colcon.colcon_core.package_identification:_identify(runs/lightning_sim/offline-sim-20260814-111258-20260814-111944/data) by extension 'python'
[0.334s] Level 1:colcon.colcon_core.package_identification:_identify(runs/lightning_sim/offline-sim-20260814-111258-20260814-111944/data) by extensions ['python_setup_py']
[0.334s] Level 1:colcon.colcon_core.package_identification:_identify(runs/lightning_sim/offline-sim-20260814-111258-20260814-111944/data) by extension 'python_setup_py'
[0.334s] Level 1:colcon.colcon_core.package_identification:_identify(runs/lightning_sim/offline-sim-20260814-111258-20260814-111944/data/new_map) by extensions ['ignore', 'ignore_ament_install']
[0.334s] Level 1:colcon.colcon_core.package_identification:_identify(runs/lightning_sim/offline-sim-20260814-111258-20260814-111944/data/new_map) by extension 'ignore'
[0.334s] Level 1:colcon.colcon_core.package_identification:_identify(runs/lightning_sim/offline-sim-20260814-111258-20260814-111944/data/new_map) by extension 'ignore_ament_install'
[0.334s] Level 1:colcon.colcon_core.package_identification:_identify(runs/lightning_sim/offline-sim-20260814-111258-20260814-111944/data/new_map) by extensions ['colcon_pkg']
[0.334s] Level 1:colcon.colcon_core.package_identification:_identify(runs/lightning_sim/offline-sim-20260814-111258-20260814-111944/data/new_map) by extension 'colcon_pkg'
[0.334s] Level 1:colcon.colcon_core.package_identification:_identify(runs/lightning_sim/offline-sim-20260814-111258-20260814-111944/data/new_map) by extensions ['colcon_meta']
[0.334s] Level 1:colcon.colcon_core.package_identification:_identify(runs/lightning_sim/offline-sim-20260814-111258-20260814-111944/data/new_map) by extension 'colcon_meta'
[0.334s] Level 1:colcon.colcon_core.package_identification:_identify(runs/lightning_sim/offline-sim-20260814-111258-20260814-111944/data/new_map) by extensions ['ros']
[0.334s] Level 1:colcon.colcon_core.package_identification:_identify(runs/lightning_sim/offline-sim-20260814-111258-20260814-111944/data/new_map) by extension 'ros'
[0.334s] Level 1:colcon.colcon_core.package_identification:_identify(runs/lightning_sim/offline-sim-20260814-111258-20260814-111944/data/new_map) by extensions ['cmake', 'python']
[0.334s] Level 1:colcon.colcon_core.package_identification:_identify(runs/lightning_sim/offline-sim-20260814-111258-20260814-111944/data/new_map) by extension 'cmake'
[0.334s] Level 1:colcon.colcon_core.package_identification:_identify(runs/lightning_sim/offline-sim-20260814-111258-20260814-111944/data/new_map) by extension 'python'
[0.334s] Level 1:colcon.colcon_core.package_identification:_identify(runs/lightning_sim/offline-sim-20260814-111258-20260814-111944/data/new_map) by extensions ['python_setup_py']
[0.334s] Level 1:colcon.colcon_core.package_identification:_identify(runs/lightning_sim/offline-sim-20260814-111258-20260814-111944/data/new_map) by extension 'python_setup_py'
[0.334s] Level 1:colcon.colcon_core.package_identification:_identify(runs/lightning_sim/offline-sim-20260814-111258-20260818-130149) by extensions ['ignore', 'ignore_ament_install']
[0.335s] Level 1:colcon.colcon_core.package_identification:_identify(runs/lightning_sim/offline-sim-20260814-111258-20260818-130149) by extension 'ignore'
[0.335s] Level 1:colcon.colcon_core.package_identification:_identify(runs/lightning_sim/offline-sim-20260814-111258-20260818-130149) by extension 'ignore_ament_install'
[0.335s] Level 1:colcon.colcon_core.package_identification:_identify(runs/lightning_sim/offline-sim-20260814-111258-20260818-130149) by extensions ['colcon_pkg']
[0.335s] Level 1:colcon.colcon_core.package_identification:_identify(runs/lightning_sim/offline-sim-20260814-111258-20260818-130149) by extension 'colcon_pkg'
[0.335s] Level 1:colcon.colcon_core.package_identification:_identify(runs/lightning_sim/offline-sim-20260814-111258-20260818-130149) by extensions ['colcon_meta']
[0.335s] Level 1:colcon.colcon_core.package_identification:_identify(runs/lightning_sim/offline-sim-20260814-111258-20260818-130149) by extension 'colcon_meta'
[0.335s] Level 1:colcon.colcon_core.package_identification:_identify(runs/lightning_sim/offline-sim-20260814-111258-20260818-130149) by extensions ['ros']
[0.335s] Level 1:colcon.colcon_core.package_identification:_identify(runs/lightning_sim/offline-sim-20260814-111258-20260818-130149) by extension 'ros'
[0.335s] Level 1:colcon.colcon_core.package_identification:_identify(runs/lightning_sim/offline-sim-20260814-111258-20260818-130149) by extensions ['cmake', 'python']
[0.335s] Level 1:colcon.colcon_core.package_identification:_identify(runs/lightning_sim/offline-sim-20260814-111258-20260818-130149) by extension 'cmake'
[0.335s] Level 1:colcon.colcon_core.package_identification:_identify(runs/lightning_sim/offline-sim-20260814-111258-20260818-130149) by extension 'python'
[0.335s] Level 1:colcon.colcon_core.package_identification:_identify(runs/lightning_sim/offline-sim-20260814-111258-20260818-130149) by extensions ['python_setup_py']
[0.335s] Level 1:colcon.colcon_core.package_identification:_identify(runs/lightning_sim/offline-sim-20260814-111258-20260818-130149) by extension 'python_setup_py'
[0.335s] Level 1:colcon.colcon_core.package_identification:_identify(runs/lightning_sim/offline-sim-20260814-111258-20260818-130149/data) by extensions ['ignore', 'ignore_ament_install']
[0.335s] Level 1:colcon.colcon_core.package_identification:_identify(runs/lightning_sim/offline-sim-20260814-111258-20260818-130149/data) by extension 'ignore'
[0.335s] Level 1:colcon.colcon_core.package_identification:_identify(runs/lightning_sim/offline-sim-20260814-111258-20260818-130149/data) by extension 'ignore_ament_install'
[0.335s] Level 1:colcon.colcon_core.package_identification:_identify(runs/lightning_sim/offline-sim-20260814-111258-20260818-130149/data) by extensions ['colcon_pkg']
[0.336s] Level 1:colcon.colcon_core.package_identification:_identify(runs/lightning_sim/offline-sim-20260814-111258-20260818-130149/data) by extension 'colcon_pkg'
[0.336s] Level 1:colcon.colcon_core.package_identification:_identify(runs/lightning_sim/offline-sim-20260814-111258-20260818-130149/data) by extensions ['colcon_meta']
[0.336s] Level 1:colcon.colcon_core.package_identification:_identify(runs/lightning_sim/offline-sim-20260814-111258-20260818-130149/data) by extension 'colcon_meta'
[0.336s] Level 1:colcon.colcon_core.package_identification:_identify(runs/lightning_sim/offline-sim-20260814-111258-20260818-130149/data) by extensions ['ros']
[0.336s] Level 1:colcon.colcon_core.package_identification:_identify(runs/lightning_sim/offline-sim-20260814-111258-20260818-130149/data) by extension 'ros'
[0.336s] Level 1:colcon.colcon_core.package_identification:_identify(runs/lightning_sim/offline-sim-20260814-111258-20260818-130149/data) by extensions ['cmake', 'python']
[0.336s] Level 1:colcon.colcon_core.package_identification:_identify(runs/lightning_sim/offline-sim-20260814-111258-20260818-130149/data) by extension 'cmake'
[0.336s] Level 1:colcon.colcon_core.package_identification:_identify(runs/lightning_sim/offline-sim-20260814-111258-20260818-130149/data) by extension 'python'
[0.336s] Level 1:colcon.colcon_core.package_identification:_identify(runs/lightning_sim/offline-sim-20260814-111258-20260818-130149/data) by extensions ['python_setup_py']
[0.336s] Level 1:colcon.colcon_core.package_identification:_identify(runs/lightning_sim/offline-sim-20260814-111258-20260818-130149/data) by extension 'python_setup_py'
[0.336s] Level 1:colcon.colcon_core.package_identification:_identify(runs/lightning_sim/offline-sim-20260814-111258-20260818-130149/data/new_map) by extensions ['ignore', 'ignore_ament_install']
[0.336s] Level 1:colcon.colcon_core.package_identification:_identify(runs/lightning_sim/offline-sim-20260814-111258-20260818-130149/data/new_map) by extension 'ignore'
[0.336s] Level 1:colcon.colcon_core.package_identification:_identify(runs/lightning_sim/offline-sim-20260814-111258-20260818-130149/data/new_map) by extension 'ignore_ament_install'
[0.336s] Level 1:colcon.colcon_core.package_identification:_identify(runs/lightning_sim/offline-sim-20260814-111258-20260818-130149/data/new_map) by extensions ['colcon_pkg']
[0.336s] Level 1:colcon.colcon_core.package_identification:_identify(runs/lightning_sim/offline-sim-20260814-111258-20260818-130149/data/new_map) by extension 'colcon_pkg'
[0.336s] Level 1:colcon.colcon_core.package_identification:_identify(runs/lightning_sim/offline-sim-20260814-111258-20260818-130149/data/new_map) by extensions ['colcon_meta']
[0.336s] Level 1:colcon.colcon_core.package_identification:_identify(runs/lightning_sim/offline-sim-20260814-111258-20260818-130149/data/new_map) by extension 'colcon_meta'
[0.336s] Level 1:colcon.colcon_core.package_identification:_identify(runs/lightning_sim/offline-sim-20260814-111258-20260818-130149/data/new_map) by extensions ['ros']
[0.336s] Level 1:colcon.colcon_core.package_identification:_identify(runs/lightning_sim/offline-sim-20260814-111258-20260818-130149/data/new_map) by extension 'ros'
[0.336s] Level 1:colcon.colcon_core.package_identification:_identify(runs/lightning_sim/offline-sim-20260814-111258-20260818-130149/data/new_map) by extensions ['cmake', 'python']
[0.337s] Level 1:colcon.colcon_core.package_identification:_identify(runs/lightning_sim/offline-sim-20260814-111258-20260818-130149/data/new_map) by extension 'cmake'
[0.337s] Level 1:colcon.colcon_core.package_identification:_identify(runs/lightning_sim/offline-sim-20260814-111258-20260818-130149/data/new_map) by extension 'python'
[0.337s] Level 1:colcon.colcon_core.package_identification:_identify(runs/lightning_sim/offline-sim-20260814-111258-20260818-130149/data/new_map) by extensions ['python_setup_py']
[0.337s] Level 1:colcon.colcon_core.package_identification:_identify(runs/lightning_sim/offline-sim-20260814-111258-20260818-130149/data/new_map) by extension 'python_setup_py'
[0.337s] Level 1:colcon.colcon_core.package_identification:_identify(runs/lightning_sim/offline-sim-20260814-111258-20260818-131712) by extensions ['ignore', 'ignore_ament_install']
[0.337s] Level 1:colcon.colcon_core.package_identification:_identify(runs/lightning_sim/offline-sim-20260814-111258-20260818-131712) by extension 'ignore'
[0.337s] Level 1:colcon.colcon_core.package_identification:_identify(runs/lightning_sim/offline-sim-20260814-111258-20260818-131712) by extension 'ignore_ament_install'
[0.337s] Level 1:colcon.colcon_core.package_identification:_identify(runs/lightning_sim/offline-sim-20260814-111258-20260818-131712) by extensions ['colcon_pkg']
[0.337s] Level 1:colcon.colcon_core.package_identification:_identify(runs/lightning_sim/offline-sim-20260814-111258-20260818-131712) by extension 'colcon_pkg'
[0.337s] Level 1:colcon.colcon_core.package_identification:_identify(runs/lightning_sim/offline-sim-20260814-111258-20260818-131712) by extensions ['colcon_meta']
[0.337s] Level 1:colcon.colcon_core.package_identification:_identify(runs/lightning_sim/offline-sim-20260814-111258-20260818-131712) by extension 'colcon_meta'
[0.337s] Level 1:colcon.colcon_core.package_identification:_identify(runs/lightning_sim/offline-sim-20260814-111258-20260818-131712) by extensions ['ros']
[0.337s] Level 1:colcon.colcon_core.package_identification:_identify(runs/lightning_sim/offline-sim-20260814-111258-20260818-131712) by extension 'ros'
[0.337s] Level 1:colcon.colcon_core.package_identification:_identify(runs/lightning_sim/offline-sim-20260814-111258-20260818-131712) by extensions ['cmake', 'python']
[0.337s] Level 1:colcon.colcon_core.package_identification:_identify(runs/lightning_sim/offline-sim-20260814-111258-20260818-131712) by extension 'cmake'
[0.337s] Level 1:colcon.colcon_core.package_identification:_identify(runs/lightning_sim/offline-sim-20260814-111258-20260818-131712) by extension 'python'
[0.337s] Level 1:colcon.colcon_core.package_identification:_identify(runs/lightning_sim/offline-sim-20260814-111258-20260818-131712) by extensions ['python_setup_py']
[0.337s] Level 1:colcon.colcon_core.package_identification:_identify(runs/lightning_sim/offline-sim-20260814-111258-20260818-131712) by extension 'python_setup_py'
[0.337s] Level 1:colcon.colcon_core.package_identification:_identify(runs/real_mid360) by extensions ['ignore', 'ignore_ament_install']
[0.338s] Level 1:colcon.colcon_core.package_identification:_identify(runs/real_mid360) by extension 'ignore'
[0.338s] Level 1:colcon.colcon_core.package_identification:_identify(runs/real_mid360) by extension 'ignore_ament_install'
[0.338s] Level 1:colcon.colcon_core.package_identification:_identify(runs/real_mid360) by extensions ['colcon_pkg']
[0.338s] Level 1:colcon.colcon_core.package_identification:_identify(runs/real_mid360) by extension 'colcon_pkg'
[0.338s] Level 1:colcon.colcon_core.package_identification:_identify(runs/real_mid360) by extensions ['colcon_meta']
[0.338s] Level 1:colcon.colcon_core.package_identification:_identify(runs/real_mid360) by extension 'colcon_meta'
[0.338s] Level 1:colcon.colcon_core.package_identification:_identify(runs/real_mid360) by extensions ['ros']
[0.338s] Level 1:colcon.colcon_core.package_identification:_identify(runs/real_mid360) by extension 'ros'
[0.338s] Level 1:colcon.colcon_core.package_identification:_identify(runs/real_mid360) by extensions ['cmake', 'python']
[0.338s] Level 1:colcon.colcon_core.package_identification:_identify(runs/real_mid360) by extension 'cmake'
[0.338s] Level 1:colcon.colcon_core.package_identification:_identify(runs/real_mid360) by extension 'python'
[0.338s] Level 1:colcon.colcon_core.package_identification:_identify(runs/real_mid360) by extensions ['python_setup_py']
[0.338s] Level 1:colcon.colcon_core.package_identification:_identify(runs/real_mid360) by extension 'python_setup_py'
[0.338s] Level 1:colcon.colcon_core.package_identification:_identify(runs/real_mid360/inspection) by extensions ['ignore', 'ignore_ament_install']
[0.338s] Level 1:colcon.colcon_core.package_identification:_identify(runs/real_mid360/inspection) by extension 'ignore'
[0.338s] Level 1:colcon.colcon_core.package_identification:_identify(runs/real_mid360/inspection) by extension 'ignore_ament_install'
[0.338s] Level 1:colcon.colcon_core.package_identification:_identify(runs/real_mid360/inspection) by extensions ['colcon_pkg']
[0.338s] Level 1:colcon.colcon_core.package_identification:_identify(runs/real_mid360/inspection) by extension 'colcon_pkg'
[0.338s] Level 1:colcon.colcon_core.package_identification:_identify(runs/real_mid360/inspection) by extensions ['colcon_meta']
[0.338s] Level 1:colcon.colcon_core.package_identification:_identify(runs/real_mid360/inspection) by extension 'colcon_meta'
[0.338s] Level 1:colcon.colcon_core.package_identification:_identify(runs/real_mid360/inspection) by extensions ['ros']
[0.338s] Level 1:colcon.colcon_core.package_identification:_identify(runs/real_mid360/inspection) by extension 'ros'
[0.339s] Level 1:colcon.colcon_core.package_identification:_identify(runs/real_mid360/inspection) by extensions ['cmake', 'python']
[0.339s] Level 1:colcon.colcon_core.package_identification:_identify(runs/real_mid360/inspection) by extension 'cmake'
[0.339s] Level 1:colcon.colcon_core.package_identification:_identify(runs/real_mid360/inspection) by extension 'python'
[0.339s] Level 1:colcon.colcon_core.package_identification:_identify(runs/real_mid360/inspection) by extensions ['python_setup_py']
[0.339s] Level 1:colcon.colcon_core.package_identification:_identify(runs/real_mid360/inspection) by extension 'python_setup_py'
[0.339s] Level 1:colcon.colcon_core.package_identification:_identify(runs/real_mid360/localization_tests) by extensions ['ignore', 'ignore_ament_install']
[0.339s] Level 1:colcon.colcon_core.package_identification:_identify(runs/real_mid360/localization_tests) by extension 'ignore'
[0.339s] Level 1:colcon.colcon_core.package_identification:_identify(runs/real_mid360/localization_tests) by extension 'ignore_ament_install'
[0.339s] Level 1:colcon.colcon_core.package_identification:_identify(runs/real_mid360/localization_tests) by extensions ['colcon_pkg']
[0.339s] Level 1:colcon.colcon_core.package_identification:_identify(runs/real_mid360/localization_tests) by extension 'colcon_pkg'
[0.339s] Level 1:colcon.colcon_core.package_identification:_identify(runs/real_mid360/localization_tests) by extensions ['colcon_meta']
[0.339s] Level 1:colcon.colcon_core.package_identification:_identify(runs/real_mid360/localization_tests) by extension 'colcon_meta'
[0.339s] Level 1:colcon.colcon_core.package_identification:_identify(runs/real_mid360/localization_tests) by extensions ['ros']
[0.339s] Level 1:colcon.colcon_core.package_identification:_identify(runs/real_mid360/localization_tests) by extension 'ros'
[0.339s] Level 1:colcon.colcon_core.package_identification:_identify(runs/real_mid360/localization_tests) by extensions ['cmake', 'python']
[0.339s] Level 1:colcon.colcon_core.package_identification:_identify(runs/real_mid360/localization_tests) by extension 'cmake'
[0.339s] Level 1:colcon.colcon_core.package_identification:_identify(runs/real_mid360/localization_tests) by extension 'python'
[0.339s] Level 1:colcon.colcon_core.package_identification:_identify(runs/real_mid360/localization_tests) by extensions ['python_setup_py']
[0.339s] Level 1:colcon.colcon_core.package_identification:_identify(runs/real_mid360/localization_tests) by extension 'python_setup_py'
[0.339s] Level 1:colcon.colcon_core.package_identification:_identify(runs/real_mid360/localization_tests/figures) by extensions ['ignore', 'ignore_ament_install']
[0.340s] Level 1:colcon.colcon_core.package_identification:_identify(runs/real_mid360/localization_tests/figures) by extension 'ignore'
[0.340s] Level 1:colcon.colcon_core.package_identification:_identify(runs/real_mid360/localization_tests/figures) by extension 'ignore_ament_install'
[0.340s] Level 1:colcon.colcon_core.package_identification:_identify(runs/real_mid360/localization_tests/figures) by extensions ['colcon_pkg']
[0.340s] Level 1:colcon.colcon_core.package_identification:_identify(runs/real_mid360/localization_tests/figures) by extension 'colcon_pkg'
[0.340s] Level 1:colcon.colcon_core.package_identification:_identify(runs/real_mid360/localization_tests/figures) by extensions ['colcon_meta']
[0.340s] Level 1:colcon.colcon_core.package_identification:_identify(runs/real_mid360/localization_tests/figures) by extension 'colcon_meta'
[0.340s] Level 1:colcon.colcon_core.package_identification:_identify(runs/real_mid360/localization_tests/figures) by extensions ['ros']
[0.340s] Level 1:colcon.colcon_core.package_identification:_identify(runs/real_mid360/localization_tests/figures) by extension 'ros'
[0.340s] Level 1:colcon.colcon_core.package_identification:_identify(runs/real_mid360/localization_tests/figures) by extensions ['cmake', 'python']
[0.340s] Level 1:colcon.colcon_core.package_identification:_identify(runs/real_mid360/localization_tests/figures) by extension 'cmake'
[0.340s] Level 1:colcon.colcon_core.package_identification:_identify(runs/real_mid360/localization_tests/figures) by extension 'python'
[0.340s] Level 1:colcon.colcon_core.package_identification:_identify(runs/real_mid360/localization_tests/figures) by extensions ['python_setup_py']
[0.340s] Level 1:colcon.colcon_core.package_identification:_identify(runs/real_mid360/localization_tests/figures) by extension 'python_setup_py'
[0.340s] Level 1:colcon.colcon_core.package_identification:_identify(runs/real_mid360/offline-mid360-dynamic-20260814-175320-20260814-175948) by extensions ['ignore', 'ignore_ament_install']
[0.340s] Level 1:colcon.colcon_core.package_identification:_identify(runs/real_mid360/offline-mid360-dynamic-20260814-175320-20260814-175948) by extension 'ignore'
[0.340s] Level 1:colcon.colcon_core.package_identification:_identify(runs/real_mid360/offline-mid360-dynamic-20260814-175320-20260814-175948) by extension 'ignore_ament_install'
[0.340s] Level 1:colcon.colcon_core.package_identification:_identify(runs/real_mid360/offline-mid360-dynamic-20260814-175320-20260814-175948) by extensions ['colcon_pkg']
[0.340s] Level 1:colcon.colcon_core.package_identification:_identify(runs/real_mid360/offline-mid360-dynamic-20260814-175320-20260814-175948) by extension 'colcon_pkg'
[0.340s] Level 1:colcon.colcon_core.package_identification:_identify(runs/real_mid360/offline-mid360-dynamic-20260814-175320-20260814-175948) by extensions ['colcon_meta']
[0.340s] Level 1:colcon.colcon_core.package_identification:_identify(runs/real_mid360/offline-mid360-dynamic-20260814-175320-20260814-175948) by extension 'colcon_meta'
[0.340s] Level 1:colcon.colcon_core.package_identification:_identify(runs/real_mid360/offline-mid360-dynamic-20260814-175320-20260814-175948) by extensions ['ros']
[0.340s] Level 1:colcon.colcon_core.package_identification:_identify(runs/real_mid360/offline-mid360-dynamic-20260814-175320-20260814-175948) by extension 'ros'
[0.341s] Level 1:colcon.colcon_core.package_identification:_identify(runs/real_mid360/offline-mid360-dynamic-20260814-175320-20260814-175948) by extensions ['cmake', 'python']
[0.341s] Level 1:colcon.colcon_core.package_identification:_identify(runs/real_mid360/offline-mid360-dynamic-20260814-175320-20260814-175948) by extension 'cmake'
[0.341s] Level 1:colcon.colcon_core.package_identification:_identify(runs/real_mid360/offline-mid360-dynamic-20260814-175320-20260814-175948) by extension 'python'
[0.341s] Level 1:colcon.colcon_core.package_identification:_identify(runs/real_mid360/offline-mid360-dynamic-20260814-175320-20260814-175948) by extensions ['python_setup_py']
[0.341s] Level 1:colcon.colcon_core.package_identification:_identify(runs/real_mid360/offline-mid360-dynamic-20260814-175320-20260814-175948) by extension 'python_setup_py'
[0.341s] Level 1:colcon.colcon_core.package_identification:_identify(runs/real_mid360/offline-mid360-dynamic-20260814-175320-20260814-175948/data) by extensions ['ignore', 'ignore_ament_install']
[0.341s] Level 1:colcon.colcon_core.package_identification:_identify(runs/real_mid360/offline-mid360-dynamic-20260814-175320-20260814-175948/data) by extension 'ignore'
[0.341s] Level 1:colcon.colcon_core.package_identification:_identify(runs/real_mid360/offline-mid360-dynamic-20260814-175320-20260814-175948/data) by extension 'ignore_ament_install'
[0.341s] Level 1:colcon.colcon_core.package_identification:_identify(runs/real_mid360/offline-mid360-dynamic-20260814-175320-20260814-175948/data) by extensions ['colcon_pkg']
[0.341s] Level 1:colcon.colcon_core.package_identification:_identify(runs/real_mid360/offline-mid360-dynamic-20260814-175320-20260814-175948/data) by extension 'colcon_pkg'
[0.341s] Level 1:colcon.colcon_core.package_identification:_identify(runs/real_mid360/offline-mid360-dynamic-20260814-175320-20260814-175948/data) by extensions ['colcon_meta']
[0.341s] Level 1:colcon.colcon_core.package_identification:_identify(runs/real_mid360/offline-mid360-dynamic-20260814-175320-20260814-175948/data) by extension 'colcon_meta'
[0.341s] Level 1:colcon.colcon_core.package_identification:_identify(runs/real_mid360/offline-mid360-dynamic-20260814-175320-20260814-175948/data) by extensions ['ros']
[0.341s] Level 1:colcon.colcon_core.package_identification:_identify(runs/real_mid360/offline-mid360-dynamic-20260814-175320-20260814-175948/data) by extension 'ros'
[0.341s] Level 1:colcon.colcon_core.package_identification:_identify(runs/real_mid360/offline-mid360-dynamic-20260814-175320-20260814-175948/data) by extensions ['cmake', 'python']
[0.341s] Level 1:colcon.colcon_core.package_identification:_identify(runs/real_mid360/offline-mid360-dynamic-20260814-175320-20260814-175948/data) by extension 'cmake'
[0.341s] Level 1:colcon.colcon_core.package_identification:_identify(runs/real_mid360/offline-mid360-dynamic-20260814-175320-20260814-175948/data) by extension 'python'
[0.341s] Level 1:colcon.colcon_core.package_identification:_identify(runs/real_mid360/offline-mid360-dynamic-20260814-175320-20260814-175948/data) by extensions ['python_setup_py']
[0.341s] Level 1:colcon.colcon_core.package_identification:_identify(runs/real_mid360/offline-mid360-dynamic-20260814-175320-20260814-175948/data) by extension 'python_setup_py'
[0.341s] Level 1:colcon.colcon_core.package_identification:_identify(runs/real_mid360/offline-mid360-dynamic-20260814-175320-20260814-175948/data/new_map) by extensions ['ignore', 'ignore_ament_install']
[0.342s] Level 1:colcon.colcon_core.package_identification:_identify(runs/real_mid360/offline-mid360-dynamic-20260814-175320-20260814-175948/data/new_map) by extension 'ignore'
[0.342s] Level 1:colcon.colcon_core.package_identification:_identify(runs/real_mid360/offline-mid360-dynamic-20260814-175320-20260814-175948/data/new_map) by extension 'ignore_ament_install'
[0.342s] Level 1:colcon.colcon_core.package_identification:_identify(runs/real_mid360/offline-mid360-dynamic-20260814-175320-20260814-175948/data/new_map) by extensions ['colcon_pkg']
[0.342s] Level 1:colcon.colcon_core.package_identification:_identify(runs/real_mid360/offline-mid360-dynamic-20260814-175320-20260814-175948/data/new_map) by extension 'colcon_pkg'
[0.342s] Level 1:colcon.colcon_core.package_identification:_identify(runs/real_mid360/offline-mid360-dynamic-20260814-175320-20260814-175948/data/new_map) by extensions ['colcon_meta']
[0.342s] Level 1:colcon.colcon_core.package_identification:_identify(runs/real_mid360/offline-mid360-dynamic-20260814-175320-20260814-175948/data/new_map) by extension 'colcon_meta'
[0.342s] Level 1:colcon.colcon_core.package_identification:_identify(runs/real_mid360/offline-mid360-dynamic-20260814-175320-20260814-175948/data/new_map) by extensions ['ros']
[0.342s] Level 1:colcon.colcon_core.package_identification:_identify(runs/real_mid360/offline-mid360-dynamic-20260814-175320-20260814-175948/data/new_map) by extension 'ros'
[0.342s] Level 1:colcon.colcon_core.package_identification:_identify(runs/real_mid360/offline-mid360-dynamic-20260814-175320-20260814-175948/data/new_map) by extensions ['cmake', 'python']
[0.342s] Level 1:colcon.colcon_core.package_identification:_identify(runs/real_mid360/offline-mid360-dynamic-20260814-175320-20260814-175948/data/new_map) by extension 'cmake'
[0.342s] Level 1:colcon.colcon_core.package_identification:_identify(runs/real_mid360/offline-mid360-dynamic-20260814-175320-20260814-175948/data/new_map) by extension 'python'
[0.342s] Level 1:colcon.colcon_core.package_identification:_identify(runs/real_mid360/offline-mid360-dynamic-20260814-175320-20260814-175948/data/new_map) by extensions ['python_setup_py']
[0.342s] Level 1:colcon.colcon_core.package_identification:_identify(runs/real_mid360/offline-mid360-dynamic-20260814-175320-20260814-175948/data/new_map) by extension 'python_setup_py'
[0.342s] Level 1:colcon.colcon_core.package_identification:_identify(runs/real_mid360/offline-mid360-loop-20260814-180225-20260814-180903) by extensions ['ignore', 'ignore_ament_install']
[0.342s] Level 1:colcon.colcon_core.package_identification:_identify(runs/real_mid360/offline-mid360-loop-20260814-180225-20260814-180903) by extension 'ignore'
[0.342s] Level 1:colcon.colcon_core.package_identification:_identify(runs/real_mid360/offline-mid360-loop-20260814-180225-20260814-180903) by extension 'ignore_ament_install'
[0.342s] Level 1:colcon.colcon_core.package_identification:_identify(runs/real_mid360/offline-mid360-loop-20260814-180225-20260814-180903) by extensions ['colcon_pkg']
[0.342s] Level 1:colcon.colcon_core.package_identification:_identify(runs/real_mid360/offline-mid360-loop-20260814-180225-20260814-180903) by extension 'colcon_pkg'
[0.342s] Level 1:colcon.colcon_core.package_identification:_identify(runs/real_mid360/offline-mid360-loop-20260814-180225-20260814-180903) by extensions ['colcon_meta']
[0.342s] Level 1:colcon.colcon_core.package_identification:_identify(runs/real_mid360/offline-mid360-loop-20260814-180225-20260814-180903) by extension 'colcon_meta'
[0.343s] Level 1:colcon.colcon_core.package_identification:_identify(runs/real_mid360/offline-mid360-loop-20260814-180225-20260814-180903) by extensions ['ros']
[0.343s] Level 1:colcon.colcon_core.package_identification:_identify(runs/real_mid360/offline-mid360-loop-20260814-180225-20260814-180903) by extension 'ros'
[0.343s] Level 1:colcon.colcon_core.package_identification:_identify(runs/real_mid360/offline-mid360-loop-20260814-180225-20260814-180903) by extensions ['cmake', 'python']
[0.343s] Level 1:colcon.colcon_core.package_identification:_identify(runs/real_mid360/offline-mid360-loop-20260814-180225-20260814-180903) by extension 'cmake'
[0.343s] Level 1:colcon.colcon_core.package_identification:_identify(runs/real_mid360/offline-mid360-loop-20260814-180225-20260814-180903) by extension 'python'
[0.343s] Level 1:colcon.colcon_core.package_identification:_identify(runs/real_mid360/offline-mid360-loop-20260814-180225-20260814-180903) by extensions ['python_setup_py']
[0.343s] Level 1:colcon.colcon_core.package_identification:_identify(runs/real_mid360/offline-mid360-loop-20260814-180225-20260814-180903) by extension 'python_setup_py'
[0.343s] Level 1:colcon.colcon_core.package_identification:_identify(runs/real_mid360/offline-mid360-loop-20260814-180225-20260814-180903/data) by extensions ['ignore', 'ignore_ament_install']
[0.343s] Level 1:colcon.colcon_core.package_identification:_identify(runs/real_mid360/offline-mid360-loop-20260814-180225-20260814-180903/data) by extension 'ignore'
[0.343s] Level 1:colcon.colcon_core.package_identification:_identify(runs/real_mid360/offline-mid360-loop-20260814-180225-20260814-180903/data) by extension 'ignore_ament_install'
[0.343s] Level 1:colcon.colcon_core.package_identification:_identify(runs/real_mid360/offline-mid360-loop-20260814-180225-20260814-180903/data) by extensions ['colcon_pkg']
[0.343s] Level 1:colcon.colcon_core.package_identification:_identify(runs/real_mid360/offline-mid360-loop-20260814-180225-20260814-180903/data) by extension 'colcon_pkg'
[0.343s] Level 1:colcon.colcon_core.package_identification:_identify(runs/real_mid360/offline-mid360-loop-20260814-180225-20260814-180903/data) by extensions ['colcon_meta']
[0.343s] Level 1:colcon.colcon_core.package_identification:_identify(runs/real_mid360/offline-mid360-loop-20260814-180225-20260814-180903/data) by extension 'colcon_meta'
[0.343s] Level 1:colcon.colcon_core.package_identification:_identify(runs/real_mid360/offline-mid360-loop-20260814-180225-20260814-180903/data) by extensions ['ros']
[0.343s] Level 1:colcon.colcon_core.package_identification:_identify(runs/real_mid360/offline-mid360-loop-20260814-180225-20260814-180903/data) by extension 'ros'
[0.343s] Level 1:colcon.colcon_core.package_identification:_identify(runs/real_mid360/offline-mid360-loop-20260814-180225-20260814-180903/data) by extensions ['cmake', 'python']
[0.343s] Level 1:colcon.colcon_core.package_identification:_identify(runs/real_mid360/offline-mid360-loop-20260814-180225-20260814-180903/data) by extension 'cmake'
[0.343s] Level 1:colcon.colcon_core.package_identification:_identify(runs/real_mid360/offline-mid360-loop-20260814-180225-20260814-180903/data) by extension 'python'
[0.343s] Level 1:colcon.colcon_core.package_identification:_identify(runs/real_mid360/offline-mid360-loop-20260814-180225-20260814-180903/data) by extensions ['python_setup_py']
[0.343s] Level 1:colcon.colcon_core.package_identification:_identify(runs/real_mid360/offline-mid360-loop-20260814-180225-20260814-180903/data) by extension 'python_setup_py'
[0.344s] Level 1:colcon.colcon_core.package_identification:_identify(runs/real_mid360/offline-mid360-loop-20260814-180225-20260814-180903/data/new_map) by extensions ['ignore', 'ignore_ament_install']
[0.344s] Level 1:colcon.colcon_core.package_identification:_identify(runs/real_mid360/offline-mid360-loop-20260814-180225-20260814-180903/data/new_map) by extension 'ignore'
[0.344s] Level 1:colcon.colcon_core.package_identification:_identify(runs/real_mid360/offline-mid360-loop-20260814-180225-20260814-180903/data/new_map) by extension 'ignore_ament_install'
[0.344s] Level 1:colcon.colcon_core.package_identification:_identify(runs/real_mid360/offline-mid360-loop-20260814-180225-20260814-180903/data/new_map) by extensions ['colcon_pkg']
[0.344s] Level 1:colcon.colcon_core.package_identification:_identify(runs/real_mid360/offline-mid360-loop-20260814-180225-20260814-180903/data/new_map) by extension 'colcon_pkg'
[0.344s] Level 1:colcon.colcon_core.package_identification:_identify(runs/real_mid360/offline-mid360-loop-20260814-180225-20260814-180903/data/new_map) by extensions ['colcon_meta']
[0.344s] Level 1:colcon.colcon_core.package_identification:_identify(runs/real_mid360/offline-mid360-loop-20260814-180225-20260814-180903/data/new_map) by extension 'colcon_meta'
[0.344s] Level 1:colcon.colcon_core.package_identification:_identify(runs/real_mid360/offline-mid360-loop-20260814-180225-20260814-180903/data/new_map) by extensions ['ros']
[0.344s] Level 1:colcon.colcon_core.package_identification:_identify(runs/real_mid360/offline-mid360-loop-20260814-180225-20260814-180903/data/new_map) by extension 'ros'
[0.344s] Level 1:colcon.colcon_core.package_identification:_identify(runs/real_mid360/offline-mid360-loop-20260814-180225-20260814-180903/data/new_map) by extensions ['cmake', 'python']
[0.344s] Level 1:colcon.colcon_core.package_identification:_identify(runs/real_mid360/offline-mid360-loop-20260814-180225-20260814-180903/data/new_map) by extension 'cmake'
[0.344s] Level 1:colcon.colcon_core.package_identification:_identify(runs/real_mid360/offline-mid360-loop-20260814-180225-20260814-180903/data/new_map) by extension 'python'
[0.344s] Level 1:colcon.colcon_core.package_identification:_identify(runs/real_mid360/offline-mid360-loop-20260814-180225-20260814-180903/data/new_map) by extensions ['python_setup_py']
[0.344s] Level 1:colcon.colcon_core.package_identification:_identify(runs/real_mid360/offline-mid360-loop-20260814-180225-20260814-180903/data/new_map) by extension 'python_setup_py'
[0.344s] Level 1:colcon.colcon_core.package_identification:_identify(runs/real_mid360/offline-mid360-loop-20260814-180225-20260819-121727) by extensions ['ignore', 'ignore_ament_install']
[0.344s] Level 1:colcon.colcon_core.package_identification:_identify(runs/real_mid360/offline-mid360-loop-20260814-180225-20260819-121727) by extension 'ignore'
[0.344s] Level 1:colcon.colcon_core.package_identification:_identify(runs/real_mid360/offline-mid360-loop-20260814-180225-20260819-121727) by extension 'ignore_ament_install'
[0.345s] Level 1:colcon.colcon_core.package_identification:_identify(runs/real_mid360/offline-mid360-loop-20260814-180225-20260819-121727) by extensions ['colcon_pkg']
[0.345s] Level 1:colcon.colcon_core.package_identification:_identify(runs/real_mid360/offline-mid360-loop-20260814-180225-20260819-121727) by extension 'colcon_pkg'
[0.345s] Level 1:colcon.colcon_core.package_identification:_identify(runs/real_mid360/offline-mid360-loop-20260814-180225-20260819-121727) by extensions ['colcon_meta']
[0.345s] Level 1:colcon.colcon_core.package_identification:_identify(runs/real_mid360/offline-mid360-loop-20260814-180225-20260819-121727) by extension 'colcon_meta'
[0.345s] Level 1:colcon.colcon_core.package_identification:_identify(runs/real_mid360/offline-mid360-loop-20260814-180225-20260819-121727) by extensions ['ros']
[0.345s] Level 1:colcon.colcon_core.package_identification:_identify(runs/real_mid360/offline-mid360-loop-20260814-180225-20260819-121727) by extension 'ros'
[0.345s] Level 1:colcon.colcon_core.package_identification:_identify(runs/real_mid360/offline-mid360-loop-20260814-180225-20260819-121727) by extensions ['cmake', 'python']
[0.345s] Level 1:colcon.colcon_core.package_identification:_identify(runs/real_mid360/offline-mid360-loop-20260814-180225-20260819-121727) by extension 'cmake'
[0.345s] Level 1:colcon.colcon_core.package_identification:_identify(runs/real_mid360/offline-mid360-loop-20260814-180225-20260819-121727) by extension 'python'
[0.345s] Level 1:colcon.colcon_core.package_identification:_identify(runs/real_mid360/offline-mid360-loop-20260814-180225-20260819-121727) by extensions ['python_setup_py']
[0.345s] Level 1:colcon.colcon_core.package_identification:_identify(runs/real_mid360/offline-mid360-loop-20260814-180225-20260819-121727) by extension 'python_setup_py'
[0.345s] Level 1:colcon.colcon_core.package_identification:_identify(runs/real_mid360/offline-mid360-loop-20260814-180225-20260819-121911) by extensions ['ignore', 'ignore_ament_install']
[0.345s] Level 1:colcon.colcon_core.package_identification:_identify(runs/real_mid360/offline-mid360-loop-20260814-180225-20260819-121911) by extension 'ignore'
[0.345s] Level 1:colcon.colcon_core.package_identification:_identify(runs/real_mid360/offline-mid360-loop-20260814-180225-20260819-121911) by extension 'ignore_ament_install'
[0.345s] Level 1:colcon.colcon_core.package_identification:_identify(runs/real_mid360/offline-mid360-loop-20260814-180225-20260819-121911) by extensions ['colcon_pkg']
[0.345s] Level 1:colcon.colcon_core.package_identification:_identify(runs/real_mid360/offline-mid360-loop-20260814-180225-20260819-121911) by extension 'colcon_pkg'
[0.345s] Level 1:colcon.colcon_core.package_identification:_identify(runs/real_mid360/offline-mid360-loop-20260814-180225-20260819-121911) by extensions ['colcon_meta']
[0.345s] Level 1:colcon.colcon_core.package_identification:_identify(runs/real_mid360/offline-mid360-loop-20260814-180225-20260819-121911) by extension 'colcon_meta'
[0.345s] Level 1:colcon.colcon_core.package_identification:_identify(runs/real_mid360/offline-mid360-loop-20260814-180225-20260819-121911) by extensions ['ros']
[0.345s] Level 1:colcon.colcon_core.package_identification:_identify(runs/real_mid360/offline-mid360-loop-20260814-180225-20260819-121911) by extension 'ros'
[0.345s] Level 1:colcon.colcon_core.package_identification:_identify(runs/real_mid360/offline-mid360-loop-20260814-180225-20260819-121911) by extensions ['cmake', 'python']
[0.346s] Level 1:colcon.colcon_core.package_identification:_identify(runs/real_mid360/offline-mid360-loop-20260814-180225-20260819-121911) by extension 'cmake'
[0.346s] Level 1:colcon.colcon_core.package_identification:_identify(runs/real_mid360/offline-mid360-loop-20260814-180225-20260819-121911) by extension 'python'
[0.346s] Level 1:colcon.colcon_core.package_identification:_identify(runs/real_mid360/offline-mid360-loop-20260814-180225-20260819-121911) by extensions ['python_setup_py']
[0.346s] Level 1:colcon.colcon_core.package_identification:_identify(runs/real_mid360/offline-mid360-loop-20260814-180225-20260819-121911) by extension 'python_setup_py'
[0.346s] Level 1:colcon.colcon_core.package_identification:_identify(runs/real_mid360/offline-mid360-loop-20260814-180225-20260819-122805) by extensions ['ignore', 'ignore_ament_install']
[0.346s] Level 1:colcon.colcon_core.package_identification:_identify(runs/real_mid360/offline-mid360-loop-20260814-180225-20260819-122805) by extension 'ignore'
[0.346s] Level 1:colcon.colcon_core.package_identification:_identify(runs/real_mid360/offline-mid360-loop-20260814-180225-20260819-122805) by extension 'ignore_ament_install'
[0.346s] Level 1:colcon.colcon_core.package_identification:_identify(runs/real_mid360/offline-mid360-loop-20260814-180225-20260819-122805) by extensions ['colcon_pkg']
[0.346s] Level 1:colcon.colcon_core.package_identification:_identify(runs/real_mid360/offline-mid360-loop-20260814-180225-20260819-122805) by extension 'colcon_pkg'
[0.346s] Level 1:colcon.colcon_core.package_identification:_identify(runs/real_mid360/offline-mid360-loop-20260814-180225-20260819-122805) by extensions ['colcon_meta']
[0.346s] Level 1:colcon.colcon_core.package_identification:_identify(runs/real_mid360/offline-mid360-loop-20260814-180225-20260819-122805) by extension 'colcon_meta'
[0.346s] Level 1:colcon.colcon_core.package_identification:_identify(runs/real_mid360/offline-mid360-loop-20260814-180225-20260819-122805) by extensions ['ros']
[0.346s] Level 1:colcon.colcon_core.package_identification:_identify(runs/real_mid360/offline-mid360-loop-20260814-180225-20260819-122805) by extension 'ros'
[0.346s] Level 1:colcon.colcon_core.package_identification:_identify(runs/real_mid360/offline-mid360-loop-20260814-180225-20260819-122805) by extensions ['cmake', 'python']
[0.346s] Level 1:colcon.colcon_core.package_identification:_identify(runs/real_mid360/offline-mid360-loop-20260814-180225-20260819-122805) by extension 'cmake'
[0.346s] Level 1:colcon.colcon_core.package_identification:_identify(runs/real_mid360/offline-mid360-loop-20260814-180225-20260819-122805) by extension 'python'
[0.346s] Level 1:colcon.colcon_core.package_identification:_identify(runs/real_mid360/offline-mid360-loop-20260814-180225-20260819-122805) by extensions ['python_setup_py']
[0.346s] Level 1:colcon.colcon_core.package_identification:_identify(runs/real_mid360/offline-mid360-loop-20260814-180225-20260819-122805) by extension 'python_setup_py'
[0.346s] Level 1:colcon.colcon_core.package_identification:_identify(runs/real_mid360/offline-mid360-loop-20260814-180225-20260819-122805/data) by extensions ['ignore', 'ignore_ament_install']
[0.347s] Level 1:colcon.colcon_core.package_identification:_identify(runs/real_mid360/offline-mid360-loop-20260814-180225-20260819-122805/data) by extension 'ignore'
[0.347s] Level 1:colcon.colcon_core.package_identification:_identify(runs/real_mid360/offline-mid360-loop-20260814-180225-20260819-122805/data) by extension 'ignore_ament_install'
[0.347s] Level 1:colcon.colcon_core.package_identification:_identify(runs/real_mid360/offline-mid360-loop-20260814-180225-20260819-122805/data) by extensions ['colcon_pkg']
[0.347s] Level 1:colcon.colcon_core.package_identification:_identify(runs/real_mid360/offline-mid360-loop-20260814-180225-20260819-122805/data) by extension 'colcon_pkg'
[0.347s] Level 1:colcon.colcon_core.package_identification:_identify(runs/real_mid360/offline-mid360-loop-20260814-180225-20260819-122805/data) by extensions ['colcon_meta']
[0.347s] Level 1:colcon.colcon_core.package_identification:_identify(runs/real_mid360/offline-mid360-loop-20260814-180225-20260819-122805/data) by extension 'colcon_meta'
[0.347s] Level 1:colcon.colcon_core.package_identification:_identify(runs/real_mid360/offline-mid360-loop-20260814-180225-20260819-122805/data) by extensions ['ros']
[0.347s] Level 1:colcon.colcon_core.package_identification:_identify(runs/real_mid360/offline-mid360-loop-20260814-180225-20260819-122805/data) by extension 'ros'
[0.347s] Level 1:colcon.colcon_core.package_identification:_identify(runs/real_mid360/offline-mid360-loop-20260814-180225-20260819-122805/data) by extensions ['cmake', 'python']
[0.347s] Level 1:colcon.colcon_core.package_identification:_identify(runs/real_mid360/offline-mid360-loop-20260814-180225-20260819-122805/data) by extension 'cmake'
[0.347s] Level 1:colcon.colcon_core.package_identification:_identify(runs/real_mid360/offline-mid360-loop-20260814-180225-20260819-122805/data) by extension 'python'
[0.347s] Level 1:colcon.colcon_core.package_identification:_identify(runs/real_mid360/offline-mid360-loop-20260814-180225-20260819-122805/data) by extensions ['python_setup_py']
[0.347s] Level 1:colcon.colcon_core.package_identification:_identify(runs/real_mid360/offline-mid360-loop-20260814-180225-20260819-122805/data) by extension 'python_setup_py'
[0.347s] Level 1:colcon.colcon_core.package_identification:_identify(runs/real_mid360/offline-mid360-loop-20260814-180225-20260819-122805/data/new_map) by extensions ['ignore', 'ignore_ament_install']
[0.347s] Level 1:colcon.colcon_core.package_identification:_identify(runs/real_mid360/offline-mid360-loop-20260814-180225-20260819-122805/data/new_map) by extension 'ignore'
[0.347s] Level 1:colcon.colcon_core.package_identification:_identify(runs/real_mid360/offline-mid360-loop-20260814-180225-20260819-122805/data/new_map) by extension 'ignore_ament_install'
[0.347s] Level 1:colcon.colcon_core.package_identification:_identify(runs/real_mid360/offline-mid360-loop-20260814-180225-20260819-122805/data/new_map) by extensions ['colcon_pkg']
[0.347s] Level 1:colcon.colcon_core.package_identification:_identify(runs/real_mid360/offline-mid360-loop-20260814-180225-20260819-122805/data/new_map) by extension 'colcon_pkg'
[0.347s] Level 1:colcon.colcon_core.package_identification:_identify(runs/real_mid360/offline-mid360-loop-20260814-180225-20260819-122805/data/new_map) by extensions ['colcon_meta']
[0.347s] Level 1:colcon.colcon_core.package_identification:_identify(runs/real_mid360/offline-mid360-loop-20260814-180225-20260819-122805/data/new_map) by extension 'colcon_meta'
[0.348s] Level 1:colcon.colcon_core.package_identification:_identify(runs/real_mid360/offline-mid360-loop-20260814-180225-20260819-122805/data/new_map) by extensions ['ros']
[0.348s] Level 1:colcon.colcon_core.package_identification:_identify(runs/real_mid360/offline-mid360-loop-20260814-180225-20260819-122805/data/new_map) by extension 'ros'
[0.348s] Level 1:colcon.colcon_core.package_identification:_identify(runs/real_mid360/offline-mid360-loop-20260814-180225-20260819-122805/data/new_map) by extensions ['cmake', 'python']
[0.348s] Level 1:colcon.colcon_core.package_identification:_identify(runs/real_mid360/offline-mid360-loop-20260814-180225-20260819-122805/data/new_map) by extension 'cmake'
[0.348s] Level 1:colcon.colcon_core.package_identification:_identify(runs/real_mid360/offline-mid360-loop-20260814-180225-20260819-122805/data/new_map) by extension 'python'
[0.348s] Level 1:colcon.colcon_core.package_identification:_identify(runs/real_mid360/offline-mid360-loop-20260814-180225-20260819-122805/data/new_map) by extensions ['python_setup_py']
[0.348s] Level 1:colcon.colcon_core.package_identification:_identify(runs/real_mid360/offline-mid360-loop-20260814-180225-20260819-122805/data/new_map) by extension 'python_setup_py'
[0.348s] Level 1:colcon.colcon_core.package_identification:_identify(scripts) by extensions ['ignore', 'ignore_ament_install']
[0.348s] Level 1:colcon.colcon_core.package_identification:_identify(scripts) by extension 'ignore'
[0.348s] Level 1:colcon.colcon_core.package_identification:_identify(scripts) by extension 'ignore_ament_install'
[0.348s] Level 1:colcon.colcon_core.package_identification:_identify(scripts) by extensions ['colcon_pkg']
[0.348s] Level 1:colcon.colcon_core.package_identification:_identify(scripts) by extension 'colcon_pkg'
[0.348s] Level 1:colcon.colcon_core.package_identification:_identify(scripts) by extensions ['colcon_meta']
[0.348s] Level 1:colcon.colcon_core.package_identification:_identify(scripts) by extension 'colcon_meta'
[0.348s] Level 1:colcon.colcon_core.package_identification:_identify(scripts) by extensions ['ros']
[0.348s] Level 1:colcon.colcon_core.package_identification:_identify(scripts) by extension 'ros'
[0.348s] Level 1:colcon.colcon_core.package_identification:_identify(scripts) by extensions ['cmake', 'python']
[0.348s] Level 1:colcon.colcon_core.package_identification:_identify(scripts) by extension 'cmake'
[0.348s] Level 1:colcon.colcon_core.package_identification:_identify(scripts) by extension 'python'
[0.348s] Level 1:colcon.colcon_core.package_identification:_identify(scripts) by extensions ['python_setup_py']
[0.348s] Level 1:colcon.colcon_core.package_identification:_identify(scripts) by extension 'python_setup_py'
[0.349s] Level 1:colcon.colcon_core.package_identification:_identify(src) by extensions ['ignore', 'ignore_ament_install']
[0.349s] Level 1:colcon.colcon_core.package_identification:_identify(src) by extension 'ignore'
[0.349s] Level 1:colcon.colcon_core.package_identification:_identify(src) by extension 'ignore_ament_install'
[0.349s] Level 1:colcon.colcon_core.package_identification:_identify(src) by extensions ['colcon_pkg']
[0.349s] Level 1:colcon.colcon_core.package_identification:_identify(src) by extension 'colcon_pkg'
[0.349s] Level 1:colcon.colcon_core.package_identification:_identify(src) by extensions ['colcon_meta']
[0.349s] Level 1:colcon.colcon_core.package_identification:_identify(src) by extension 'colcon_meta'
[0.349s] Level 1:colcon.colcon_core.package_identification:_identify(src) by extensions ['ros']
[0.349s] Level 1:colcon.colcon_core.package_identification:_identify(src) by extension 'ros'
[0.349s] Level 1:colcon.colcon_core.package_identification:_identify(src) by extensions ['cmake', 'python']
[0.349s] Level 1:colcon.colcon_core.package_identification:_identify(src) by extension 'cmake'
[0.349s] Level 1:colcon.colcon_core.package_identification:_identify(src) by extension 'python'
[0.349s] Level 1:colcon.colcon_core.package_identification:_identify(src) by extensions ['python_setup_py']
[0.349s] Level 1:colcon.colcon_core.package_identification:_identify(src) by extension 'python_setup_py'
[0.349s] Level 1:colcon.colcon_core.package_identification:_identify(src/lightning-lm) by extensions ['ignore', 'ignore_ament_install']
[0.349s] Level 1:colcon.colcon_core.package_identification:_identify(src/lightning-lm) by extension 'ignore'
[0.349s] Level 1:colcon.colcon_core.package_identification:_identify(src/lightning-lm) by extension 'ignore_ament_install'
[0.350s] Level 1:colcon.colcon_core.package_identification:_identify(src/lightning-lm) by extensions ['colcon_pkg']
[0.350s] Level 1:colcon.colcon_core.package_identification:_identify(src/lightning-lm) by extension 'colcon_pkg'
[0.350s] Level 1:colcon.colcon_core.package_identification:_identify(src/lightning-lm) by extensions ['colcon_meta']
[0.350s] Level 1:colcon.colcon_core.package_identification:_identify(src/lightning-lm) by extension 'colcon_meta'
[0.350s] Level 1:colcon.colcon_core.package_identification:_identify(src/lightning-lm) by extensions ['ros']
[0.350s] Level 1:colcon.colcon_core.package_identification:_identify(src/lightning-lm) by extension 'ros'
[0.354s] DEBUG:colcon.colcon_core.package_identification:Package 'src/lightning-lm' with type 'ros.ament_cmake' and name 'lightning'
[0.354s] Level 1:colcon.colcon_core.package_identification:_identify(src/lightning_real) by extensions ['ignore', 'ignore_ament_install']
[0.354s] Level 1:colcon.colcon_core.package_identification:_identify(src/lightning_real) by extension 'ignore'
[0.354s] Level 1:colcon.colcon_core.package_identification:_identify(src/lightning_real) by extension 'ignore_ament_install'
[0.354s] Level 1:colcon.colcon_core.package_identification:_identify(src/lightning_real) by extensions ['colcon_pkg']
[0.355s] Level 1:colcon.colcon_core.package_identification:_identify(src/lightning_real) by extension 'colcon_pkg'
[0.355s] Level 1:colcon.colcon_core.package_identification:_identify(src/lightning_real) by extensions ['colcon_meta']
[0.355s] Level 1:colcon.colcon_core.package_identification:_identify(src/lightning_real) by extension 'colcon_meta'
[0.355s] Level 1:colcon.colcon_core.package_identification:_identify(src/lightning_real) by extensions ['ros']
[0.355s] Level 1:colcon.colcon_core.package_identification:_identify(src/lightning_real) by extension 'ros'
[0.356s] DEBUG:colcon.colcon_core.package_identification:Package 'src/lightning_real' with type 'ros.ament_cmake' and name 'lightning_real'
[0.356s] Level 1:colcon.colcon_core.package_identification:_identify(src/lightning_sim) by extensions ['ignore', 'ignore_ament_install']
[0.356s] Level 1:colcon.colcon_core.package_identification:_identify(src/lightning_sim) by extension 'ignore'
[0.356s] Level 1:colcon.colcon_core.package_identification:_identify(src/lightning_sim) by extension 'ignore_ament_install'
[0.356s] Level 1:colcon.colcon_core.package_identification:_identify(src/lightning_sim) by extensions ['colcon_pkg']
[0.356s] Level 1:colcon.colcon_core.package_identification:_identify(src/lightning_sim) by extension 'colcon_pkg'
[0.356s] Level 1:colcon.colcon_core.package_identification:_identify(src/lightning_sim) by extensions ['colcon_meta']
[0.356s] Level 1:colcon.colcon_core.package_identification:_identify(src/lightning_sim) by extension 'colcon_meta'
[0.356s] Level 1:colcon.colcon_core.package_identification:_identify(src/lightning_sim) by extensions ['ros']
[0.356s] Level 1:colcon.colcon_core.package_identification:_identify(src/lightning_sim) by extension 'ros'
[0.357s] DEBUG:colcon.colcon_core.package_identification:Package 'src/lightning_sim' with type 'ros.ament_cmake' and name 'lightning_sim'
[0.358s] Level 1:colcon.colcon_core.package_identification:_identify(src/livox_ros_driver2) by extensions ['ignore', 'ignore_ament_install']
[0.358s] Level 1:colcon.colcon_core.package_identification:_identify(src/livox_ros_driver2) by extension 'ignore'
[0.358s] Level 1:colcon.colcon_core.package_identification:_identify(src/livox_ros_driver2) by extension 'ignore_ament_install'
[0.358s] Level 1:colcon.colcon_core.package_identification:_identify(src/livox_ros_driver2) by extensions ['colcon_pkg']
[0.358s] Level 1:colcon.colcon_core.package_identification:_identify(src/livox_ros_driver2) by extension 'colcon_pkg'
[0.358s] Level 1:colcon.colcon_core.package_identification:_identify(src/livox_ros_driver2) by extensions ['colcon_meta']
[0.358s] Level 1:colcon.colcon_core.package_identification:_identify(src/livox_ros_driver2) by extension 'colcon_meta'
[0.358s] Level 1:colcon.colcon_core.package_identification:_identify(src/livox_ros_driver2) by extensions ['ros']
[0.358s] Level 1:colcon.colcon_core.package_identification:_identify(src/livox_ros_driver2) by extension 'ros'
[0.360s] DEBUG:colcon.colcon_core.package_identification:Package 'src/livox_ros_driver2' with type 'ros.ament_cmake' and name 'livox_ros_driver2'
[0.360s] Level 1:colcon.colcon_core.package_identification:_identify(src/log) by extensions ['ignore', 'ignore_ament_install']
[0.360s] Level 1:colcon.colcon_core.package_identification:_identify(src/log) by extension 'ignore'
[0.360s] Level 1:colcon.colcon_core.package_identification:_identify(src/log) ignored
[0.360s] Level 1:colcon.colcon_core.package_identification:_identify(src/xyp_mid360_navigation) by extensions ['ignore', 'ignore_ament_install']
[0.360s] Level 1:colcon.colcon_core.package_identification:_identify(src/xyp_mid360_navigation) by extension 'ignore'
[0.360s] Level 1:colcon.colcon_core.package_identification:_identify(src/xyp_mid360_navigation) by extension 'ignore_ament_install'
[0.360s] Level 1:colcon.colcon_core.package_identification:_identify(src/xyp_mid360_navigation) by extensions ['colcon_pkg']
[0.360s] Level 1:colcon.colcon_core.package_identification:_identify(src/xyp_mid360_navigation) by extension 'colcon_pkg'
[0.360s] Level 1:colcon.colcon_core.package_identification:_identify(src/xyp_mid360_navigation) by extensions ['colcon_meta']
[0.360s] Level 1:colcon.colcon_core.package_identification:_identify(src/xyp_mid360_navigation) by extension 'colcon_meta'
[0.360s] Level 1:colcon.colcon_core.package_identification:_identify(src/xyp_mid360_navigation) by extensions ['ros']
[0.360s] Level 1:colcon.colcon_core.package_identification:_identify(src/xyp_mid360_navigation) by extension 'ros'
[0.361s] DEBUG:colcon.colcon_core.package_identification:Package 'src/xyp_mid360_navigation' with type 'ros.ament_cmake' and name 'xyp_mid360_navigation'
[0.361s] Level 1:colcon.colcon_core.package_identification:_identify(work) by extensions ['ignore', 'ignore_ament_install']
[0.361s] Level 1:colcon.colcon_core.package_identification:_identify(work) by extension 'ignore'
[0.361s] Level 1:colcon.colcon_core.package_identification:_identify(work) by extension 'ignore_ament_install'
[0.362s] Level 1:colcon.colcon_core.package_identification:_identify(work) by extensions ['colcon_pkg']
[0.362s] Level 1:colcon.colcon_core.package_identification:_identify(work) by extension 'colcon_pkg'
[0.362s] Level 1:colcon.colcon_core.package_identification:_identify(work) by extensions ['colcon_meta']
[0.362s] Level 1:colcon.colcon_core.package_identification:_identify(work) by extension 'colcon_meta'
[0.362s] Level 1:colcon.colcon_core.package_identification:_identify(work) by extensions ['ros']
[0.362s] Level 1:colcon.colcon_core.package_identification:_identify(work) by extension 'ros'
[0.362s] Level 1:colcon.colcon_core.package_identification:_identify(work) by extensions ['cmake', 'python']
[0.362s] Level 1:colcon.colcon_core.package_identification:_identify(work) by extension 'cmake'
[0.362s] Level 1:colcon.colcon_core.package_identification:_identify(work) by extension 'python'
[0.362s] Level 1:colcon.colcon_core.package_identification:_identify(work) by extensions ['python_setup_py']
[0.362s] Level 1:colcon.colcon_core.package_identification:_identify(work) by extension 'python_setup_py'
[0.362s] Level 1:colcon.colcon_core.package_identification:_identify(work/runtime_home) by extensions ['ignore', 'ignore_ament_install']
[0.362s] Level 1:colcon.colcon_core.package_identification:_identify(work/runtime_home) by extension 'ignore'
[0.362s] Level 1:colcon.colcon_core.package_identification:_identify(work/runtime_home) by extension 'ignore_ament_install'
[0.362s] Level 1:colcon.colcon_core.package_identification:_identify(work/runtime_home) by extensions ['colcon_pkg']
[0.362s] Level 1:colcon.colcon_core.package_identification:_identify(work/runtime_home) by extension 'colcon_pkg'
[0.362s] Level 1:colcon.colcon_core.package_identification:_identify(work/runtime_home) by extensions ['colcon_meta']
[0.362s] Level 1:colcon.colcon_core.package_identification:_identify(work/runtime_home) by extension 'colcon_meta'
[0.362s] Level 1:colcon.colcon_core.package_identification:_identify(work/runtime_home) by extensions ['ros']
[0.362s] Level 1:colcon.colcon_core.package_identification:_identify(work/runtime_home) by extension 'ros'
[0.363s] Level 1:colcon.colcon_core.package_identification:_identify(work/runtime_home) by extensions ['cmake', 'python']
[0.363s] Level 1:colcon.colcon_core.package_identification:_identify(work/runtime_home) by extension 'cmake'
[0.363s] Level 1:colcon.colcon_core.package_identification:_identify(work/runtime_home) by extension 'python'
[0.363s] Level 1:colcon.colcon_core.package_identification:_identify(work/runtime_home) by extensions ['python_setup_py']
[0.363s] Level 1:colcon.colcon_core.package_identification:_identify(work/runtime_home) by extension 'python_setup_py'
[0.363s] Level 1:colcon.colcon_core.package_identification:_identify(work/runtime_ros) by extensions ['ignore', 'ignore_ament_install']
[0.363s] Level 1:colcon.colcon_core.package_identification:_identify(work/runtime_ros) by extension 'ignore'
[0.363s] Level 1:colcon.colcon_core.package_identification:_identify(work/runtime_ros) by extension 'ignore_ament_install'
[0.363s] Level 1:colcon.colcon_core.package_identification:_identify(work/runtime_ros) by extensions ['colcon_pkg']
[0.363s] Level 1:colcon.colcon_core.package_identification:_identify(work/runtime_ros) by extension 'colcon_pkg'
[0.363s] Level 1:colcon.colcon_core.package_identification:_identify(work/runtime_ros) by extensions ['colcon_meta']
[0.363s] Level 1:colcon.colcon_core.package_identification:_identify(work/runtime_ros) by extension 'colcon_meta'
[0.363s] Level 1:colcon.colcon_core.package_identification:_identify(work/runtime_ros) by extensions ['ros']
[0.363s] Level 1:colcon.colcon_core.package_identification:_identify(work/runtime_ros) by extension 'ros'
[0.363s] Level 1:colcon.colcon_core.package_identification:_identify(work/runtime_ros) by extensions ['cmake', 'python']
[0.363s] Level 1:colcon.colcon_core.package_identification:_identify(work/runtime_ros) by extension 'cmake'
[0.363s] Level 1:colcon.colcon_core.package_identification:_identify(work/runtime_ros) by extension 'python'
[0.363s] Level 1:colcon.colcon_core.package_identification:_identify(work/runtime_ros) by extensions ['python_setup_py']
[0.363s] Level 1:colcon.colcon_core.package_identification:_identify(work/runtime_ros) by extension 'python_setup_py'
[0.364s] Level 1:colcon.colcon_core.package_identification:_identify(work/runtime_ros/log) by extensions ['ignore', 'ignore_ament_install']
[0.364s] Level 1:colcon.colcon_core.package_identification:_identify(work/runtime_ros/log) by extension 'ignore'
[0.364s] Level 1:colcon.colcon_core.package_identification:_identify(work/runtime_ros/log) by extension 'ignore_ament_install'
[0.364s] Level 1:colcon.colcon_core.package_identification:_identify(work/runtime_ros/log) by extensions ['colcon_pkg']
[0.364s] Level 1:colcon.colcon_core.package_identification:_identify(work/runtime_ros/log) by extension 'colcon_pkg'
[0.364s] Level 1:colcon.colcon_core.package_identification:_identify(work/runtime_ros/log) by extensions ['colcon_meta']
[0.364s] Level 1:colcon.colcon_core.package_identification:_identify(work/runtime_ros/log) by extension 'colcon_meta'
[0.364s] Level 1:colcon.colcon_core.package_identification:_identify(work/runtime_ros/log) by extensions ['ros']
[0.364s] Level 1:colcon.colcon_core.package_identification:_identify(work/runtime_ros/log) by extension 'ros'
[0.364s] Level 1:colcon.colcon_core.package_identification:_identify(work/runtime_ros/log) by extensions ['cmake', 'python']
[0.364s] Level 1:colcon.colcon_core.package_identification:_identify(work/runtime_ros/log) by extension 'cmake'
[0.364s] Level 1:colcon.colcon_core.package_identification:_identify(work/runtime_ros/log) by extension 'python'
[0.364s] Level 1:colcon.colcon_core.package_identification:_identify(work/runtime_ros/log) by extensions ['python_setup_py']
[0.364s] Level 1:colcon.colcon_core.package_identification:_identify(work/runtime_ros/log) by extension 'python_setup_py'
[0.364s] Level 1:colcon.colcon_core.package_identification:_identify(work/runtime_ros/log/2026-08-18-16-11-24-057028-KPLNB151-2) by extensions ['ignore', 'ignore_ament_install']
[0.364s] Level 1:colcon.colcon_core.package_identification:_identify(work/runtime_ros/log/2026-08-18-16-11-24-057028-KPLNB151-2) by extension 'ignore'
[0.364s] Level 1:colcon.colcon_core.package_identification:_identify(work/runtime_ros/log/2026-08-18-16-11-24-057028-KPLNB151-2) by extension 'ignore_ament_install'
[0.364s] Level 1:colcon.colcon_core.package_identification:_identify(work/runtime_ros/log/2026-08-18-16-11-24-057028-KPLNB151-2) by extensions ['colcon_pkg']
[0.364s] Level 1:colcon.colcon_core.package_identification:_identify(work/runtime_ros/log/2026-08-18-16-11-24-057028-KPLNB151-2) by extension 'colcon_pkg'
[0.365s] Level 1:colcon.colcon_core.package_identification:_identify(work/runtime_ros/log/2026-08-18-16-11-24-057028-KPLNB151-2) by extensions ['colcon_meta']
[0.365s] Level 1:colcon.colcon_core.package_identification:_identify(work/runtime_ros/log/2026-08-18-16-11-24-057028-KPLNB151-2) by extension 'colcon_meta'
[0.365s] Level 1:colcon.colcon_core.package_identification:_identify(work/runtime_ros/log/2026-08-18-16-11-24-057028-KPLNB151-2) by extensions ['ros']
[0.365s] Level 1:colcon.colcon_core.package_identification:_identify(work/runtime_ros/log/2026-08-18-16-11-24-057028-KPLNB151-2) by extension 'ros'
[0.365s] Level 1:colcon.colcon_core.package_identification:_identify(work/runtime_ros/log/2026-08-18-16-11-24-057028-KPLNB151-2) by extensions ['cmake', 'python']
[0.365s] Level 1:colcon.colcon_core.package_identification:_identify(work/runtime_ros/log/2026-08-18-16-11-24-057028-KPLNB151-2) by extension 'cmake'
[0.365s] Level 1:colcon.colcon_core.package_identification:_identify(work/runtime_ros/log/2026-08-18-16-11-24-057028-KPLNB151-2) by extension 'python'
[0.365s] Level 1:colcon.colcon_core.package_identification:_identify(work/runtime_ros/log/2026-08-18-16-11-24-057028-KPLNB151-2) by extensions ['python_setup_py']
[0.365s] Level 1:colcon.colcon_core.package_identification:_identify(work/runtime_ros/log/2026-08-18-16-11-24-057028-KPLNB151-2) by extension 'python_setup_py'
[0.365s] Level 1:colcon.colcon_core.package_discovery:discover_packages(recursive) using defaults
[0.365s] Level 1:colcon.colcon_core.package_discovery:discover_packages(ignore) discover
[0.365s] Level 1:colcon.colcon_core.package_discovery:discover_packages(ignore) using defaults
[0.365s] Level 1:colcon.colcon_core.package_discovery:discover_packages(path) discover
[0.365s] Level 1:colcon.colcon_core.package_discovery:discover_packages(path) using defaults
