[0.107s] DEBUG:colcon:Command line arguments: ['/usr/bin/colcon', 'build', '--packages-select', 'livox_ros_driver2', '--symlink-install']
[0.107s] DEBUG:colcon:Parsed command line arguments: Namespace(log_base=None, log_level=None, verb_name='build', build_base='build', install_base='install', merge_install=False, symlink_install=True, test_result_base=None, continue_on_error=False, executor='parallel', parallel_workers=28, event_handlers=None, ignore_user_meta=False, metas=['./colcon.meta'], base_paths=['.'], packages_ignore=None, packages_ignore_regex=None, paths=None, packages_up_to=None, packages_up_to_regex=None, packages_above=None, packages_above_and_dependencies=None, packages_above_depth=None, packages_select_by_dep=None, packages_skip_by_dep=None, packages_skip_up_to=None, packages_select_build_failed=False, packages_skip_build_finished=False, packages_select_test_failures=False, packages_skip_test_passed=False, packages_select=['livox_ros_driver2'], packages_skip=None, packages_select_regex=None, packages_skip_regex=None, packages_start=None, packages_end=None, allow_overriding=[], cmake_args=None, cmake_target=None, cmake_target_skip_unavailable=False, cmake_clean_cache=False, cmake_clean_first=False, cmake_force_configure=False, ament_cmake_args=None, catkin_cmake_args=None, catkin_skip_building_tests=False, verb_parser=<colcon_defaults.argument_parser.defaults.DefaultArgumentsDecorator object at 0x7b47d13fffd0>, verb_extension=<colcon_core.verb.build.BuildVerb object at 0x7b47d13ffac0>, main=<bound method BuildVerb.main of <colcon_core.verb.build.BuildVerb object at 0x7b47d13ffac0>>)
[0.288s] Level 1:colcon.colcon_core.package_discovery:discover_packages(colcon_meta) check parameters
[0.288s] Level 1:colcon.colcon_core.package_discovery:discover_packages(recursive) check parameters
[0.288s] Level 1:colcon.colcon_core.package_discovery:discover_packages(ignore) check parameters
[0.288s] Level 1:colcon.colcon_core.package_discovery:discover_packages(path) check parameters
[0.288s] Level 1:colcon.colcon_core.package_discovery:discover_packages(colcon_meta) discover
[0.288s] Level 1:colcon.colcon_core.package_discovery:discover_packages(recursive) discover
[0.288s] INFO:colcon.colcon_core.package_discovery:Crawling recursively for packages in '/home/kepler/lightning_lm_ws'
[0.289s] Level 1:colcon.colcon_core.package_identification:_identify(.) by extensions ['ignore', 'ignore_ament_install']
[0.289s] Level 1:colcon.colcon_core.package_identification:_identify(.) by extension 'ignore'
[0.289s] Level 1:colcon.colcon_core.package_identification:_identify(.) by extension 'ignore_ament_install'
[0.289s] Level 1:colcon.colcon_core.package_identification:_identify(.) by extensions ['colcon_pkg']
[0.289s] Level 1:colcon.colcon_core.package_identification:_identify(.) by extension 'colcon_pkg'
[0.289s] Level 1:colcon.colcon_core.package_identification:_identify(.) by extensions ['colcon_meta']
[0.289s] Level 1:colcon.colcon_core.package_identification:_identify(.) by extension 'colcon_meta'
[0.289s] Level 1:colcon.colcon_core.package_identification:_identify(.) by extensions ['ros']
[0.289s] Level 1:colcon.colcon_core.package_identification:_identify(.) by extension 'ros'
[0.301s] Level 1:colcon.colcon_core.package_identification:_identify(.) by extensions ['cmake', 'python']
[0.301s] Level 1:colcon.colcon_core.package_identification:_identify(.) by extension 'cmake'
[0.301s] Level 1:colcon.colcon_core.package_identification:_identify(.) by extension 'python'
[0.301s] Level 1:colcon.colcon_core.package_identification:_identify(.) by extensions ['python_setup_py']
[0.301s] Level 1:colcon.colcon_core.package_identification:_identify(.) by extension 'python_setup_py'
[0.301s] Level 1:colcon.colcon_core.package_identification:_identify(bags) by extensions ['ignore', 'ignore_ament_install']
[0.302s] Level 1:colcon.colcon_core.package_identification:_identify(bags) by extension 'ignore'
[0.302s] Level 1:colcon.colcon_core.package_identification:_identify(bags) by extension 'ignore_ament_install'
[0.302s] Level 1:colcon.colcon_core.package_identification:_identify(bags) by extensions ['colcon_pkg']
[0.302s] Level 1:colcon.colcon_core.package_identification:_identify(bags) by extension 'colcon_pkg'
[0.302s] Level 1:colcon.colcon_core.package_identification:_identify(bags) by extensions ['colcon_meta']
[0.302s] Level 1:colcon.colcon_core.package_identification:_identify(bags) by extension 'colcon_meta'
[0.302s] Level 1:colcon.colcon_core.package_identification:_identify(bags) by extensions ['ros']
[0.302s] Level 1:colcon.colcon_core.package_identification:_identify(bags) by extension 'ros'
[0.302s] Level 1:colcon.colcon_core.package_identification:_identify(bags) by extensions ['cmake', 'python']
[0.302s] Level 1:colcon.colcon_core.package_identification:_identify(bags) by extension 'cmake'
[0.302s] Level 1:colcon.colcon_core.package_identification:_identify(bags) by extension 'python'
[0.302s] Level 1:colcon.colcon_core.package_identification:_identify(bags) by extensions ['python_setup_py']
[0.302s] Level 1:colcon.colcon_core.package_identification:_identify(bags) by extension 'python_setup_py'
[0.302s] Level 1:colcon.colcon_core.package_identification:_identify(bags/lightning_sim) by extensions ['ignore', 'ignore_ament_install']
[0.302s] Level 1:colcon.colcon_core.package_identification:_identify(bags/lightning_sim) by extension 'ignore'
[0.302s] Level 1:colcon.colcon_core.package_identification:_identify(bags/lightning_sim) by extension 'ignore_ament_install'
[0.302s] Level 1:colcon.colcon_core.package_identification:_identify(bags/lightning_sim) by extensions ['colcon_pkg']
[0.302s] Level 1:colcon.colcon_core.package_identification:_identify(bags/lightning_sim) by extension 'colcon_pkg'
[0.302s] Level 1:colcon.colcon_core.package_identification:_identify(bags/lightning_sim) by extensions ['colcon_meta']
[0.302s] Level 1:colcon.colcon_core.package_identification:_identify(bags/lightning_sim) by extension 'colcon_meta'
[0.302s] Level 1:colcon.colcon_core.package_identification:_identify(bags/lightning_sim) by extensions ['ros']
[0.302s] Level 1:colcon.colcon_core.package_identification:_identify(bags/lightning_sim) by extension 'ros'
[0.302s] Level 1:colcon.colcon_core.package_identification:_identify(bags/lightning_sim) by extensions ['cmake', 'python']
[0.303s] Level 1:colcon.colcon_core.package_identification:_identify(bags/lightning_sim) by extension 'cmake'
[0.303s] Level 1:colcon.colcon_core.package_identification:_identify(bags/lightning_sim) by extension 'python'
[0.303s] Level 1:colcon.colcon_core.package_identification:_identify(bags/lightning_sim) by extensions ['python_setup_py']
[0.303s] Level 1:colcon.colcon_core.package_identification:_identify(bags/lightning_sim) by extension 'python_setup_py'
[0.303s] Level 1:colcon.colcon_core.package_identification:_identify(bags/lightning_sim/sim-20260814-111258) by extensions ['ignore', 'ignore_ament_install']
[0.303s] Level 1:colcon.colcon_core.package_identification:_identify(bags/lightning_sim/sim-20260814-111258) by extension 'ignore'
[0.303s] Level 1:colcon.colcon_core.package_identification:_identify(bags/lightning_sim/sim-20260814-111258) by extension 'ignore_ament_install'
[0.303s] Level 1:colcon.colcon_core.package_identification:_identify(bags/lightning_sim/sim-20260814-111258) by extensions ['colcon_pkg']
[0.303s] Level 1:colcon.colcon_core.package_identification:_identify(bags/lightning_sim/sim-20260814-111258) by extension 'colcon_pkg'
[0.303s] Level 1:colcon.colcon_core.package_identification:_identify(bags/lightning_sim/sim-20260814-111258) by extensions ['colcon_meta']
[0.303s] Level 1:colcon.colcon_core.package_identification:_identify(bags/lightning_sim/sim-20260814-111258) by extension 'colcon_meta'
[0.303s] Level 1:colcon.colcon_core.package_identification:_identify(bags/lightning_sim/sim-20260814-111258) by extensions ['ros']
[0.303s] Level 1:colcon.colcon_core.package_identification:_identify(bags/lightning_sim/sim-20260814-111258) by extension 'ros'
[0.303s] Level 1:colcon.colcon_core.package_identification:_identify(bags/lightning_sim/sim-20260814-111258) by extensions ['cmake', 'python']
[0.303s] Level 1:colcon.colcon_core.package_identification:_identify(bags/lightning_sim/sim-20260814-111258) by extension 'cmake'
[0.303s] Level 1:colcon.colcon_core.package_identification:_identify(bags/lightning_sim/sim-20260814-111258) by extension 'python'
[0.303s] Level 1:colcon.colcon_core.package_identification:_identify(bags/lightning_sim/sim-20260814-111258) by extensions ['python_setup_py']
[0.303s] Level 1:colcon.colcon_core.package_identification:_identify(bags/lightning_sim/sim-20260814-111258) by extension 'python_setup_py'
[0.303s] Level 1:colcon.colcon_core.package_identification:_identify(bags/real_mid360) by extensions ['ignore', 'ignore_ament_install']
[0.303s] Level 1:colcon.colcon_core.package_identification:_identify(bags/real_mid360) by extension 'ignore'
[0.303s] Level 1:colcon.colcon_core.package_identification:_identify(bags/real_mid360) by extension 'ignore_ament_install'
[0.303s] Level 1:colcon.colcon_core.package_identification:_identify(bags/real_mid360) by extensions ['colcon_pkg']
[0.303s] Level 1:colcon.colcon_core.package_identification:_identify(bags/real_mid360) by extension 'colcon_pkg'
[0.304s] Level 1:colcon.colcon_core.package_identification:_identify(bags/real_mid360) by extensions ['colcon_meta']
[0.304s] Level 1:colcon.colcon_core.package_identification:_identify(bags/real_mid360) by extension 'colcon_meta'
[0.304s] Level 1:colcon.colcon_core.package_identification:_identify(bags/real_mid360) by extensions ['ros']
[0.304s] Level 1:colcon.colcon_core.package_identification:_identify(bags/real_mid360) by extension 'ros'
[0.304s] Level 1:colcon.colcon_core.package_identification:_identify(bags/real_mid360) by extensions ['cmake', 'python']
[0.304s] Level 1:colcon.colcon_core.package_identification:_identify(bags/real_mid360) by extension 'cmake'
[0.304s] Level 1:colcon.colcon_core.package_identification:_identify(bags/real_mid360) by extension 'python'
[0.304s] Level 1:colcon.colcon_core.package_identification:_identify(bags/real_mid360) by extensions ['python_setup_py']
[0.304s] Level 1:colcon.colcon_core.package_identification:_identify(bags/real_mid360) by extension 'python_setup_py'
[0.304s] Level 1:colcon.colcon_core.package_identification:_identify(bags/real_mid360/dynamic) by extensions ['ignore', 'ignore_ament_install']
[0.304s] Level 1:colcon.colcon_core.package_identification:_identify(bags/real_mid360/dynamic) by extension 'ignore'
[0.304s] Level 1:colcon.colcon_core.package_identification:_identify(bags/real_mid360/dynamic) by extension 'ignore_ament_install'
[0.304s] Level 1:colcon.colcon_core.package_identification:_identify(bags/real_mid360/dynamic) by extensions ['colcon_pkg']
[0.304s] Level 1:colcon.colcon_core.package_identification:_identify(bags/real_mid360/dynamic) by extension 'colcon_pkg'
[0.304s] Level 1:colcon.colcon_core.package_identification:_identify(bags/real_mid360/dynamic) by extensions ['colcon_meta']
[0.304s] Level 1:colcon.colcon_core.package_identification:_identify(bags/real_mid360/dynamic) by extension 'colcon_meta'
[0.304s] Level 1:colcon.colcon_core.package_identification:_identify(bags/real_mid360/dynamic) by extensions ['ros']
[0.304s] Level 1:colcon.colcon_core.package_identification:_identify(bags/real_mid360/dynamic) by extension 'ros'
[0.304s] Level 1:colcon.colcon_core.package_identification:_identify(bags/real_mid360/dynamic) by extensions ['cmake', 'python']
[0.304s] Level 1:colcon.colcon_core.package_identification:_identify(bags/real_mid360/dynamic) by extension 'cmake'
[0.304s] Level 1:colcon.colcon_core.package_identification:_identify(bags/real_mid360/dynamic) by extension 'python'
[0.304s] Level 1:colcon.colcon_core.package_identification:_identify(bags/real_mid360/dynamic) by extensions ['python_setup_py']
[0.304s] Level 1:colcon.colcon_core.package_identification:_identify(bags/real_mid360/dynamic) by extension 'python_setup_py'
[0.304s] Level 1:colcon.colcon_core.package_identification:_identify(bags/real_mid360/dynamic/mid360-dynamic-20260814-175320) by extensions ['ignore', 'ignore_ament_install']
[0.305s] Level 1:colcon.colcon_core.package_identification:_identify(bags/real_mid360/dynamic/mid360-dynamic-20260814-175320) by extension 'ignore'
[0.305s] Level 1:colcon.colcon_core.package_identification:_identify(bags/real_mid360/dynamic/mid360-dynamic-20260814-175320) by extension 'ignore_ament_install'
[0.305s] Level 1:colcon.colcon_core.package_identification:_identify(bags/real_mid360/dynamic/mid360-dynamic-20260814-175320) by extensions ['colcon_pkg']
[0.305s] Level 1:colcon.colcon_core.package_identification:_identify(bags/real_mid360/dynamic/mid360-dynamic-20260814-175320) by extension 'colcon_pkg'
[0.305s] Level 1:colcon.colcon_core.package_identification:_identify(bags/real_mid360/dynamic/mid360-dynamic-20260814-175320) by extensions ['colcon_meta']
[0.305s] Level 1:colcon.colcon_core.package_identification:_identify(bags/real_mid360/dynamic/mid360-dynamic-20260814-175320) by extension 'colcon_meta'
[0.305s] Level 1:colcon.colcon_core.package_identification:_identify(bags/real_mid360/dynamic/mid360-dynamic-20260814-175320) by extensions ['ros']
[0.305s] Level 1:colcon.colcon_core.package_identification:_identify(bags/real_mid360/dynamic/mid360-dynamic-20260814-175320) by extension 'ros'
[0.305s] Level 1:colcon.colcon_core.package_identification:_identify(bags/real_mid360/dynamic/mid360-dynamic-20260814-175320) by extensions ['cmake', 'python']
[0.305s] Level 1:colcon.colcon_core.package_identification:_identify(bags/real_mid360/dynamic/mid360-dynamic-20260814-175320) by extension 'cmake'
[0.305s] Level 1:colcon.colcon_core.package_identification:_identify(bags/real_mid360/dynamic/mid360-dynamic-20260814-175320) by extension 'python'
[0.305s] Level 1:colcon.colcon_core.package_identification:_identify(bags/real_mid360/dynamic/mid360-dynamic-20260814-175320) by extensions ['python_setup_py']
[0.305s] Level 1:colcon.colcon_core.package_identification:_identify(bags/real_mid360/dynamic/mid360-dynamic-20260814-175320) by extension 'python_setup_py'
[0.305s] Level 1:colcon.colcon_core.package_identification:_identify(bags/real_mid360/dynamic/mid360-loop-20260814-180225) by extensions ['ignore', 'ignore_ament_install']
[0.305s] Level 1:colcon.colcon_core.package_identification:_identify(bags/real_mid360/dynamic/mid360-loop-20260814-180225) by extension 'ignore'
[0.305s] Level 1:colcon.colcon_core.package_identification:_identify(bags/real_mid360/dynamic/mid360-loop-20260814-180225) by extension 'ignore_ament_install'
[0.305s] Level 1:colcon.colcon_core.package_identification:_identify(bags/real_mid360/dynamic/mid360-loop-20260814-180225) by extensions ['colcon_pkg']
[0.305s] Level 1:colcon.colcon_core.package_identification:_identify(bags/real_mid360/dynamic/mid360-loop-20260814-180225) by extension 'colcon_pkg'
[0.305s] Level 1:colcon.colcon_core.package_identification:_identify(bags/real_mid360/dynamic/mid360-loop-20260814-180225) by extensions ['colcon_meta']
[0.305s] Level 1:colcon.colcon_core.package_identification:_identify(bags/real_mid360/dynamic/mid360-loop-20260814-180225) by extension 'colcon_meta'
[0.305s] Level 1:colcon.colcon_core.package_identification:_identify(bags/real_mid360/dynamic/mid360-loop-20260814-180225) by extensions ['ros']
[0.305s] Level 1:colcon.colcon_core.package_identification:_identify(bags/real_mid360/dynamic/mid360-loop-20260814-180225) by extension 'ros'
[0.305s] Level 1:colcon.colcon_core.package_identification:_identify(bags/real_mid360/dynamic/mid360-loop-20260814-180225) by extensions ['cmake', 'python']
[0.305s] Level 1:colcon.colcon_core.package_identification:_identify(bags/real_mid360/dynamic/mid360-loop-20260814-180225) by extension 'cmake'
[0.306s] Level 1:colcon.colcon_core.package_identification:_identify(bags/real_mid360/dynamic/mid360-loop-20260814-180225) by extension 'python'
[0.306s] Level 1:colcon.colcon_core.package_identification:_identify(bags/real_mid360/dynamic/mid360-loop-20260814-180225) by extensions ['python_setup_py']
[0.306s] Level 1:colcon.colcon_core.package_identification:_identify(bags/real_mid360/dynamic/mid360-loop-20260814-180225) by extension 'python_setup_py'
[0.306s] Level 1:colcon.colcon_core.package_identification:_identify(bags/real_mid360/nav_costmap) by extensions ['ignore', 'ignore_ament_install']
[0.306s] Level 1:colcon.colcon_core.package_identification:_identify(bags/real_mid360/nav_costmap) by extension 'ignore'
[0.306s] Level 1:colcon.colcon_core.package_identification:_identify(bags/real_mid360/nav_costmap) by extension 'ignore_ament_install'
[0.306s] Level 1:colcon.colcon_core.package_identification:_identify(bags/real_mid360/nav_costmap) by extensions ['colcon_pkg']
[0.306s] Level 1:colcon.colcon_core.package_identification:_identify(bags/real_mid360/nav_costmap) by extension 'colcon_pkg'
[0.306s] Level 1:colcon.colcon_core.package_identification:_identify(bags/real_mid360/nav_costmap) by extensions ['colcon_meta']
[0.306s] Level 1:colcon.colcon_core.package_identification:_identify(bags/real_mid360/nav_costmap) by extension 'colcon_meta'
[0.306s] Level 1:colcon.colcon_core.package_identification:_identify(bags/real_mid360/nav_costmap) by extensions ['ros']
[0.306s] Level 1:colcon.colcon_core.package_identification:_identify(bags/real_mid360/nav_costmap) by extension 'ros'
[0.306s] Level 1:colcon.colcon_core.package_identification:_identify(bags/real_mid360/nav_costmap) by extensions ['cmake', 'python']
[0.306s] Level 1:colcon.colcon_core.package_identification:_identify(bags/real_mid360/nav_costmap) by extension 'cmake'
[0.306s] Level 1:colcon.colcon_core.package_identification:_identify(bags/real_mid360/nav_costmap) by extension 'python'
[0.306s] Level 1:colcon.colcon_core.package_identification:_identify(bags/real_mid360/nav_costmap) by extensions ['python_setup_py']
[0.306s] Level 1:colcon.colcon_core.package_identification:_identify(bags/real_mid360/nav_costmap) by extension 'python_setup_py'
[0.306s] Level 1:colcon.colcon_core.package_identification:_identify(bags/real_mid360/nav_costmap/box-full-20260817-144610) by extensions ['ignore', 'ignore_ament_install']
[0.306s] Level 1:colcon.colcon_core.package_identification:_identify(bags/real_mid360/nav_costmap/box-full-20260817-144610) by extension 'ignore'
[0.306s] Level 1:colcon.colcon_core.package_identification:_identify(bags/real_mid360/nav_costmap/box-full-20260817-144610) by extension 'ignore_ament_install'
[0.306s] Level 1:colcon.colcon_core.package_identification:_identify(bags/real_mid360/nav_costmap/box-full-20260817-144610) by extensions ['colcon_pkg']
[0.306s] Level 1:colcon.colcon_core.package_identification:_identify(bags/real_mid360/nav_costmap/box-full-20260817-144610) by extension 'colcon_pkg'
[0.306s] Level 1:colcon.colcon_core.package_identification:_identify(bags/real_mid360/nav_costmap/box-full-20260817-144610) by extensions ['colcon_meta']
[0.306s] Level 1:colcon.colcon_core.package_identification:_identify(bags/real_mid360/nav_costmap/box-full-20260817-144610) by extension 'colcon_meta'
[0.307s] Level 1:colcon.colcon_core.package_identification:_identify(bags/real_mid360/nav_costmap/box-full-20260817-144610) by extensions ['ros']
[0.307s] Level 1:colcon.colcon_core.package_identification:_identify(bags/real_mid360/nav_costmap/box-full-20260817-144610) by extension 'ros'
[0.307s] Level 1:colcon.colcon_core.package_identification:_identify(bags/real_mid360/nav_costmap/box-full-20260817-144610) by extensions ['cmake', 'python']
[0.307s] Level 1:colcon.colcon_core.package_identification:_identify(bags/real_mid360/nav_costmap/box-full-20260817-144610) by extension 'cmake'
[0.307s] Level 1:colcon.colcon_core.package_identification:_identify(bags/real_mid360/nav_costmap/box-full-20260817-144610) by extension 'python'
[0.307s] Level 1:colcon.colcon_core.package_identification:_identify(bags/real_mid360/nav_costmap/box-full-20260817-144610) by extensions ['python_setup_py']
[0.307s] Level 1:colcon.colcon_core.package_identification:_identify(bags/real_mid360/nav_costmap/box-full-20260817-144610) by extension 'python_setup_py'
[0.307s] Level 1:colcon.colcon_core.package_identification:_identify(bags/real_mid360/navigation) by extensions ['ignore', 'ignore_ament_install']
[0.307s] Level 1:colcon.colcon_core.package_identification:_identify(bags/real_mid360/navigation) by extension 'ignore'
[0.307s] Level 1:colcon.colcon_core.package_identification:_identify(bags/real_mid360/navigation) by extension 'ignore_ament_install'
[0.307s] Level 1:colcon.colcon_core.package_identification:_identify(bags/real_mid360/navigation) by extensions ['colcon_pkg']
[0.307s] Level 1:colcon.colcon_core.package_identification:_identify(bags/real_mid360/navigation) by extension 'colcon_pkg'
[0.307s] Level 1:colcon.colcon_core.package_identification:_identify(bags/real_mid360/navigation) by extensions ['colcon_meta']
[0.307s] Level 1:colcon.colcon_core.package_identification:_identify(bags/real_mid360/navigation) by extension 'colcon_meta'
[0.307s] Level 1:colcon.colcon_core.package_identification:_identify(bags/real_mid360/navigation) by extensions ['ros']
[0.307s] Level 1:colcon.colcon_core.package_identification:_identify(bags/real_mid360/navigation) by extension 'ros'
[0.307s] Level 1:colcon.colcon_core.package_identification:_identify(bags/real_mid360/navigation) by extensions ['cmake', 'python']
[0.307s] Level 1:colcon.colcon_core.package_identification:_identify(bags/real_mid360/navigation) by extension 'cmake'
[0.307s] Level 1:colcon.colcon_core.package_identification:_identify(bags/real_mid360/navigation) by extension 'python'
[0.307s] Level 1:colcon.colcon_core.package_identification:_identify(bags/real_mid360/navigation) by extensions ['python_setup_py']
[0.307s] Level 1:colcon.colcon_core.package_identification:_identify(bags/real_mid360/navigation) by extension 'python_setup_py'
[0.307s] Level 1:colcon.colcon_core.package_identification:_identify(bags/real_mid360/navigation/box-20260817-135841) by extensions ['ignore', 'ignore_ament_install']
[0.307s] Level 1:colcon.colcon_core.package_identification:_identify(bags/real_mid360/navigation/box-20260817-135841) by extension 'ignore'
[0.308s] Level 1:colcon.colcon_core.package_identification:_identify(bags/real_mid360/navigation/box-20260817-135841) by extension 'ignore_ament_install'
[0.308s] Level 1:colcon.colcon_core.package_identification:_identify(bags/real_mid360/navigation/box-20260817-135841) by extensions ['colcon_pkg']
[0.308s] Level 1:colcon.colcon_core.package_identification:_identify(bags/real_mid360/navigation/box-20260817-135841) by extension 'colcon_pkg'
[0.308s] Level 1:colcon.colcon_core.package_identification:_identify(bags/real_mid360/navigation/box-20260817-135841) by extensions ['colcon_meta']
[0.308s] Level 1:colcon.colcon_core.package_identification:_identify(bags/real_mid360/navigation/box-20260817-135841) by extension 'colcon_meta'
[0.308s] Level 1:colcon.colcon_core.package_identification:_identify(bags/real_mid360/navigation/box-20260817-135841) by extensions ['ros']
[0.308s] Level 1:colcon.colcon_core.package_identification:_identify(bags/real_mid360/navigation/box-20260817-135841) by extension 'ros'
[0.308s] Level 1:colcon.colcon_core.package_identification:_identify(bags/real_mid360/navigation/box-20260817-135841) by extensions ['cmake', 'python']
[0.308s] Level 1:colcon.colcon_core.package_identification:_identify(bags/real_mid360/navigation/box-20260817-135841) by extension 'cmake'
[0.308s] Level 1:colcon.colcon_core.package_identification:_identify(bags/real_mid360/navigation/box-20260817-135841) by extension 'python'
[0.308s] Level 1:colcon.colcon_core.package_identification:_identify(bags/real_mid360/navigation/box-20260817-135841) by extensions ['python_setup_py']
[0.308s] Level 1:colcon.colcon_core.package_identification:_identify(bags/real_mid360/navigation/box-20260817-135841) by extension 'python_setup_py'
[0.308s] Level 1:colcon.colcon_core.package_identification:_identify(bags/real_mid360/static) by extensions ['ignore', 'ignore_ament_install']
[0.308s] Level 1:colcon.colcon_core.package_identification:_identify(bags/real_mid360/static) by extension 'ignore'
[0.308s] Level 1:colcon.colcon_core.package_identification:_identify(bags/real_mid360/static) by extension 'ignore_ament_install'
[0.308s] Level 1:colcon.colcon_core.package_identification:_identify(bags/real_mid360/static) by extensions ['colcon_pkg']
[0.308s] Level 1:colcon.colcon_core.package_identification:_identify(bags/real_mid360/static) by extension 'colcon_pkg'
[0.308s] Level 1:colcon.colcon_core.package_identification:_identify(bags/real_mid360/static) by extensions ['colcon_meta']
[0.308s] Level 1:colcon.colcon_core.package_identification:_identify(bags/real_mid360/static) by extension 'colcon_meta'
[0.308s] Level 1:colcon.colcon_core.package_identification:_identify(bags/real_mid360/static) by extensions ['ros']
[0.308s] Level 1:colcon.colcon_core.package_identification:_identify(bags/real_mid360/static) by extension 'ros'
[0.308s] Level 1:colcon.colcon_core.package_identification:_identify(bags/real_mid360/static) by extensions ['cmake', 'python']
[0.308s] Level 1:colcon.colcon_core.package_identification:_identify(bags/real_mid360/static) by extension 'cmake'
[0.308s] Level 1:colcon.colcon_core.package_identification:_identify(bags/real_mid360/static) by extension 'python'
[0.308s] Level 1:colcon.colcon_core.package_identification:_identify(bags/real_mid360/static) by extensions ['python_setup_py']
[0.308s] Level 1:colcon.colcon_core.package_identification:_identify(bags/real_mid360/static) by extension 'python_setup_py'
[0.309s] Level 1:colcon.colcon_core.package_identification:_identify(bags/real_mid360/static/mid360-static-20260814-145850) by extensions ['ignore', 'ignore_ament_install']
[0.309s] Level 1:colcon.colcon_core.package_identification:_identify(bags/real_mid360/static/mid360-static-20260814-145850) by extension 'ignore'
[0.309s] Level 1:colcon.colcon_core.package_identification:_identify(bags/real_mid360/static/mid360-static-20260814-145850) by extension 'ignore_ament_install'
[0.309s] Level 1:colcon.colcon_core.package_identification:_identify(bags/real_mid360/static/mid360-static-20260814-145850) by extensions ['colcon_pkg']
[0.309s] Level 1:colcon.colcon_core.package_identification:_identify(bags/real_mid360/static/mid360-static-20260814-145850) by extension 'colcon_pkg'
[0.309s] Level 1:colcon.colcon_core.package_identification:_identify(bags/real_mid360/static/mid360-static-20260814-145850) by extensions ['colcon_meta']
[0.309s] Level 1:colcon.colcon_core.package_identification:_identify(bags/real_mid360/static/mid360-static-20260814-145850) by extension 'colcon_meta'
[0.309s] Level 1:colcon.colcon_core.package_identification:_identify(bags/real_mid360/static/mid360-static-20260814-145850) by extensions ['ros']
[0.309s] Level 1:colcon.colcon_core.package_identification:_identify(bags/real_mid360/static/mid360-static-20260814-145850) by extension 'ros'
[0.309s] Level 1:colcon.colcon_core.package_identification:_identify(bags/real_mid360/static/mid360-static-20260814-145850) by extensions ['cmake', 'python']
[0.309s] Level 1:colcon.colcon_core.package_identification:_identify(bags/real_mid360/static/mid360-static-20260814-145850) by extension 'cmake'
[0.309s] Level 1:colcon.colcon_core.package_identification:_identify(bags/real_mid360/static/mid360-static-20260814-145850) by extension 'python'
[0.309s] Level 1:colcon.colcon_core.package_identification:_identify(bags/real_mid360/static/mid360-static-20260814-145850) by extensions ['python_setup_py']
[0.309s] Level 1:colcon.colcon_core.package_identification:_identify(bags/real_mid360/static/mid360-static-20260814-145850) by extension 'python_setup_py'
[0.309s] Level 1:colcon.colcon_core.package_identification:_identify(bags/real_mid360/static_tests) by extensions ['ignore', 'ignore_ament_install']
[0.309s] Level 1:colcon.colcon_core.package_identification:_identify(bags/real_mid360/static_tests) by extension 'ignore'
[0.309s] Level 1:colcon.colcon_core.package_identification:_identify(bags/real_mid360/static_tests) by extension 'ignore_ament_install'
[0.309s] Level 1:colcon.colcon_core.package_identification:_identify(bags/real_mid360/static_tests) by extensions ['colcon_pkg']
[0.309s] Level 1:colcon.colcon_core.package_identification:_identify(bags/real_mid360/static_tests) by extension 'colcon_pkg'
[0.309s] Level 1:colcon.colcon_core.package_identification:_identify(bags/real_mid360/static_tests) by extensions ['colcon_meta']
[0.309s] Level 1:colcon.colcon_core.package_identification:_identify(bags/real_mid360/static_tests) by extension 'colcon_meta'
[0.309s] Level 1:colcon.colcon_core.package_identification:_identify(bags/real_mid360/static_tests) by extensions ['ros']
[0.309s] Level 1:colcon.colcon_core.package_identification:_identify(bags/real_mid360/static_tests) by extension 'ros'
[0.310s] Level 1:colcon.colcon_core.package_identification:_identify(bags/real_mid360/static_tests) by extensions ['cmake', 'python']
[0.310s] Level 1:colcon.colcon_core.package_identification:_identify(bags/real_mid360/static_tests) by extension 'cmake'
[0.310s] Level 1:colcon.colcon_core.package_identification:_identify(bags/real_mid360/static_tests) by extension 'python'
[0.310s] Level 1:colcon.colcon_core.package_identification:_identify(bags/real_mid360/static_tests) by extensions ['python_setup_py']
[0.310s] Level 1:colcon.colcon_core.package_identification:_identify(bags/real_mid360/static_tests) by extension 'python_setup_py'
[0.310s] Level 1:colcon.colcon_core.package_identification:_identify(bags/real_mid360/static_tests/mid360-static-75s-20260817-110208) by extensions ['ignore', 'ignore_ament_install']
[0.310s] Level 1:colcon.colcon_core.package_identification:_identify(bags/real_mid360/static_tests/mid360-static-75s-20260817-110208) by extension 'ignore'
[0.310s] Level 1:colcon.colcon_core.package_identification:_identify(bags/real_mid360/static_tests/mid360-static-75s-20260817-110208) by extension 'ignore_ament_install'
[0.310s] Level 1:colcon.colcon_core.package_identification:_identify(bags/real_mid360/static_tests/mid360-static-75s-20260817-110208) by extensions ['colcon_pkg']
[0.310s] Level 1:colcon.colcon_core.package_identification:_identify(bags/real_mid360/static_tests/mid360-static-75s-20260817-110208) by extension 'colcon_pkg'
[0.310s] Level 1:colcon.colcon_core.package_identification:_identify(bags/real_mid360/static_tests/mid360-static-75s-20260817-110208) by extensions ['colcon_meta']
[0.310s] Level 1:colcon.colcon_core.package_identification:_identify(bags/real_mid360/static_tests/mid360-static-75s-20260817-110208) by extension 'colcon_meta'
[0.310s] Level 1:colcon.colcon_core.package_identification:_identify(bags/real_mid360/static_tests/mid360-static-75s-20260817-110208) by extensions ['ros']
[0.310s] Level 1:colcon.colcon_core.package_identification:_identify(bags/real_mid360/static_tests/mid360-static-75s-20260817-110208) by extension 'ros'
[0.310s] Level 1:colcon.colcon_core.package_identification:_identify(bags/real_mid360/static_tests/mid360-static-75s-20260817-110208) by extensions ['cmake', 'python']
[0.310s] Level 1:colcon.colcon_core.package_identification:_identify(bags/real_mid360/static_tests/mid360-static-75s-20260817-110208) by extension 'cmake'
[0.310s] Level 1:colcon.colcon_core.package_identification:_identify(bags/real_mid360/static_tests/mid360-static-75s-20260817-110208) by extension 'python'
[0.310s] Level 1:colcon.colcon_core.package_identification:_identify(bags/real_mid360/static_tests/mid360-static-75s-20260817-110208) by extensions ['python_setup_py']
[0.310s] Level 1:colcon.colcon_core.package_identification:_identify(bags/real_mid360/static_tests/mid360-static-75s-20260817-110208) by extension 'python_setup_py'
[0.310s] Level 1:colcon.colcon_core.package_identification:_identify(build) by extensions ['ignore', 'ignore_ament_install']
[0.310s] Level 1:colcon.colcon_core.package_identification:_identify(build) by extension 'ignore'
[0.310s] Level 1:colcon.colcon_core.package_identification:_identify(build) ignored
[0.311s] Level 1:colcon.colcon_core.package_identification:_identify(docs) by extensions ['ignore', 'ignore_ament_install']
[0.311s] Level 1:colcon.colcon_core.package_identification:_identify(docs) by extension 'ignore'
[0.311s] Level 1:colcon.colcon_core.package_identification:_identify(docs) by extension 'ignore_ament_install'
[0.311s] Level 1:colcon.colcon_core.package_identification:_identify(docs) by extensions ['colcon_pkg']
[0.311s] Level 1:colcon.colcon_core.package_identification:_identify(docs) by extension 'colcon_pkg'
[0.311s] Level 1:colcon.colcon_core.package_identification:_identify(docs) by extensions ['colcon_meta']
[0.311s] Level 1:colcon.colcon_core.package_identification:_identify(docs) by extension 'colcon_meta'
[0.311s] Level 1:colcon.colcon_core.package_identification:_identify(docs) by extensions ['ros']
[0.311s] Level 1:colcon.colcon_core.package_identification:_identify(docs) by extension 'ros'
[0.311s] Level 1:colcon.colcon_core.package_identification:_identify(docs) by extensions ['cmake', 'python']
[0.311s] Level 1:colcon.colcon_core.package_identification:_identify(docs) by extension 'cmake'
[0.311s] Level 1:colcon.colcon_core.package_identification:_identify(docs) by extension 'python'
[0.311s] Level 1:colcon.colcon_core.package_identification:_identify(docs) by extensions ['python_setup_py']
[0.311s] Level 1:colcon.colcon_core.package_identification:_identify(docs) by extension 'python_setup_py'
[0.311s] Level 1:colcon.colcon_core.package_identification:_identify(docs/daily) by extensions ['ignore', 'ignore_ament_install']
[0.311s] Level 1:colcon.colcon_core.package_identification:_identify(docs/daily) by extension 'ignore'
[0.311s] Level 1:colcon.colcon_core.package_identification:_identify(docs/daily) by extension 'ignore_ament_install'
[0.311s] Level 1:colcon.colcon_core.package_identification:_identify(docs/daily) by extensions ['colcon_pkg']
[0.311s] Level 1:colcon.colcon_core.package_identification:_identify(docs/daily) by extension 'colcon_pkg'
[0.311s] Level 1:colcon.colcon_core.package_identification:_identify(docs/daily) by extensions ['colcon_meta']
[0.311s] Level 1:colcon.colcon_core.package_identification:_identify(docs/daily) by extension 'colcon_meta'
[0.311s] Level 1:colcon.colcon_core.package_identification:_identify(docs/daily) by extensions ['ros']
[0.311s] Level 1:colcon.colcon_core.package_identification:_identify(docs/daily) by extension 'ros'
[0.311s] Level 1:colcon.colcon_core.package_identification:_identify(docs/daily) by extensions ['cmake', 'python']
[0.312s] Level 1:colcon.colcon_core.package_identification:_identify(docs/daily) by extension 'cmake'
[0.312s] Level 1:colcon.colcon_core.package_identification:_identify(docs/daily) by extension 'python'
[0.312s] Level 1:colcon.colcon_core.package_identification:_identify(docs/daily) by extensions ['python_setup_py']
[0.312s] Level 1:colcon.colcon_core.package_identification:_identify(docs/daily) by extension 'python_setup_py'
[0.312s] Level 1:colcon.colcon_core.package_identification:_identify(docs/problems) by extensions ['ignore', 'ignore_ament_install']
[0.312s] Level 1:colcon.colcon_core.package_identification:_identify(docs/problems) by extension 'ignore'
[0.312s] Level 1:colcon.colcon_core.package_identification:_identify(docs/problems) by extension 'ignore_ament_install'
[0.312s] Level 1:colcon.colcon_core.package_identification:_identify(docs/problems) by extensions ['colcon_pkg']
[0.312s] Level 1:colcon.colcon_core.package_identification:_identify(docs/problems) by extension 'colcon_pkg'
[0.312s] Level 1:colcon.colcon_core.package_identification:_identify(docs/problems) by extensions ['colcon_meta']
[0.312s] Level 1:colcon.colcon_core.package_identification:_identify(docs/problems) by extension 'colcon_meta'
[0.312s] Level 1:colcon.colcon_core.package_identification:_identify(docs/problems) by extensions ['ros']
[0.312s] Level 1:colcon.colcon_core.package_identification:_identify(docs/problems) by extension 'ros'
[0.312s] Level 1:colcon.colcon_core.package_identification:_identify(docs/problems) by extensions ['cmake', 'python']
[0.312s] Level 1:colcon.colcon_core.package_identification:_identify(docs/problems) by extension 'cmake'
[0.312s] Level 1:colcon.colcon_core.package_identification:_identify(docs/problems) by extension 'python'
[0.312s] Level 1:colcon.colcon_core.package_identification:_identify(docs/problems) by extensions ['python_setup_py']
[0.312s] Level 1:colcon.colcon_core.package_identification:_identify(docs/problems) by extension 'python_setup_py'
[0.312s] Level 1:colcon.colcon_core.package_identification:_identify(install) by extensions ['ignore', 'ignore_ament_install']
[0.312s] Level 1:colcon.colcon_core.package_identification:_identify(install) by extension 'ignore'
[0.312s] Level 1:colcon.colcon_core.package_identification:_identify(install) ignored
[0.313s] Level 1:colcon.colcon_core.package_identification:_identify(log) by extensions ['ignore', 'ignore_ament_install']
[0.313s] Level 1:colcon.colcon_core.package_identification:_identify(log) by extension 'ignore'
[0.313s] Level 1:colcon.colcon_core.package_identification:_identify(log) ignored
[0.313s] Level 1:colcon.colcon_core.package_identification:_identify(runs) by extensions ['ignore', 'ignore_ament_install']
[0.313s] Level 1:colcon.colcon_core.package_identification:_identify(runs) by extension 'ignore'
[0.313s] Level 1:colcon.colcon_core.package_identification:_identify(runs) by extension 'ignore_ament_install'
[0.313s] Level 1:colcon.colcon_core.package_identification:_identify(runs) by extensions ['colcon_pkg']
[0.313s] Level 1:colcon.colcon_core.package_identification:_identify(runs) by extension 'colcon_pkg'
[0.313s] Level 1:colcon.colcon_core.package_identification:_identify(runs) by extensions ['colcon_meta']
[0.313s] Level 1:colcon.colcon_core.package_identification:_identify(runs) by extension 'colcon_meta'
[0.313s] Level 1:colcon.colcon_core.package_identification:_identify(runs) by extensions ['ros']
[0.313s] Level 1:colcon.colcon_core.package_identification:_identify(runs) by extension 'ros'
[0.313s] Level 1:colcon.colcon_core.package_identification:_identify(runs) by extensions ['cmake', 'python']
[0.313s] Level 1:colcon.colcon_core.package_identification:_identify(runs) by extension 'cmake'
[0.313s] Level 1:colcon.colcon_core.package_identification:_identify(runs) by extension 'python'
[0.313s] Level 1:colcon.colcon_core.package_identification:_identify(runs) by extensions ['python_setup_py']
[0.313s] Level 1:colcon.colcon_core.package_identification:_identify(runs) by extension 'python_setup_py'
[0.313s] Level 1:colcon.colcon_core.package_identification:_identify(runs/lightning_sim) by extensions ['ignore', 'ignore_ament_install']
[0.313s] Level 1:colcon.colcon_core.package_identification:_identify(runs/lightning_sim) by extension 'ignore'
[0.313s] Level 1:colcon.colcon_core.package_identification:_identify(runs/lightning_sim) by extension 'ignore_ament_install'
[0.313s] Level 1:colcon.colcon_core.package_identification:_identify(runs/lightning_sim) by extensions ['colcon_pkg']
[0.313s] Level 1:colcon.colcon_core.package_identification:_identify(runs/lightning_sim) by extension 'colcon_pkg'
[0.313s] Level 1:colcon.colcon_core.package_identification:_identify(runs/lightning_sim) by extensions ['colcon_meta']
[0.314s] Level 1:colcon.colcon_core.package_identification:_identify(runs/lightning_sim) by extension 'colcon_meta'
[0.314s] Level 1:colcon.colcon_core.package_identification:_identify(runs/lightning_sim) by extensions ['ros']
[0.314s] Level 1:colcon.colcon_core.package_identification:_identify(runs/lightning_sim) by extension 'ros'
[0.314s] Level 1:colcon.colcon_core.package_identification:_identify(runs/lightning_sim) by extensions ['cmake', 'python']
[0.314s] Level 1:colcon.colcon_core.package_identification:_identify(runs/lightning_sim) by extension 'cmake'
[0.314s] Level 1:colcon.colcon_core.package_identification:_identify(runs/lightning_sim) by extension 'python'
[0.314s] Level 1:colcon.colcon_core.package_identification:_identify(runs/lightning_sim) by extensions ['python_setup_py']
[0.314s] Level 1:colcon.colcon_core.package_identification:_identify(runs/lightning_sim) by extension 'python_setup_py'
[0.314s] Level 1:colcon.colcon_core.package_identification:_identify(runs/lightning_sim/offline-sim-20260814-111258-20260814-111944) by extensions ['ignore', 'ignore_ament_install']
[0.314s] Level 1:colcon.colcon_core.package_identification:_identify(runs/lightning_sim/offline-sim-20260814-111258-20260814-111944) by extension 'ignore'
[0.314s] Level 1:colcon.colcon_core.package_identification:_identify(runs/lightning_sim/offline-sim-20260814-111258-20260814-111944) by extension 'ignore_ament_install'
[0.314s] Level 1:colcon.colcon_core.package_identification:_identify(runs/lightning_sim/offline-sim-20260814-111258-20260814-111944) by extensions ['colcon_pkg']
[0.314s] Level 1:colcon.colcon_core.package_identification:_identify(runs/lightning_sim/offline-sim-20260814-111258-20260814-111944) by extension 'colcon_pkg'
[0.314s] Level 1:colcon.colcon_core.package_identification:_identify(runs/lightning_sim/offline-sim-20260814-111258-20260814-111944) by extensions ['colcon_meta']
[0.314s] Level 1:colcon.colcon_core.package_identification:_identify(runs/lightning_sim/offline-sim-20260814-111258-20260814-111944) by extension 'colcon_meta'
[0.314s] Level 1:colcon.colcon_core.package_identification:_identify(runs/lightning_sim/offline-sim-20260814-111258-20260814-111944) by extensions ['ros']
[0.314s] Level 1:colcon.colcon_core.package_identification:_identify(runs/lightning_sim/offline-sim-20260814-111258-20260814-111944) by extension 'ros'
[0.314s] Level 1:colcon.colcon_core.package_identification:_identify(runs/lightning_sim/offline-sim-20260814-111258-20260814-111944) by extensions ['cmake', 'python']
[0.314s] Level 1:colcon.colcon_core.package_identification:_identify(runs/lightning_sim/offline-sim-20260814-111258-20260814-111944) by extension 'cmake'
[0.314s] Level 1:colcon.colcon_core.package_identification:_identify(runs/lightning_sim/offline-sim-20260814-111258-20260814-111944) by extension 'python'
[0.314s] Level 1:colcon.colcon_core.package_identification:_identify(runs/lightning_sim/offline-sim-20260814-111258-20260814-111944) by extensions ['python_setup_py']
[0.314s] Level 1:colcon.colcon_core.package_identification:_identify(runs/lightning_sim/offline-sim-20260814-111258-20260814-111944) by extension 'python_setup_py'
[0.314s] Level 1:colcon.colcon_core.package_identification:_identify(runs/lightning_sim/offline-sim-20260814-111258-20260814-111944/data) by extensions ['ignore', 'ignore_ament_install']
[0.315s] Level 1:colcon.colcon_core.package_identification:_identify(runs/lightning_sim/offline-sim-20260814-111258-20260814-111944/data) by extension 'ignore'
[0.315s] Level 1:colcon.colcon_core.package_identification:_identify(runs/lightning_sim/offline-sim-20260814-111258-20260814-111944/data) by extension 'ignore_ament_install'
[0.315s] Level 1:colcon.colcon_core.package_identification:_identify(runs/lightning_sim/offline-sim-20260814-111258-20260814-111944/data) by extensions ['colcon_pkg']
[0.315s] Level 1:colcon.colcon_core.package_identification:_identify(runs/lightning_sim/offline-sim-20260814-111258-20260814-111944/data) by extension 'colcon_pkg'
[0.315s] Level 1:colcon.colcon_core.package_identification:_identify(runs/lightning_sim/offline-sim-20260814-111258-20260814-111944/data) by extensions ['colcon_meta']
[0.315s] Level 1:colcon.colcon_core.package_identification:_identify(runs/lightning_sim/offline-sim-20260814-111258-20260814-111944/data) by extension 'colcon_meta'
[0.315s] Level 1:colcon.colcon_core.package_identification:_identify(runs/lightning_sim/offline-sim-20260814-111258-20260814-111944/data) by extensions ['ros']
[0.315s] Level 1:colcon.colcon_core.package_identification:_identify(runs/lightning_sim/offline-sim-20260814-111258-20260814-111944/data) by extension 'ros'
[0.315s] Level 1:colcon.colcon_core.package_identification:_identify(runs/lightning_sim/offline-sim-20260814-111258-20260814-111944/data) by extensions ['cmake', 'python']
[0.315s] Level 1:colcon.colcon_core.package_identification:_identify(runs/lightning_sim/offline-sim-20260814-111258-20260814-111944/data) by extension 'cmake'
[0.315s] Level 1:colcon.colcon_core.package_identification:_identify(runs/lightning_sim/offline-sim-20260814-111258-20260814-111944/data) by extension 'python'
[0.315s] Level 1:colcon.colcon_core.package_identification:_identify(runs/lightning_sim/offline-sim-20260814-111258-20260814-111944/data) by extensions ['python_setup_py']
[0.315s] Level 1:colcon.colcon_core.package_identification:_identify(runs/lightning_sim/offline-sim-20260814-111258-20260814-111944/data) by extension 'python_setup_py'
[0.315s] Level 1:colcon.colcon_core.package_identification:_identify(runs/lightning_sim/offline-sim-20260814-111258-20260814-111944/data/new_map) by extensions ['ignore', 'ignore_ament_install']
[0.315s] Level 1:colcon.colcon_core.package_identification:_identify(runs/lightning_sim/offline-sim-20260814-111258-20260814-111944/data/new_map) by extension 'ignore'
[0.315s] Level 1:colcon.colcon_core.package_identification:_identify(runs/lightning_sim/offline-sim-20260814-111258-20260814-111944/data/new_map) by extension 'ignore_ament_install'
[0.315s] Level 1:colcon.colcon_core.package_identification:_identify(runs/lightning_sim/offline-sim-20260814-111258-20260814-111944/data/new_map) by extensions ['colcon_pkg']
[0.315s] Level 1:colcon.colcon_core.package_identification:_identify(runs/lightning_sim/offline-sim-20260814-111258-20260814-111944/data/new_map) by extension 'colcon_pkg'
[0.315s] Level 1:colcon.colcon_core.package_identification:_identify(runs/lightning_sim/offline-sim-20260814-111258-20260814-111944/data/new_map) by extensions ['colcon_meta']
[0.315s] Level 1:colcon.colcon_core.package_identification:_identify(runs/lightning_sim/offline-sim-20260814-111258-20260814-111944/data/new_map) by extension 'colcon_meta'
[0.315s] Level 1:colcon.colcon_core.package_identification:_identify(runs/lightning_sim/offline-sim-20260814-111258-20260814-111944/data/new_map) by extensions ['ros']
[0.315s] Level 1:colcon.colcon_core.package_identification:_identify(runs/lightning_sim/offline-sim-20260814-111258-20260814-111944/data/new_map) by extension 'ros'
[0.315s] Level 1:colcon.colcon_core.package_identification:_identify(runs/lightning_sim/offline-sim-20260814-111258-20260814-111944/data/new_map) by extensions ['cmake', 'python']
[0.316s] Level 1:colcon.colcon_core.package_identification:_identify(runs/lightning_sim/offline-sim-20260814-111258-20260814-111944/data/new_map) by extension 'cmake'
[0.316s] Level 1:colcon.colcon_core.package_identification:_identify(runs/lightning_sim/offline-sim-20260814-111258-20260814-111944/data/new_map) by extension 'python'
[0.316s] Level 1:colcon.colcon_core.package_identification:_identify(runs/lightning_sim/offline-sim-20260814-111258-20260814-111944/data/new_map) by extensions ['python_setup_py']
[0.316s] Level 1:colcon.colcon_core.package_identification:_identify(runs/lightning_sim/offline-sim-20260814-111258-20260814-111944/data/new_map) by extension 'python_setup_py'
[0.316s] Level 1:colcon.colcon_core.package_identification:_identify(runs/lightning_sim/offline-sim-20260814-111258-20260818-130149) by extensions ['ignore', 'ignore_ament_install']
[0.316s] Level 1:colcon.colcon_core.package_identification:_identify(runs/lightning_sim/offline-sim-20260814-111258-20260818-130149) by extension 'ignore'
[0.316s] Level 1:colcon.colcon_core.package_identification:_identify(runs/lightning_sim/offline-sim-20260814-111258-20260818-130149) by extension 'ignore_ament_install'
[0.316s] Level 1:colcon.colcon_core.package_identification:_identify(runs/lightning_sim/offline-sim-20260814-111258-20260818-130149) by extensions ['colcon_pkg']
[0.316s] Level 1:colcon.colcon_core.package_identification:_identify(runs/lightning_sim/offline-sim-20260814-111258-20260818-130149) by extension 'colcon_pkg'
[0.316s] Level 1:colcon.colcon_core.package_identification:_identify(runs/lightning_sim/offline-sim-20260814-111258-20260818-130149) by extensions ['colcon_meta']
[0.316s] Level 1:colcon.colcon_core.package_identification:_identify(runs/lightning_sim/offline-sim-20260814-111258-20260818-130149) by extension 'colcon_meta'
[0.316s] Level 1:colcon.colcon_core.package_identification:_identify(runs/lightning_sim/offline-sim-20260814-111258-20260818-130149) by extensions ['ros']
[0.316s] Level 1:colcon.colcon_core.package_identification:_identify(runs/lightning_sim/offline-sim-20260814-111258-20260818-130149) by extension 'ros'
[0.316s] Level 1:colcon.colcon_core.package_identification:_identify(runs/lightning_sim/offline-sim-20260814-111258-20260818-130149) by extensions ['cmake', 'python']
[0.316s] Level 1:colcon.colcon_core.package_identification:_identify(runs/lightning_sim/offline-sim-20260814-111258-20260818-130149) by extension 'cmake'
[0.316s] Level 1:colcon.colcon_core.package_identification:_identify(runs/lightning_sim/offline-sim-20260814-111258-20260818-130149) by extension 'python'
[0.316s] Level 1:colcon.colcon_core.package_identification:_identify(runs/lightning_sim/offline-sim-20260814-111258-20260818-130149) by extensions ['python_setup_py']
[0.316s] Level 1:colcon.colcon_core.package_identification:_identify(runs/lightning_sim/offline-sim-20260814-111258-20260818-130149) by extension 'python_setup_py'
[0.316s] Level 1:colcon.colcon_core.package_identification:_identify(runs/lightning_sim/offline-sim-20260814-111258-20260818-130149/data) by extensions ['ignore', 'ignore_ament_install']
[0.316s] Level 1:colcon.colcon_core.package_identification:_identify(runs/lightning_sim/offline-sim-20260814-111258-20260818-130149/data) by extension 'ignore'
[0.316s] Level 1:colcon.colcon_core.package_identification:_identify(runs/lightning_sim/offline-sim-20260814-111258-20260818-130149/data) by extension 'ignore_ament_install'
[0.316s] Level 1:colcon.colcon_core.package_identification:_identify(runs/lightning_sim/offline-sim-20260814-111258-20260818-130149/data) by extensions ['colcon_pkg']
[0.317s] Level 1:colcon.colcon_core.package_identification:_identify(runs/lightning_sim/offline-sim-20260814-111258-20260818-130149/data) by extension 'colcon_pkg'
[0.317s] Level 1:colcon.colcon_core.package_identification:_identify(runs/lightning_sim/offline-sim-20260814-111258-20260818-130149/data) by extensions ['colcon_meta']
[0.317s] Level 1:colcon.colcon_core.package_identification:_identify(runs/lightning_sim/offline-sim-20260814-111258-20260818-130149/data) by extension 'colcon_meta'
[0.317s] Level 1:colcon.colcon_core.package_identification:_identify(runs/lightning_sim/offline-sim-20260814-111258-20260818-130149/data) by extensions ['ros']
[0.317s] Level 1:colcon.colcon_core.package_identification:_identify(runs/lightning_sim/offline-sim-20260814-111258-20260818-130149/data) by extension 'ros'
[0.317s] Level 1:colcon.colcon_core.package_identification:_identify(runs/lightning_sim/offline-sim-20260814-111258-20260818-130149/data) by extensions ['cmake', 'python']
[0.317s] Level 1:colcon.colcon_core.package_identification:_identify(runs/lightning_sim/offline-sim-20260814-111258-20260818-130149/data) by extension 'cmake'
[0.317s] Level 1:colcon.colcon_core.package_identification:_identify(runs/lightning_sim/offline-sim-20260814-111258-20260818-130149/data) by extension 'python'
[0.317s] Level 1:colcon.colcon_core.package_identification:_identify(runs/lightning_sim/offline-sim-20260814-111258-20260818-130149/data) by extensions ['python_setup_py']
[0.317s] Level 1:colcon.colcon_core.package_identification:_identify(runs/lightning_sim/offline-sim-20260814-111258-20260818-130149/data) by extension 'python_setup_py'
[0.317s] Level 1:colcon.colcon_core.package_identification:_identify(runs/lightning_sim/offline-sim-20260814-111258-20260818-130149/data/new_map) by extensions ['ignore', 'ignore_ament_install']
[0.317s] Level 1:colcon.colcon_core.package_identification:_identify(runs/lightning_sim/offline-sim-20260814-111258-20260818-130149/data/new_map) by extension 'ignore'
[0.317s] Level 1:colcon.colcon_core.package_identification:_identify(runs/lightning_sim/offline-sim-20260814-111258-20260818-130149/data/new_map) by extension 'ignore_ament_install'
[0.317s] Level 1:colcon.colcon_core.package_identification:_identify(runs/lightning_sim/offline-sim-20260814-111258-20260818-130149/data/new_map) by extensions ['colcon_pkg']
[0.317s] Level 1:colcon.colcon_core.package_identification:_identify(runs/lightning_sim/offline-sim-20260814-111258-20260818-130149/data/new_map) by extension 'colcon_pkg'
[0.317s] Level 1:colcon.colcon_core.package_identification:_identify(runs/lightning_sim/offline-sim-20260814-111258-20260818-130149/data/new_map) by extensions ['colcon_meta']
[0.317s] Level 1:colcon.colcon_core.package_identification:_identify(runs/lightning_sim/offline-sim-20260814-111258-20260818-130149/data/new_map) by extension 'colcon_meta'
[0.317s] Level 1:colcon.colcon_core.package_identification:_identify(runs/lightning_sim/offline-sim-20260814-111258-20260818-130149/data/new_map) by extensions ['ros']
[0.317s] Level 1:colcon.colcon_core.package_identification:_identify(runs/lightning_sim/offline-sim-20260814-111258-20260818-130149/data/new_map) by extension 'ros'
[0.317s] Level 1:colcon.colcon_core.package_identification:_identify(runs/lightning_sim/offline-sim-20260814-111258-20260818-130149/data/new_map) by extensions ['cmake', 'python']
[0.317s] Level 1:colcon.colcon_core.package_identification:_identify(runs/lightning_sim/offline-sim-20260814-111258-20260818-130149/data/new_map) by extension 'cmake'
[0.317s] Level 1:colcon.colcon_core.package_identification:_identify(runs/lightning_sim/offline-sim-20260814-111258-20260818-130149/data/new_map) by extension 'python'
[0.317s] Level 1:colcon.colcon_core.package_identification:_identify(runs/lightning_sim/offline-sim-20260814-111258-20260818-130149/data/new_map) by extensions ['python_setup_py']
[0.317s] Level 1:colcon.colcon_core.package_identification:_identify(runs/lightning_sim/offline-sim-20260814-111258-20260818-130149/data/new_map) by extension 'python_setup_py'
[0.318s] Level 1:colcon.colcon_core.package_identification:_identify(runs/lightning_sim/offline-sim-20260814-111258-20260818-131712) by extensions ['ignore', 'ignore_ament_install']
[0.318s] Level 1:colcon.colcon_core.package_identification:_identify(runs/lightning_sim/offline-sim-20260814-111258-20260818-131712) by extension 'ignore'
[0.318s] Level 1:colcon.colcon_core.package_identification:_identify(runs/lightning_sim/offline-sim-20260814-111258-20260818-131712) by extension 'ignore_ament_install'
[0.318s] Level 1:colcon.colcon_core.package_identification:_identify(runs/lightning_sim/offline-sim-20260814-111258-20260818-131712) by extensions ['colcon_pkg']
[0.318s] Level 1:colcon.colcon_core.package_identification:_identify(runs/lightning_sim/offline-sim-20260814-111258-20260818-131712) by extension 'colcon_pkg'
[0.318s] Level 1:colcon.colcon_core.package_identification:_identify(runs/lightning_sim/offline-sim-20260814-111258-20260818-131712) by extensions ['colcon_meta']
[0.318s] Level 1:colcon.colcon_core.package_identification:_identify(runs/lightning_sim/offline-sim-20260814-111258-20260818-131712) by extension 'colcon_meta'
[0.318s] Level 1:colcon.colcon_core.package_identification:_identify(runs/lightning_sim/offline-sim-20260814-111258-20260818-131712) by extensions ['ros']
[0.318s] Level 1:colcon.colcon_core.package_identification:_identify(runs/lightning_sim/offline-sim-20260814-111258-20260818-131712) by extension 'ros'
[0.318s] Level 1:colcon.colcon_core.package_identification:_identify(runs/lightning_sim/offline-sim-20260814-111258-20260818-131712) by extensions ['cmake', 'python']
[0.318s] Level 1:colcon.colcon_core.package_identification:_identify(runs/lightning_sim/offline-sim-20260814-111258-20260818-131712) by extension 'cmake'
[0.318s] Level 1:colcon.colcon_core.package_identification:_identify(runs/lightning_sim/offline-sim-20260814-111258-20260818-131712) by extension 'python'
[0.318s] Level 1:colcon.colcon_core.package_identification:_identify(runs/lightning_sim/offline-sim-20260814-111258-20260818-131712) by extensions ['python_setup_py']
[0.318s] Level 1:colcon.colcon_core.package_identification:_identify(runs/lightning_sim/offline-sim-20260814-111258-20260818-131712) by extension 'python_setup_py'
[0.318s] Level 1:colcon.colcon_core.package_identification:_identify(runs/real_mid360) by extensions ['ignore', 'ignore_ament_install']
[0.318s] Level 1:colcon.colcon_core.package_identification:_identify(runs/real_mid360) by extension 'ignore'
[0.318s] Level 1:colcon.colcon_core.package_identification:_identify(runs/real_mid360) by extension 'ignore_ament_install'
[0.318s] Level 1:colcon.colcon_core.package_identification:_identify(runs/real_mid360) by extensions ['colcon_pkg']
[0.318s] Level 1:colcon.colcon_core.package_identification:_identify(runs/real_mid360) by extension 'colcon_pkg'
[0.318s] Level 1:colcon.colcon_core.package_identification:_identify(runs/real_mid360) by extensions ['colcon_meta']
[0.318s] Level 1:colcon.colcon_core.package_identification:_identify(runs/real_mid360) by extension 'colcon_meta'
[0.318s] Level 1:colcon.colcon_core.package_identification:_identify(runs/real_mid360) by extensions ['ros']
[0.318s] Level 1:colcon.colcon_core.package_identification:_identify(runs/real_mid360) by extension 'ros'
[0.319s] Level 1:colcon.colcon_core.package_identification:_identify(runs/real_mid360) by extensions ['cmake', 'python']
[0.319s] Level 1:colcon.colcon_core.package_identification:_identify(runs/real_mid360) by extension 'cmake'
[0.319s] Level 1:colcon.colcon_core.package_identification:_identify(runs/real_mid360) by extension 'python'
[0.319s] Level 1:colcon.colcon_core.package_identification:_identify(runs/real_mid360) by extensions ['python_setup_py']
[0.319s] Level 1:colcon.colcon_core.package_identification:_identify(runs/real_mid360) by extension 'python_setup_py'
[0.319s] Level 1:colcon.colcon_core.package_identification:_identify(runs/real_mid360/inspection) by extensions ['ignore', 'ignore_ament_install']
[0.319s] Level 1:colcon.colcon_core.package_identification:_identify(runs/real_mid360/inspection) by extension 'ignore'
[0.319s] Level 1:colcon.colcon_core.package_identification:_identify(runs/real_mid360/inspection) by extension 'ignore_ament_install'
[0.319s] Level 1:colcon.colcon_core.package_identification:_identify(runs/real_mid360/inspection) by extensions ['colcon_pkg']
[0.319s] Level 1:colcon.colcon_core.package_identification:_identify(runs/real_mid360/inspection) by extension 'colcon_pkg'
[0.319s] Level 1:colcon.colcon_core.package_identification:_identify(runs/real_mid360/inspection) by extensions ['colcon_meta']
[0.319s] Level 1:colcon.colcon_core.package_identification:_identify(runs/real_mid360/inspection) by extension 'colcon_meta'
[0.319s] Level 1:colcon.colcon_core.package_identification:_identify(runs/real_mid360/inspection) by extensions ['ros']
[0.319s] Level 1:colcon.colcon_core.package_identification:_identify(runs/real_mid360/inspection) by extension 'ros'
[0.319s] Level 1:colcon.colcon_core.package_identification:_identify(runs/real_mid360/inspection) by extensions ['cmake', 'python']
[0.319s] Level 1:colcon.colcon_core.package_identification:_identify(runs/real_mid360/inspection) by extension 'cmake'
[0.319s] Level 1:colcon.colcon_core.package_identification:_identify(runs/real_mid360/inspection) by extension 'python'
[0.319s] Level 1:colcon.colcon_core.package_identification:_identify(runs/real_mid360/inspection) by extensions ['python_setup_py']
[0.319s] Level 1:colcon.colcon_core.package_identification:_identify(runs/real_mid360/inspection) by extension 'python_setup_py'
[0.319s] Level 1:colcon.colcon_core.package_identification:_identify(runs/real_mid360/localization_tests) by extensions ['ignore', 'ignore_ament_install']
[0.319s] Level 1:colcon.colcon_core.package_identification:_identify(runs/real_mid360/localization_tests) by extension 'ignore'
[0.319s] Level 1:colcon.colcon_core.package_identification:_identify(runs/real_mid360/localization_tests) by extension 'ignore_ament_install'
[0.320s] Level 1:colcon.colcon_core.package_identification:_identify(runs/real_mid360/localization_tests) by extensions ['colcon_pkg']
[0.320s] Level 1:colcon.colcon_core.package_identification:_identify(runs/real_mid360/localization_tests) by extension 'colcon_pkg'
[0.320s] Level 1:colcon.colcon_core.package_identification:_identify(runs/real_mid360/localization_tests) by extensions ['colcon_meta']
[0.320s] Level 1:colcon.colcon_core.package_identification:_identify(runs/real_mid360/localization_tests) by extension 'colcon_meta'
[0.320s] Level 1:colcon.colcon_core.package_identification:_identify(runs/real_mid360/localization_tests) by extensions ['ros']
[0.320s] Level 1:colcon.colcon_core.package_identification:_identify(runs/real_mid360/localization_tests) by extension 'ros'
[0.320s] Level 1:colcon.colcon_core.package_identification:_identify(runs/real_mid360/localization_tests) by extensions ['cmake', 'python']
[0.320s] Level 1:colcon.colcon_core.package_identification:_identify(runs/real_mid360/localization_tests) by extension 'cmake'
[0.320s] Level 1:colcon.colcon_core.package_identification:_identify(runs/real_mid360/localization_tests) by extension 'python'
[0.320s] Level 1:colcon.colcon_core.package_identification:_identify(runs/real_mid360/localization_tests) by extensions ['python_setup_py']
[0.320s] Level 1:colcon.colcon_core.package_identification:_identify(runs/real_mid360/localization_tests) by extension 'python_setup_py'
[0.320s] Level 1:colcon.colcon_core.package_identification:_identify(runs/real_mid360/localization_tests/figures) by extensions ['ignore', 'ignore_ament_install']
[0.320s] Level 1:colcon.colcon_core.package_identification:_identify(runs/real_mid360/localization_tests/figures) by extension 'ignore'
[0.320s] Level 1:colcon.colcon_core.package_identification:_identify(runs/real_mid360/localization_tests/figures) by extension 'ignore_ament_install'
[0.320s] Level 1:colcon.colcon_core.package_identification:_identify(runs/real_mid360/localization_tests/figures) by extensions ['colcon_pkg']
[0.320s] Level 1:colcon.colcon_core.package_identification:_identify(runs/real_mid360/localization_tests/figures) by extension 'colcon_pkg'
[0.320s] Level 1:colcon.colcon_core.package_identification:_identify(runs/real_mid360/localization_tests/figures) by extensions ['colcon_meta']
[0.320s] Level 1:colcon.colcon_core.package_identification:_identify(runs/real_mid360/localization_tests/figures) by extension 'colcon_meta'
[0.320s] Level 1:colcon.colcon_core.package_identification:_identify(runs/real_mid360/localization_tests/figures) by extensions ['ros']
[0.320s] Level 1:colcon.colcon_core.package_identification:_identify(runs/real_mid360/localization_tests/figures) by extension 'ros'
[0.320s] Level 1:colcon.colcon_core.package_identification:_identify(runs/real_mid360/localization_tests/figures) by extensions ['cmake', 'python']
[0.320s] Level 1:colcon.colcon_core.package_identification:_identify(runs/real_mid360/localization_tests/figures) by extension 'cmake'
[0.320s] Level 1:colcon.colcon_core.package_identification:_identify(runs/real_mid360/localization_tests/figures) by extension 'python'
[0.320s] Level 1:colcon.colcon_core.package_identification:_identify(runs/real_mid360/localization_tests/figures) by extensions ['python_setup_py']
[0.320s] Level 1:colcon.colcon_core.package_identification:_identify(runs/real_mid360/localization_tests/figures) by extension 'python_setup_py'
[0.321s] Level 1:colcon.colcon_core.package_identification:_identify(runs/real_mid360/offline-mid360-dynamic-20260814-175320-20260814-175948) by extensions ['ignore', 'ignore_ament_install']
[0.321s] Level 1:colcon.colcon_core.package_identification:_identify(runs/real_mid360/offline-mid360-dynamic-20260814-175320-20260814-175948) by extension 'ignore'
[0.321s] Level 1:colcon.colcon_core.package_identification:_identify(runs/real_mid360/offline-mid360-dynamic-20260814-175320-20260814-175948) by extension 'ignore_ament_install'
[0.321s] Level 1:colcon.colcon_core.package_identification:_identify(runs/real_mid360/offline-mid360-dynamic-20260814-175320-20260814-175948) by extensions ['colcon_pkg']
[0.321s] Level 1:colcon.colcon_core.package_identification:_identify(runs/real_mid360/offline-mid360-dynamic-20260814-175320-20260814-175948) by extension 'colcon_pkg'
[0.321s] Level 1:colcon.colcon_core.package_identification:_identify(runs/real_mid360/offline-mid360-dynamic-20260814-175320-20260814-175948) by extensions ['colcon_meta']
[0.321s] Level 1:colcon.colcon_core.package_identification:_identify(runs/real_mid360/offline-mid360-dynamic-20260814-175320-20260814-175948) by extension 'colcon_meta'
[0.321s] Level 1:colcon.colcon_core.package_identification:_identify(runs/real_mid360/offline-mid360-dynamic-20260814-175320-20260814-175948) by extensions ['ros']
[0.321s] Level 1:colcon.colcon_core.package_identification:_identify(runs/real_mid360/offline-mid360-dynamic-20260814-175320-20260814-175948) by extension 'ros'
[0.321s] Level 1:colcon.colcon_core.package_identification:_identify(runs/real_mid360/offline-mid360-dynamic-20260814-175320-20260814-175948) by extensions ['cmake', 'python']
[0.321s] Level 1:colcon.colcon_core.package_identification:_identify(runs/real_mid360/offline-mid360-dynamic-20260814-175320-20260814-175948) by extension 'cmake'
[0.321s] Level 1:colcon.colcon_core.package_identification:_identify(runs/real_mid360/offline-mid360-dynamic-20260814-175320-20260814-175948) by extension 'python'
[0.321s] Level 1:colcon.colcon_core.package_identification:_identify(runs/real_mid360/offline-mid360-dynamic-20260814-175320-20260814-175948) by extensions ['python_setup_py']
[0.321s] Level 1:colcon.colcon_core.package_identification:_identify(runs/real_mid360/offline-mid360-dynamic-20260814-175320-20260814-175948) by extension 'python_setup_py'
[0.321s] Level 1:colcon.colcon_core.package_identification:_identify(runs/real_mid360/offline-mid360-dynamic-20260814-175320-20260814-175948/data) by extensions ['ignore', 'ignore_ament_install']
[0.321s] Level 1:colcon.colcon_core.package_identification:_identify(runs/real_mid360/offline-mid360-dynamic-20260814-175320-20260814-175948/data) by extension 'ignore'
[0.321s] Level 1:colcon.colcon_core.package_identification:_identify(runs/real_mid360/offline-mid360-dynamic-20260814-175320-20260814-175948/data) by extension 'ignore_ament_install'
[0.321s] Level 1:colcon.colcon_core.package_identification:_identify(runs/real_mid360/offline-mid360-dynamic-20260814-175320-20260814-175948/data) by extensions ['colcon_pkg']
[0.321s] Level 1:colcon.colcon_core.package_identification:_identify(runs/real_mid360/offline-mid360-dynamic-20260814-175320-20260814-175948/data) by extension 'colcon_pkg'
[0.321s] Level 1:colcon.colcon_core.package_identification:_identify(runs/real_mid360/offline-mid360-dynamic-20260814-175320-20260814-175948/data) by extensions ['colcon_meta']
[0.321s] Level 1:colcon.colcon_core.package_identification:_identify(runs/real_mid360/offline-mid360-dynamic-20260814-175320-20260814-175948/data) by extension 'colcon_meta'
[0.321s] Level 1:colcon.colcon_core.package_identification:_identify(runs/real_mid360/offline-mid360-dynamic-20260814-175320-20260814-175948/data) by extensions ['ros']
[0.322s] Level 1:colcon.colcon_core.package_identification:_identify(runs/real_mid360/offline-mid360-dynamic-20260814-175320-20260814-175948/data) by extension 'ros'
[0.322s] Level 1:colcon.colcon_core.package_identification:_identify(runs/real_mid360/offline-mid360-dynamic-20260814-175320-20260814-175948/data) by extensions ['cmake', 'python']
[0.322s] Level 1:colcon.colcon_core.package_identification:_identify(runs/real_mid360/offline-mid360-dynamic-20260814-175320-20260814-175948/data) by extension 'cmake'
[0.322s] Level 1:colcon.colcon_core.package_identification:_identify(runs/real_mid360/offline-mid360-dynamic-20260814-175320-20260814-175948/data) by extension 'python'
[0.322s] Level 1:colcon.colcon_core.package_identification:_identify(runs/real_mid360/offline-mid360-dynamic-20260814-175320-20260814-175948/data) by extensions ['python_setup_py']
[0.322s] Level 1:colcon.colcon_core.package_identification:_identify(runs/real_mid360/offline-mid360-dynamic-20260814-175320-20260814-175948/data) by extension 'python_setup_py'
[0.322s] Level 1:colcon.colcon_core.package_identification:_identify(runs/real_mid360/offline-mid360-dynamic-20260814-175320-20260814-175948/data/new_map) by extensions ['ignore', 'ignore_ament_install']
[0.322s] Level 1:colcon.colcon_core.package_identification:_identify(runs/real_mid360/offline-mid360-dynamic-20260814-175320-20260814-175948/data/new_map) by extension 'ignore'
[0.322s] Level 1:colcon.colcon_core.package_identification:_identify(runs/real_mid360/offline-mid360-dynamic-20260814-175320-20260814-175948/data/new_map) by extension 'ignore_ament_install'
[0.322s] Level 1:colcon.colcon_core.package_identification:_identify(runs/real_mid360/offline-mid360-dynamic-20260814-175320-20260814-175948/data/new_map) by extensions ['colcon_pkg']
[0.322s] Level 1:colcon.colcon_core.package_identification:_identify(runs/real_mid360/offline-mid360-dynamic-20260814-175320-20260814-175948/data/new_map) by extension 'colcon_pkg'
[0.322s] Level 1:colcon.colcon_core.package_identification:_identify(runs/real_mid360/offline-mid360-dynamic-20260814-175320-20260814-175948/data/new_map) by extensions ['colcon_meta']
[0.322s] Level 1:colcon.colcon_core.package_identification:_identify(runs/real_mid360/offline-mid360-dynamic-20260814-175320-20260814-175948/data/new_map) by extension 'colcon_meta'
[0.322s] Level 1:colcon.colcon_core.package_identification:_identify(runs/real_mid360/offline-mid360-dynamic-20260814-175320-20260814-175948/data/new_map) by extensions ['ros']
[0.322s] Level 1:colcon.colcon_core.package_identification:_identify(runs/real_mid360/offline-mid360-dynamic-20260814-175320-20260814-175948/data/new_map) by extension 'ros'
[0.322s] Level 1:colcon.colcon_core.package_identification:_identify(runs/real_mid360/offline-mid360-dynamic-20260814-175320-20260814-175948/data/new_map) by extensions ['cmake', 'python']
[0.322s] Level 1:colcon.colcon_core.package_identification:_identify(runs/real_mid360/offline-mid360-dynamic-20260814-175320-20260814-175948/data/new_map) by extension 'cmake'
[0.322s] Level 1:colcon.colcon_core.package_identification:_identify(runs/real_mid360/offline-mid360-dynamic-20260814-175320-20260814-175948/data/new_map) by extension 'python'
[0.322s] Level 1:colcon.colcon_core.package_identification:_identify(runs/real_mid360/offline-mid360-dynamic-20260814-175320-20260814-175948/data/new_map) by extensions ['python_setup_py']
[0.322s] Level 1:colcon.colcon_core.package_identification:_identify(runs/real_mid360/offline-mid360-dynamic-20260814-175320-20260814-175948/data/new_map) by extension 'python_setup_py'
[0.322s] Level 1:colcon.colcon_core.package_identification:_identify(runs/real_mid360/offline-mid360-loop-20260814-180225-20260814-180903) by extensions ['ignore', 'ignore_ament_install']
[0.322s] Level 1:colcon.colcon_core.package_identification:_identify(runs/real_mid360/offline-mid360-loop-20260814-180225-20260814-180903) by extension 'ignore'
[0.323s] Level 1:colcon.colcon_core.package_identification:_identify(runs/real_mid360/offline-mid360-loop-20260814-180225-20260814-180903) by extension 'ignore_ament_install'
[0.323s] Level 1:colcon.colcon_core.package_identification:_identify(runs/real_mid360/offline-mid360-loop-20260814-180225-20260814-180903) by extensions ['colcon_pkg']
[0.323s] Level 1:colcon.colcon_core.package_identification:_identify(runs/real_mid360/offline-mid360-loop-20260814-180225-20260814-180903) by extension 'colcon_pkg'
[0.323s] Level 1:colcon.colcon_core.package_identification:_identify(runs/real_mid360/offline-mid360-loop-20260814-180225-20260814-180903) by extensions ['colcon_meta']
[0.323s] Level 1:colcon.colcon_core.package_identification:_identify(runs/real_mid360/offline-mid360-loop-20260814-180225-20260814-180903) by extension 'colcon_meta'
[0.323s] Level 1:colcon.colcon_core.package_identification:_identify(runs/real_mid360/offline-mid360-loop-20260814-180225-20260814-180903) by extensions ['ros']
[0.323s] Level 1:colcon.colcon_core.package_identification:_identify(runs/real_mid360/offline-mid360-loop-20260814-180225-20260814-180903) by extension 'ros'
[0.323s] Level 1:colcon.colcon_core.package_identification:_identify(runs/real_mid360/offline-mid360-loop-20260814-180225-20260814-180903) by extensions ['cmake', 'python']
[0.323s] Level 1:colcon.colcon_core.package_identification:_identify(runs/real_mid360/offline-mid360-loop-20260814-180225-20260814-180903) by extension 'cmake'
[0.323s] Level 1:colcon.colcon_core.package_identification:_identify(runs/real_mid360/offline-mid360-loop-20260814-180225-20260814-180903) by extension 'python'
[0.323s] Level 1:colcon.colcon_core.package_identification:_identify(runs/real_mid360/offline-mid360-loop-20260814-180225-20260814-180903) by extensions ['python_setup_py']
[0.323s] Level 1:colcon.colcon_core.package_identification:_identify(runs/real_mid360/offline-mid360-loop-20260814-180225-20260814-180903) by extension 'python_setup_py'
[0.323s] Level 1:colcon.colcon_core.package_identification:_identify(runs/real_mid360/offline-mid360-loop-20260814-180225-20260814-180903/data) by extensions ['ignore', 'ignore_ament_install']
[0.323s] Level 1:colcon.colcon_core.package_identification:_identify(runs/real_mid360/offline-mid360-loop-20260814-180225-20260814-180903/data) by extension 'ignore'
[0.323s] Level 1:colcon.colcon_core.package_identification:_identify(runs/real_mid360/offline-mid360-loop-20260814-180225-20260814-180903/data) by extension 'ignore_ament_install'
[0.323s] Level 1:colcon.colcon_core.package_identification:_identify(runs/real_mid360/offline-mid360-loop-20260814-180225-20260814-180903/data) by extensions ['colcon_pkg']
[0.323s] Level 1:colcon.colcon_core.package_identification:_identify(runs/real_mid360/offline-mid360-loop-20260814-180225-20260814-180903/data) by extension 'colcon_pkg'
[0.323s] Level 1:colcon.colcon_core.package_identification:_identify(runs/real_mid360/offline-mid360-loop-20260814-180225-20260814-180903/data) by extensions ['colcon_meta']
[0.323s] Level 1:colcon.colcon_core.package_identification:_identify(runs/real_mid360/offline-mid360-loop-20260814-180225-20260814-180903/data) by extension 'colcon_meta'
[0.323s] Level 1:colcon.colcon_core.package_identification:_identify(runs/real_mid360/offline-mid360-loop-20260814-180225-20260814-180903/data) by extensions ['ros']
[0.323s] Level 1:colcon.colcon_core.package_identification:_identify(runs/real_mid360/offline-mid360-loop-20260814-180225-20260814-180903/data) by extension 'ros'
[0.323s] Level 1:colcon.colcon_core.package_identification:_identify(runs/real_mid360/offline-mid360-loop-20260814-180225-20260814-180903/data) by extensions ['cmake', 'python']
[0.323s] Level 1:colcon.colcon_core.package_identification:_identify(runs/real_mid360/offline-mid360-loop-20260814-180225-20260814-180903/data) by extension 'cmake'
[0.323s] Level 1:colcon.colcon_core.package_identification:_identify(runs/real_mid360/offline-mid360-loop-20260814-180225-20260814-180903/data) by extension 'python'
[0.324s] Level 1:colcon.colcon_core.package_identification:_identify(runs/real_mid360/offline-mid360-loop-20260814-180225-20260814-180903/data) by extensions ['python_setup_py']
[0.324s] Level 1:colcon.colcon_core.package_identification:_identify(runs/real_mid360/offline-mid360-loop-20260814-180225-20260814-180903/data) by extension 'python_setup_py'
[0.324s] Level 1:colcon.colcon_core.package_identification:_identify(runs/real_mid360/offline-mid360-loop-20260814-180225-20260814-180903/data/new_map) by extensions ['ignore', 'ignore_ament_install']
[0.324s] Level 1:colcon.colcon_core.package_identification:_identify(runs/real_mid360/offline-mid360-loop-20260814-180225-20260814-180903/data/new_map) by extension 'ignore'
[0.324s] Level 1:colcon.colcon_core.package_identification:_identify(runs/real_mid360/offline-mid360-loop-20260814-180225-20260814-180903/data/new_map) by extension 'ignore_ament_install'
[0.324s] Level 1:colcon.colcon_core.package_identification:_identify(runs/real_mid360/offline-mid360-loop-20260814-180225-20260814-180903/data/new_map) by extensions ['colcon_pkg']
[0.324s] Level 1:colcon.colcon_core.package_identification:_identify(runs/real_mid360/offline-mid360-loop-20260814-180225-20260814-180903/data/new_map) by extension 'colcon_pkg'
[0.324s] Level 1:colcon.colcon_core.package_identification:_identify(runs/real_mid360/offline-mid360-loop-20260814-180225-20260814-180903/data/new_map) by extensions ['colcon_meta']
[0.324s] Level 1:colcon.colcon_core.package_identification:_identify(runs/real_mid360/offline-mid360-loop-20260814-180225-20260814-180903/data/new_map) by extension 'colcon_meta'
[0.324s] Level 1:colcon.colcon_core.package_identification:_identify(runs/real_mid360/offline-mid360-loop-20260814-180225-20260814-180903/data/new_map) by extensions ['ros']
[0.324s] Level 1:colcon.colcon_core.package_identification:_identify(runs/real_mid360/offline-mid360-loop-20260814-180225-20260814-180903/data/new_map) by extension 'ros'
[0.324s] Level 1:colcon.colcon_core.package_identification:_identify(runs/real_mid360/offline-mid360-loop-20260814-180225-20260814-180903/data/new_map) by extensions ['cmake', 'python']
[0.324s] Level 1:colcon.colcon_core.package_identification:_identify(runs/real_mid360/offline-mid360-loop-20260814-180225-20260814-180903/data/new_map) by extension 'cmake'
[0.324s] Level 1:colcon.colcon_core.package_identification:_identify(runs/real_mid360/offline-mid360-loop-20260814-180225-20260814-180903/data/new_map) by extension 'python'
[0.324s] Level 1:colcon.colcon_core.package_identification:_identify(runs/real_mid360/offline-mid360-loop-20260814-180225-20260814-180903/data/new_map) by extensions ['python_setup_py']
[0.324s] Level 1:colcon.colcon_core.package_identification:_identify(runs/real_mid360/offline-mid360-loop-20260814-180225-20260814-180903/data/new_map) by extension 'python_setup_py'
[0.324s] Level 1:colcon.colcon_core.package_identification:_identify(runs/real_mid360/offline-mid360-loop-20260814-180225-20260819-121727) by extensions ['ignore', 'ignore_ament_install']
[0.324s] Level 1:colcon.colcon_core.package_identification:_identify(runs/real_mid360/offline-mid360-loop-20260814-180225-20260819-121727) by extension 'ignore'
[0.324s] Level 1:colcon.colcon_core.package_identification:_identify(runs/real_mid360/offline-mid360-loop-20260814-180225-20260819-121727) by extension 'ignore_ament_install'
[0.324s] Level 1:colcon.colcon_core.package_identification:_identify(runs/real_mid360/offline-mid360-loop-20260814-180225-20260819-121727) by extensions ['colcon_pkg']
[0.324s] Level 1:colcon.colcon_core.package_identification:_identify(runs/real_mid360/offline-mid360-loop-20260814-180225-20260819-121727) by extension 'colcon_pkg'
[0.324s] Level 1:colcon.colcon_core.package_identification:_identify(runs/real_mid360/offline-mid360-loop-20260814-180225-20260819-121727) by extensions ['colcon_meta']
[0.324s] Level 1:colcon.colcon_core.package_identification:_identify(runs/real_mid360/offline-mid360-loop-20260814-180225-20260819-121727) by extension 'colcon_meta'
[0.325s] Level 1:colcon.colcon_core.package_identification:_identify(runs/real_mid360/offline-mid360-loop-20260814-180225-20260819-121727) by extensions ['ros']
[0.325s] Level 1:colcon.colcon_core.package_identification:_identify(runs/real_mid360/offline-mid360-loop-20260814-180225-20260819-121727) by extension 'ros'
[0.325s] Level 1:colcon.colcon_core.package_identification:_identify(runs/real_mid360/offline-mid360-loop-20260814-180225-20260819-121727) by extensions ['cmake', 'python']
[0.325s] Level 1:colcon.colcon_core.package_identification:_identify(runs/real_mid360/offline-mid360-loop-20260814-180225-20260819-121727) by extension 'cmake'
[0.325s] Level 1:colcon.colcon_core.package_identification:_identify(runs/real_mid360/offline-mid360-loop-20260814-180225-20260819-121727) by extension 'python'
[0.325s] Level 1:colcon.colcon_core.package_identification:_identify(runs/real_mid360/offline-mid360-loop-20260814-180225-20260819-121727) by extensions ['python_setup_py']
[0.325s] Level 1:colcon.colcon_core.package_identification:_identify(runs/real_mid360/offline-mid360-loop-20260814-180225-20260819-121727) by extension 'python_setup_py'
[0.325s] Level 1:colcon.colcon_core.package_identification:_identify(runs/real_mid360/offline-mid360-loop-20260814-180225-20260819-121911) by extensions ['ignore', 'ignore_ament_install']
[0.325s] Level 1:colcon.colcon_core.package_identification:_identify(runs/real_mid360/offline-mid360-loop-20260814-180225-20260819-121911) by extension 'ignore'
[0.325s] Level 1:colcon.colcon_core.package_identification:_identify(runs/real_mid360/offline-mid360-loop-20260814-180225-20260819-121911) by extension 'ignore_ament_install'
[0.325s] Level 1:colcon.colcon_core.package_identification:_identify(runs/real_mid360/offline-mid360-loop-20260814-180225-20260819-121911) by extensions ['colcon_pkg']
[0.325s] Level 1:colcon.colcon_core.package_identification:_identify(runs/real_mid360/offline-mid360-loop-20260814-180225-20260819-121911) by extension 'colcon_pkg'
[0.325s] Level 1:colcon.colcon_core.package_identification:_identify(runs/real_mid360/offline-mid360-loop-20260814-180225-20260819-121911) by extensions ['colcon_meta']
[0.325s] Level 1:colcon.colcon_core.package_identification:_identify(runs/real_mid360/offline-mid360-loop-20260814-180225-20260819-121911) by extension 'colcon_meta'
[0.325s] Level 1:colcon.colcon_core.package_identification:_identify(runs/real_mid360/offline-mid360-loop-20260814-180225-20260819-121911) by extensions ['ros']
[0.325s] Level 1:colcon.colcon_core.package_identification:_identify(runs/real_mid360/offline-mid360-loop-20260814-180225-20260819-121911) by extension 'ros'
[0.325s] Level 1:colcon.colcon_core.package_identification:_identify(runs/real_mid360/offline-mid360-loop-20260814-180225-20260819-121911) by extensions ['cmake', 'python']
[0.325s] Level 1:colcon.colcon_core.package_identification:_identify(runs/real_mid360/offline-mid360-loop-20260814-180225-20260819-121911) by extension 'cmake'
[0.325s] Level 1:colcon.colcon_core.package_identification:_identify(runs/real_mid360/offline-mid360-loop-20260814-180225-20260819-121911) by extension 'python'
[0.325s] Level 1:colcon.colcon_core.package_identification:_identify(runs/real_mid360/offline-mid360-loop-20260814-180225-20260819-121911) by extensions ['python_setup_py']
[0.325s] Level 1:colcon.colcon_core.package_identification:_identify(runs/real_mid360/offline-mid360-loop-20260814-180225-20260819-121911) by extension 'python_setup_py'
[0.325s] Level 1:colcon.colcon_core.package_identification:_identify(runs/real_mid360/offline-mid360-loop-20260814-180225-20260819-122805) by extensions ['ignore', 'ignore_ament_install']
[0.326s] Level 1:colcon.colcon_core.package_identification:_identify(runs/real_mid360/offline-mid360-loop-20260814-180225-20260819-122805) by extension 'ignore'
[0.326s] Level 1:colcon.colcon_core.package_identification:_identify(runs/real_mid360/offline-mid360-loop-20260814-180225-20260819-122805) by extension 'ignore_ament_install'
[0.326s] Level 1:colcon.colcon_core.package_identification:_identify(runs/real_mid360/offline-mid360-loop-20260814-180225-20260819-122805) by extensions ['colcon_pkg']
[0.326s] Level 1:colcon.colcon_core.package_identification:_identify(runs/real_mid360/offline-mid360-loop-20260814-180225-20260819-122805) by extension 'colcon_pkg'
[0.326s] Level 1:colcon.colcon_core.package_identification:_identify(runs/real_mid360/offline-mid360-loop-20260814-180225-20260819-122805) by extensions ['colcon_meta']
[0.326s] Level 1:colcon.colcon_core.package_identification:_identify(runs/real_mid360/offline-mid360-loop-20260814-180225-20260819-122805) by extension 'colcon_meta'
[0.326s] Level 1:colcon.colcon_core.package_identification:_identify(runs/real_mid360/offline-mid360-loop-20260814-180225-20260819-122805) by extensions ['ros']
[0.326s] Level 1:colcon.colcon_core.package_identification:_identify(runs/real_mid360/offline-mid360-loop-20260814-180225-20260819-122805) by extension 'ros'
[0.326s] Level 1:colcon.colcon_core.package_identification:_identify(runs/real_mid360/offline-mid360-loop-20260814-180225-20260819-122805) by extensions ['cmake', 'python']
[0.326s] Level 1:colcon.colcon_core.package_identification:_identify(runs/real_mid360/offline-mid360-loop-20260814-180225-20260819-122805) by extension 'cmake'
[0.326s] Level 1:colcon.colcon_core.package_identification:_identify(runs/real_mid360/offline-mid360-loop-20260814-180225-20260819-122805) by extension 'python'
[0.326s] Level 1:colcon.colcon_core.package_identification:_identify(runs/real_mid360/offline-mid360-loop-20260814-180225-20260819-122805) by extensions ['python_setup_py']
[0.326s] Level 1:colcon.colcon_core.package_identification:_identify(runs/real_mid360/offline-mid360-loop-20260814-180225-20260819-122805) by extension 'python_setup_py'
[0.326s] Level 1:colcon.colcon_core.package_identification:_identify(runs/real_mid360/offline-mid360-loop-20260814-180225-20260819-122805/data) by extensions ['ignore', 'ignore_ament_install']
[0.326s] Level 1:colcon.colcon_core.package_identification:_identify(runs/real_mid360/offline-mid360-loop-20260814-180225-20260819-122805/data) by extension 'ignore'
[0.326s] Level 1:colcon.colcon_core.package_identification:_identify(runs/real_mid360/offline-mid360-loop-20260814-180225-20260819-122805/data) by extension 'ignore_ament_install'
[0.326s] Level 1:colcon.colcon_core.package_identification:_identify(runs/real_mid360/offline-mid360-loop-20260814-180225-20260819-122805/data) by extensions ['colcon_pkg']
[0.326s] Level 1:colcon.colcon_core.package_identification:_identify(runs/real_mid360/offline-mid360-loop-20260814-180225-20260819-122805/data) by extension 'colcon_pkg'
[0.326s] Level 1:colcon.colcon_core.package_identification:_identify(runs/real_mid360/offline-mid360-loop-20260814-180225-20260819-122805/data) by extensions ['colcon_meta']
[0.326s] Level 1:colcon.colcon_core.package_identification:_identify(runs/real_mid360/offline-mid360-loop-20260814-180225-20260819-122805/data) by extension 'colcon_meta'
[0.326s] Level 1:colcon.colcon_core.package_identification:_identify(runs/real_mid360/offline-mid360-loop-20260814-180225-20260819-122805/data) by extensions ['ros']
[0.326s] Level 1:colcon.colcon_core.package_identification:_identify(runs/real_mid360/offline-mid360-loop-20260814-180225-20260819-122805/data) by extension 'ros'
[0.326s] Level 1:colcon.colcon_core.package_identification:_identify(runs/real_mid360/offline-mid360-loop-20260814-180225-20260819-122805/data) by extensions ['cmake', 'python']
[0.326s] Level 1:colcon.colcon_core.package_identification:_identify(runs/real_mid360/offline-mid360-loop-20260814-180225-20260819-122805/data) by extension 'cmake'
[0.326s] Level 1:colcon.colcon_core.package_identification:_identify(runs/real_mid360/offline-mid360-loop-20260814-180225-20260819-122805/data) by extension 'python'
[0.327s] Level 1:colcon.colcon_core.package_identification:_identify(runs/real_mid360/offline-mid360-loop-20260814-180225-20260819-122805/data) by extensions ['python_setup_py']
[0.327s] Level 1:colcon.colcon_core.package_identification:_identify(runs/real_mid360/offline-mid360-loop-20260814-180225-20260819-122805/data) by extension 'python_setup_py'
[0.327s] Level 1:colcon.colcon_core.package_identification:_identify(runs/real_mid360/offline-mid360-loop-20260814-180225-20260819-122805/data/new_map) by extensions ['ignore', 'ignore_ament_install']
[0.327s] Level 1:colcon.colcon_core.package_identification:_identify(runs/real_mid360/offline-mid360-loop-20260814-180225-20260819-122805/data/new_map) by extension 'ignore'
[0.327s] Level 1:colcon.colcon_core.package_identification:_identify(runs/real_mid360/offline-mid360-loop-20260814-180225-20260819-122805/data/new_map) by extension 'ignore_ament_install'
[0.327s] Level 1:colcon.colcon_core.package_identification:_identify(runs/real_mid360/offline-mid360-loop-20260814-180225-20260819-122805/data/new_map) by extensions ['colcon_pkg']
[0.327s] Level 1:colcon.colcon_core.package_identification:_identify(runs/real_mid360/offline-mid360-loop-20260814-180225-20260819-122805/data/new_map) by extension 'colcon_pkg'
[0.327s] Level 1:colcon.colcon_core.package_identification:_identify(runs/real_mid360/offline-mid360-loop-20260814-180225-20260819-122805/data/new_map) by extensions ['colcon_meta']
[0.327s] Level 1:colcon.colcon_core.package_identification:_identify(runs/real_mid360/offline-mid360-loop-20260814-180225-20260819-122805/data/new_map) by extension 'colcon_meta'
[0.327s] Level 1:colcon.colcon_core.package_identification:_identify(runs/real_mid360/offline-mid360-loop-20260814-180225-20260819-122805/data/new_map) by extensions ['ros']
[0.327s] Level 1:colcon.colcon_core.package_identification:_identify(runs/real_mid360/offline-mid360-loop-20260814-180225-20260819-122805/data/new_map) by extension 'ros'
[0.327s] Level 1:colcon.colcon_core.package_identification:_identify(runs/real_mid360/offline-mid360-loop-20260814-180225-20260819-122805/data/new_map) by extensions ['cmake', 'python']
[0.327s] Level 1:colcon.colcon_core.package_identification:_identify(runs/real_mid360/offline-mid360-loop-20260814-180225-20260819-122805/data/new_map) by extension 'cmake'
[0.327s] Level 1:colcon.colcon_core.package_identification:_identify(runs/real_mid360/offline-mid360-loop-20260814-180225-20260819-122805/data/new_map) by extension 'python'
[0.327s] Level 1:colcon.colcon_core.package_identification:_identify(runs/real_mid360/offline-mid360-loop-20260814-180225-20260819-122805/data/new_map) by extensions ['python_setup_py']
[0.327s] Level 1:colcon.colcon_core.package_identification:_identify(runs/real_mid360/offline-mid360-loop-20260814-180225-20260819-122805/data/new_map) by extension 'python_setup_py'
[0.327s] Level 1:colcon.colcon_core.package_identification:_identify(scripts) by extensions ['ignore', 'ignore_ament_install']
[0.327s] Level 1:colcon.colcon_core.package_identification:_identify(scripts) by extension 'ignore'
[0.327s] Level 1:colcon.colcon_core.package_identification:_identify(scripts) by extension 'ignore_ament_install'
[0.327s] Level 1:colcon.colcon_core.package_identification:_identify(scripts) by extensions ['colcon_pkg']
[0.327s] Level 1:colcon.colcon_core.package_identification:_identify(scripts) by extension 'colcon_pkg'
[0.327s] Level 1:colcon.colcon_core.package_identification:_identify(scripts) by extensions ['colcon_meta']
[0.328s] Level 1:colcon.colcon_core.package_identification:_identify(scripts) by extension 'colcon_meta'
[0.328s] Level 1:colcon.colcon_core.package_identification:_identify(scripts) by extensions ['ros']
[0.328s] Level 1:colcon.colcon_core.package_identification:_identify(scripts) by extension 'ros'
[0.328s] Level 1:colcon.colcon_core.package_identification:_identify(scripts) by extensions ['cmake', 'python']
[0.328s] Level 1:colcon.colcon_core.package_identification:_identify(scripts) by extension 'cmake'
[0.328s] Level 1:colcon.colcon_core.package_identification:_identify(scripts) by extension 'python'
[0.328s] Level 1:colcon.colcon_core.package_identification:_identify(scripts) by extensions ['python_setup_py']
[0.328s] Level 1:colcon.colcon_core.package_identification:_identify(scripts) by extension 'python_setup_py'
[0.328s] Level 1:colcon.colcon_core.package_identification:_identify(src) by extensions ['ignore', 'ignore_ament_install']
[0.328s] Level 1:colcon.colcon_core.package_identification:_identify(src) by extension 'ignore'
[0.328s] Level 1:colcon.colcon_core.package_identification:_identify(src) by extension 'ignore_ament_install'
[0.328s] Level 1:colcon.colcon_core.package_identification:_identify(src) by extensions ['colcon_pkg']
[0.328s] Level 1:colcon.colcon_core.package_identification:_identify(src) by extension 'colcon_pkg'
[0.328s] Level 1:colcon.colcon_core.package_identification:_identify(src) by extensions ['colcon_meta']
[0.328s] Level 1:colcon.colcon_core.package_identification:_identify(src) by extension 'colcon_meta'
[0.328s] Level 1:colcon.colcon_core.package_identification:_identify(src) by extensions ['ros']
[0.328s] Level 1:colcon.colcon_core.package_identification:_identify(src) by extension 'ros'
[0.328s] Level 1:colcon.colcon_core.package_identification:_identify(src) by extensions ['cmake', 'python']
[0.328s] Level 1:colcon.colcon_core.package_identification:_identify(src) by extension 'cmake'
[0.328s] Level 1:colcon.colcon_core.package_identification:_identify(src) by extension 'python'
[0.328s] Level 1:colcon.colcon_core.package_identification:_identify(src) by extensions ['python_setup_py']
[0.328s] Level 1:colcon.colcon_core.package_identification:_identify(src) by extension 'python_setup_py'
[0.328s] Level 1:colcon.colcon_core.package_identification:_identify(src/lightning-lm) by extensions ['ignore', 'ignore_ament_install']
[0.329s] Level 1:colcon.colcon_core.package_identification:_identify(src/lightning-lm) by extension 'ignore'
[0.329s] Level 1:colcon.colcon_core.package_identification:_identify(src/lightning-lm) by extension 'ignore_ament_install'
[0.329s] Level 1:colcon.colcon_core.package_identification:_identify(src/lightning-lm) by extensions ['colcon_pkg']
[0.329s] Level 1:colcon.colcon_core.package_identification:_identify(src/lightning-lm) by extension 'colcon_pkg'
[0.329s] Level 1:colcon.colcon_core.package_identification:_identify(src/lightning-lm) by extensions ['colcon_meta']
[0.329s] Level 1:colcon.colcon_core.package_identification:_identify(src/lightning-lm) by extension 'colcon_meta'
[0.329s] Level 1:colcon.colcon_core.package_identification:_identify(src/lightning-lm) by extensions ['ros']
[0.329s] Level 1:colcon.colcon_core.package_identification:_identify(src/lightning-lm) by extension 'ros'
[0.332s] DEBUG:colcon.colcon_core.package_identification:Package 'src/lightning-lm' with type 'ros.ament_cmake' and name 'lightning'
[0.333s] Level 1:colcon.colcon_core.package_identification:_identify(src/lightning_real) by extensions ['ignore', 'ignore_ament_install']
[0.333s] Level 1:colcon.colcon_core.package_identification:_identify(src/lightning_real) by extension 'ignore'
[0.333s] Level 1:colcon.colcon_core.package_identification:_identify(src/lightning_real) by extension 'ignore_ament_install'
[0.333s] Level 1:colcon.colcon_core.package_identification:_identify(src/lightning_real) by extensions ['colcon_pkg']
[0.333s] Level 1:colcon.colcon_core.package_identification:_identify(src/lightning_real) by extension 'colcon_pkg'
[0.333s] Level 1:colcon.colcon_core.package_identification:_identify(src/lightning_real) by extensions ['colcon_meta']
[0.333s] Level 1:colcon.colcon_core.package_identification:_identify(src/lightning_real) by extension 'colcon_meta'
[0.333s] Level 1:colcon.colcon_core.package_identification:_identify(src/lightning_real) by extensions ['ros']
[0.333s] Level 1:colcon.colcon_core.package_identification:_identify(src/lightning_real) by extension 'ros'
[0.334s] DEBUG:colcon.colcon_core.package_identification:Package 'src/lightning_real' with type 'ros.ament_cmake' and name 'lightning_real'
[0.334s] Level 1:colcon.colcon_core.package_identification:_identify(src/lightning_sim) by extensions ['ignore', 'ignore_ament_install']
[0.334s] Level 1:colcon.colcon_core.package_identification:_identify(src/lightning_sim) by extension 'ignore'
[0.334s] Level 1:colcon.colcon_core.package_identification:_identify(src/lightning_sim) by extension 'ignore_ament_install'
[0.334s] Level 1:colcon.colcon_core.package_identification:_identify(src/lightning_sim) by extensions ['colcon_pkg']
[0.334s] Level 1:colcon.colcon_core.package_identification:_identify(src/lightning_sim) by extension 'colcon_pkg'
[0.334s] Level 1:colcon.colcon_core.package_identification:_identify(src/lightning_sim) by extensions ['colcon_meta']
[0.334s] Level 1:colcon.colcon_core.package_identification:_identify(src/lightning_sim) by extension 'colcon_meta'
[0.334s] Level 1:colcon.colcon_core.package_identification:_identify(src/lightning_sim) by extensions ['ros']
[0.334s] Level 1:colcon.colcon_core.package_identification:_identify(src/lightning_sim) by extension 'ros'
[0.335s] DEBUG:colcon.colcon_core.package_identification:Package 'src/lightning_sim' with type 'ros.ament_cmake' and name 'lightning_sim'
[0.335s] Level 1:colcon.colcon_core.package_identification:_identify(src/livox_ros_driver2) by extensions ['ignore', 'ignore_ament_install']
[0.335s] Level 1:colcon.colcon_core.package_identification:_identify(src/livox_ros_driver2) by extension 'ignore'
[0.336s] Level 1:colcon.colcon_core.package_identification:_identify(src/livox_ros_driver2) by extension 'ignore_ament_install'
[0.336s] Level 1:colcon.colcon_core.package_identification:_identify(src/livox_ros_driver2) by extensions ['colcon_pkg']
[0.336s] Level 1:colcon.colcon_core.package_identification:_identify(src/livox_ros_driver2) by extension 'colcon_pkg'
[0.336s] Level 1:colcon.colcon_core.package_identification:_identify(src/livox_ros_driver2) by extensions ['colcon_meta']
[0.336s] Level 1:colcon.colcon_core.package_identification:_identify(src/livox_ros_driver2) by extension 'colcon_meta'
[0.336s] Level 1:colcon.colcon_core.package_identification:_identify(src/livox_ros_driver2) by extensions ['ros']
[0.336s] Level 1:colcon.colcon_core.package_identification:_identify(src/livox_ros_driver2) by extension 'ros'
[0.337s] DEBUG:colcon.colcon_core.package_identification:Package 'src/livox_ros_driver2' with type 'ros.ament_cmake' and name 'livox_ros_driver2'
[0.337s] Level 1:colcon.colcon_core.package_identification:_identify(src/log) by extensions ['ignore', 'ignore_ament_install']
[0.337s] Level 1:colcon.colcon_core.package_identification:_identify(src/log) by extension 'ignore'
[0.337s] Level 1:colcon.colcon_core.package_identification:_identify(src/log) ignored
[0.337s] Level 1:colcon.colcon_core.package_identification:_identify(src/xyp_mid360_navigation) by extensions ['ignore', 'ignore_ament_install']
[0.338s] Level 1:colcon.colcon_core.package_identification:_identify(src/xyp_mid360_navigation) by extension 'ignore'
[0.338s] Level 1:colcon.colcon_core.package_identification:_identify(src/xyp_mid360_navigation) by extension 'ignore_ament_install'
[0.338s] Level 1:colcon.colcon_core.package_identification:_identify(src/xyp_mid360_navigation) by extensions ['colcon_pkg']
[0.338s] Level 1:colcon.colcon_core.package_identification:_identify(src/xyp_mid360_navigation) by extension 'colcon_pkg'
[0.338s] Level 1:colcon.colcon_core.package_identification:_identify(src/xyp_mid360_navigation) by extensions ['colcon_meta']
[0.338s] Level 1:colcon.colcon_core.package_identification:_identify(src/xyp_mid360_navigation) by extension 'colcon_meta'
[0.338s] Level 1:colcon.colcon_core.package_identification:_identify(src/xyp_mid360_navigation) by extensions ['ros']
[0.338s] Level 1:colcon.colcon_core.package_identification:_identify(src/xyp_mid360_navigation) by extension 'ros'
[0.338s] DEBUG:colcon.colcon_core.package_identification:Package 'src/xyp_mid360_navigation' with type 'ros.ament_cmake' and name 'xyp_mid360_navigation'
[0.339s] Level 1:colcon.colcon_core.package_identification:_identify(work) by extensions ['ignore', 'ignore_ament_install']
[0.339s] Level 1:colcon.colcon_core.package_identification:_identify(work) by extension 'ignore'
[0.339s] Level 1:colcon.colcon_core.package_identification:_identify(work) by extension 'ignore_ament_install'
[0.339s] Level 1:colcon.colcon_core.package_identification:_identify(work) by extensions ['colcon_pkg']
[0.339s] Level 1:colcon.colcon_core.package_identification:_identify(work) by extension 'colcon_pkg'
[0.339s] Level 1:colcon.colcon_core.package_identification:_identify(work) by extensions ['colcon_meta']
[0.339s] Level 1:colcon.colcon_core.package_identification:_identify(work) by extension 'colcon_meta'
[0.339s] Level 1:colcon.colcon_core.package_identification:_identify(work) by extensions ['ros']
[0.339s] Level 1:colcon.colcon_core.package_identification:_identify(work) by extension 'ros'
[0.339s] Level 1:colcon.colcon_core.package_identification:_identify(work) by extensions ['cmake', 'python']
[0.339s] Level 1:colcon.colcon_core.package_identification:_identify(work) by extension 'cmake'
[0.339s] Level 1:colcon.colcon_core.package_identification:_identify(work) by extension 'python'
[0.339s] Level 1:colcon.colcon_core.package_identification:_identify(work) by extensions ['python_setup_py']
[0.339s] Level 1:colcon.colcon_core.package_identification:_identify(work) by extension 'python_setup_py'
[0.339s] Level 1:colcon.colcon_core.package_identification:_identify(work/runtime_home) by extensions ['ignore', 'ignore_ament_install']
[0.339s] Level 1:colcon.colcon_core.package_identification:_identify(work/runtime_home) by extension 'ignore'
[0.339s] Level 1:colcon.colcon_core.package_identification:_identify(work/runtime_home) by extension 'ignore_ament_install'
[0.339s] Level 1:colcon.colcon_core.package_identification:_identify(work/runtime_home) by extensions ['colcon_pkg']
[0.339s] Level 1:colcon.colcon_core.package_identification:_identify(work/runtime_home) by extension 'colcon_pkg'
[0.340s] Level 1:colcon.colcon_core.package_identification:_identify(work/runtime_home) by extensions ['colcon_meta']
[0.340s] Level 1:colcon.colcon_core.package_identification:_identify(work/runtime_home) by extension 'colcon_meta'
[0.340s] Level 1:colcon.colcon_core.package_identification:_identify(work/runtime_home) by extensions ['ros']
[0.340s] Level 1:colcon.colcon_core.package_identification:_identify(work/runtime_home) by extension 'ros'
[0.340s] Level 1:colcon.colcon_core.package_identification:_identify(work/runtime_home) by extensions ['cmake', 'python']
[0.340s] Level 1:colcon.colcon_core.package_identification:_identify(work/runtime_home) by extension 'cmake'
[0.340s] Level 1:colcon.colcon_core.package_identification:_identify(work/runtime_home) by extension 'python'
[0.340s] Level 1:colcon.colcon_core.package_identification:_identify(work/runtime_home) by extensions ['python_setup_py']
[0.340s] Level 1:colcon.colcon_core.package_identification:_identify(work/runtime_home) by extension 'python_setup_py'
[0.340s] Level 1:colcon.colcon_core.package_identification:_identify(work/runtime_ros) by extensions ['ignore', 'ignore_ament_install']
[0.340s] Level 1:colcon.colcon_core.package_identification:_identify(work/runtime_ros) by extension 'ignore'
[0.340s] Level 1:colcon.colcon_core.package_identification:_identify(work/runtime_ros) by extension 'ignore_ament_install'
[0.340s] Level 1:colcon.colcon_core.package_identification:_identify(work/runtime_ros) by extensions ['colcon_pkg']
[0.340s] Level 1:colcon.colcon_core.package_identification:_identify(work/runtime_ros) by extension 'colcon_pkg'
[0.340s] Level 1:colcon.colcon_core.package_identification:_identify(work/runtime_ros) by extensions ['colcon_meta']
[0.340s] Level 1:colcon.colcon_core.package_identification:_identify(work/runtime_ros) by extension 'colcon_meta'
[0.340s] Level 1:colcon.colcon_core.package_identification:_identify(work/runtime_ros) by extensions ['ros']
[0.340s] Level 1:colcon.colcon_core.package_identification:_identify(work/runtime_ros) by extension 'ros'
[0.340s] Level 1:colcon.colcon_core.package_identification:_identify(work/runtime_ros) by extensions ['cmake', 'python']
[0.340s] Level 1:colcon.colcon_core.package_identification:_identify(work/runtime_ros) by extension 'cmake'
[0.340s] Level 1:colcon.colcon_core.package_identification:_identify(work/runtime_ros) by extension 'python'
[0.340s] Level 1:colcon.colcon_core.package_identification:_identify(work/runtime_ros) by extensions ['python_setup_py']
[0.340s] Level 1:colcon.colcon_core.package_identification:_identify(work/runtime_ros) by extension 'python_setup_py'
[0.341s] Level 1:colcon.colcon_core.package_identification:_identify(work/runtime_ros/log) by extensions ['ignore', 'ignore_ament_install']
[0.341s] Level 1:colcon.colcon_core.package_identification:_identify(work/runtime_ros/log) by extension 'ignore'
[0.341s] Level 1:colcon.colcon_core.package_identification:_identify(work/runtime_ros/log) by extension 'ignore_ament_install'
[0.341s] Level 1:colcon.colcon_core.package_identification:_identify(work/runtime_ros/log) by extensions ['colcon_pkg']
[0.341s] Level 1:colcon.colcon_core.package_identification:_identify(work/runtime_ros/log) by extension 'colcon_pkg'
[0.341s] Level 1:colcon.colcon_core.package_identification:_identify(work/runtime_ros/log) by extensions ['colcon_meta']
[0.341s] Level 1:colcon.colcon_core.package_identification:_identify(work/runtime_ros/log) by extension 'colcon_meta'
[0.341s] Level 1:colcon.colcon_core.package_identification:_identify(work/runtime_ros/log) by extensions ['ros']
[0.341s] Level 1:colcon.colcon_core.package_identification:_identify(work/runtime_ros/log) by extension 'ros'
[0.341s] Level 1:colcon.colcon_core.package_identification:_identify(work/runtime_ros/log) by extensions ['cmake', 'python']
[0.341s] Level 1:colcon.colcon_core.package_identification:_identify(work/runtime_ros/log) by extension 'cmake'
[0.341s] Level 1:colcon.colcon_core.package_identification:_identify(work/runtime_ros/log) by extension 'python'
[0.341s] Level 1:colcon.colcon_core.package_identification:_identify(work/runtime_ros/log) by extensions ['python_setup_py']
[0.341s] Level 1:colcon.colcon_core.package_identification:_identify(work/runtime_ros/log) by extension 'python_setup_py'
[0.341s] Level 1:colcon.colcon_core.package_identification:_identify(work/runtime_ros/log/2026-08-18-16-11-24-057028-KPLNB151-2) by extensions ['ignore', 'ignore_ament_install']
[0.341s] Level 1:colcon.colcon_core.package_identification:_identify(work/runtime_ros/log/2026-08-18-16-11-24-057028-KPLNB151-2) by extension 'ignore'
[0.341s] Level 1:colcon.colcon_core.package_identification:_identify(work/runtime_ros/log/2026-08-18-16-11-24-057028-KPLNB151-2) by extension 'ignore_ament_install'
[0.341s] Level 1:colcon.colcon_core.package_identification:_identify(work/runtime_ros/log/2026-08-18-16-11-24-057028-KPLNB151-2) by extensions ['colcon_pkg']
[0.341s] Level 1:colcon.colcon_core.package_identification:_identify(work/runtime_ros/log/2026-08-18-16-11-24-057028-KPLNB151-2) by extension 'colcon_pkg'
[0.341s] Level 1:colcon.colcon_core.package_identification:_identify(work/runtime_ros/log/2026-08-18-16-11-24-057028-KPLNB151-2) by extensions ['colcon_meta']
[0.341s] Level 1:colcon.colcon_core.package_identification:_identify(work/runtime_ros/log/2026-08-18-16-11-24-057028-KPLNB151-2) by extension 'colcon_meta'
[0.342s] Level 1:colcon.colcon_core.package_identification:_identify(work/runtime_ros/log/2026-08-18-16-11-24-057028-KPLNB151-2) by extensions ['ros']
[0.342s] Level 1:colcon.colcon_core.package_identification:_identify(work/runtime_ros/log/2026-08-18-16-11-24-057028-KPLNB151-2) by extension 'ros'
[0.342s] Level 1:colcon.colcon_core.package_identification:_identify(work/runtime_ros/log/2026-08-18-16-11-24-057028-KPLNB151-2) by extensions ['cmake', 'python']
[0.342s] Level 1:colcon.colcon_core.package_identification:_identify(work/runtime_ros/log/2026-08-18-16-11-24-057028-KPLNB151-2) by extension 'cmake'
[0.342s] Level 1:colcon.colcon_core.package_identification:_identify(work/runtime_ros/log/2026-08-18-16-11-24-057028-KPLNB151-2) by extension 'python'
[0.342s] Level 1:colcon.colcon_core.package_identification:_identify(work/runtime_ros/log/2026-08-18-16-11-24-057028-KPLNB151-2) by extensions ['python_setup_py']
[0.342s] Level 1:colcon.colcon_core.package_identification:_identify(work/runtime_ros/log/2026-08-18-16-11-24-057028-KPLNB151-2) by extension 'python_setup_py'
[0.342s] Level 1:colcon.colcon_core.package_discovery:discover_packages(recursive) using defaults
[0.342s] Level 1:colcon.colcon_core.package_discovery:discover_packages(ignore) discover
[0.342s] Level 1:colcon.colcon_core.package_discovery:discover_packages(ignore) using defaults
[0.342s] Level 1:colcon.colcon_core.package_discovery:discover_packages(path) discover
[0.342s] Level 1:colcon.colcon_core.package_discovery:discover_packages(path) using defaults
[0.378s] INFO:colcon.colcon_core.package_selection:Skipping not selected package 'lightning' in 'src/lightning-lm'
[0.378s] INFO:colcon.colcon_core.package_selection:Skipping not selected package 'xyp_mid360_navigation' in 'src/xyp_mid360_navigation'
[0.378s] INFO:colcon.colcon_core.package_selection:Skipping not selected package 'lightning_real' in 'src/lightning_real'
[0.378s] INFO:colcon.colcon_core.package_selection:Skipping not selected package 'lightning_sim' in 'src/lightning_sim'
[0.378s] Level 1:colcon.colcon_core.package_discovery:discover_packages(prefix_path) check parameters
[0.378s] Level 1:colcon.colcon_core.package_discovery:discover_packages(prefix_path) discover
[0.380s] DEBUG:colcon.colcon_installed_package_information.package_discovery:Found 5 installed packages in /home/kepler/lightning_lm_ws/install
[0.382s] DEBUG:colcon.colcon_installed_package_information.package_discovery:Found 291 installed packages in /opt/ros/humble
[0.383s] Level 1:colcon.colcon_core.package_discovery:discover_packages(prefix_path) using defaults
[0.423s] WARNING:colcon.colcon_core.package_selection:Some selected packages are already built in one or more underlay workspaces:
	'livox_ros_driver2' is in: /home/kepler/lightning_lm_ws/install/livox_ros_driver2
If a package in a merged underlay workspace is overridden and it installs headers, then all packages in the overlay must sort their include directories by workspace order. Failure to do so may result in build failures or undefined behavior at run time.
If the overridden package is used by another package in any underlay, then the overriding package in the overlay must be API and ABI compatible or undefined behavior at run time may occur.

If you understand the risks and want to override a package anyways, add the following to the command line:
	--allow-overriding livox_ros_driver2

This may be promoted to an error in a future release of colcon-override-check.
[0.424s] Level 5:colcon.colcon_core.verb:set package 'livox_ros_driver2' build argument 'cmake_args' from command line to 'None'
[0.424s] Level 5:colcon.colcon_core.verb:set package 'livox_ros_driver2' build argument 'cmake_target' from command line to 'None'
[0.424s] Level 5:colcon.colcon_core.verb:set package 'livox_ros_driver2' build argument 'cmake_target_skip_unavailable' from command line to 'False'
[0.424s] Level 5:colcon.colcon_core.verb:set package 'livox_ros_driver2' build argument 'cmake_clean_cache' from command line to 'False'
[0.424s] Level 5:colcon.colcon_core.verb:set package 'livox_ros_driver2' build argument 'cmake_clean_first' from command line to 'False'
[0.424s] Level 5:colcon.colcon_core.verb:set package 'livox_ros_driver2' build argument 'cmake_force_configure' from command line to 'False'
[0.424s] Level 5:colcon.colcon_core.verb:set package 'livox_ros_driver2' build argument 'ament_cmake_args' from command line to 'None'
[0.424s] Level 5:colcon.colcon_core.verb:set package 'livox_ros_driver2' build argument 'catkin_cmake_args' from command line to 'None'
[0.424s] Level 5:colcon.colcon_core.verb:set package 'livox_ros_driver2' build argument 'catkin_skip_building_tests' from command line to 'False'
[0.424s] DEBUG:colcon.colcon_core.verb:Building package 'livox_ros_driver2' with the following arguments: {'ament_cmake_args': None, 'build_base': '/home/kepler/lightning_lm_ws/build/livox_ros_driver2', 'catkin_cmake_args': None, 'catkin_skip_building_tests': False, 'cmake_args': None, 'cmake_clean_cache': False, 'cmake_clean_first': False, 'cmake_force_configure': False, 'cmake_target': None, 'cmake_target_skip_unavailable': False, 'install_base': '/home/kepler/lightning_lm_ws/install/livox_ros_driver2', 'merge_install': False, 'path': '/home/kepler/lightning_lm_ws/src/livox_ros_driver2', 'symlink_install': True, 'test_result_base': None}
[0.424s] INFO:colcon.colcon_core.executor:Executing jobs using 'parallel' executor
[0.425s] DEBUG:colcon.colcon_parallel_executor.executor.parallel:run_until_complete
[0.425s] INFO:colcon.colcon_ros.task.ament_cmake.build:Building ROS package in '/home/kepler/lightning_lm_ws/src/livox_ros_driver2' with build type 'ament_cmake'
[0.426s] INFO:colcon.colcon_cmake.task.cmake.build:Building CMake package in '/home/kepler/lightning_lm_ws/src/livox_ros_driver2'
[0.428s] INFO:colcon.colcon_core.plugin_system:Skipping extension 'colcon_core.shell.bat': Not used on non-Windows systems
[0.428s] INFO:colcon.colcon_core.shell:Skip shell extension 'powershell' for command environment: Not usable outside of PowerShell
[0.428s] DEBUG:colcon.colcon_core.shell:Skip shell extension 'dsv' for command environment
[0.445s] DEBUG:colcon.colcon_core.event_handler.log_command:Invoking command in '/home/kepler/lightning_lm_ws/build/livox_ros_driver2': CMAKE_PREFIX_PATH=${CMAKE_PREFIX_PATH}:/opt/ros/humble /usr/bin/cmake --build /home/kepler/lightning_lm_ws/build/livox_ros_driver2 -- -j28 -l28
[0.481s] DEBUG:colcon.colcon_core.event_handler.log_command:Invoked command in '/home/kepler/lightning_lm_ws/build/livox_ros_driver2' returned '2': CMAKE_PREFIX_PATH=${CMAKE_PREFIX_PATH}:/opt/ros/humble /usr/bin/cmake --build /home/kepler/lightning_lm_ws/build/livox_ros_driver2 -- -j28 -l28
[0.483s] Level 1:colcon.colcon_core.environment:create_environment_scripts_only(livox_ros_driver2)
[0.485s] Level 1:colcon.colcon_core.environment:checking '/home/kepler/lightning_lm_ws/install/livox_ros_driver2' for CMake module files
[0.486s] Level 1:colcon.colcon_core.environment:checking '/home/kepler/lightning_lm_ws/install/livox_ros_driver2' for CMake config files
[0.488s] Level 1:colcon.colcon_core.shell:create_environment_hook('livox_ros_driver2', 'cmake_prefix_path')
[0.488s] INFO:colcon.colcon_core.shell:Creating environment hook '/home/kepler/lightning_lm_ws/install/livox_ros_driver2/share/livox_ros_driver2/hook/cmake_prefix_path.ps1'
[0.489s] INFO:colcon.colcon_core.shell:Creating environment descriptor '/home/kepler/lightning_lm_ws/install/livox_ros_driver2/share/livox_ros_driver2/hook/cmake_prefix_path.dsv'
[0.489s] INFO:colcon.colcon_core.shell:Creating environment hook '/home/kepler/lightning_lm_ws/install/livox_ros_driver2/share/livox_ros_driver2/hook/cmake_prefix_path.sh'
[0.490s] Level 1:colcon.colcon_core.environment:checking '/home/kepler/lightning_lm_ws/install/livox_ros_driver2/lib'
[0.491s] Level 1:colcon.colcon_core.shell:create_environment_hook('livox_ros_driver2', 'ld_library_path_lib')
[0.491s] INFO:colcon.colcon_core.shell:Creating environment hook '/home/kepler/lightning_lm_ws/install/livox_ros_driver2/share/livox_ros_driver2/hook/ld_library_path_lib.ps1'
[0.491s] INFO:colcon.colcon_core.shell:Creating environment descriptor '/home/kepler/lightning_lm_ws/install/livox_ros_driver2/share/livox_ros_driver2/hook/ld_library_path_lib.dsv'
[0.492s] INFO:colcon.colcon_core.shell:Creating environment hook '/home/kepler/lightning_lm_ws/install/livox_ros_driver2/share/livox_ros_driver2/hook/ld_library_path_lib.sh'
[0.492s] Level 1:colcon.colcon_core.environment:checking '/home/kepler/lightning_lm_ws/install/livox_ros_driver2/bin'
[0.492s] Level 1:colcon.colcon_core.environment:checking '/home/kepler/lightning_lm_ws/install/livox_ros_driver2/lib/pkgconfig/livox_ros_driver2.pc'
[0.492s] Level 1:colcon.colcon_core.environment:checking '/home/kepler/lightning_lm_ws/install/livox_ros_driver2/lib/python3.10/site-packages'
[0.493s] Level 1:colcon.colcon_core.environment:checking '/home/kepler/lightning_lm_ws/install/livox_ros_driver2/bin'
[0.493s] INFO:colcon.colcon_core.shell:Creating package script '/home/kepler/lightning_lm_ws/install/livox_ros_driver2/share/livox_ros_driver2/package.ps1'
[0.495s] INFO:colcon.colcon_core.shell:Creating package descriptor '/home/kepler/lightning_lm_ws/install/livox_ros_driver2/share/livox_ros_driver2/package.dsv'
[0.496s] INFO:colcon.colcon_core.shell:Creating package script '/home/kepler/lightning_lm_ws/install/livox_ros_driver2/share/livox_ros_driver2/package.sh'
[0.497s] INFO:colcon.colcon_core.shell:Creating package script '/home/kepler/lightning_lm_ws/install/livox_ros_driver2/share/livox_ros_driver2/package.bash'
[0.499s] INFO:colcon.colcon_core.shell:Creating package script '/home/kepler/lightning_lm_ws/install/livox_ros_driver2/share/livox_ros_driver2/package.zsh'
[0.500s] Level 1:colcon.colcon_core.environment:create_file_with_runtime_dependencies(/home/kepler/lightning_lm_ws/install/livox_ros_driver2/share/colcon-core/packages/livox_ros_driver2)
[0.511s] DEBUG:colcon.colcon_parallel_executor.executor.parallel:closing loop
[0.511s] DEBUG:colcon.colcon_parallel_executor.executor.parallel:loop closed
[0.512s] DEBUG:colcon.colcon_parallel_executor.executor.parallel:run_until_complete finished with '2'
[0.512s] DEBUG:colcon.colcon_core.event_reactor:joining thread
[0.519s] INFO:colcon.colcon_core.plugin_system:Skipping extension 'colcon_notification.desktop_notification.terminal_notifier': Not used on non-Darwin systems
[0.520s] INFO:colcon.colcon_core.plugin_system:Skipping extension 'colcon_notification.desktop_notification.win32': Not used on non-Windows systems
[0.520s] INFO:colcon.colcon_notification.desktop_notification:Sending desktop notification using 'notify2'
[0.533s] DEBUG:colcon.colcon_core.event_reactor:joined thread
[0.534s] INFO:colcon.colcon_core.shell:Creating prefix script '/home/kepler/lightning_lm_ws/install/local_setup.ps1'
[0.535s] INFO:colcon.colcon_core.shell:Creating prefix util module '/home/kepler/lightning_lm_ws/install/_local_setup_util_ps1.py'
[0.538s] INFO:colcon.colcon_core.shell:Creating prefix chain script '/home/kepler/lightning_lm_ws/install/setup.ps1'
[0.540s] INFO:colcon.colcon_core.shell:Creating prefix script '/home/kepler/lightning_lm_ws/install/local_setup.sh'
[0.540s] INFO:colcon.colcon_core.shell:Creating prefix util module '/home/kepler/lightning_lm_ws/install/_local_setup_util_sh.py'
[0.541s] INFO:colcon.colcon_core.shell:Creating prefix chain script '/home/kepler/lightning_lm_ws/install/setup.sh'
[0.543s] INFO:colcon.colcon_core.shell:Creating prefix script '/home/kepler/lightning_lm_ws/install/local_setup.bash'
[0.543s] INFO:colcon.colcon_core.shell:Creating prefix chain script '/home/kepler/lightning_lm_ws/install/setup.bash'
[0.545s] INFO:colcon.colcon_core.shell:Creating prefix script '/home/kepler/lightning_lm_ws/install/local_setup.zsh'
[0.546s] INFO:colcon.colcon_core.shell:Creating prefix chain script '/home/kepler/lightning_lm_ws/install/setup.zsh'
