[0.063s] DEBUG:colcon:Command line arguments: ['/usr/bin/colcon', 'build', '--symlink-install']
[0.063s] DEBUG:colcon:Parsed command line arguments: Namespace(log_base=None, log_level=None, verb_name='build', build_base='build', install_base='install', merge_install=False, symlink_install=True, test_result_base=None, continue_on_error=False, executor='parallel', parallel_workers=28, event_handlers=None, ignore_user_meta=False, metas=['./colcon.meta'], base_paths=['.'], packages_ignore=None, packages_ignore_regex=None, paths=None, packages_up_to=None, packages_up_to_regex=None, packages_above=None, packages_above_and_dependencies=None, packages_above_depth=None, packages_select_by_dep=None, packages_skip_by_dep=None, packages_skip_up_to=None, packages_select_build_failed=False, packages_skip_build_finished=False, packages_select_test_failures=False, packages_skip_test_passed=False, packages_select=None, packages_skip=None, packages_select_regex=None, packages_skip_regex=None, packages_start=None, packages_end=None, allow_overriding=[], cmake_args=None, cmake_target=None, cmake_target_skip_unavailable=False, cmake_clean_cache=False, cmake_clean_first=False, cmake_force_configure=False, ament_cmake_args=None, catkin_cmake_args=None, catkin_skip_building_tests=False, verb_parser=<colcon_defaults.argument_parser.defaults.DefaultArgumentsDecorator object at 0x70ca3f314460>, verb_extension=<colcon_core.verb.build.BuildVerb object at 0x70ca3f2e7f10>, main=<bound method BuildVerb.main of <colcon_core.verb.build.BuildVerb object at 0x70ca3f2e7f10>>)
[0.156s] Level 1:colcon.colcon_core.package_discovery:discover_packages(colcon_meta) check parameters
[0.156s] Level 1:colcon.colcon_core.package_discovery:discover_packages(recursive) check parameters
[0.156s] Level 1:colcon.colcon_core.package_discovery:discover_packages(ignore) check parameters
[0.156s] Level 1:colcon.colcon_core.package_discovery:discover_packages(path) check parameters
[0.156s] Level 1:colcon.colcon_core.package_discovery:discover_packages(colcon_meta) discover
[0.156s] Level 1:colcon.colcon_core.package_discovery:discover_packages(recursive) discover
[0.156s] INFO:colcon.colcon_core.package_discovery:Crawling recursively for packages in '/home/kepler/Documents/Codex/2026-08-14/microsoft-visual-studio-code-stable-vs/outputs/lightning_lm_ws'
[0.156s] Level 1:colcon.colcon_core.package_identification:_identify(.) by extensions ['ignore', 'ignore_ament_install']
[0.156s] Level 1:colcon.colcon_core.package_identification:_identify(.) by extension 'ignore'
[0.156s] Level 1:colcon.colcon_core.package_identification:_identify(.) by extension 'ignore_ament_install'
[0.156s] Level 1:colcon.colcon_core.package_identification:_identify(.) by extensions ['colcon_pkg']
[0.157s] Level 1:colcon.colcon_core.package_identification:_identify(.) by extension 'colcon_pkg'
[0.157s] Level 1:colcon.colcon_core.package_identification:_identify(.) by extensions ['colcon_meta']
[0.157s] Level 1:colcon.colcon_core.package_identification:_identify(.) by extension 'colcon_meta'
[0.157s] Level 1:colcon.colcon_core.package_identification:_identify(.) by extensions ['ros']
[0.157s] Level 1:colcon.colcon_core.package_identification:_identify(.) by extension 'ros'
[0.164s] Level 1:colcon.colcon_core.package_identification:_identify(.) by extensions ['cmake', 'python']
[0.164s] Level 1:colcon.colcon_core.package_identification:_identify(.) by extension 'cmake'
[0.164s] Level 1:colcon.colcon_core.package_identification:_identify(.) by extension 'python'
[0.164s] Level 1:colcon.colcon_core.package_identification:_identify(.) by extensions ['python_setup_py']
[0.164s] Level 1:colcon.colcon_core.package_identification:_identify(.) by extension 'python_setup_py'
[0.164s] Level 1:colcon.colcon_core.package_identification:_identify(bags) by extensions ['ignore', 'ignore_ament_install']
[0.164s] Level 1:colcon.colcon_core.package_identification:_identify(bags) by extension 'ignore'
[0.164s] Level 1:colcon.colcon_core.package_identification:_identify(bags) by extension 'ignore_ament_install'
[0.164s] Level 1:colcon.colcon_core.package_identification:_identify(bags) by extensions ['colcon_pkg']
[0.164s] Level 1:colcon.colcon_core.package_identification:_identify(bags) by extension 'colcon_pkg'
[0.164s] Level 1:colcon.colcon_core.package_identification:_identify(bags) by extensions ['colcon_meta']
[0.164s] Level 1:colcon.colcon_core.package_identification:_identify(bags) by extension 'colcon_meta'
[0.164s] Level 1:colcon.colcon_core.package_identification:_identify(bags) by extensions ['ros']
[0.164s] Level 1:colcon.colcon_core.package_identification:_identify(bags) by extension 'ros'
[0.164s] Level 1:colcon.colcon_core.package_identification:_identify(bags) by extensions ['cmake', 'python']
[0.164s] Level 1:colcon.colcon_core.package_identification:_identify(bags) by extension 'cmake'
[0.164s] Level 1:colcon.colcon_core.package_identification:_identify(bags) by extension 'python'
[0.164s] Level 1:colcon.colcon_core.package_identification:_identify(bags) by extensions ['python_setup_py']
[0.164s] Level 1:colcon.colcon_core.package_identification:_identify(bags) by extension 'python_setup_py'
[0.164s] Level 1:colcon.colcon_core.package_identification:_identify(bags/lightning_sim) by extensions ['ignore', 'ignore_ament_install']
[0.164s] Level 1:colcon.colcon_core.package_identification:_identify(bags/lightning_sim) by extension 'ignore'
[0.164s] Level 1:colcon.colcon_core.package_identification:_identify(bags/lightning_sim) by extension 'ignore_ament_install'
[0.165s] Level 1:colcon.colcon_core.package_identification:_identify(bags/lightning_sim) by extensions ['colcon_pkg']
[0.165s] Level 1:colcon.colcon_core.package_identification:_identify(bags/lightning_sim) by extension 'colcon_pkg'
[0.165s] Level 1:colcon.colcon_core.package_identification:_identify(bags/lightning_sim) by extensions ['colcon_meta']
[0.165s] Level 1:colcon.colcon_core.package_identification:_identify(bags/lightning_sim) by extension 'colcon_meta'
[0.165s] Level 1:colcon.colcon_core.package_identification:_identify(bags/lightning_sim) by extensions ['ros']
[0.165s] Level 1:colcon.colcon_core.package_identification:_identify(bags/lightning_sim) by extension 'ros'
[0.165s] Level 1:colcon.colcon_core.package_identification:_identify(bags/lightning_sim) by extensions ['cmake', 'python']
[0.165s] Level 1:colcon.colcon_core.package_identification:_identify(bags/lightning_sim) by extension 'cmake'
[0.165s] Level 1:colcon.colcon_core.package_identification:_identify(bags/lightning_sim) by extension 'python'
[0.165s] Level 1:colcon.colcon_core.package_identification:_identify(bags/lightning_sim) by extensions ['python_setup_py']
[0.165s] Level 1:colcon.colcon_core.package_identification:_identify(bags/lightning_sim) by extension 'python_setup_py'
[0.165s] Level 1:colcon.colcon_core.package_identification:_identify(bags/lightning_sim/sim-20260814-111258) by extensions ['ignore', 'ignore_ament_install']
[0.165s] Level 1:colcon.colcon_core.package_identification:_identify(bags/lightning_sim/sim-20260814-111258) by extension 'ignore'
[0.165s] Level 1:colcon.colcon_core.package_identification:_identify(bags/lightning_sim/sim-20260814-111258) by extension 'ignore_ament_install'
[0.165s] Level 1:colcon.colcon_core.package_identification:_identify(bags/lightning_sim/sim-20260814-111258) by extensions ['colcon_pkg']
[0.165s] Level 1:colcon.colcon_core.package_identification:_identify(bags/lightning_sim/sim-20260814-111258) by extension 'colcon_pkg'
[0.165s] Level 1:colcon.colcon_core.package_identification:_identify(bags/lightning_sim/sim-20260814-111258) by extensions ['colcon_meta']
[0.165s] Level 1:colcon.colcon_core.package_identification:_identify(bags/lightning_sim/sim-20260814-111258) by extension 'colcon_meta'
[0.165s] Level 1:colcon.colcon_core.package_identification:_identify(bags/lightning_sim/sim-20260814-111258) by extensions ['ros']
[0.165s] Level 1:colcon.colcon_core.package_identification:_identify(bags/lightning_sim/sim-20260814-111258) by extension 'ros'
[0.165s] Level 1:colcon.colcon_core.package_identification:_identify(bags/lightning_sim/sim-20260814-111258) by extensions ['cmake', 'python']
[0.165s] Level 1:colcon.colcon_core.package_identification:_identify(bags/lightning_sim/sim-20260814-111258) by extension 'cmake'
[0.165s] Level 1:colcon.colcon_core.package_identification:_identify(bags/lightning_sim/sim-20260814-111258) by extension 'python'
[0.165s] Level 1:colcon.colcon_core.package_identification:_identify(bags/lightning_sim/sim-20260814-111258) by extensions ['python_setup_py']
[0.165s] Level 1:colcon.colcon_core.package_identification:_identify(bags/lightning_sim/sim-20260814-111258) by extension 'python_setup_py'
[0.165s] Level 1:colcon.colcon_core.package_identification:_identify(bags/real_mid360) by extensions ['ignore', 'ignore_ament_install']
[0.165s] Level 1:colcon.colcon_core.package_identification:_identify(bags/real_mid360) by extension 'ignore'
[0.165s] Level 1:colcon.colcon_core.package_identification:_identify(bags/real_mid360) by extension 'ignore_ament_install'
[0.165s] Level 1:colcon.colcon_core.package_identification:_identify(bags/real_mid360) by extensions ['colcon_pkg']
[0.165s] Level 1:colcon.colcon_core.package_identification:_identify(bags/real_mid360) by extension 'colcon_pkg'
[0.165s] Level 1:colcon.colcon_core.package_identification:_identify(bags/real_mid360) by extensions ['colcon_meta']
[0.165s] Level 1:colcon.colcon_core.package_identification:_identify(bags/real_mid360) by extension 'colcon_meta'
[0.165s] Level 1:colcon.colcon_core.package_identification:_identify(bags/real_mid360) by extensions ['ros']
[0.165s] Level 1:colcon.colcon_core.package_identification:_identify(bags/real_mid360) by extension 'ros'
[0.165s] Level 1:colcon.colcon_core.package_identification:_identify(bags/real_mid360) by extensions ['cmake', 'python']
[0.165s] Level 1:colcon.colcon_core.package_identification:_identify(bags/real_mid360) by extension 'cmake'
[0.165s] Level 1:colcon.colcon_core.package_identification:_identify(bags/real_mid360) by extension 'python'
[0.165s] Level 1:colcon.colcon_core.package_identification:_identify(bags/real_mid360) by extensions ['python_setup_py']
[0.165s] Level 1:colcon.colcon_core.package_identification:_identify(bags/real_mid360) by extension 'python_setup_py'
[0.165s] Level 1:colcon.colcon_core.package_identification:_identify(bags/real_mid360/dynamic) by extensions ['ignore', 'ignore_ament_install']
[0.166s] Level 1:colcon.colcon_core.package_identification:_identify(bags/real_mid360/dynamic) by extension 'ignore'
[0.166s] Level 1:colcon.colcon_core.package_identification:_identify(bags/real_mid360/dynamic) by extension 'ignore_ament_install'
[0.166s] Level 1:colcon.colcon_core.package_identification:_identify(bags/real_mid360/dynamic) by extensions ['colcon_pkg']
[0.166s] Level 1:colcon.colcon_core.package_identification:_identify(bags/real_mid360/dynamic) by extension 'colcon_pkg'
[0.166s] Level 1:colcon.colcon_core.package_identification:_identify(bags/real_mid360/dynamic) by extensions ['colcon_meta']
[0.166s] Level 1:colcon.colcon_core.package_identification:_identify(bags/real_mid360/dynamic) by extension 'colcon_meta'
[0.166s] Level 1:colcon.colcon_core.package_identification:_identify(bags/real_mid360/dynamic) by extensions ['ros']
[0.166s] Level 1:colcon.colcon_core.package_identification:_identify(bags/real_mid360/dynamic) by extension 'ros'
[0.166s] Level 1:colcon.colcon_core.package_identification:_identify(bags/real_mid360/dynamic) by extensions ['cmake', 'python']
[0.166s] Level 1:colcon.colcon_core.package_identification:_identify(bags/real_mid360/dynamic) by extension 'cmake'
[0.166s] Level 1:colcon.colcon_core.package_identification:_identify(bags/real_mid360/dynamic) by extension 'python'
[0.166s] Level 1:colcon.colcon_core.package_identification:_identify(bags/real_mid360/dynamic) by extensions ['python_setup_py']
[0.166s] Level 1:colcon.colcon_core.package_identification:_identify(bags/real_mid360/dynamic) by extension 'python_setup_py'
[0.166s] Level 1:colcon.colcon_core.package_identification:_identify(bags/real_mid360/dynamic/mid360-dynamic-20260814-175320) by extensions ['ignore', 'ignore_ament_install']
[0.166s] Level 1:colcon.colcon_core.package_identification:_identify(bags/real_mid360/dynamic/mid360-dynamic-20260814-175320) by extension 'ignore'
[0.166s] Level 1:colcon.colcon_core.package_identification:_identify(bags/real_mid360/dynamic/mid360-dynamic-20260814-175320) by extension 'ignore_ament_install'
[0.166s] Level 1:colcon.colcon_core.package_identification:_identify(bags/real_mid360/dynamic/mid360-dynamic-20260814-175320) by extensions ['colcon_pkg']
[0.166s] Level 1:colcon.colcon_core.package_identification:_identify(bags/real_mid360/dynamic/mid360-dynamic-20260814-175320) by extension 'colcon_pkg'
[0.166s] Level 1:colcon.colcon_core.package_identification:_identify(bags/real_mid360/dynamic/mid360-dynamic-20260814-175320) by extensions ['colcon_meta']
[0.166s] Level 1:colcon.colcon_core.package_identification:_identify(bags/real_mid360/dynamic/mid360-dynamic-20260814-175320) by extension 'colcon_meta'
[0.166s] Level 1:colcon.colcon_core.package_identification:_identify(bags/real_mid360/dynamic/mid360-dynamic-20260814-175320) by extensions ['ros']
[0.166s] Level 1:colcon.colcon_core.package_identification:_identify(bags/real_mid360/dynamic/mid360-dynamic-20260814-175320) by extension 'ros'
[0.166s] Level 1:colcon.colcon_core.package_identification:_identify(bags/real_mid360/dynamic/mid360-dynamic-20260814-175320) by extensions ['cmake', 'python']
[0.166s] Level 1:colcon.colcon_core.package_identification:_identify(bags/real_mid360/dynamic/mid360-dynamic-20260814-175320) by extension 'cmake'
[0.166s] Level 1:colcon.colcon_core.package_identification:_identify(bags/real_mid360/dynamic/mid360-dynamic-20260814-175320) by extension 'python'
[0.166s] Level 1:colcon.colcon_core.package_identification:_identify(bags/real_mid360/dynamic/mid360-dynamic-20260814-175320) by extensions ['python_setup_py']
[0.166s] Level 1:colcon.colcon_core.package_identification:_identify(bags/real_mid360/dynamic/mid360-dynamic-20260814-175320) by extension 'python_setup_py'
[0.166s] Level 1:colcon.colcon_core.package_identification:_identify(bags/real_mid360/dynamic/mid360-loop-20260814-180225) by extensions ['ignore', 'ignore_ament_install']
[0.166s] Level 1:colcon.colcon_core.package_identification:_identify(bags/real_mid360/dynamic/mid360-loop-20260814-180225) by extension 'ignore'
[0.166s] Level 1:colcon.colcon_core.package_identification:_identify(bags/real_mid360/dynamic/mid360-loop-20260814-180225) by extension 'ignore_ament_install'
[0.166s] Level 1:colcon.colcon_core.package_identification:_identify(bags/real_mid360/dynamic/mid360-loop-20260814-180225) by extensions ['colcon_pkg']
[0.166s] Level 1:colcon.colcon_core.package_identification:_identify(bags/real_mid360/dynamic/mid360-loop-20260814-180225) by extension 'colcon_pkg'
[0.166s] Level 1:colcon.colcon_core.package_identification:_identify(bags/real_mid360/dynamic/mid360-loop-20260814-180225) by extensions ['colcon_meta']
[0.166s] Level 1:colcon.colcon_core.package_identification:_identify(bags/real_mid360/dynamic/mid360-loop-20260814-180225) by extension 'colcon_meta'
[0.166s] Level 1:colcon.colcon_core.package_identification:_identify(bags/real_mid360/dynamic/mid360-loop-20260814-180225) by extensions ['ros']
[0.166s] Level 1:colcon.colcon_core.package_identification:_identify(bags/real_mid360/dynamic/mid360-loop-20260814-180225) by extension 'ros'
[0.166s] Level 1:colcon.colcon_core.package_identification:_identify(bags/real_mid360/dynamic/mid360-loop-20260814-180225) by extensions ['cmake', 'python']
[0.166s] Level 1:colcon.colcon_core.package_identification:_identify(bags/real_mid360/dynamic/mid360-loop-20260814-180225) by extension 'cmake'
[0.166s] Level 1:colcon.colcon_core.package_identification:_identify(bags/real_mid360/dynamic/mid360-loop-20260814-180225) by extension 'python'
[0.167s] Level 1:colcon.colcon_core.package_identification:_identify(bags/real_mid360/dynamic/mid360-loop-20260814-180225) by extensions ['python_setup_py']
[0.167s] Level 1:colcon.colcon_core.package_identification:_identify(bags/real_mid360/dynamic/mid360-loop-20260814-180225) by extension 'python_setup_py'
[0.167s] Level 1:colcon.colcon_core.package_identification:_identify(bags/real_mid360/nav_costmap) by extensions ['ignore', 'ignore_ament_install']
[0.167s] Level 1:colcon.colcon_core.package_identification:_identify(bags/real_mid360/nav_costmap) by extension 'ignore'
[0.167s] Level 1:colcon.colcon_core.package_identification:_identify(bags/real_mid360/nav_costmap) by extension 'ignore_ament_install'
[0.167s] Level 1:colcon.colcon_core.package_identification:_identify(bags/real_mid360/nav_costmap) by extensions ['colcon_pkg']
[0.167s] Level 1:colcon.colcon_core.package_identification:_identify(bags/real_mid360/nav_costmap) by extension 'colcon_pkg'
[0.167s] Level 1:colcon.colcon_core.package_identification:_identify(bags/real_mid360/nav_costmap) by extensions ['colcon_meta']
[0.167s] Level 1:colcon.colcon_core.package_identification:_identify(bags/real_mid360/nav_costmap) by extension 'colcon_meta'
[0.167s] Level 1:colcon.colcon_core.package_identification:_identify(bags/real_mid360/nav_costmap) by extensions ['ros']
[0.167s] Level 1:colcon.colcon_core.package_identification:_identify(bags/real_mid360/nav_costmap) by extension 'ros'
[0.167s] Level 1:colcon.colcon_core.package_identification:_identify(bags/real_mid360/nav_costmap) by extensions ['cmake', 'python']
[0.167s] Level 1:colcon.colcon_core.package_identification:_identify(bags/real_mid360/nav_costmap) by extension 'cmake'
[0.167s] Level 1:colcon.colcon_core.package_identification:_identify(bags/real_mid360/nav_costmap) by extension 'python'
[0.167s] Level 1:colcon.colcon_core.package_identification:_identify(bags/real_mid360/nav_costmap) by extensions ['python_setup_py']
[0.167s] Level 1:colcon.colcon_core.package_identification:_identify(bags/real_mid360/nav_costmap) by extension 'python_setup_py'
[0.167s] Level 1:colcon.colcon_core.package_identification:_identify(bags/real_mid360/nav_costmap/box-full-20260817-144610) by extensions ['ignore', 'ignore_ament_install']
[0.167s] Level 1:colcon.colcon_core.package_identification:_identify(bags/real_mid360/nav_costmap/box-full-20260817-144610) by extension 'ignore'
[0.167s] Level 1:colcon.colcon_core.package_identification:_identify(bags/real_mid360/nav_costmap/box-full-20260817-144610) by extension 'ignore_ament_install'
[0.167s] Level 1:colcon.colcon_core.package_identification:_identify(bags/real_mid360/nav_costmap/box-full-20260817-144610) by extensions ['colcon_pkg']
[0.167s] Level 1:colcon.colcon_core.package_identification:_identify(bags/real_mid360/nav_costmap/box-full-20260817-144610) by extension 'colcon_pkg'
[0.167s] Level 1:colcon.colcon_core.package_identification:_identify(bags/real_mid360/nav_costmap/box-full-20260817-144610) by extensions ['colcon_meta']
[0.167s] Level 1:colcon.colcon_core.package_identification:_identify(bags/real_mid360/nav_costmap/box-full-20260817-144610) by extension 'colcon_meta'
[0.167s] Level 1:colcon.colcon_core.package_identification:_identify(bags/real_mid360/nav_costmap/box-full-20260817-144610) by extensions ['ros']
[0.167s] Level 1:colcon.colcon_core.package_identification:_identify(bags/real_mid360/nav_costmap/box-full-20260817-144610) by extension 'ros'
[0.167s] Level 1:colcon.colcon_core.package_identification:_identify(bags/real_mid360/nav_costmap/box-full-20260817-144610) by extensions ['cmake', 'python']
[0.167s] Level 1:colcon.colcon_core.package_identification:_identify(bags/real_mid360/nav_costmap/box-full-20260817-144610) by extension 'cmake'
[0.167s] Level 1:colcon.colcon_core.package_identification:_identify(bags/real_mid360/nav_costmap/box-full-20260817-144610) by extension 'python'
[0.167s] Level 1:colcon.colcon_core.package_identification:_identify(bags/real_mid360/nav_costmap/box-full-20260817-144610) by extensions ['python_setup_py']
[0.167s] Level 1:colcon.colcon_core.package_identification:_identify(bags/real_mid360/nav_costmap/box-full-20260817-144610) by extension 'python_setup_py'
[0.167s] Level 1:colcon.colcon_core.package_identification:_identify(bags/real_mid360/navigation) by extensions ['ignore', 'ignore_ament_install']
[0.167s] Level 1:colcon.colcon_core.package_identification:_identify(bags/real_mid360/navigation) by extension 'ignore'
[0.167s] Level 1:colcon.colcon_core.package_identification:_identify(bags/real_mid360/navigation) by extension 'ignore_ament_install'
[0.167s] Level 1:colcon.colcon_core.package_identification:_identify(bags/real_mid360/navigation) by extensions ['colcon_pkg']
[0.167s] Level 1:colcon.colcon_core.package_identification:_identify(bags/real_mid360/navigation) by extension 'colcon_pkg'
[0.167s] Level 1:colcon.colcon_core.package_identification:_identify(bags/real_mid360/navigation) by extensions ['colcon_meta']
[0.167s] Level 1:colcon.colcon_core.package_identification:_identify(bags/real_mid360/navigation) by extension 'colcon_meta'
[0.167s] Level 1:colcon.colcon_core.package_identification:_identify(bags/real_mid360/navigation) by extensions ['ros']
[0.167s] Level 1:colcon.colcon_core.package_identification:_identify(bags/real_mid360/navigation) by extension 'ros'
[0.168s] Level 1:colcon.colcon_core.package_identification:_identify(bags/real_mid360/navigation) by extensions ['cmake', 'python']
[0.168s] Level 1:colcon.colcon_core.package_identification:_identify(bags/real_mid360/navigation) by extension 'cmake'
[0.168s] Level 1:colcon.colcon_core.package_identification:_identify(bags/real_mid360/navigation) by extension 'python'
[0.168s] Level 1:colcon.colcon_core.package_identification:_identify(bags/real_mid360/navigation) by extensions ['python_setup_py']
[0.168s] Level 1:colcon.colcon_core.package_identification:_identify(bags/real_mid360/navigation) by extension 'python_setup_py'
[0.168s] Level 1:colcon.colcon_core.package_identification:_identify(bags/real_mid360/navigation/box-20260817-135841) by extensions ['ignore', 'ignore_ament_install']
[0.168s] Level 1:colcon.colcon_core.package_identification:_identify(bags/real_mid360/navigation/box-20260817-135841) by extension 'ignore'
[0.168s] Level 1:colcon.colcon_core.package_identification:_identify(bags/real_mid360/navigation/box-20260817-135841) by extension 'ignore_ament_install'
[0.168s] Level 1:colcon.colcon_core.package_identification:_identify(bags/real_mid360/navigation/box-20260817-135841) by extensions ['colcon_pkg']
[0.168s] Level 1:colcon.colcon_core.package_identification:_identify(bags/real_mid360/navigation/box-20260817-135841) by extension 'colcon_pkg'
[0.168s] Level 1:colcon.colcon_core.package_identification:_identify(bags/real_mid360/navigation/box-20260817-135841) by extensions ['colcon_meta']
[0.168s] Level 1:colcon.colcon_core.package_identification:_identify(bags/real_mid360/navigation/box-20260817-135841) by extension 'colcon_meta'
[0.168s] Level 1:colcon.colcon_core.package_identification:_identify(bags/real_mid360/navigation/box-20260817-135841) by extensions ['ros']
[0.168s] Level 1:colcon.colcon_core.package_identification:_identify(bags/real_mid360/navigation/box-20260817-135841) by extension 'ros'
[0.168s] Level 1:colcon.colcon_core.package_identification:_identify(bags/real_mid360/navigation/box-20260817-135841) by extensions ['cmake', 'python']
[0.168s] Level 1:colcon.colcon_core.package_identification:_identify(bags/real_mid360/navigation/box-20260817-135841) by extension 'cmake'
[0.168s] Level 1:colcon.colcon_core.package_identification:_identify(bags/real_mid360/navigation/box-20260817-135841) by extension 'python'
[0.168s] Level 1:colcon.colcon_core.package_identification:_identify(bags/real_mid360/navigation/box-20260817-135841) by extensions ['python_setup_py']
[0.168s] Level 1:colcon.colcon_core.package_identification:_identify(bags/real_mid360/navigation/box-20260817-135841) by extension 'python_setup_py'
[0.168s] Level 1:colcon.colcon_core.package_identification:_identify(bags/real_mid360/static) by extensions ['ignore', 'ignore_ament_install']
[0.168s] Level 1:colcon.colcon_core.package_identification:_identify(bags/real_mid360/static) by extension 'ignore'
[0.168s] Level 1:colcon.colcon_core.package_identification:_identify(bags/real_mid360/static) by extension 'ignore_ament_install'
[0.168s] Level 1:colcon.colcon_core.package_identification:_identify(bags/real_mid360/static) by extensions ['colcon_pkg']
[0.168s] Level 1:colcon.colcon_core.package_identification:_identify(bags/real_mid360/static) by extension 'colcon_pkg'
[0.168s] Level 1:colcon.colcon_core.package_identification:_identify(bags/real_mid360/static) by extensions ['colcon_meta']
[0.168s] Level 1:colcon.colcon_core.package_identification:_identify(bags/real_mid360/static) by extension 'colcon_meta'
[0.168s] Level 1:colcon.colcon_core.package_identification:_identify(bags/real_mid360/static) by extensions ['ros']
[0.168s] Level 1:colcon.colcon_core.package_identification:_identify(bags/real_mid360/static) by extension 'ros'
[0.168s] Level 1:colcon.colcon_core.package_identification:_identify(bags/real_mid360/static) by extensions ['cmake', 'python']
[0.168s] Level 1:colcon.colcon_core.package_identification:_identify(bags/real_mid360/static) by extension 'cmake'
[0.168s] Level 1:colcon.colcon_core.package_identification:_identify(bags/real_mid360/static) by extension 'python'
[0.168s] Level 1:colcon.colcon_core.package_identification:_identify(bags/real_mid360/static) by extensions ['python_setup_py']
[0.168s] Level 1:colcon.colcon_core.package_identification:_identify(bags/real_mid360/static) by extension 'python_setup_py'
[0.168s] Level 1:colcon.colcon_core.package_identification:_identify(bags/real_mid360/static/mid360-static-20260814-145850) by extensions ['ignore', 'ignore_ament_install']
[0.168s] Level 1:colcon.colcon_core.package_identification:_identify(bags/real_mid360/static/mid360-static-20260814-145850) by extension 'ignore'
[0.168s] Level 1:colcon.colcon_core.package_identification:_identify(bags/real_mid360/static/mid360-static-20260814-145850) by extension 'ignore_ament_install'
[0.168s] Level 1:colcon.colcon_core.package_identification:_identify(bags/real_mid360/static/mid360-static-20260814-145850) by extensions ['colcon_pkg']
[0.168s] Level 1:colcon.colcon_core.package_identification:_identify(bags/real_mid360/static/mid360-static-20260814-145850) by extension 'colcon_pkg'
[0.168s] Level 1:colcon.colcon_core.package_identification:_identify(bags/real_mid360/static/mid360-static-20260814-145850) by extensions ['colcon_meta']
[0.168s] Level 1:colcon.colcon_core.package_identification:_identify(bags/real_mid360/static/mid360-static-20260814-145850) by extension 'colcon_meta'
[0.169s] Level 1:colcon.colcon_core.package_identification:_identify(bags/real_mid360/static/mid360-static-20260814-145850) by extensions ['ros']
[0.169s] Level 1:colcon.colcon_core.package_identification:_identify(bags/real_mid360/static/mid360-static-20260814-145850) by extension 'ros'
[0.169s] Level 1:colcon.colcon_core.package_identification:_identify(bags/real_mid360/static/mid360-static-20260814-145850) by extensions ['cmake', 'python']
[0.169s] Level 1:colcon.colcon_core.package_identification:_identify(bags/real_mid360/static/mid360-static-20260814-145850) by extension 'cmake'
[0.169s] Level 1:colcon.colcon_core.package_identification:_identify(bags/real_mid360/static/mid360-static-20260814-145850) by extension 'python'
[0.169s] Level 1:colcon.colcon_core.package_identification:_identify(bags/real_mid360/static/mid360-static-20260814-145850) by extensions ['python_setup_py']
[0.169s] Level 1:colcon.colcon_core.package_identification:_identify(bags/real_mid360/static/mid360-static-20260814-145850) by extension 'python_setup_py'
[0.169s] Level 1:colcon.colcon_core.package_identification:_identify(bags/real_mid360/static_tests) by extensions ['ignore', 'ignore_ament_install']
[0.169s] Level 1:colcon.colcon_core.package_identification:_identify(bags/real_mid360/static_tests) by extension 'ignore'
[0.169s] Level 1:colcon.colcon_core.package_identification:_identify(bags/real_mid360/static_tests) by extension 'ignore_ament_install'
[0.169s] Level 1:colcon.colcon_core.package_identification:_identify(bags/real_mid360/static_tests) by extensions ['colcon_pkg']
[0.169s] Level 1:colcon.colcon_core.package_identification:_identify(bags/real_mid360/static_tests) by extension 'colcon_pkg'
[0.169s] Level 1:colcon.colcon_core.package_identification:_identify(bags/real_mid360/static_tests) by extensions ['colcon_meta']
[0.169s] Level 1:colcon.colcon_core.package_identification:_identify(bags/real_mid360/static_tests) by extension 'colcon_meta'
[0.169s] Level 1:colcon.colcon_core.package_identification:_identify(bags/real_mid360/static_tests) by extensions ['ros']
[0.169s] Level 1:colcon.colcon_core.package_identification:_identify(bags/real_mid360/static_tests) by extension 'ros'
[0.169s] Level 1:colcon.colcon_core.package_identification:_identify(bags/real_mid360/static_tests) by extensions ['cmake', 'python']
[0.169s] Level 1:colcon.colcon_core.package_identification:_identify(bags/real_mid360/static_tests) by extension 'cmake'
[0.169s] Level 1:colcon.colcon_core.package_identification:_identify(bags/real_mid360/static_tests) by extension 'python'
[0.169s] Level 1:colcon.colcon_core.package_identification:_identify(bags/real_mid360/static_tests) by extensions ['python_setup_py']
[0.169s] Level 1:colcon.colcon_core.package_identification:_identify(bags/real_mid360/static_tests) by extension 'python_setup_py'
[0.169s] Level 1:colcon.colcon_core.package_identification:_identify(bags/real_mid360/static_tests/mid360-static-75s-20260817-110208) by extensions ['ignore', 'ignore_ament_install']
[0.169s] Level 1:colcon.colcon_core.package_identification:_identify(bags/real_mid360/static_tests/mid360-static-75s-20260817-110208) by extension 'ignore'
[0.169s] Level 1:colcon.colcon_core.package_identification:_identify(bags/real_mid360/static_tests/mid360-static-75s-20260817-110208) by extension 'ignore_ament_install'
[0.169s] Level 1:colcon.colcon_core.package_identification:_identify(bags/real_mid360/static_tests/mid360-static-75s-20260817-110208) by extensions ['colcon_pkg']
[0.169s] Level 1:colcon.colcon_core.package_identification:_identify(bags/real_mid360/static_tests/mid360-static-75s-20260817-110208) by extension 'colcon_pkg'
[0.169s] Level 1:colcon.colcon_core.package_identification:_identify(bags/real_mid360/static_tests/mid360-static-75s-20260817-110208) by extensions ['colcon_meta']
[0.169s] Level 1:colcon.colcon_core.package_identification:_identify(bags/real_mid360/static_tests/mid360-static-75s-20260817-110208) by extension 'colcon_meta'
[0.169s] Level 1:colcon.colcon_core.package_identification:_identify(bags/real_mid360/static_tests/mid360-static-75s-20260817-110208) by extensions ['ros']
[0.169s] Level 1:colcon.colcon_core.package_identification:_identify(bags/real_mid360/static_tests/mid360-static-75s-20260817-110208) by extension 'ros'
[0.169s] Level 1:colcon.colcon_core.package_identification:_identify(bags/real_mid360/static_tests/mid360-static-75s-20260817-110208) by extensions ['cmake', 'python']
[0.169s] Level 1:colcon.colcon_core.package_identification:_identify(bags/real_mid360/static_tests/mid360-static-75s-20260817-110208) by extension 'cmake'
[0.169s] Level 1:colcon.colcon_core.package_identification:_identify(bags/real_mid360/static_tests/mid360-static-75s-20260817-110208) by extension 'python'
[0.169s] Level 1:colcon.colcon_core.package_identification:_identify(bags/real_mid360/static_tests/mid360-static-75s-20260817-110208) by extensions ['python_setup_py']
[0.169s] Level 1:colcon.colcon_core.package_identification:_identify(bags/real_mid360/static_tests/mid360-static-75s-20260817-110208) by extension 'python_setup_py'
[0.169s] Level 1:colcon.colcon_core.package_identification:_identify(build) by extensions ['ignore', 'ignore_ament_install']
[0.169s] Level 1:colcon.colcon_core.package_identification:_identify(build) by extension 'ignore'
[0.169s] Level 1:colcon.colcon_core.package_identification:_identify(build) ignored
[0.170s] Level 1:colcon.colcon_core.package_identification:_identify(install) by extensions ['ignore', 'ignore_ament_install']
[0.170s] Level 1:colcon.colcon_core.package_identification:_identify(install) by extension 'ignore'
[0.170s] Level 1:colcon.colcon_core.package_identification:_identify(install) ignored
[0.170s] Level 1:colcon.colcon_core.package_identification:_identify(log) by extensions ['ignore', 'ignore_ament_install']
[0.170s] Level 1:colcon.colcon_core.package_identification:_identify(log) by extension 'ignore'
[0.170s] Level 1:colcon.colcon_core.package_identification:_identify(log) ignored
[0.170s] Level 1:colcon.colcon_core.package_identification:_identify(review_materials) by extensions ['ignore', 'ignore_ament_install']
[0.170s] Level 1:colcon.colcon_core.package_identification:_identify(review_materials) by extension 'ignore'
[0.170s] Level 1:colcon.colcon_core.package_identification:_identify(review_materials) by extension 'ignore_ament_install'
[0.170s] Level 1:colcon.colcon_core.package_identification:_identify(review_materials) by extensions ['colcon_pkg']
[0.170s] Level 1:colcon.colcon_core.package_identification:_identify(review_materials) by extension 'colcon_pkg'
[0.170s] Level 1:colcon.colcon_core.package_identification:_identify(review_materials) by extensions ['colcon_meta']
[0.170s] Level 1:colcon.colcon_core.package_identification:_identify(review_materials) by extension 'colcon_meta'
[0.170s] Level 1:colcon.colcon_core.package_identification:_identify(review_materials) by extensions ['ros']
[0.170s] Level 1:colcon.colcon_core.package_identification:_identify(review_materials) by extension 'ros'
[0.170s] Level 1:colcon.colcon_core.package_identification:_identify(review_materials) by extensions ['cmake', 'python']
[0.170s] Level 1:colcon.colcon_core.package_identification:_identify(review_materials) by extension 'cmake'
[0.170s] Level 1:colcon.colcon_core.package_identification:_identify(review_materials) by extension 'python'
[0.170s] Level 1:colcon.colcon_core.package_identification:_identify(review_materials) by extensions ['python_setup_py']
[0.170s] Level 1:colcon.colcon_core.package_identification:_identify(review_materials) by extension 'python_setup_py'
[0.170s] Level 1:colcon.colcon_core.package_identification:_identify(review_materials/extracted_media) by extensions ['ignore', 'ignore_ament_install']
[0.170s] Level 1:colcon.colcon_core.package_identification:_identify(review_materials/extracted_media) by extension 'ignore'
[0.170s] Level 1:colcon.colcon_core.package_identification:_identify(review_materials/extracted_media) by extension 'ignore_ament_install'
[0.170s] Level 1:colcon.colcon_core.package_identification:_identify(review_materials/extracted_media) by extensions ['colcon_pkg']
[0.170s] Level 1:colcon.colcon_core.package_identification:_identify(review_materials/extracted_media) by extension 'colcon_pkg'
[0.170s] Level 1:colcon.colcon_core.package_identification:_identify(review_materials/extracted_media) by extensions ['colcon_meta']
[0.170s] Level 1:colcon.colcon_core.package_identification:_identify(review_materials/extracted_media) by extension 'colcon_meta'
[0.170s] Level 1:colcon.colcon_core.package_identification:_identify(review_materials/extracted_media) by extensions ['ros']
[0.170s] Level 1:colcon.colcon_core.package_identification:_identify(review_materials/extracted_media) by extension 'ros'
[0.170s] Level 1:colcon.colcon_core.package_identification:_identify(review_materials/extracted_media) by extensions ['cmake', 'python']
[0.170s] Level 1:colcon.colcon_core.package_identification:_identify(review_materials/extracted_media) by extension 'cmake'
[0.170s] Level 1:colcon.colcon_core.package_identification:_identify(review_materials/extracted_media) by extension 'python'
[0.170s] Level 1:colcon.colcon_core.package_identification:_identify(review_materials/extracted_media) by extensions ['python_setup_py']
[0.170s] Level 1:colcon.colcon_core.package_identification:_identify(review_materials/extracted_media) by extension 'python_setup_py'
[0.171s] Level 1:colcon.colcon_core.package_identification:_identify(review_materials/qa) by extensions ['ignore', 'ignore_ament_install']
[0.171s] Level 1:colcon.colcon_core.package_identification:_identify(review_materials/qa) by extension 'ignore'
[0.171s] Level 1:colcon.colcon_core.package_identification:_identify(review_materials/qa) by extension 'ignore_ament_install'
[0.171s] Level 1:colcon.colcon_core.package_identification:_identify(review_materials/qa) by extensions ['colcon_pkg']
[0.171s] Level 1:colcon.colcon_core.package_identification:_identify(review_materials/qa) by extension 'colcon_pkg'
[0.171s] Level 1:colcon.colcon_core.package_identification:_identify(review_materials/qa) by extensions ['colcon_meta']
[0.171s] Level 1:colcon.colcon_core.package_identification:_identify(review_materials/qa) by extension 'colcon_meta'
[0.171s] Level 1:colcon.colcon_core.package_identification:_identify(review_materials/qa) by extensions ['ros']
[0.171s] Level 1:colcon.colcon_core.package_identification:_identify(review_materials/qa) by extension 'ros'
[0.171s] Level 1:colcon.colcon_core.package_identification:_identify(review_materials/qa) by extensions ['cmake', 'python']
[0.171s] Level 1:colcon.colcon_core.package_identification:_identify(review_materials/qa) by extension 'cmake'
[0.171s] Level 1:colcon.colcon_core.package_identification:_identify(review_materials/qa) by extension 'python'
[0.171s] Level 1:colcon.colcon_core.package_identification:_identify(review_materials/qa) by extensions ['python_setup_py']
[0.171s] Level 1:colcon.colcon_core.package_identification:_identify(review_materials/qa) by extension 'python_setup_py'
[0.171s] Level 1:colcon.colcon_core.package_identification:_identify(runs) by extensions ['ignore', 'ignore_ament_install']
[0.171s] Level 1:colcon.colcon_core.package_identification:_identify(runs) by extension 'ignore'
[0.171s] Level 1:colcon.colcon_core.package_identification:_identify(runs) by extension 'ignore_ament_install'
[0.171s] Level 1:colcon.colcon_core.package_identification:_identify(runs) by extensions ['colcon_pkg']
[0.171s] Level 1:colcon.colcon_core.package_identification:_identify(runs) by extension 'colcon_pkg'
[0.171s] Level 1:colcon.colcon_core.package_identification:_identify(runs) by extensions ['colcon_meta']
[0.171s] Level 1:colcon.colcon_core.package_identification:_identify(runs) by extension 'colcon_meta'
[0.171s] Level 1:colcon.colcon_core.package_identification:_identify(runs) by extensions ['ros']
[0.171s] Level 1:colcon.colcon_core.package_identification:_identify(runs) by extension 'ros'
[0.171s] Level 1:colcon.colcon_core.package_identification:_identify(runs) by extensions ['cmake', 'python']
[0.171s] Level 1:colcon.colcon_core.package_identification:_identify(runs) by extension 'cmake'
[0.171s] Level 1:colcon.colcon_core.package_identification:_identify(runs) by extension 'python'
[0.171s] Level 1:colcon.colcon_core.package_identification:_identify(runs) by extensions ['python_setup_py']
[0.171s] Level 1:colcon.colcon_core.package_identification:_identify(runs) by extension 'python_setup_py'
[0.171s] Level 1:colcon.colcon_core.package_identification:_identify(runs/lightning_sim) by extensions ['ignore', 'ignore_ament_install']
[0.171s] Level 1:colcon.colcon_core.package_identification:_identify(runs/lightning_sim) by extension 'ignore'
[0.171s] Level 1:colcon.colcon_core.package_identification:_identify(runs/lightning_sim) by extension 'ignore_ament_install'
[0.171s] Level 1:colcon.colcon_core.package_identification:_identify(runs/lightning_sim) by extensions ['colcon_pkg']
[0.171s] Level 1:colcon.colcon_core.package_identification:_identify(runs/lightning_sim) by extension 'colcon_pkg'
[0.171s] Level 1:colcon.colcon_core.package_identification:_identify(runs/lightning_sim) by extensions ['colcon_meta']
[0.171s] Level 1:colcon.colcon_core.package_identification:_identify(runs/lightning_sim) by extension 'colcon_meta'
[0.171s] Level 1:colcon.colcon_core.package_identification:_identify(runs/lightning_sim) by extensions ['ros']
[0.171s] Level 1:colcon.colcon_core.package_identification:_identify(runs/lightning_sim) by extension 'ros'
[0.171s] Level 1:colcon.colcon_core.package_identification:_identify(runs/lightning_sim) by extensions ['cmake', 'python']
[0.171s] Level 1:colcon.colcon_core.package_identification:_identify(runs/lightning_sim) by extension 'cmake'
[0.171s] Level 1:colcon.colcon_core.package_identification:_identify(runs/lightning_sim) by extension 'python'
[0.171s] Level 1:colcon.colcon_core.package_identification:_identify(runs/lightning_sim) by extensions ['python_setup_py']
[0.172s] Level 1:colcon.colcon_core.package_identification:_identify(runs/lightning_sim) by extension 'python_setup_py'
[0.172s] Level 1:colcon.colcon_core.package_identification:_identify(runs/lightning_sim/offline-sim-20260814-111258-20260814-111944) by extensions ['ignore', 'ignore_ament_install']
[0.172s] Level 1:colcon.colcon_core.package_identification:_identify(runs/lightning_sim/offline-sim-20260814-111258-20260814-111944) by extension 'ignore'
[0.172s] Level 1:colcon.colcon_core.package_identification:_identify(runs/lightning_sim/offline-sim-20260814-111258-20260814-111944) by extension 'ignore_ament_install'
[0.172s] Level 1:colcon.colcon_core.package_identification:_identify(runs/lightning_sim/offline-sim-20260814-111258-20260814-111944) by extensions ['colcon_pkg']
[0.172s] Level 1:colcon.colcon_core.package_identification:_identify(runs/lightning_sim/offline-sim-20260814-111258-20260814-111944) by extension 'colcon_pkg'
[0.172s] Level 1:colcon.colcon_core.package_identification:_identify(runs/lightning_sim/offline-sim-20260814-111258-20260814-111944) by extensions ['colcon_meta']
[0.172s] Level 1:colcon.colcon_core.package_identification:_identify(runs/lightning_sim/offline-sim-20260814-111258-20260814-111944) by extension 'colcon_meta'
[0.172s] Level 1:colcon.colcon_core.package_identification:_identify(runs/lightning_sim/offline-sim-20260814-111258-20260814-111944) by extensions ['ros']
[0.172s] Level 1:colcon.colcon_core.package_identification:_identify(runs/lightning_sim/offline-sim-20260814-111258-20260814-111944) by extension 'ros'
[0.172s] Level 1:colcon.colcon_core.package_identification:_identify(runs/lightning_sim/offline-sim-20260814-111258-20260814-111944) by extensions ['cmake', 'python']
[0.172s] Level 1:colcon.colcon_core.package_identification:_identify(runs/lightning_sim/offline-sim-20260814-111258-20260814-111944) by extension 'cmake'
[0.172s] Level 1:colcon.colcon_core.package_identification:_identify(runs/lightning_sim/offline-sim-20260814-111258-20260814-111944) by extension 'python'
[0.172s] Level 1:colcon.colcon_core.package_identification:_identify(runs/lightning_sim/offline-sim-20260814-111258-20260814-111944) by extensions ['python_setup_py']
[0.172s] Level 1:colcon.colcon_core.package_identification:_identify(runs/lightning_sim/offline-sim-20260814-111258-20260814-111944) by extension 'python_setup_py'
[0.172s] Level 1:colcon.colcon_core.package_identification:_identify(runs/lightning_sim/offline-sim-20260814-111258-20260814-111944/data) by extensions ['ignore', 'ignore_ament_install']
[0.172s] Level 1:colcon.colcon_core.package_identification:_identify(runs/lightning_sim/offline-sim-20260814-111258-20260814-111944/data) by extension 'ignore'
[0.172s] Level 1:colcon.colcon_core.package_identification:_identify(runs/lightning_sim/offline-sim-20260814-111258-20260814-111944/data) by extension 'ignore_ament_install'
[0.172s] Level 1:colcon.colcon_core.package_identification:_identify(runs/lightning_sim/offline-sim-20260814-111258-20260814-111944/data) by extensions ['colcon_pkg']
[0.172s] Level 1:colcon.colcon_core.package_identification:_identify(runs/lightning_sim/offline-sim-20260814-111258-20260814-111944/data) by extension 'colcon_pkg'
[0.172s] Level 1:colcon.colcon_core.package_identification:_identify(runs/lightning_sim/offline-sim-20260814-111258-20260814-111944/data) by extensions ['colcon_meta']
[0.172s] Level 1:colcon.colcon_core.package_identification:_identify(runs/lightning_sim/offline-sim-20260814-111258-20260814-111944/data) by extension 'colcon_meta'
[0.172s] Level 1:colcon.colcon_core.package_identification:_identify(runs/lightning_sim/offline-sim-20260814-111258-20260814-111944/data) by extensions ['ros']
[0.172s] Level 1:colcon.colcon_core.package_identification:_identify(runs/lightning_sim/offline-sim-20260814-111258-20260814-111944/data) by extension 'ros'
[0.172s] Level 1:colcon.colcon_core.package_identification:_identify(runs/lightning_sim/offline-sim-20260814-111258-20260814-111944/data) by extensions ['cmake', 'python']
[0.172s] Level 1:colcon.colcon_core.package_identification:_identify(runs/lightning_sim/offline-sim-20260814-111258-20260814-111944/data) by extension 'cmake'
[0.172s] Level 1:colcon.colcon_core.package_identification:_identify(runs/lightning_sim/offline-sim-20260814-111258-20260814-111944/data) by extension 'python'
[0.172s] Level 1:colcon.colcon_core.package_identification:_identify(runs/lightning_sim/offline-sim-20260814-111258-20260814-111944/data) by extensions ['python_setup_py']
[0.172s] Level 1:colcon.colcon_core.package_identification:_identify(runs/lightning_sim/offline-sim-20260814-111258-20260814-111944/data) by extension 'python_setup_py'
[0.172s] Level 1:colcon.colcon_core.package_identification:_identify(runs/lightning_sim/offline-sim-20260814-111258-20260814-111944/data/new_map) by extensions ['ignore', 'ignore_ament_install']
[0.172s] Level 1:colcon.colcon_core.package_identification:_identify(runs/lightning_sim/offline-sim-20260814-111258-20260814-111944/data/new_map) by extension 'ignore'
[0.172s] Level 1:colcon.colcon_core.package_identification:_identify(runs/lightning_sim/offline-sim-20260814-111258-20260814-111944/data/new_map) by extension 'ignore_ament_install'
[0.172s] Level 1:colcon.colcon_core.package_identification:_identify(runs/lightning_sim/offline-sim-20260814-111258-20260814-111944/data/new_map) by extensions ['colcon_pkg']
[0.172s] Level 1:colcon.colcon_core.package_identification:_identify(runs/lightning_sim/offline-sim-20260814-111258-20260814-111944/data/new_map) by extension 'colcon_pkg'
[0.172s] Level 1:colcon.colcon_core.package_identification:_identify(runs/lightning_sim/offline-sim-20260814-111258-20260814-111944/data/new_map) by extensions ['colcon_meta']
[0.172s] Level 1:colcon.colcon_core.package_identification:_identify(runs/lightning_sim/offline-sim-20260814-111258-20260814-111944/data/new_map) by extension 'colcon_meta'
[0.172s] Level 1:colcon.colcon_core.package_identification:_identify(runs/lightning_sim/offline-sim-20260814-111258-20260814-111944/data/new_map) by extensions ['ros']
[0.172s] Level 1:colcon.colcon_core.package_identification:_identify(runs/lightning_sim/offline-sim-20260814-111258-20260814-111944/data/new_map) by extension 'ros'
[0.173s] Level 1:colcon.colcon_core.package_identification:_identify(runs/lightning_sim/offline-sim-20260814-111258-20260814-111944/data/new_map) by extensions ['cmake', 'python']
[0.173s] Level 1:colcon.colcon_core.package_identification:_identify(runs/lightning_sim/offline-sim-20260814-111258-20260814-111944/data/new_map) by extension 'cmake'
[0.173s] Level 1:colcon.colcon_core.package_identification:_identify(runs/lightning_sim/offline-sim-20260814-111258-20260814-111944/data/new_map) by extension 'python'
[0.173s] Level 1:colcon.colcon_core.package_identification:_identify(runs/lightning_sim/offline-sim-20260814-111258-20260814-111944/data/new_map) by extensions ['python_setup_py']
[0.173s] Level 1:colcon.colcon_core.package_identification:_identify(runs/lightning_sim/offline-sim-20260814-111258-20260814-111944/data/new_map) by extension 'python_setup_py'
[0.173s] Level 1:colcon.colcon_core.package_identification:_identify(runs/real_mid360) by extensions ['ignore', 'ignore_ament_install']
[0.173s] Level 1:colcon.colcon_core.package_identification:_identify(runs/real_mid360) by extension 'ignore'
[0.173s] Level 1:colcon.colcon_core.package_identification:_identify(runs/real_mid360) by extension 'ignore_ament_install'
[0.173s] Level 1:colcon.colcon_core.package_identification:_identify(runs/real_mid360) by extensions ['colcon_pkg']
[0.173s] Level 1:colcon.colcon_core.package_identification:_identify(runs/real_mid360) by extension 'colcon_pkg'
[0.173s] Level 1:colcon.colcon_core.package_identification:_identify(runs/real_mid360) by extensions ['colcon_meta']
[0.173s] Level 1:colcon.colcon_core.package_identification:_identify(runs/real_mid360) by extension 'colcon_meta'
[0.173s] Level 1:colcon.colcon_core.package_identification:_identify(runs/real_mid360) by extensions ['ros']
[0.173s] Level 1:colcon.colcon_core.package_identification:_identify(runs/real_mid360) by extension 'ros'
[0.173s] Level 1:colcon.colcon_core.package_identification:_identify(runs/real_mid360) by extensions ['cmake', 'python']
[0.173s] Level 1:colcon.colcon_core.package_identification:_identify(runs/real_mid360) by extension 'cmake'
[0.173s] Level 1:colcon.colcon_core.package_identification:_identify(runs/real_mid360) by extension 'python'
[0.173s] Level 1:colcon.colcon_core.package_identification:_identify(runs/real_mid360) by extensions ['python_setup_py']
[0.173s] Level 1:colcon.colcon_core.package_identification:_identify(runs/real_mid360) by extension 'python_setup_py'
[0.173s] Level 1:colcon.colcon_core.package_identification:_identify(runs/real_mid360/inspection) by extensions ['ignore', 'ignore_ament_install']
[0.173s] Level 1:colcon.colcon_core.package_identification:_identify(runs/real_mid360/inspection) by extension 'ignore'
[0.173s] Level 1:colcon.colcon_core.package_identification:_identify(runs/real_mid360/inspection) by extension 'ignore_ament_install'
[0.173s] Level 1:colcon.colcon_core.package_identification:_identify(runs/real_mid360/inspection) by extensions ['colcon_pkg']
[0.173s] Level 1:colcon.colcon_core.package_identification:_identify(runs/real_mid360/inspection) by extension 'colcon_pkg'
[0.173s] Level 1:colcon.colcon_core.package_identification:_identify(runs/real_mid360/inspection) by extensions ['colcon_meta']
[0.173s] Level 1:colcon.colcon_core.package_identification:_identify(runs/real_mid360/inspection) by extension 'colcon_meta'
[0.173s] Level 1:colcon.colcon_core.package_identification:_identify(runs/real_mid360/inspection) by extensions ['ros']
[0.173s] Level 1:colcon.colcon_core.package_identification:_identify(runs/real_mid360/inspection) by extension 'ros'
[0.173s] Level 1:colcon.colcon_core.package_identification:_identify(runs/real_mid360/inspection) by extensions ['cmake', 'python']
[0.173s] Level 1:colcon.colcon_core.package_identification:_identify(runs/real_mid360/inspection) by extension 'cmake'
[0.173s] Level 1:colcon.colcon_core.package_identification:_identify(runs/real_mid360/inspection) by extension 'python'
[0.173s] Level 1:colcon.colcon_core.package_identification:_identify(runs/real_mid360/inspection) by extensions ['python_setup_py']
[0.173s] Level 1:colcon.colcon_core.package_identification:_identify(runs/real_mid360/inspection) by extension 'python_setup_py'
[0.173s] Level 1:colcon.colcon_core.package_identification:_identify(runs/real_mid360/localization_tests) by extensions ['ignore', 'ignore_ament_install']
[0.173s] Level 1:colcon.colcon_core.package_identification:_identify(runs/real_mid360/localization_tests) by extension 'ignore'
[0.173s] Level 1:colcon.colcon_core.package_identification:_identify(runs/real_mid360/localization_tests) by extension 'ignore_ament_install'
[0.173s] Level 1:colcon.colcon_core.package_identification:_identify(runs/real_mid360/localization_tests) by extensions ['colcon_pkg']
[0.173s] Level 1:colcon.colcon_core.package_identification:_identify(runs/real_mid360/localization_tests) by extension 'colcon_pkg'
[0.173s] Level 1:colcon.colcon_core.package_identification:_identify(runs/real_mid360/localization_tests) by extensions ['colcon_meta']
[0.173s] Level 1:colcon.colcon_core.package_identification:_identify(runs/real_mid360/localization_tests) by extension 'colcon_meta'
[0.174s] Level 1:colcon.colcon_core.package_identification:_identify(runs/real_mid360/localization_tests) by extensions ['ros']
[0.174s] Level 1:colcon.colcon_core.package_identification:_identify(runs/real_mid360/localization_tests) by extension 'ros'
[0.174s] Level 1:colcon.colcon_core.package_identification:_identify(runs/real_mid360/localization_tests) by extensions ['cmake', 'python']
[0.174s] Level 1:colcon.colcon_core.package_identification:_identify(runs/real_mid360/localization_tests) by extension 'cmake'
[0.174s] Level 1:colcon.colcon_core.package_identification:_identify(runs/real_mid360/localization_tests) by extension 'python'
[0.174s] Level 1:colcon.colcon_core.package_identification:_identify(runs/real_mid360/localization_tests) by extensions ['python_setup_py']
[0.174s] Level 1:colcon.colcon_core.package_identification:_identify(runs/real_mid360/localization_tests) by extension 'python_setup_py'
[0.174s] Level 1:colcon.colcon_core.package_identification:_identify(runs/real_mid360/localization_tests/figures) by extensions ['ignore', 'ignore_ament_install']
[0.174s] Level 1:colcon.colcon_core.package_identification:_identify(runs/real_mid360/localization_tests/figures) by extension 'ignore'
[0.174s] Level 1:colcon.colcon_core.package_identification:_identify(runs/real_mid360/localization_tests/figures) by extension 'ignore_ament_install'
[0.174s] Level 1:colcon.colcon_core.package_identification:_identify(runs/real_mid360/localization_tests/figures) by extensions ['colcon_pkg']
[0.174s] Level 1:colcon.colcon_core.package_identification:_identify(runs/real_mid360/localization_tests/figures) by extension 'colcon_pkg'
[0.174s] Level 1:colcon.colcon_core.package_identification:_identify(runs/real_mid360/localization_tests/figures) by extensions ['colcon_meta']
[0.174s] Level 1:colcon.colcon_core.package_identification:_identify(runs/real_mid360/localization_tests/figures) by extension 'colcon_meta'
[0.174s] Level 1:colcon.colcon_core.package_identification:_identify(runs/real_mid360/localization_tests/figures) by extensions ['ros']
[0.174s] Level 1:colcon.colcon_core.package_identification:_identify(runs/real_mid360/localization_tests/figures) by extension 'ros'
[0.174s] Level 1:colcon.colcon_core.package_identification:_identify(runs/real_mid360/localization_tests/figures) by extensions ['cmake', 'python']
[0.174s] Level 1:colcon.colcon_core.package_identification:_identify(runs/real_mid360/localization_tests/figures) by extension 'cmake'
[0.174s] Level 1:colcon.colcon_core.package_identification:_identify(runs/real_mid360/localization_tests/figures) by extension 'python'
[0.174s] Level 1:colcon.colcon_core.package_identification:_identify(runs/real_mid360/localization_tests/figures) by extensions ['python_setup_py']
[0.174s] Level 1:colcon.colcon_core.package_identification:_identify(runs/real_mid360/localization_tests/figures) by extension 'python_setup_py'
[0.174s] Level 1:colcon.colcon_core.package_identification:_identify(runs/real_mid360/offline-mid360-dynamic-20260814-175320-20260814-175948) by extensions ['ignore', 'ignore_ament_install']
[0.174s] Level 1:colcon.colcon_core.package_identification:_identify(runs/real_mid360/offline-mid360-dynamic-20260814-175320-20260814-175948) by extension 'ignore'
[0.174s] Level 1:colcon.colcon_core.package_identification:_identify(runs/real_mid360/offline-mid360-dynamic-20260814-175320-20260814-175948) by extension 'ignore_ament_install'
[0.174s] Level 1:colcon.colcon_core.package_identification:_identify(runs/real_mid360/offline-mid360-dynamic-20260814-175320-20260814-175948) by extensions ['colcon_pkg']
[0.174s] Level 1:colcon.colcon_core.package_identification:_identify(runs/real_mid360/offline-mid360-dynamic-20260814-175320-20260814-175948) by extension 'colcon_pkg'
[0.174s] Level 1:colcon.colcon_core.package_identification:_identify(runs/real_mid360/offline-mid360-dynamic-20260814-175320-20260814-175948) by extensions ['colcon_meta']
[0.174s] Level 1:colcon.colcon_core.package_identification:_identify(runs/real_mid360/offline-mid360-dynamic-20260814-175320-20260814-175948) by extension 'colcon_meta'
[0.174s] Level 1:colcon.colcon_core.package_identification:_identify(runs/real_mid360/offline-mid360-dynamic-20260814-175320-20260814-175948) by extensions ['ros']
[0.174s] Level 1:colcon.colcon_core.package_identification:_identify(runs/real_mid360/offline-mid360-dynamic-20260814-175320-20260814-175948) by extension 'ros'
[0.174s] Level 1:colcon.colcon_core.package_identification:_identify(runs/real_mid360/offline-mid360-dynamic-20260814-175320-20260814-175948) by extensions ['cmake', 'python']
[0.174s] Level 1:colcon.colcon_core.package_identification:_identify(runs/real_mid360/offline-mid360-dynamic-20260814-175320-20260814-175948) by extension 'cmake'
[0.174s] Level 1:colcon.colcon_core.package_identification:_identify(runs/real_mid360/offline-mid360-dynamic-20260814-175320-20260814-175948) by extension 'python'
[0.174s] Level 1:colcon.colcon_core.package_identification:_identify(runs/real_mid360/offline-mid360-dynamic-20260814-175320-20260814-175948) by extensions ['python_setup_py']
[0.174s] Level 1:colcon.colcon_core.package_identification:_identify(runs/real_mid360/offline-mid360-dynamic-20260814-175320-20260814-175948) by extension 'python_setup_py'
[0.174s] Level 1:colcon.colcon_core.package_identification:_identify(runs/real_mid360/offline-mid360-dynamic-20260814-175320-20260814-175948/data) by extensions ['ignore', 'ignore_ament_install']
[0.174s] Level 1:colcon.colcon_core.package_identification:_identify(runs/real_mid360/offline-mid360-dynamic-20260814-175320-20260814-175948/data) by extension 'ignore'
[0.174s] Level 1:colcon.colcon_core.package_identification:_identify(runs/real_mid360/offline-mid360-dynamic-20260814-175320-20260814-175948/data) by extension 'ignore_ament_install'
[0.175s] Level 1:colcon.colcon_core.package_identification:_identify(runs/real_mid360/offline-mid360-dynamic-20260814-175320-20260814-175948/data) by extensions ['colcon_pkg']
[0.175s] Level 1:colcon.colcon_core.package_identification:_identify(runs/real_mid360/offline-mid360-dynamic-20260814-175320-20260814-175948/data) by extension 'colcon_pkg'
[0.175s] Level 1:colcon.colcon_core.package_identification:_identify(runs/real_mid360/offline-mid360-dynamic-20260814-175320-20260814-175948/data) by extensions ['colcon_meta']
[0.175s] Level 1:colcon.colcon_core.package_identification:_identify(runs/real_mid360/offline-mid360-dynamic-20260814-175320-20260814-175948/data) by extension 'colcon_meta'
[0.175s] Level 1:colcon.colcon_core.package_identification:_identify(runs/real_mid360/offline-mid360-dynamic-20260814-175320-20260814-175948/data) by extensions ['ros']
[0.175s] Level 1:colcon.colcon_core.package_identification:_identify(runs/real_mid360/offline-mid360-dynamic-20260814-175320-20260814-175948/data) by extension 'ros'
[0.175s] Level 1:colcon.colcon_core.package_identification:_identify(runs/real_mid360/offline-mid360-dynamic-20260814-175320-20260814-175948/data) by extensions ['cmake', 'python']
[0.175s] Level 1:colcon.colcon_core.package_identification:_identify(runs/real_mid360/offline-mid360-dynamic-20260814-175320-20260814-175948/data) by extension 'cmake'
[0.175s] Level 1:colcon.colcon_core.package_identification:_identify(runs/real_mid360/offline-mid360-dynamic-20260814-175320-20260814-175948/data) by extension 'python'
[0.175s] Level 1:colcon.colcon_core.package_identification:_identify(runs/real_mid360/offline-mid360-dynamic-20260814-175320-20260814-175948/data) by extensions ['python_setup_py']
[0.175s] Level 1:colcon.colcon_core.package_identification:_identify(runs/real_mid360/offline-mid360-dynamic-20260814-175320-20260814-175948/data) by extension 'python_setup_py'
[0.175s] Level 1:colcon.colcon_core.package_identification:_identify(runs/real_mid360/offline-mid360-dynamic-20260814-175320-20260814-175948/data/new_map) by extensions ['ignore', 'ignore_ament_install']
[0.175s] Level 1:colcon.colcon_core.package_identification:_identify(runs/real_mid360/offline-mid360-dynamic-20260814-175320-20260814-175948/data/new_map) by extension 'ignore'
[0.175s] Level 1:colcon.colcon_core.package_identification:_identify(runs/real_mid360/offline-mid360-dynamic-20260814-175320-20260814-175948/data/new_map) by extension 'ignore_ament_install'
[0.175s] Level 1:colcon.colcon_core.package_identification:_identify(runs/real_mid360/offline-mid360-dynamic-20260814-175320-20260814-175948/data/new_map) by extensions ['colcon_pkg']
[0.175s] Level 1:colcon.colcon_core.package_identification:_identify(runs/real_mid360/offline-mid360-dynamic-20260814-175320-20260814-175948/data/new_map) by extension 'colcon_pkg'
[0.175s] Level 1:colcon.colcon_core.package_identification:_identify(runs/real_mid360/offline-mid360-dynamic-20260814-175320-20260814-175948/data/new_map) by extensions ['colcon_meta']
[0.175s] Level 1:colcon.colcon_core.package_identification:_identify(runs/real_mid360/offline-mid360-dynamic-20260814-175320-20260814-175948/data/new_map) by extension 'colcon_meta'
[0.175s] Level 1:colcon.colcon_core.package_identification:_identify(runs/real_mid360/offline-mid360-dynamic-20260814-175320-20260814-175948/data/new_map) by extensions ['ros']
[0.175s] Level 1:colcon.colcon_core.package_identification:_identify(runs/real_mid360/offline-mid360-dynamic-20260814-175320-20260814-175948/data/new_map) by extension 'ros'
[0.175s] Level 1:colcon.colcon_core.package_identification:_identify(runs/real_mid360/offline-mid360-dynamic-20260814-175320-20260814-175948/data/new_map) by extensions ['cmake', 'python']
[0.175s] Level 1:colcon.colcon_core.package_identification:_identify(runs/real_mid360/offline-mid360-dynamic-20260814-175320-20260814-175948/data/new_map) by extension 'cmake'
[0.175s] Level 1:colcon.colcon_core.package_identification:_identify(runs/real_mid360/offline-mid360-dynamic-20260814-175320-20260814-175948/data/new_map) by extension 'python'
[0.175s] Level 1:colcon.colcon_core.package_identification:_identify(runs/real_mid360/offline-mid360-dynamic-20260814-175320-20260814-175948/data/new_map) by extensions ['python_setup_py']
[0.175s] Level 1:colcon.colcon_core.package_identification:_identify(runs/real_mid360/offline-mid360-dynamic-20260814-175320-20260814-175948/data/new_map) by extension 'python_setup_py'
[0.175s] Level 1:colcon.colcon_core.package_identification:_identify(runs/real_mid360/offline-mid360-loop-20260814-180225-20260814-180903) by extensions ['ignore', 'ignore_ament_install']
[0.175s] Level 1:colcon.colcon_core.package_identification:_identify(runs/real_mid360/offline-mid360-loop-20260814-180225-20260814-180903) by extension 'ignore'
[0.175s] Level 1:colcon.colcon_core.package_identification:_identify(runs/real_mid360/offline-mid360-loop-20260814-180225-20260814-180903) by extension 'ignore_ament_install'
[0.175s] Level 1:colcon.colcon_core.package_identification:_identify(runs/real_mid360/offline-mid360-loop-20260814-180225-20260814-180903) by extensions ['colcon_pkg']
[0.175s] Level 1:colcon.colcon_core.package_identification:_identify(runs/real_mid360/offline-mid360-loop-20260814-180225-20260814-180903) by extension 'colcon_pkg'
[0.175s] Level 1:colcon.colcon_core.package_identification:_identify(runs/real_mid360/offline-mid360-loop-20260814-180225-20260814-180903) by extensions ['colcon_meta']
[0.175s] Level 1:colcon.colcon_core.package_identification:_identify(runs/real_mid360/offline-mid360-loop-20260814-180225-20260814-180903) by extension 'colcon_meta'
[0.175s] Level 1:colcon.colcon_core.package_identification:_identify(runs/real_mid360/offline-mid360-loop-20260814-180225-20260814-180903) by extensions ['ros']
[0.175s] Level 1:colcon.colcon_core.package_identification:_identify(runs/real_mid360/offline-mid360-loop-20260814-180225-20260814-180903) by extension 'ros'
[0.175s] Level 1:colcon.colcon_core.package_identification:_identify(runs/real_mid360/offline-mid360-loop-20260814-180225-20260814-180903) by extensions ['cmake', 'python']
[0.175s] Level 1:colcon.colcon_core.package_identification:_identify(runs/real_mid360/offline-mid360-loop-20260814-180225-20260814-180903) by extension 'cmake'
[0.175s] Level 1:colcon.colcon_core.package_identification:_identify(runs/real_mid360/offline-mid360-loop-20260814-180225-20260814-180903) by extension 'python'
[0.175s] Level 1:colcon.colcon_core.package_identification:_identify(runs/real_mid360/offline-mid360-loop-20260814-180225-20260814-180903) by extensions ['python_setup_py']
[0.175s] Level 1:colcon.colcon_core.package_identification:_identify(runs/real_mid360/offline-mid360-loop-20260814-180225-20260814-180903) by extension 'python_setup_py'
[0.175s] Level 1:colcon.colcon_core.package_identification:_identify(runs/real_mid360/offline-mid360-loop-20260814-180225-20260814-180903/data) by extensions ['ignore', 'ignore_ament_install']
[0.176s] Level 1:colcon.colcon_core.package_identification:_identify(runs/real_mid360/offline-mid360-loop-20260814-180225-20260814-180903/data) by extension 'ignore'
[0.176s] Level 1:colcon.colcon_core.package_identification:_identify(runs/real_mid360/offline-mid360-loop-20260814-180225-20260814-180903/data) by extension 'ignore_ament_install'
[0.176s] Level 1:colcon.colcon_core.package_identification:_identify(runs/real_mid360/offline-mid360-loop-20260814-180225-20260814-180903/data) by extensions ['colcon_pkg']
[0.176s] Level 1:colcon.colcon_core.package_identification:_identify(runs/real_mid360/offline-mid360-loop-20260814-180225-20260814-180903/data) by extension 'colcon_pkg'
[0.176s] Level 1:colcon.colcon_core.package_identification:_identify(runs/real_mid360/offline-mid360-loop-20260814-180225-20260814-180903/data) by extensions ['colcon_meta']
[0.176s] Level 1:colcon.colcon_core.package_identification:_identify(runs/real_mid360/offline-mid360-loop-20260814-180225-20260814-180903/data) by extension 'colcon_meta'
[0.176s] Level 1:colcon.colcon_core.package_identification:_identify(runs/real_mid360/offline-mid360-loop-20260814-180225-20260814-180903/data) by extensions ['ros']
[0.176s] Level 1:colcon.colcon_core.package_identification:_identify(runs/real_mid360/offline-mid360-loop-20260814-180225-20260814-180903/data) by extension 'ros'
[0.176s] Level 1:colcon.colcon_core.package_identification:_identify(runs/real_mid360/offline-mid360-loop-20260814-180225-20260814-180903/data) by extensions ['cmake', 'python']
[0.176s] Level 1:colcon.colcon_core.package_identification:_identify(runs/real_mid360/offline-mid360-loop-20260814-180225-20260814-180903/data) by extension 'cmake'
[0.176s] Level 1:colcon.colcon_core.package_identification:_identify(runs/real_mid360/offline-mid360-loop-20260814-180225-20260814-180903/data) by extension 'python'
[0.176s] Level 1:colcon.colcon_core.package_identification:_identify(runs/real_mid360/offline-mid360-loop-20260814-180225-20260814-180903/data) by extensions ['python_setup_py']
[0.176s] Level 1:colcon.colcon_core.package_identification:_identify(runs/real_mid360/offline-mid360-loop-20260814-180225-20260814-180903/data) by extension 'python_setup_py'
[0.176s] Level 1:colcon.colcon_core.package_identification:_identify(runs/real_mid360/offline-mid360-loop-20260814-180225-20260814-180903/data/new_map) by extensions ['ignore', 'ignore_ament_install']
[0.176s] Level 1:colcon.colcon_core.package_identification:_identify(runs/real_mid360/offline-mid360-loop-20260814-180225-20260814-180903/data/new_map) by extension 'ignore'
[0.176s] Level 1:colcon.colcon_core.package_identification:_identify(runs/real_mid360/offline-mid360-loop-20260814-180225-20260814-180903/data/new_map) by extension 'ignore_ament_install'
[0.176s] Level 1:colcon.colcon_core.package_identification:_identify(runs/real_mid360/offline-mid360-loop-20260814-180225-20260814-180903/data/new_map) by extensions ['colcon_pkg']
[0.176s] Level 1:colcon.colcon_core.package_identification:_identify(runs/real_mid360/offline-mid360-loop-20260814-180225-20260814-180903/data/new_map) by extension 'colcon_pkg'
[0.176s] Level 1:colcon.colcon_core.package_identification:_identify(runs/real_mid360/offline-mid360-loop-20260814-180225-20260814-180903/data/new_map) by extensions ['colcon_meta']
[0.176s] Level 1:colcon.colcon_core.package_identification:_identify(runs/real_mid360/offline-mid360-loop-20260814-180225-20260814-180903/data/new_map) by extension 'colcon_meta'
[0.176s] Level 1:colcon.colcon_core.package_identification:_identify(runs/real_mid360/offline-mid360-loop-20260814-180225-20260814-180903/data/new_map) by extensions ['ros']
[0.176s] Level 1:colcon.colcon_core.package_identification:_identify(runs/real_mid360/offline-mid360-loop-20260814-180225-20260814-180903/data/new_map) by extension 'ros'
[0.176s] Level 1:colcon.colcon_core.package_identification:_identify(runs/real_mid360/offline-mid360-loop-20260814-180225-20260814-180903/data/new_map) by extensions ['cmake', 'python']
[0.176s] Level 1:colcon.colcon_core.package_identification:_identify(runs/real_mid360/offline-mid360-loop-20260814-180225-20260814-180903/data/new_map) by extension 'cmake'
[0.176s] Level 1:colcon.colcon_core.package_identification:_identify(runs/real_mid360/offline-mid360-loop-20260814-180225-20260814-180903/data/new_map) by extension 'python'
[0.176s] Level 1:colcon.colcon_core.package_identification:_identify(runs/real_mid360/offline-mid360-loop-20260814-180225-20260814-180903/data/new_map) by extensions ['python_setup_py']
[0.176s] Level 1:colcon.colcon_core.package_identification:_identify(runs/real_mid360/offline-mid360-loop-20260814-180225-20260814-180903/data/new_map) by extension 'python_setup_py'
[0.176s] Level 1:colcon.colcon_core.package_identification:_identify(scripts) by extensions ['ignore', 'ignore_ament_install']
[0.176s] Level 1:colcon.colcon_core.package_identification:_identify(scripts) by extension 'ignore'
[0.176s] Level 1:colcon.colcon_core.package_identification:_identify(scripts) by extension 'ignore_ament_install'
[0.176s] Level 1:colcon.colcon_core.package_identification:_identify(scripts) by extensions ['colcon_pkg']
[0.176s] Level 1:colcon.colcon_core.package_identification:_identify(scripts) by extension 'colcon_pkg'
[0.176s] Level 1:colcon.colcon_core.package_identification:_identify(scripts) by extensions ['colcon_meta']
[0.176s] Level 1:colcon.colcon_core.package_identification:_identify(scripts) by extension 'colcon_meta'
[0.176s] Level 1:colcon.colcon_core.package_identification:_identify(scripts) by extensions ['ros']
[0.176s] Level 1:colcon.colcon_core.package_identification:_identify(scripts) by extension 'ros'
[0.176s] Level 1:colcon.colcon_core.package_identification:_identify(scripts) by extensions ['cmake', 'python']
[0.176s] Level 1:colcon.colcon_core.package_identification:_identify(scripts) by extension 'cmake'
[0.176s] Level 1:colcon.colcon_core.package_identification:_identify(scripts) by extension 'python'
[0.176s] Level 1:colcon.colcon_core.package_identification:_identify(scripts) by extensions ['python_setup_py']
[0.176s] Level 1:colcon.colcon_core.package_identification:_identify(scripts) by extension 'python_setup_py'
[0.177s] Level 1:colcon.colcon_core.package_identification:_identify(src) by extensions ['ignore', 'ignore_ament_install']
[0.177s] Level 1:colcon.colcon_core.package_identification:_identify(src) by extension 'ignore'
[0.177s] Level 1:colcon.colcon_core.package_identification:_identify(src) by extension 'ignore_ament_install'
[0.177s] Level 1:colcon.colcon_core.package_identification:_identify(src) by extensions ['colcon_pkg']
[0.177s] Level 1:colcon.colcon_core.package_identification:_identify(src) by extension 'colcon_pkg'
[0.177s] Level 1:colcon.colcon_core.package_identification:_identify(src) by extensions ['colcon_meta']
[0.177s] Level 1:colcon.colcon_core.package_identification:_identify(src) by extension 'colcon_meta'
[0.177s] Level 1:colcon.colcon_core.package_identification:_identify(src) by extensions ['ros']
[0.177s] Level 1:colcon.colcon_core.package_identification:_identify(src) by extension 'ros'
[0.177s] Level 1:colcon.colcon_core.package_identification:_identify(src) by extensions ['cmake', 'python']
[0.177s] Level 1:colcon.colcon_core.package_identification:_identify(src) by extension 'cmake'
[0.177s] Level 1:colcon.colcon_core.package_identification:_identify(src) by extension 'python'
[0.177s] Level 1:colcon.colcon_core.package_identification:_identify(src) by extensions ['python_setup_py']
[0.177s] Level 1:colcon.colcon_core.package_identification:_identify(src) by extension 'python_setup_py'
[0.177s] Level 1:colcon.colcon_core.package_identification:_identify(src/lightning-lm) by extensions ['ignore', 'ignore_ament_install']
[0.177s] Level 1:colcon.colcon_core.package_identification:_identify(src/lightning-lm) by extension 'ignore'
[0.177s] Level 1:colcon.colcon_core.package_identification:_identify(src/lightning-lm) by extension 'ignore_ament_install'
[0.177s] Level 1:colcon.colcon_core.package_identification:_identify(src/lightning-lm) by extensions ['colcon_pkg']
[0.177s] Level 1:colcon.colcon_core.package_identification:_identify(src/lightning-lm) by extension 'colcon_pkg'
[0.177s] Level 1:colcon.colcon_core.package_identification:_identify(src/lightning-lm) by extensions ['colcon_meta']
[0.177s] Level 1:colcon.colcon_core.package_identification:_identify(src/lightning-lm) by extension 'colcon_meta'
[0.177s] Level 1:colcon.colcon_core.package_identification:_identify(src/lightning-lm) by extensions ['ros']
[0.177s] Level 1:colcon.colcon_core.package_identification:_identify(src/lightning-lm) by extension 'ros'
[0.179s] DEBUG:colcon.colcon_core.package_identification:Package 'src/lightning-lm' with type 'ros.ament_cmake' and name 'lightning'
[0.179s] Level 1:colcon.colcon_core.package_identification:_identify(src/lightning_real) by extensions ['ignore', 'ignore_ament_install']
[0.179s] Level 1:colcon.colcon_core.package_identification:_identify(src/lightning_real) by extension 'ignore'
[0.179s] Level 1:colcon.colcon_core.package_identification:_identify(src/lightning_real) by extension 'ignore_ament_install'
[0.179s] Level 1:colcon.colcon_core.package_identification:_identify(src/lightning_real) by extensions ['colcon_pkg']
[0.179s] Level 1:colcon.colcon_core.package_identification:_identify(src/lightning_real) by extension 'colcon_pkg'
[0.180s] Level 1:colcon.colcon_core.package_identification:_identify(src/lightning_real) by extensions ['colcon_meta']
[0.180s] Level 1:colcon.colcon_core.package_identification:_identify(src/lightning_real) by extension 'colcon_meta'
[0.180s] Level 1:colcon.colcon_core.package_identification:_identify(src/lightning_real) by extensions ['ros']
[0.180s] Level 1:colcon.colcon_core.package_identification:_identify(src/lightning_real) by extension 'ros'
[0.180s] DEBUG:colcon.colcon_core.package_identification:Package 'src/lightning_real' with type 'ros.ament_cmake' and name 'lightning_real'
[0.180s] Level 1:colcon.colcon_core.package_identification:_identify(src/lightning_sim) by extensions ['ignore', 'ignore_ament_install']
[0.180s] Level 1:colcon.colcon_core.package_identification:_identify(src/lightning_sim) by extension 'ignore'
[0.180s] Level 1:colcon.colcon_core.package_identification:_identify(src/lightning_sim) by extension 'ignore_ament_install'
[0.180s] Level 1:colcon.colcon_core.package_identification:_identify(src/lightning_sim) by extensions ['colcon_pkg']
[0.180s] Level 1:colcon.colcon_core.package_identification:_identify(src/lightning_sim) by extension 'colcon_pkg'
[0.180s] Level 1:colcon.colcon_core.package_identification:_identify(src/lightning_sim) by extensions ['colcon_meta']
[0.180s] Level 1:colcon.colcon_core.package_identification:_identify(src/lightning_sim) by extension 'colcon_meta'
[0.180s] Level 1:colcon.colcon_core.package_identification:_identify(src/lightning_sim) by extensions ['ros']
[0.180s] Level 1:colcon.colcon_core.package_identification:_identify(src/lightning_sim) by extension 'ros'
[0.181s] DEBUG:colcon.colcon_core.package_identification:Package 'src/lightning_sim' with type 'ros.ament_cmake' and name 'lightning_sim'
[0.181s] Level 1:colcon.colcon_core.package_identification:_identify(src/livox_ros_driver2) by extensions ['ignore', 'ignore_ament_install']
[0.181s] Level 1:colcon.colcon_core.package_identification:_identify(src/livox_ros_driver2) by extension 'ignore'
[0.181s] Level 1:colcon.colcon_core.package_identification:_identify(src/livox_ros_driver2) by extension 'ignore_ament_install'
[0.181s] Level 1:colcon.colcon_core.package_identification:_identify(src/livox_ros_driver2) by extensions ['colcon_pkg']
[0.181s] Level 1:colcon.colcon_core.package_identification:_identify(src/livox_ros_driver2) by extension 'colcon_pkg'
[0.181s] Level 1:colcon.colcon_core.package_identification:_identify(src/livox_ros_driver2) by extensions ['colcon_meta']
[0.181s] Level 1:colcon.colcon_core.package_identification:_identify(src/livox_ros_driver2) by extension 'colcon_meta'
[0.181s] Level 1:colcon.colcon_core.package_identification:_identify(src/livox_ros_driver2) by extensions ['ros']
[0.181s] Level 1:colcon.colcon_core.package_identification:_identify(src/livox_ros_driver2) by extension 'ros'
[0.182s] DEBUG:colcon.colcon_core.package_identification:Package 'src/livox_ros_driver2' with type 'ros.ament_cmake' and name 'livox_ros_driver2'
[0.182s] Level 1:colcon.colcon_core.package_identification:_identify(src/xyp_mid360_navigation) by extensions ['ignore', 'ignore_ament_install']
[0.182s] Level 1:colcon.colcon_core.package_identification:_identify(src/xyp_mid360_navigation) by extension 'ignore'
[0.182s] Level 1:colcon.colcon_core.package_identification:_identify(src/xyp_mid360_navigation) by extension 'ignore_ament_install'
[0.182s] Level 1:colcon.colcon_core.package_identification:_identify(src/xyp_mid360_navigation) by extensions ['colcon_pkg']
[0.182s] Level 1:colcon.colcon_core.package_identification:_identify(src/xyp_mid360_navigation) by extension 'colcon_pkg'
[0.182s] Level 1:colcon.colcon_core.package_identification:_identify(src/xyp_mid360_navigation) by extensions ['colcon_meta']
[0.182s] Level 1:colcon.colcon_core.package_identification:_identify(src/xyp_mid360_navigation) by extension 'colcon_meta'
[0.182s] Level 1:colcon.colcon_core.package_identification:_identify(src/xyp_mid360_navigation) by extensions ['ros']
[0.182s] Level 1:colcon.colcon_core.package_identification:_identify(src/xyp_mid360_navigation) by extension 'ros'
[0.182s] DEBUG:colcon.colcon_core.package_identification:Package 'src/xyp_mid360_navigation' with type 'ros.ament_cmake' and name 'xyp_mid360_navigation'
[0.182s] Level 1:colcon.colcon_core.package_discovery:discover_packages(recursive) using defaults
[0.182s] Level 1:colcon.colcon_core.package_discovery:discover_packages(ignore) discover
[0.183s] Level 1:colcon.colcon_core.package_discovery:discover_packages(ignore) using defaults
[0.183s] Level 1:colcon.colcon_core.package_discovery:discover_packages(path) discover
[0.183s] Level 1:colcon.colcon_core.package_discovery:discover_packages(path) using defaults
[0.202s] Level 1:colcon.colcon_core.package_discovery:discover_packages(prefix_path) check parameters
[0.202s] Level 1:colcon.colcon_core.package_discovery:discover_packages(prefix_path) discover
[0.203s] DEBUG:colcon.colcon_installed_package_information.package_discovery:Found 5 installed packages in /home/kepler/Documents/Codex/2026-08-14/microsoft-visual-studio-code-stable-vs/outputs/lightning_lm_ws/install
[0.204s] DEBUG:colcon.colcon_installed_package_information.package_discovery:Found 291 installed packages in /opt/ros/humble
[0.205s] Level 1:colcon.colcon_core.package_discovery:discover_packages(prefix_path) using defaults
[0.228s] Level 5:colcon.colcon_core.verb:set package 'lightning' build argument 'cmake_args' from command line to 'None'
[0.228s] Level 5:colcon.colcon_core.verb:set package 'lightning' build argument 'cmake_target' from command line to 'None'
[0.228s] Level 5:colcon.colcon_core.verb:set package 'lightning' build argument 'cmake_target_skip_unavailable' from command line to 'False'
[0.228s] Level 5:colcon.colcon_core.verb:set package 'lightning' build argument 'cmake_clean_cache' from command line to 'False'
[0.228s] Level 5:colcon.colcon_core.verb:set package 'lightning' build argument 'cmake_clean_first' from command line to 'False'
[0.228s] Level 5:colcon.colcon_core.verb:set package 'lightning' build argument 'cmake_force_configure' from command line to 'False'
[0.228s] Level 5:colcon.colcon_core.verb:set package 'lightning' build argument 'ament_cmake_args' from command line to 'None'
[0.228s] Level 5:colcon.colcon_core.verb:set package 'lightning' build argument 'catkin_cmake_args' from command line to 'None'
[0.228s] Level 5:colcon.colcon_core.verb:set package 'lightning' build argument 'catkin_skip_building_tests' from command line to 'False'
[0.228s] DEBUG:colcon.colcon_core.verb:Building package 'lightning' with the following arguments: {'ament_cmake_args': None, 'build_base': '/home/kepler/Documents/Codex/2026-08-14/microsoft-visual-studio-code-stable-vs/outputs/lightning_lm_ws/build/lightning', 'catkin_cmake_args': None, 'catkin_skip_building_tests': False, 'cmake_args': None, 'cmake_clean_cache': False, 'cmake_clean_first': False, 'cmake_force_configure': False, 'cmake_target': None, 'cmake_target_skip_unavailable': False, 'install_base': '/home/kepler/Documents/Codex/2026-08-14/microsoft-visual-studio-code-stable-vs/outputs/lightning_lm_ws/install/lightning', 'merge_install': False, 'path': '/home/kepler/Documents/Codex/2026-08-14/microsoft-visual-studio-code-stable-vs/outputs/lightning_lm_ws/src/lightning-lm', 'symlink_install': True, 'test_result_base': None}
[0.228s] Level 5:colcon.colcon_core.verb:set package 'livox_ros_driver2' build argument 'cmake_args' from command line to 'None'
[0.228s] Level 5:colcon.colcon_core.verb:set package 'livox_ros_driver2' build argument 'cmake_target' from command line to 'None'
[0.228s] Level 5:colcon.colcon_core.verb:set package 'livox_ros_driver2' build argument 'cmake_target_skip_unavailable' from command line to 'False'
[0.228s] Level 5:colcon.colcon_core.verb:set package 'livox_ros_driver2' build argument 'cmake_clean_cache' from command line to 'False'
[0.228s] Level 5:colcon.colcon_core.verb:set package 'livox_ros_driver2' build argument 'cmake_clean_first' from command line to 'False'
[0.228s] Level 5:colcon.colcon_core.verb:set package 'livox_ros_driver2' build argument 'cmake_force_configure' from command line to 'False'
[0.228s] Level 5:colcon.colcon_core.verb:set package 'livox_ros_driver2' build argument 'ament_cmake_args' from command line to 'None'
[0.228s] Level 5:colcon.colcon_core.verb:set package 'livox_ros_driver2' build argument 'catkin_cmake_args' from command line to 'None'
[0.228s] Level 5:colcon.colcon_core.verb:set package 'livox_ros_driver2' build argument 'catkin_skip_building_tests' from command line to 'False'
[0.228s] DEBUG:colcon.colcon_core.verb:Building package 'livox_ros_driver2' with the following arguments: {'ament_cmake_args': None, 'build_base': '/home/kepler/Documents/Codex/2026-08-14/microsoft-visual-studio-code-stable-vs/outputs/lightning_lm_ws/build/livox_ros_driver2', 'catkin_cmake_args': None, 'catkin_skip_building_tests': False, 'cmake_args': None, 'cmake_clean_cache': False, 'cmake_clean_first': False, 'cmake_force_configure': False, 'cmake_target': None, 'cmake_target_skip_unavailable': False, 'install_base': '/home/kepler/Documents/Codex/2026-08-14/microsoft-visual-studio-code-stable-vs/outputs/lightning_lm_ws/install/livox_ros_driver2', 'merge_install': False, 'path': '/home/kepler/Documents/Codex/2026-08-14/microsoft-visual-studio-code-stable-vs/outputs/lightning_lm_ws/src/livox_ros_driver2', 'symlink_install': True, 'test_result_base': None}
[0.229s] Level 5:colcon.colcon_core.verb:set package 'xyp_mid360_navigation' build argument 'cmake_args' from command line to 'None'
[0.229s] Level 5:colcon.colcon_core.verb:set package 'xyp_mid360_navigation' build argument 'cmake_target' from command line to 'None'
[0.229s] Level 5:colcon.colcon_core.verb:set package 'xyp_mid360_navigation' build argument 'cmake_target_skip_unavailable' from command line to 'False'
[0.229s] Level 5:colcon.colcon_core.verb:set package 'xyp_mid360_navigation' build argument 'cmake_clean_cache' from command line to 'False'
[0.229s] Level 5:colcon.colcon_core.verb:set package 'xyp_mid360_navigation' build argument 'cmake_clean_first' from command line to 'False'
[0.229s] Level 5:colcon.colcon_core.verb:set package 'xyp_mid360_navigation' build argument 'cmake_force_configure' from command line to 'False'
[0.229s] Level 5:colcon.colcon_core.verb:set package 'xyp_mid360_navigation' build argument 'ament_cmake_args' from command line to 'None'
[0.229s] Level 5:colcon.colcon_core.verb:set package 'xyp_mid360_navigation' build argument 'catkin_cmake_args' from command line to 'None'
[0.229s] Level 5:colcon.colcon_core.verb:set package 'xyp_mid360_navigation' build argument 'catkin_skip_building_tests' from command line to 'False'
[0.229s] DEBUG:colcon.colcon_core.verb:Building package 'xyp_mid360_navigation' with the following arguments: {'ament_cmake_args': None, 'build_base': '/home/kepler/Documents/Codex/2026-08-14/microsoft-visual-studio-code-stable-vs/outputs/lightning_lm_ws/build/xyp_mid360_navigation', 'catkin_cmake_args': None, 'catkin_skip_building_tests': False, 'cmake_args': None, 'cmake_clean_cache': False, 'cmake_clean_first': False, 'cmake_force_configure': False, 'cmake_target': None, 'cmake_target_skip_unavailable': False, 'install_base': '/home/kepler/Documents/Codex/2026-08-14/microsoft-visual-studio-code-stable-vs/outputs/lightning_lm_ws/install/xyp_mid360_navigation', 'merge_install': False, 'path': '/home/kepler/Documents/Codex/2026-08-14/microsoft-visual-studio-code-stable-vs/outputs/lightning_lm_ws/src/xyp_mid360_navigation', 'symlink_install': True, 'test_result_base': None}
[0.229s] Level 5:colcon.colcon_core.verb:set package 'lightning_real' build argument 'cmake_args' from command line to 'None'
[0.229s] Level 5:colcon.colcon_core.verb:set package 'lightning_real' build argument 'cmake_target' from command line to 'None'
[0.229s] Level 5:colcon.colcon_core.verb:set package 'lightning_real' build argument 'cmake_target_skip_unavailable' from command line to 'False'
[0.229s] Level 5:colcon.colcon_core.verb:set package 'lightning_real' build argument 'cmake_clean_cache' from command line to 'False'
[0.229s] Level 5:colcon.colcon_core.verb:set package 'lightning_real' build argument 'cmake_clean_first' from command line to 'False'
[0.229s] Level 5:colcon.colcon_core.verb:set package 'lightning_real' build argument 'cmake_force_configure' from command line to 'False'
[0.229s] Level 5:colcon.colcon_core.verb:set package 'lightning_real' build argument 'ament_cmake_args' from command line to 'None'
[0.229s] Level 5:colcon.colcon_core.verb:set package 'lightning_real' build argument 'catkin_cmake_args' from command line to 'None'
[0.229s] Level 5:colcon.colcon_core.verb:set package 'lightning_real' build argument 'catkin_skip_building_tests' from command line to 'False'
[0.229s] DEBUG:colcon.colcon_core.verb:Building package 'lightning_real' with the following arguments: {'ament_cmake_args': None, 'build_base': '/home/kepler/Documents/Codex/2026-08-14/microsoft-visual-studio-code-stable-vs/outputs/lightning_lm_ws/build/lightning_real', 'catkin_cmake_args': None, 'catkin_skip_building_tests': False, 'cmake_args': None, 'cmake_clean_cache': False, 'cmake_clean_first': False, 'cmake_force_configure': False, 'cmake_target': None, 'cmake_target_skip_unavailable': False, 'install_base': '/home/kepler/Documents/Codex/2026-08-14/microsoft-visual-studio-code-stable-vs/outputs/lightning_lm_ws/install/lightning_real', 'merge_install': False, 'path': '/home/kepler/Documents/Codex/2026-08-14/microsoft-visual-studio-code-stable-vs/outputs/lightning_lm_ws/src/lightning_real', 'symlink_install': True, 'test_result_base': None}
[0.229s] Level 5:colcon.colcon_core.verb:set package 'lightning_sim' build argument 'cmake_args' from command line to 'None'
[0.229s] Level 5:colcon.colcon_core.verb:set package 'lightning_sim' build argument 'cmake_target' from command line to 'None'
[0.229s] Level 5:colcon.colcon_core.verb:set package 'lightning_sim' build argument 'cmake_target_skip_unavailable' from command line to 'False'
[0.229s] Level 5:colcon.colcon_core.verb:set package 'lightning_sim' build argument 'cmake_clean_cache' from command line to 'False'
[0.229s] Level 5:colcon.colcon_core.verb:set package 'lightning_sim' build argument 'cmake_clean_first' from command line to 'False'
[0.229s] Level 5:colcon.colcon_core.verb:set package 'lightning_sim' build argument 'cmake_force_configure' from command line to 'False'
[0.229s] Level 5:colcon.colcon_core.verb:set package 'lightning_sim' build argument 'ament_cmake_args' from command line to 'None'
[0.229s] Level 5:colcon.colcon_core.verb:set package 'lightning_sim' build argument 'catkin_cmake_args' from command line to 'None'
[0.229s] Level 5:colcon.colcon_core.verb:set package 'lightning_sim' build argument 'catkin_skip_building_tests' from command line to 'False'
[0.229s] DEBUG:colcon.colcon_core.verb:Building package 'lightning_sim' with the following arguments: {'ament_cmake_args': None, 'build_base': '/home/kepler/Documents/Codex/2026-08-14/microsoft-visual-studio-code-stable-vs/outputs/lightning_lm_ws/build/lightning_sim', 'catkin_cmake_args': None, 'catkin_skip_building_tests': False, 'cmake_args': None, 'cmake_clean_cache': False, 'cmake_clean_first': False, 'cmake_force_configure': False, 'cmake_target': None, 'cmake_target_skip_unavailable': False, 'install_base': '/home/kepler/Documents/Codex/2026-08-14/microsoft-visual-studio-code-stable-vs/outputs/lightning_lm_ws/install/lightning_sim', 'merge_install': False, 'path': '/home/kepler/Documents/Codex/2026-08-14/microsoft-visual-studio-code-stable-vs/outputs/lightning_lm_ws/src/lightning_sim', 'symlink_install': True, 'test_result_base': None}
[0.229s] INFO:colcon.colcon_core.executor:Executing jobs using 'parallel' executor
[0.230s] DEBUG:colcon.colcon_parallel_executor.executor.parallel:run_until_complete
[0.230s] INFO:colcon.colcon_ros.task.ament_cmake.build:Building ROS package in '/home/kepler/Documents/Codex/2026-08-14/microsoft-visual-studio-code-stable-vs/outputs/lightning_lm_ws/src/lightning-lm' with build type 'ament_cmake'
[0.230s] INFO:colcon.colcon_cmake.task.cmake.build:Building CMake package in '/home/kepler/Documents/Codex/2026-08-14/microsoft-visual-studio-code-stable-vs/outputs/lightning_lm_ws/src/lightning-lm'
[0.232s] INFO:colcon.colcon_core.plugin_system:Skipping extension 'colcon_core.shell.bat': Not used on non-Windows systems
[0.232s] INFO:colcon.colcon_core.shell:Skip shell extension 'powershell' for command environment: Not usable outside of PowerShell
[0.232s] DEBUG:colcon.colcon_core.shell:Skip shell extension 'dsv' for command environment
[0.234s] INFO:colcon.colcon_ros.task.ament_cmake.build:Building ROS package in '/home/kepler/Documents/Codex/2026-08-14/microsoft-visual-studio-code-stable-vs/outputs/lightning_lm_ws/src/livox_ros_driver2' with build type 'ament_cmake'
[0.234s] INFO:colcon.colcon_cmake.task.cmake.build:Building CMake package in '/home/kepler/Documents/Codex/2026-08-14/microsoft-visual-studio-code-stable-vs/outputs/lightning_lm_ws/src/livox_ros_driver2'
[0.234s] INFO:colcon.colcon_core.shell:Skip shell extension 'powershell' for command environment: Not usable outside of PowerShell
[0.235s] DEBUG:colcon.colcon_core.shell:Skip shell extension 'dsv' for command environment
[0.236s] INFO:colcon.colcon_ros.task.ament_cmake.build:Building ROS package in '/home/kepler/Documents/Codex/2026-08-14/microsoft-visual-studio-code-stable-vs/outputs/lightning_lm_ws/src/xyp_mid360_navigation' with build type 'ament_cmake'
[0.237s] INFO:colcon.colcon_cmake.task.cmake.build:Building CMake package in '/home/kepler/Documents/Codex/2026-08-14/microsoft-visual-studio-code-stable-vs/outputs/lightning_lm_ws/src/xyp_mid360_navigation'
[0.237s] INFO:colcon.colcon_core.shell:Skip shell extension 'powershell' for command environment: Not usable outside of PowerShell
[0.237s] DEBUG:colcon.colcon_core.shell:Skip shell extension 'dsv' for command environment
[0.244s] DEBUG:colcon.colcon_core.event_handler.log_command:Invoking command in '/home/kepler/Documents/Codex/2026-08-14/microsoft-visual-studio-code-stable-vs/outputs/lightning_lm_ws/build/lightning': CMAKE_PREFIX_PATH=${CMAKE_PREFIX_PATH}:/opt/ros/humble /usr/bin/cmake --build /home/kepler/Documents/Codex/2026-08-14/microsoft-visual-studio-code-stable-vs/outputs/lightning_lm_ws/build/lightning -- -j28 -l28
[0.245s] DEBUG:colcon.colcon_core.event_handler.log_command:Invoking command in '/home/kepler/Documents/Codex/2026-08-14/microsoft-visual-studio-code-stable-vs/outputs/lightning_lm_ws/build/livox_ros_driver2': CMAKE_PREFIX_PATH=${CMAKE_PREFIX_PATH}:/opt/ros/humble /usr/bin/cmake --build /home/kepler/Documents/Codex/2026-08-14/microsoft-visual-studio-code-stable-vs/outputs/lightning_lm_ws/build/livox_ros_driver2 -- -j28 -l28
[0.247s] DEBUG:colcon.colcon_core.event_handler.log_command:Invoking command in '/home/kepler/Documents/Codex/2026-08-14/microsoft-visual-studio-code-stable-vs/outputs/lightning_lm_ws/build/xyp_mid360_navigation': CMAKE_PREFIX_PATH=${CMAKE_PREFIX_PATH}:/opt/ros/humble /usr/bin/cmake --build /home/kepler/Documents/Codex/2026-08-14/microsoft-visual-studio-code-stable-vs/outputs/lightning_lm_ws/build/xyp_mid360_navigation -- -j28 -l28
[0.282s] DEBUG:colcon.colcon_core.event_handler.log_command:Invoked command in '/home/kepler/Documents/Codex/2026-08-14/microsoft-visual-studio-code-stable-vs/outputs/lightning_lm_ws/build/xyp_mid360_navigation' returned '0': CMAKE_PREFIX_PATH=${CMAKE_PREFIX_PATH}:/opt/ros/humble /usr/bin/cmake --build /home/kepler/Documents/Codex/2026-08-14/microsoft-visual-studio-code-stable-vs/outputs/lightning_lm_ws/build/xyp_mid360_navigation -- -j28 -l28
[0.298s] DEBUG:colcon.colcon_core.event_handler.log_command:Invoking command in '/home/kepler/Documents/Codex/2026-08-14/microsoft-visual-studio-code-stable-vs/outputs/lightning_lm_ws/build/xyp_mid360_navigation': CMAKE_PREFIX_PATH=${CMAKE_PREFIX_PATH}:/opt/ros/humble /usr/bin/cmake --install /home/kepler/Documents/Codex/2026-08-14/microsoft-visual-studio-code-stable-vs/outputs/lightning_lm_ws/build/xyp_mid360_navigation
[0.330s] Level 1:colcon.colcon_core.environment:create_environment_scripts_only(xyp_mid360_navigation)
[0.330s] DEBUG:colcon.colcon_core.event_handler.log_command:Invoked command in '/home/kepler/Documents/Codex/2026-08-14/microsoft-visual-studio-code-stable-vs/outputs/lightning_lm_ws/build/xyp_mid360_navigation' returned '0': CMAKE_PREFIX_PATH=${CMAKE_PREFIX_PATH}:/opt/ros/humble /usr/bin/cmake --install /home/kepler/Documents/Codex/2026-08-14/microsoft-visual-studio-code-stable-vs/outputs/lightning_lm_ws/build/xyp_mid360_navigation
[0.332s] Level 1:colcon.colcon_core.environment:checking '/home/kepler/Documents/Codex/2026-08-14/microsoft-visual-studio-code-stable-vs/outputs/lightning_lm_ws/install/xyp_mid360_navigation' for CMake module files
[0.332s] Level 1:colcon.colcon_core.environment:checking '/home/kepler/Documents/Codex/2026-08-14/microsoft-visual-studio-code-stable-vs/outputs/lightning_lm_ws/install/xyp_mid360_navigation' for CMake config files
[0.333s] Level 1:colcon.colcon_core.shell:create_environment_hook('xyp_mid360_navigation', 'cmake_prefix_path')
[0.333s] INFO:colcon.colcon_core.shell:Creating environment hook '/home/kepler/Documents/Codex/2026-08-14/microsoft-visual-studio-code-stable-vs/outputs/lightning_lm_ws/install/xyp_mid360_navigation/share/xyp_mid360_navigation/hook/cmake_prefix_path.ps1'
[0.333s] INFO:colcon.colcon_core.shell:Creating environment descriptor '/home/kepler/Documents/Codex/2026-08-14/microsoft-visual-studio-code-stable-vs/outputs/lightning_lm_ws/install/xyp_mid360_navigation/share/xyp_mid360_navigation/hook/cmake_prefix_path.dsv'
[0.333s] INFO:colcon.colcon_core.shell:Creating environment hook '/home/kepler/Documents/Codex/2026-08-14/microsoft-visual-studio-code-stable-vs/outputs/lightning_lm_ws/install/xyp_mid360_navigation/share/xyp_mid360_navigation/hook/cmake_prefix_path.sh'
[0.334s] Level 1:colcon.colcon_core.environment:checking '/home/kepler/Documents/Codex/2026-08-14/microsoft-visual-studio-code-stable-vs/outputs/lightning_lm_ws/install/xyp_mid360_navigation/lib'
[0.334s] Level 1:colcon.colcon_core.environment:checking '/home/kepler/Documents/Codex/2026-08-14/microsoft-visual-studio-code-stable-vs/outputs/lightning_lm_ws/install/xyp_mid360_navigation/bin'
[0.334s] Level 1:colcon.colcon_core.environment:checking '/home/kepler/Documents/Codex/2026-08-14/microsoft-visual-studio-code-stable-vs/outputs/lightning_lm_ws/install/xyp_mid360_navigation/lib/pkgconfig/xyp_mid360_navigation.pc'
[0.334s] Level 1:colcon.colcon_core.environment:checking '/home/kepler/Documents/Codex/2026-08-14/microsoft-visual-studio-code-stable-vs/outputs/lightning_lm_ws/install/xyp_mid360_navigation/lib/python3.10/site-packages'
[0.334s] Level 1:colcon.colcon_core.environment:checking '/home/kepler/Documents/Codex/2026-08-14/microsoft-visual-studio-code-stable-vs/outputs/lightning_lm_ws/install/xyp_mid360_navigation/bin'
[0.335s] INFO:colcon.colcon_core.shell:Creating package script '/home/kepler/Documents/Codex/2026-08-14/microsoft-visual-studio-code-stable-vs/outputs/lightning_lm_ws/install/xyp_mid360_navigation/share/xyp_mid360_navigation/package.ps1'
[0.335s] INFO:colcon.colcon_core.shell:Creating package descriptor '/home/kepler/Documents/Codex/2026-08-14/microsoft-visual-studio-code-stable-vs/outputs/lightning_lm_ws/install/xyp_mid360_navigation/share/xyp_mid360_navigation/package.dsv'
[0.336s] INFO:colcon.colcon_core.shell:Creating package script '/home/kepler/Documents/Codex/2026-08-14/microsoft-visual-studio-code-stable-vs/outputs/lightning_lm_ws/install/xyp_mid360_navigation/share/xyp_mid360_navigation/package.sh'
[0.336s] INFO:colcon.colcon_core.shell:Creating package script '/home/kepler/Documents/Codex/2026-08-14/microsoft-visual-studio-code-stable-vs/outputs/lightning_lm_ws/install/xyp_mid360_navigation/share/xyp_mid360_navigation/package.bash'
[0.336s] INFO:colcon.colcon_core.shell:Creating package script '/home/kepler/Documents/Codex/2026-08-14/microsoft-visual-studio-code-stable-vs/outputs/lightning_lm_ws/install/xyp_mid360_navigation/share/xyp_mid360_navigation/package.zsh'
[0.337s] Level 1:colcon.colcon_core.environment:create_file_with_runtime_dependencies(/home/kepler/Documents/Codex/2026-08-14/microsoft-visual-studio-code-stable-vs/outputs/lightning_lm_ws/install/xyp_mid360_navigation/share/colcon-core/packages/xyp_mid360_navigation)
[0.337s] Level 1:colcon.colcon_core.environment:create_environment_scripts_only(xyp_mid360_navigation)
[0.337s] Level 1:colcon.colcon_core.environment:checking '/home/kepler/Documents/Codex/2026-08-14/microsoft-visual-studio-code-stable-vs/outputs/lightning_lm_ws/install/xyp_mid360_navigation' for CMake module files
[0.338s] Level 1:colcon.colcon_core.environment:checking '/home/kepler/Documents/Codex/2026-08-14/microsoft-visual-studio-code-stable-vs/outputs/lightning_lm_ws/install/xyp_mid360_navigation' for CMake config files
[0.338s] Level 1:colcon.colcon_core.shell:create_environment_hook('xyp_mid360_navigation', 'cmake_prefix_path')
[0.338s] INFO:colcon.colcon_core.shell:Creating environment hook '/home/kepler/Documents/Codex/2026-08-14/microsoft-visual-studio-code-stable-vs/outputs/lightning_lm_ws/install/xyp_mid360_navigation/share/xyp_mid360_navigation/hook/cmake_prefix_path.ps1'
[0.338s] INFO:colcon.colcon_core.shell:Creating environment descriptor '/home/kepler/Documents/Codex/2026-08-14/microsoft-visual-studio-code-stable-vs/outputs/lightning_lm_ws/install/xyp_mid360_navigation/share/xyp_mid360_navigation/hook/cmake_prefix_path.dsv'
[0.338s] INFO:colcon.colcon_core.shell:Creating environment hook '/home/kepler/Documents/Codex/2026-08-14/microsoft-visual-studio-code-stable-vs/outputs/lightning_lm_ws/install/xyp_mid360_navigation/share/xyp_mid360_navigation/hook/cmake_prefix_path.sh'
[0.339s] Level 1:colcon.colcon_core.environment:checking '/home/kepler/Documents/Codex/2026-08-14/microsoft-visual-studio-code-stable-vs/outputs/lightning_lm_ws/install/xyp_mid360_navigation/lib'
[0.339s] Level 1:colcon.colcon_core.environment:checking '/home/kepler/Documents/Codex/2026-08-14/microsoft-visual-studio-code-stable-vs/outputs/lightning_lm_ws/install/xyp_mid360_navigation/bin'
[0.339s] Level 1:colcon.colcon_core.environment:checking '/home/kepler/Documents/Codex/2026-08-14/microsoft-visual-studio-code-stable-vs/outputs/lightning_lm_ws/install/xyp_mid360_navigation/lib/pkgconfig/xyp_mid360_navigation.pc'
[0.339s] Level 1:colcon.colcon_core.environment:checking '/home/kepler/Documents/Codex/2026-08-14/microsoft-visual-studio-code-stable-vs/outputs/lightning_lm_ws/install/xyp_mid360_navigation/lib/python3.10/site-packages'
[0.339s] Level 1:colcon.colcon_core.environment:checking '/home/kepler/Documents/Codex/2026-08-14/microsoft-visual-studio-code-stable-vs/outputs/lightning_lm_ws/install/xyp_mid360_navigation/bin'
[0.339s] INFO:colcon.colcon_core.shell:Creating package script '/home/kepler/Documents/Codex/2026-08-14/microsoft-visual-studio-code-stable-vs/outputs/lightning_lm_ws/install/xyp_mid360_navigation/share/xyp_mid360_navigation/package.ps1'
[0.340s] INFO:colcon.colcon_core.shell:Creating package descriptor '/home/kepler/Documents/Codex/2026-08-14/microsoft-visual-studio-code-stable-vs/outputs/lightning_lm_ws/install/xyp_mid360_navigation/share/xyp_mid360_navigation/package.dsv'
[0.340s] INFO:colcon.colcon_core.shell:Creating package script '/home/kepler/Documents/Codex/2026-08-14/microsoft-visual-studio-code-stable-vs/outputs/lightning_lm_ws/install/xyp_mid360_navigation/share/xyp_mid360_navigation/package.sh'
[0.340s] INFO:colcon.colcon_core.shell:Creating package script '/home/kepler/Documents/Codex/2026-08-14/microsoft-visual-studio-code-stable-vs/outputs/lightning_lm_ws/install/xyp_mid360_navigation/share/xyp_mid360_navigation/package.bash'
[0.340s] INFO:colcon.colcon_core.shell:Creating package script '/home/kepler/Documents/Codex/2026-08-14/microsoft-visual-studio-code-stable-vs/outputs/lightning_lm_ws/install/xyp_mid360_navigation/share/xyp_mid360_navigation/package.zsh'
[0.341s] Level 1:colcon.colcon_core.environment:create_file_with_runtime_dependencies(/home/kepler/Documents/Codex/2026-08-14/microsoft-visual-studio-code-stable-vs/outputs/lightning_lm_ws/install/xyp_mid360_navigation/share/colcon-core/packages/xyp_mid360_navigation)
[0.490s] DEBUG:colcon.colcon_core.event_handler.log_command:Invoked command in '/home/kepler/Documents/Codex/2026-08-14/microsoft-visual-studio-code-stable-vs/outputs/lightning_lm_ws/build/livox_ros_driver2' returned '0': CMAKE_PREFIX_PATH=${CMAKE_PREFIX_PATH}:/opt/ros/humble /usr/bin/cmake --build /home/kepler/Documents/Codex/2026-08-14/microsoft-visual-studio-code-stable-vs/outputs/lightning_lm_ws/build/livox_ros_driver2 -- -j28 -l28
[0.491s] DEBUG:colcon.colcon_core.event_handler.log_command:Invoking command in '/home/kepler/Documents/Codex/2026-08-14/microsoft-visual-studio-code-stable-vs/outputs/lightning_lm_ws/build/livox_ros_driver2': CMAKE_PREFIX_PATH=${CMAKE_PREFIX_PATH}:/opt/ros/humble /usr/bin/cmake --install /home/kepler/Documents/Codex/2026-08-14/microsoft-visual-studio-code-stable-vs/outputs/lightning_lm_ws/build/livox_ros_driver2
[0.513s] DEBUG:colcon.colcon_core.event_handler.log_command:Invoked command in '/home/kepler/Documents/Codex/2026-08-14/microsoft-visual-studio-code-stable-vs/outputs/lightning_lm_ws/build/lightning' returned '0': CMAKE_PREFIX_PATH=${CMAKE_PREFIX_PATH}:/opt/ros/humble /usr/bin/cmake --build /home/kepler/Documents/Codex/2026-08-14/microsoft-visual-studio-code-stable-vs/outputs/lightning_lm_ws/build/lightning -- -j28 -l28
[0.515s] DEBUG:colcon.colcon_core.event_handler.log_command:Invoking command in '/home/kepler/Documents/Codex/2026-08-14/microsoft-visual-studio-code-stable-vs/outputs/lightning_lm_ws/build/lightning': CMAKE_PREFIX_PATH=${CMAKE_PREFIX_PATH}:/opt/ros/humble /usr/bin/cmake --install /home/kepler/Documents/Codex/2026-08-14/microsoft-visual-studio-code-stable-vs/outputs/lightning_lm_ws/build/lightning
[0.551s] Level 1:colcon.colcon_core.environment:create_environment_scripts_only(livox_ros_driver2)
[0.551s] DEBUG:colcon.colcon_core.event_handler.log_command:Invoked command in '/home/kepler/Documents/Codex/2026-08-14/microsoft-visual-studio-code-stable-vs/outputs/lightning_lm_ws/build/livox_ros_driver2' returned '0': CMAKE_PREFIX_PATH=${CMAKE_PREFIX_PATH}:/opt/ros/humble /usr/bin/cmake --install /home/kepler/Documents/Codex/2026-08-14/microsoft-visual-studio-code-stable-vs/outputs/lightning_lm_ws/build/livox_ros_driver2
[0.551s] Level 1:colcon.colcon_core.environment:checking '/home/kepler/Documents/Codex/2026-08-14/microsoft-visual-studio-code-stable-vs/outputs/lightning_lm_ws/install/livox_ros_driver2' for CMake module files
[0.552s] Level 1:colcon.colcon_core.environment:checking '/home/kepler/Documents/Codex/2026-08-14/microsoft-visual-studio-code-stable-vs/outputs/lightning_lm_ws/install/livox_ros_driver2' for CMake config files
[0.553s] Level 1:colcon.colcon_core.shell:create_environment_hook('livox_ros_driver2', 'cmake_prefix_path')
[0.554s] INFO:colcon.colcon_core.shell:Creating environment hook '/home/kepler/Documents/Codex/2026-08-14/microsoft-visual-studio-code-stable-vs/outputs/lightning_lm_ws/install/livox_ros_driver2/share/livox_ros_driver2/hook/cmake_prefix_path.ps1'
[0.554s] INFO:colcon.colcon_core.shell:Creating environment descriptor '/home/kepler/Documents/Codex/2026-08-14/microsoft-visual-studio-code-stable-vs/outputs/lightning_lm_ws/install/livox_ros_driver2/share/livox_ros_driver2/hook/cmake_prefix_path.dsv'
[0.554s] INFO:colcon.colcon_core.shell:Creating environment hook '/home/kepler/Documents/Codex/2026-08-14/microsoft-visual-studio-code-stable-vs/outputs/lightning_lm_ws/install/livox_ros_driver2/share/livox_ros_driver2/hook/cmake_prefix_path.sh'
[0.555s] Level 1:colcon.colcon_core.environment:checking '/home/kepler/Documents/Codex/2026-08-14/microsoft-visual-studio-code-stable-vs/outputs/lightning_lm_ws/install/livox_ros_driver2/lib'
[0.555s] Level 1:colcon.colcon_core.shell:create_environment_hook('livox_ros_driver2', 'ld_library_path_lib')
[0.555s] INFO:colcon.colcon_core.shell:Creating environment hook '/home/kepler/Documents/Codex/2026-08-14/microsoft-visual-studio-code-stable-vs/outputs/lightning_lm_ws/install/livox_ros_driver2/share/livox_ros_driver2/hook/ld_library_path_lib.ps1'
[0.556s] INFO:colcon.colcon_core.shell:Creating environment descriptor '/home/kepler/Documents/Codex/2026-08-14/microsoft-visual-studio-code-stable-vs/outputs/lightning_lm_ws/install/livox_ros_driver2/share/livox_ros_driver2/hook/ld_library_path_lib.dsv'
[0.556s] INFO:colcon.colcon_core.shell:Creating environment hook '/home/kepler/Documents/Codex/2026-08-14/microsoft-visual-studio-code-stable-vs/outputs/lightning_lm_ws/install/livox_ros_driver2/share/livox_ros_driver2/hook/ld_library_path_lib.sh'
[0.556s] Level 1:colcon.colcon_core.environment:checking '/home/kepler/Documents/Codex/2026-08-14/microsoft-visual-studio-code-stable-vs/outputs/lightning_lm_ws/install/livox_ros_driver2/bin'
[0.556s] Level 1:colcon.colcon_core.environment:checking '/home/kepler/Documents/Codex/2026-08-14/microsoft-visual-studio-code-stable-vs/outputs/lightning_lm_ws/install/livox_ros_driver2/lib/pkgconfig/livox_ros_driver2.pc'
[0.556s] Level 1:colcon.colcon_core.environment:checking '/home/kepler/Documents/Codex/2026-08-14/microsoft-visual-studio-code-stable-vs/outputs/lightning_lm_ws/install/livox_ros_driver2/lib/python3.10/site-packages'
[0.556s] Level 1:colcon.colcon_core.environment:checking '/home/kepler/Documents/Codex/2026-08-14/microsoft-visual-studio-code-stable-vs/outputs/lightning_lm_ws/install/livox_ros_driver2/bin'
[0.556s] INFO:colcon.colcon_core.shell:Creating package script '/home/kepler/Documents/Codex/2026-08-14/microsoft-visual-studio-code-stable-vs/outputs/lightning_lm_ws/install/livox_ros_driver2/share/livox_ros_driver2/package.ps1'
[0.557s] INFO:colcon.colcon_core.shell:Creating package descriptor '/home/kepler/Documents/Codex/2026-08-14/microsoft-visual-studio-code-stable-vs/outputs/lightning_lm_ws/install/livox_ros_driver2/share/livox_ros_driver2/package.dsv'
[0.557s] INFO:colcon.colcon_core.shell:Creating package script '/home/kepler/Documents/Codex/2026-08-14/microsoft-visual-studio-code-stable-vs/outputs/lightning_lm_ws/install/livox_ros_driver2/share/livox_ros_driver2/package.sh'
[0.557s] INFO:colcon.colcon_core.shell:Creating package script '/home/kepler/Documents/Codex/2026-08-14/microsoft-visual-studio-code-stable-vs/outputs/lightning_lm_ws/install/livox_ros_driver2/share/livox_ros_driver2/package.bash'
[0.557s] INFO:colcon.colcon_core.shell:Creating package script '/home/kepler/Documents/Codex/2026-08-14/microsoft-visual-studio-code-stable-vs/outputs/lightning_lm_ws/install/livox_ros_driver2/share/livox_ros_driver2/package.zsh'
[0.558s] Level 1:colcon.colcon_core.environment:create_file_with_runtime_dependencies(/home/kepler/Documents/Codex/2026-08-14/microsoft-visual-studio-code-stable-vs/outputs/lightning_lm_ws/install/livox_ros_driver2/share/colcon-core/packages/livox_ros_driver2)
[0.558s] Level 1:colcon.colcon_core.environment:create_environment_scripts_only(livox_ros_driver2)
[0.558s] Level 1:colcon.colcon_core.environment:checking '/home/kepler/Documents/Codex/2026-08-14/microsoft-visual-studio-code-stable-vs/outputs/lightning_lm_ws/install/livox_ros_driver2' for CMake module files
[0.558s] Level 1:colcon.colcon_core.environment:checking '/home/kepler/Documents/Codex/2026-08-14/microsoft-visual-studio-code-stable-vs/outputs/lightning_lm_ws/install/livox_ros_driver2' for CMake config files
[0.559s] Level 1:colcon.colcon_core.shell:create_environment_hook('livox_ros_driver2', 'cmake_prefix_path')
[0.559s] INFO:colcon.colcon_core.shell:Creating environment hook '/home/kepler/Documents/Codex/2026-08-14/microsoft-visual-studio-code-stable-vs/outputs/lightning_lm_ws/install/livox_ros_driver2/share/livox_ros_driver2/hook/cmake_prefix_path.ps1'
[0.559s] INFO:colcon.colcon_core.shell:Creating environment descriptor '/home/kepler/Documents/Codex/2026-08-14/microsoft-visual-studio-code-stable-vs/outputs/lightning_lm_ws/install/livox_ros_driver2/share/livox_ros_driver2/hook/cmake_prefix_path.dsv'
[0.560s] INFO:colcon.colcon_core.shell:Creating environment hook '/home/kepler/Documents/Codex/2026-08-14/microsoft-visual-studio-code-stable-vs/outputs/lightning_lm_ws/install/livox_ros_driver2/share/livox_ros_driver2/hook/cmake_prefix_path.sh'
[0.560s] Level 1:colcon.colcon_core.environment:checking '/home/kepler/Documents/Codex/2026-08-14/microsoft-visual-studio-code-stable-vs/outputs/lightning_lm_ws/install/livox_ros_driver2/lib'
[0.560s] Level 1:colcon.colcon_core.shell:create_environment_hook('livox_ros_driver2', 'ld_library_path_lib')
[0.560s] INFO:colcon.colcon_core.shell:Creating environment hook '/home/kepler/Documents/Codex/2026-08-14/microsoft-visual-studio-code-stable-vs/outputs/lightning_lm_ws/install/livox_ros_driver2/share/livox_ros_driver2/hook/ld_library_path_lib.ps1'
[0.560s] INFO:colcon.colcon_core.shell:Creating environment descriptor '/home/kepler/Documents/Codex/2026-08-14/microsoft-visual-studio-code-stable-vs/outputs/lightning_lm_ws/install/livox_ros_driver2/share/livox_ros_driver2/hook/ld_library_path_lib.dsv'
[0.560s] INFO:colcon.colcon_core.shell:Creating environment hook '/home/kepler/Documents/Codex/2026-08-14/microsoft-visual-studio-code-stable-vs/outputs/lightning_lm_ws/install/livox_ros_driver2/share/livox_ros_driver2/hook/ld_library_path_lib.sh'
[0.561s] Level 1:colcon.colcon_core.environment:checking '/home/kepler/Documents/Codex/2026-08-14/microsoft-visual-studio-code-stable-vs/outputs/lightning_lm_ws/install/livox_ros_driver2/bin'
[0.561s] Level 1:colcon.colcon_core.environment:checking '/home/kepler/Documents/Codex/2026-08-14/microsoft-visual-studio-code-stable-vs/outputs/lightning_lm_ws/install/livox_ros_driver2/lib/pkgconfig/livox_ros_driver2.pc'
[0.561s] Level 1:colcon.colcon_core.environment:checking '/home/kepler/Documents/Codex/2026-08-14/microsoft-visual-studio-code-stable-vs/outputs/lightning_lm_ws/install/livox_ros_driver2/lib/python3.10/site-packages'
[0.561s] Level 1:colcon.colcon_core.environment:checking '/home/kepler/Documents/Codex/2026-08-14/microsoft-visual-studio-code-stable-vs/outputs/lightning_lm_ws/install/livox_ros_driver2/bin'
[0.561s] INFO:colcon.colcon_core.shell:Creating package script '/home/kepler/Documents/Codex/2026-08-14/microsoft-visual-studio-code-stable-vs/outputs/lightning_lm_ws/install/livox_ros_driver2/share/livox_ros_driver2/package.ps1'
[0.562s] INFO:colcon.colcon_core.shell:Creating package descriptor '/home/kepler/Documents/Codex/2026-08-14/microsoft-visual-studio-code-stable-vs/outputs/lightning_lm_ws/install/livox_ros_driver2/share/livox_ros_driver2/package.dsv'
[0.562s] INFO:colcon.colcon_core.shell:Creating package script '/home/kepler/Documents/Codex/2026-08-14/microsoft-visual-studio-code-stable-vs/outputs/lightning_lm_ws/install/livox_ros_driver2/share/livox_ros_driver2/package.sh'
[0.562s] INFO:colcon.colcon_core.shell:Creating package script '/home/kepler/Documents/Codex/2026-08-14/microsoft-visual-studio-code-stable-vs/outputs/lightning_lm_ws/install/livox_ros_driver2/share/livox_ros_driver2/package.bash'
[0.562s] INFO:colcon.colcon_core.shell:Creating package script '/home/kepler/Documents/Codex/2026-08-14/microsoft-visual-studio-code-stable-vs/outputs/lightning_lm_ws/install/livox_ros_driver2/share/livox_ros_driver2/package.zsh'
[0.562s] Level 1:colcon.colcon_core.environment:create_file_with_runtime_dependencies(/home/kepler/Documents/Codex/2026-08-14/microsoft-visual-studio-code-stable-vs/outputs/lightning_lm_ws/install/livox_ros_driver2/share/colcon-core/packages/livox_ros_driver2)
[0.563s] INFO:colcon.colcon_ros.task.ament_cmake.build:Building ROS package in '/home/kepler/Documents/Codex/2026-08-14/microsoft-visual-studio-code-stable-vs/outputs/lightning_lm_ws/src/lightning_real' with build type 'ament_cmake'
[0.563s] INFO:colcon.colcon_cmake.task.cmake.build:Building CMake package in '/home/kepler/Documents/Codex/2026-08-14/microsoft-visual-studio-code-stable-vs/outputs/lightning_lm_ws/src/lightning_real'
[0.563s] INFO:colcon.colcon_core.shell:Skip shell extension 'powershell' for command environment: Not usable outside of PowerShell
[0.563s] DEBUG:colcon.colcon_core.shell:Skip shell extension 'dsv' for command environment
[0.572s] DEBUG:colcon.colcon_core.event_handler.log_command:Invoking command in '/home/kepler/Documents/Codex/2026-08-14/microsoft-visual-studio-code-stable-vs/outputs/lightning_lm_ws/build/lightning_real': CMAKE_PREFIX_PATH=/home/kepler/Documents/Codex/2026-08-14/microsoft-visual-studio-code-stable-vs/outputs/lightning_lm_ws/install/livox_ros_driver2:/home/kepler/Documents/Codex/2026-08-14/microsoft-visual-studio-code-stable-vs/outputs/lightning_lm_ws/install/xyp_mid360_navigation:/home/kepler/Documents/Codex/2026-08-14/microsoft-visual-studio-code-stable-vs/outputs/lightning_lm_ws/install/lightning_real:/home/kepler/Documents/Codex/2026-08-14/microsoft-visual-studio-code-stable-vs/outputs/lightning_lm_ws/install/lightning_sim:/home/kepler/Documents/Codex/2026-08-14/microsoft-visual-studio-code-stable-vs/outputs/lightning_lm_ws/install/lightning:/opt/ros/humble /usr/bin/cmake --build /home/kepler/Documents/Codex/2026-08-14/microsoft-visual-studio-code-stable-vs/outputs/lightning_lm_ws/build/lightning_real -- -j28 -l28
[0.606s] Level 1:colcon.colcon_core.environment:create_environment_scripts_only(lightning)
[0.606s] Level 1:colcon.colcon_core.environment:checking '/home/kepler/Documents/Codex/2026-08-14/microsoft-visual-studio-code-stable-vs/outputs/lightning_lm_ws/install/lightning' for CMake module files
[0.606s] DEBUG:colcon.colcon_core.event_handler.log_command:Invoked command in '/home/kepler/Documents/Codex/2026-08-14/microsoft-visual-studio-code-stable-vs/outputs/lightning_lm_ws/build/lightning' returned '0': CMAKE_PREFIX_PATH=${CMAKE_PREFIX_PATH}:/opt/ros/humble /usr/bin/cmake --install /home/kepler/Documents/Codex/2026-08-14/microsoft-visual-studio-code-stable-vs/outputs/lightning_lm_ws/build/lightning
[0.607s] Level 1:colcon.colcon_core.environment:checking '/home/kepler/Documents/Codex/2026-08-14/microsoft-visual-studio-code-stable-vs/outputs/lightning_lm_ws/install/lightning' for CMake config files
[0.608s] Level 1:colcon.colcon_core.shell:create_environment_hook('lightning', 'cmake_prefix_path')
[0.608s] INFO:colcon.colcon_core.shell:Creating environment hook '/home/kepler/Documents/Codex/2026-08-14/microsoft-visual-studio-code-stable-vs/outputs/lightning_lm_ws/install/lightning/share/lightning/hook/cmake_prefix_path.ps1'
[0.608s] INFO:colcon.colcon_core.shell:Creating environment descriptor '/home/kepler/Documents/Codex/2026-08-14/microsoft-visual-studio-code-stable-vs/outputs/lightning_lm_ws/install/lightning/share/lightning/hook/cmake_prefix_path.dsv'
[0.608s] INFO:colcon.colcon_core.shell:Creating environment hook '/home/kepler/Documents/Codex/2026-08-14/microsoft-visual-studio-code-stable-vs/outputs/lightning_lm_ws/install/lightning/share/lightning/hook/cmake_prefix_path.sh'
[0.609s] Level 1:colcon.colcon_core.environment:checking '/home/kepler/Documents/Codex/2026-08-14/microsoft-visual-studio-code-stable-vs/outputs/lightning_lm_ws/install/lightning/lib'
[0.609s] Level 1:colcon.colcon_core.shell:create_environment_hook('lightning', 'ld_library_path_lib')
[0.609s] INFO:colcon.colcon_core.shell:Creating environment hook '/home/kepler/Documents/Codex/2026-08-14/microsoft-visual-studio-code-stable-vs/outputs/lightning_lm_ws/install/lightning/share/lightning/hook/ld_library_path_lib.ps1'
[0.609s] INFO:colcon.colcon_core.shell:Creating environment descriptor '/home/kepler/Documents/Codex/2026-08-14/microsoft-visual-studio-code-stable-vs/outputs/lightning_lm_ws/install/lightning/share/lightning/hook/ld_library_path_lib.dsv'
[0.609s] INFO:colcon.colcon_core.shell:Creating environment hook '/home/kepler/Documents/Codex/2026-08-14/microsoft-visual-studio-code-stable-vs/outputs/lightning_lm_ws/install/lightning/share/lightning/hook/ld_library_path_lib.sh'
[0.609s] Level 1:colcon.colcon_core.environment:checking '/home/kepler/Documents/Codex/2026-08-14/microsoft-visual-studio-code-stable-vs/outputs/lightning_lm_ws/install/lightning/bin'
[0.609s] Level 1:colcon.colcon_core.environment:checking '/home/kepler/Documents/Codex/2026-08-14/microsoft-visual-studio-code-stable-vs/outputs/lightning_lm_ws/install/lightning/lib/pkgconfig/lightning.pc'
[0.610s] Level 1:colcon.colcon_core.environment:checking '/home/kepler/Documents/Codex/2026-08-14/microsoft-visual-studio-code-stable-vs/outputs/lightning_lm_ws/install/lightning/lib/python3.10/site-packages'
[0.610s] Level 1:colcon.colcon_core.environment:checking '/home/kepler/Documents/Codex/2026-08-14/microsoft-visual-studio-code-stable-vs/outputs/lightning_lm_ws/install/lightning/bin'
[0.610s] INFO:colcon.colcon_core.shell:Creating package script '/home/kepler/Documents/Codex/2026-08-14/microsoft-visual-studio-code-stable-vs/outputs/lightning_lm_ws/install/lightning/share/lightning/package.ps1'
[0.610s] INFO:colcon.colcon_core.shell:Creating package descriptor '/home/kepler/Documents/Codex/2026-08-14/microsoft-visual-studio-code-stable-vs/outputs/lightning_lm_ws/install/lightning/share/lightning/package.dsv'
[0.611s] INFO:colcon.colcon_core.shell:Creating package script '/home/kepler/Documents/Codex/2026-08-14/microsoft-visual-studio-code-stable-vs/outputs/lightning_lm_ws/install/lightning/share/lightning/package.sh'
[0.611s] INFO:colcon.colcon_core.shell:Creating package script '/home/kepler/Documents/Codex/2026-08-14/microsoft-visual-studio-code-stable-vs/outputs/lightning_lm_ws/install/lightning/share/lightning/package.bash'
[0.611s] INFO:colcon.colcon_core.shell:Creating package script '/home/kepler/Documents/Codex/2026-08-14/microsoft-visual-studio-code-stable-vs/outputs/lightning_lm_ws/install/lightning/share/lightning/package.zsh'
[0.611s] Level 1:colcon.colcon_core.environment:create_file_with_runtime_dependencies(/home/kepler/Documents/Codex/2026-08-14/microsoft-visual-studio-code-stable-vs/outputs/lightning_lm_ws/install/lightning/share/colcon-core/packages/lightning)
[0.612s] Level 1:colcon.colcon_core.environment:create_environment_scripts_only(lightning)
[0.612s] Level 1:colcon.colcon_core.environment:checking '/home/kepler/Documents/Codex/2026-08-14/microsoft-visual-studio-code-stable-vs/outputs/lightning_lm_ws/install/lightning' for CMake module files
[0.612s] Level 1:colcon.colcon_core.environment:checking '/home/kepler/Documents/Codex/2026-08-14/microsoft-visual-studio-code-stable-vs/outputs/lightning_lm_ws/install/lightning' for CMake config files
[0.613s] Level 1:colcon.colcon_core.shell:create_environment_hook('lightning', 'cmake_prefix_path')
[0.613s] INFO:colcon.colcon_core.shell:Creating environment hook '/home/kepler/Documents/Codex/2026-08-14/microsoft-visual-studio-code-stable-vs/outputs/lightning_lm_ws/install/lightning/share/lightning/hook/cmake_prefix_path.ps1'
[0.613s] INFO:colcon.colcon_core.shell:Creating environment descriptor '/home/kepler/Documents/Codex/2026-08-14/microsoft-visual-studio-code-stable-vs/outputs/lightning_lm_ws/install/lightning/share/lightning/hook/cmake_prefix_path.dsv'
[0.614s] INFO:colcon.colcon_core.shell:Creating environment hook '/home/kepler/Documents/Codex/2026-08-14/microsoft-visual-studio-code-stable-vs/outputs/lightning_lm_ws/install/lightning/share/lightning/hook/cmake_prefix_path.sh'
[0.614s] Level 1:colcon.colcon_core.environment:checking '/home/kepler/Documents/Codex/2026-08-14/microsoft-visual-studio-code-stable-vs/outputs/lightning_lm_ws/install/lightning/lib'
[0.614s] Level 1:colcon.colcon_core.shell:create_environment_hook('lightning', 'ld_library_path_lib')
[0.614s] INFO:colcon.colcon_core.shell:Creating environment hook '/home/kepler/Documents/Codex/2026-08-14/microsoft-visual-studio-code-stable-vs/outputs/lightning_lm_ws/install/lightning/share/lightning/hook/ld_library_path_lib.ps1'
[0.614s] INFO:colcon.colcon_core.shell:Creating environment descriptor '/home/kepler/Documents/Codex/2026-08-14/microsoft-visual-studio-code-stable-vs/outputs/lightning_lm_ws/install/lightning/share/lightning/hook/ld_library_path_lib.dsv'
[0.615s] INFO:colcon.colcon_core.shell:Creating environment hook '/home/kepler/Documents/Codex/2026-08-14/microsoft-visual-studio-code-stable-vs/outputs/lightning_lm_ws/install/lightning/share/lightning/hook/ld_library_path_lib.sh'
[0.615s] Level 1:colcon.colcon_core.environment:checking '/home/kepler/Documents/Codex/2026-08-14/microsoft-visual-studio-code-stable-vs/outputs/lightning_lm_ws/install/lightning/bin'
[0.615s] Level 1:colcon.colcon_core.environment:checking '/home/kepler/Documents/Codex/2026-08-14/microsoft-visual-studio-code-stable-vs/outputs/lightning_lm_ws/install/lightning/lib/pkgconfig/lightning.pc'
[0.615s] Level 1:colcon.colcon_core.environment:checking '/home/kepler/Documents/Codex/2026-08-14/microsoft-visual-studio-code-stable-vs/outputs/lightning_lm_ws/install/lightning/lib/python3.10/site-packages'
[0.615s] Level 1:colcon.colcon_core.environment:checking '/home/kepler/Documents/Codex/2026-08-14/microsoft-visual-studio-code-stable-vs/outputs/lightning_lm_ws/install/lightning/bin'
[0.615s] INFO:colcon.colcon_core.shell:Creating package script '/home/kepler/Documents/Codex/2026-08-14/microsoft-visual-studio-code-stable-vs/outputs/lightning_lm_ws/install/lightning/share/lightning/package.ps1'
[0.616s] INFO:colcon.colcon_core.shell:Creating package descriptor '/home/kepler/Documents/Codex/2026-08-14/microsoft-visual-studio-code-stable-vs/outputs/lightning_lm_ws/install/lightning/share/lightning/package.dsv'
[0.616s] INFO:colcon.colcon_core.shell:Creating package script '/home/kepler/Documents/Codex/2026-08-14/microsoft-visual-studio-code-stable-vs/outputs/lightning_lm_ws/install/lightning/share/lightning/package.sh'
[0.616s] INFO:colcon.colcon_core.shell:Creating package script '/home/kepler/Documents/Codex/2026-08-14/microsoft-visual-studio-code-stable-vs/outputs/lightning_lm_ws/install/lightning/share/lightning/package.bash'
[0.616s] INFO:colcon.colcon_core.shell:Creating package script '/home/kepler/Documents/Codex/2026-08-14/microsoft-visual-studio-code-stable-vs/outputs/lightning_lm_ws/install/lightning/share/lightning/package.zsh'
[0.617s] Level 1:colcon.colcon_core.environment:create_file_with_runtime_dependencies(/home/kepler/Documents/Codex/2026-08-14/microsoft-visual-studio-code-stable-vs/outputs/lightning_lm_ws/install/lightning/share/colcon-core/packages/lightning)
[0.617s] INFO:colcon.colcon_ros.task.ament_cmake.build:Building ROS package in '/home/kepler/Documents/Codex/2026-08-14/microsoft-visual-studio-code-stable-vs/outputs/lightning_lm_ws/src/lightning_sim' with build type 'ament_cmake'
[0.617s] INFO:colcon.colcon_cmake.task.cmake.build:Building CMake package in '/home/kepler/Documents/Codex/2026-08-14/microsoft-visual-studio-code-stable-vs/outputs/lightning_lm_ws/src/lightning_sim'
[0.617s] INFO:colcon.colcon_core.shell:Skip shell extension 'powershell' for command environment: Not usable outside of PowerShell
[0.617s] DEBUG:colcon.colcon_core.shell:Skip shell extension 'dsv' for command environment
[0.625s] DEBUG:colcon.colcon_core.event_handler.log_command:Invoking command in '/home/kepler/Documents/Codex/2026-08-14/microsoft-visual-studio-code-stable-vs/outputs/lightning_lm_ws/build/lightning_sim': CMAKE_PREFIX_PATH=/home/kepler/Documents/Codex/2026-08-14/microsoft-visual-studio-code-stable-vs/outputs/lightning_lm_ws/install/lightning:/home/kepler/Documents/Codex/2026-08-14/microsoft-visual-studio-code-stable-vs/outputs/lightning_lm_ws/install/xyp_mid360_navigation:/home/kepler/Documents/Codex/2026-08-14/microsoft-visual-studio-code-stable-vs/outputs/lightning_lm_ws/install/lightning_real:/home/kepler/Documents/Codex/2026-08-14/microsoft-visual-studio-code-stable-vs/outputs/lightning_lm_ws/install/livox_ros_driver2:/home/kepler/Documents/Codex/2026-08-14/microsoft-visual-studio-code-stable-vs/outputs/lightning_lm_ws/install/lightning_sim:/opt/ros/humble LD_LIBRARY_PATH=/home/kepler/Documents/Codex/2026-08-14/microsoft-visual-studio-code-stable-vs/outputs/lightning_lm_ws/install/lightning/lib:/home/kepler/Documents/Codex/2026-08-14/microsoft-visual-studio-code-stable-vs/outputs/lightning_lm_ws/install/livox_ros_driver2/lib:/opt/ros/humble/opt/rviz_ogre_vendor/lib:/opt/ros/humble/lib/x86_64-linux-gnu:/opt/ros/humble/lib /usr/bin/cmake --build /home/kepler/Documents/Codex/2026-08-14/microsoft-visual-studio-code-stable-vs/outputs/lightning_lm_ws/build/lightning_sim -- -j28 -l28
[0.633s] DEBUG:colcon.colcon_core.event_handler.log_command:Invoked command in '/home/kepler/Documents/Codex/2026-08-14/microsoft-visual-studio-code-stable-vs/outputs/lightning_lm_ws/build/lightning_real' returned '0': CMAKE_PREFIX_PATH=/home/kepler/Documents/Codex/2026-08-14/microsoft-visual-studio-code-stable-vs/outputs/lightning_lm_ws/install/livox_ros_driver2:/home/kepler/Documents/Codex/2026-08-14/microsoft-visual-studio-code-stable-vs/outputs/lightning_lm_ws/install/xyp_mid360_navigation:/home/kepler/Documents/Codex/2026-08-14/microsoft-visual-studio-code-stable-vs/outputs/lightning_lm_ws/install/lightning_real:/home/kepler/Documents/Codex/2026-08-14/microsoft-visual-studio-code-stable-vs/outputs/lightning_lm_ws/install/lightning_sim:/home/kepler/Documents/Codex/2026-08-14/microsoft-visual-studio-code-stable-vs/outputs/lightning_lm_ws/install/lightning:/opt/ros/humble /usr/bin/cmake --build /home/kepler/Documents/Codex/2026-08-14/microsoft-visual-studio-code-stable-vs/outputs/lightning_lm_ws/build/lightning_real -- -j28 -l28
[0.635s] DEBUG:colcon.colcon_core.event_handler.log_command:Invoking command in '/home/kepler/Documents/Codex/2026-08-14/microsoft-visual-studio-code-stable-vs/outputs/lightning_lm_ws/build/lightning_real': CMAKE_PREFIX_PATH=/home/kepler/Documents/Codex/2026-08-14/microsoft-visual-studio-code-stable-vs/outputs/lightning_lm_ws/install/livox_ros_driver2:/home/kepler/Documents/Codex/2026-08-14/microsoft-visual-studio-code-stable-vs/outputs/lightning_lm_ws/install/xyp_mid360_navigation:/home/kepler/Documents/Codex/2026-08-14/microsoft-visual-studio-code-stable-vs/outputs/lightning_lm_ws/install/lightning_real:/home/kepler/Documents/Codex/2026-08-14/microsoft-visual-studio-code-stable-vs/outputs/lightning_lm_ws/install/lightning_sim:/home/kepler/Documents/Codex/2026-08-14/microsoft-visual-studio-code-stable-vs/outputs/lightning_lm_ws/install/lightning:/opt/ros/humble /usr/bin/cmake --install /home/kepler/Documents/Codex/2026-08-14/microsoft-visual-studio-code-stable-vs/outputs/lightning_lm_ws/build/lightning_real
[0.656s] Level 1:colcon.colcon_core.environment:create_environment_scripts_only(lightning_real)
[0.656s] Level 1:colcon.colcon_core.environment:checking '/home/kepler/Documents/Codex/2026-08-14/microsoft-visual-studio-code-stable-vs/outputs/lightning_lm_ws/install/lightning_real' for CMake module files
[0.657s] DEBUG:colcon.colcon_core.event_handler.log_command:Invoked command in '/home/kepler/Documents/Codex/2026-08-14/microsoft-visual-studio-code-stable-vs/outputs/lightning_lm_ws/build/lightning_real' returned '0': CMAKE_PREFIX_PATH=/home/kepler/Documents/Codex/2026-08-14/microsoft-visual-studio-code-stable-vs/outputs/lightning_lm_ws/install/livox_ros_driver2:/home/kepler/Documents/Codex/2026-08-14/microsoft-visual-studio-code-stable-vs/outputs/lightning_lm_ws/install/xyp_mid360_navigation:/home/kepler/Documents/Codex/2026-08-14/microsoft-visual-studio-code-stable-vs/outputs/lightning_lm_ws/install/lightning_real:/home/kepler/Documents/Codex/2026-08-14/microsoft-visual-studio-code-stable-vs/outputs/lightning_lm_ws/install/lightning_sim:/home/kepler/Documents/Codex/2026-08-14/microsoft-visual-studio-code-stable-vs/outputs/lightning_lm_ws/install/lightning:/opt/ros/humble /usr/bin/cmake --install /home/kepler/Documents/Codex/2026-08-14/microsoft-visual-studio-code-stable-vs/outputs/lightning_lm_ws/build/lightning_real
[0.657s] Level 1:colcon.colcon_core.environment:checking '/home/kepler/Documents/Codex/2026-08-14/microsoft-visual-studio-code-stable-vs/outputs/lightning_lm_ws/install/lightning_real' for CMake config files
[0.658s] Level 1:colcon.colcon_core.shell:create_environment_hook('lightning_real', 'cmake_prefix_path')
[0.658s] INFO:colcon.colcon_core.shell:Creating environment hook '/home/kepler/Documents/Codex/2026-08-14/microsoft-visual-studio-code-stable-vs/outputs/lightning_lm_ws/install/lightning_real/share/lightning_real/hook/cmake_prefix_path.ps1'
[0.659s] INFO:colcon.colcon_core.shell:Creating environment descriptor '/home/kepler/Documents/Codex/2026-08-14/microsoft-visual-studio-code-stable-vs/outputs/lightning_lm_ws/install/lightning_real/share/lightning_real/hook/cmake_prefix_path.dsv'
[0.659s] INFO:colcon.colcon_core.shell:Creating environment hook '/home/kepler/Documents/Codex/2026-08-14/microsoft-visual-studio-code-stable-vs/outputs/lightning_lm_ws/install/lightning_real/share/lightning_real/hook/cmake_prefix_path.sh'
[0.660s] Level 1:colcon.colcon_core.environment:checking '/home/kepler/Documents/Codex/2026-08-14/microsoft-visual-studio-code-stable-vs/outputs/lightning_lm_ws/install/lightning_real/lib'
[0.660s] Level 1:colcon.colcon_core.environment:checking '/home/kepler/Documents/Codex/2026-08-14/microsoft-visual-studio-code-stable-vs/outputs/lightning_lm_ws/install/lightning_real/bin'
[0.660s] Level 1:colcon.colcon_core.environment:checking '/home/kepler/Documents/Codex/2026-08-14/microsoft-visual-studio-code-stable-vs/outputs/lightning_lm_ws/install/lightning_real/lib/pkgconfig/lightning_real.pc'
[0.660s] Level 1:colcon.colcon_core.environment:checking '/home/kepler/Documents/Codex/2026-08-14/microsoft-visual-studio-code-stable-vs/outputs/lightning_lm_ws/install/lightning_real/lib/python3.10/site-packages'
[0.660s] Level 1:colcon.colcon_core.environment:checking '/home/kepler/Documents/Codex/2026-08-14/microsoft-visual-studio-code-stable-vs/outputs/lightning_lm_ws/install/lightning_real/bin'
[0.661s] INFO:colcon.colcon_core.shell:Creating package script '/home/kepler/Documents/Codex/2026-08-14/microsoft-visual-studio-code-stable-vs/outputs/lightning_lm_ws/install/lightning_real/share/lightning_real/package.ps1'
[0.661s] INFO:colcon.colcon_core.shell:Creating package descriptor '/home/kepler/Documents/Codex/2026-08-14/microsoft-visual-studio-code-stable-vs/outputs/lightning_lm_ws/install/lightning_real/share/lightning_real/package.dsv'
[0.661s] INFO:colcon.colcon_core.shell:Creating package script '/home/kepler/Documents/Codex/2026-08-14/microsoft-visual-studio-code-stable-vs/outputs/lightning_lm_ws/install/lightning_real/share/lightning_real/package.sh'
[0.662s] INFO:colcon.colcon_core.shell:Creating package script '/home/kepler/Documents/Codex/2026-08-14/microsoft-visual-studio-code-stable-vs/outputs/lightning_lm_ws/install/lightning_real/share/lightning_real/package.bash'
[0.662s] INFO:colcon.colcon_core.shell:Creating package script '/home/kepler/Documents/Codex/2026-08-14/microsoft-visual-studio-code-stable-vs/outputs/lightning_lm_ws/install/lightning_real/share/lightning_real/package.zsh'
[0.662s] Level 1:colcon.colcon_core.environment:create_file_with_runtime_dependencies(/home/kepler/Documents/Codex/2026-08-14/microsoft-visual-studio-code-stable-vs/outputs/lightning_lm_ws/install/lightning_real/share/colcon-core/packages/lightning_real)
[0.663s] Level 1:colcon.colcon_core.environment:create_environment_scripts_only(lightning_real)
[0.663s] Level 1:colcon.colcon_core.environment:checking '/home/kepler/Documents/Codex/2026-08-14/microsoft-visual-studio-code-stable-vs/outputs/lightning_lm_ws/install/lightning_real' for CMake module files
[0.663s] Level 1:colcon.colcon_core.environment:checking '/home/kepler/Documents/Codex/2026-08-14/microsoft-visual-studio-code-stable-vs/outputs/lightning_lm_ws/install/lightning_real' for CMake config files
[0.664s] Level 1:colcon.colcon_core.shell:create_environment_hook('lightning_real', 'cmake_prefix_path')
[0.664s] INFO:colcon.colcon_core.shell:Creating environment hook '/home/kepler/Documents/Codex/2026-08-14/microsoft-visual-studio-code-stable-vs/outputs/lightning_lm_ws/install/lightning_real/share/lightning_real/hook/cmake_prefix_path.ps1'
[0.665s] INFO:colcon.colcon_core.shell:Creating environment descriptor '/home/kepler/Documents/Codex/2026-08-14/microsoft-visual-studio-code-stable-vs/outputs/lightning_lm_ws/install/lightning_real/share/lightning_real/hook/cmake_prefix_path.dsv'
[0.665s] INFO:colcon.colcon_core.shell:Creating environment hook '/home/kepler/Documents/Codex/2026-08-14/microsoft-visual-studio-code-stable-vs/outputs/lightning_lm_ws/install/lightning_real/share/lightning_real/hook/cmake_prefix_path.sh'
[0.665s] Level 1:colcon.colcon_core.environment:checking '/home/kepler/Documents/Codex/2026-08-14/microsoft-visual-studio-code-stable-vs/outputs/lightning_lm_ws/install/lightning_real/lib'
[0.665s] Level 1:colcon.colcon_core.environment:checking '/home/kepler/Documents/Codex/2026-08-14/microsoft-visual-studio-code-stable-vs/outputs/lightning_lm_ws/install/lightning_real/bin'
[0.666s] Level 1:colcon.colcon_core.environment:checking '/home/kepler/Documents/Codex/2026-08-14/microsoft-visual-studio-code-stable-vs/outputs/lightning_lm_ws/install/lightning_real/lib/pkgconfig/lightning_real.pc'
[0.666s] Level 1:colcon.colcon_core.environment:checking '/home/kepler/Documents/Codex/2026-08-14/microsoft-visual-studio-code-stable-vs/outputs/lightning_lm_ws/install/lightning_real/lib/python3.10/site-packages'
[0.666s] Level 1:colcon.colcon_core.environment:checking '/home/kepler/Documents/Codex/2026-08-14/microsoft-visual-studio-code-stable-vs/outputs/lightning_lm_ws/install/lightning_real/bin'
[0.667s] INFO:colcon.colcon_core.shell:Creating package script '/home/kepler/Documents/Codex/2026-08-14/microsoft-visual-studio-code-stable-vs/outputs/lightning_lm_ws/install/lightning_real/share/lightning_real/package.ps1'
[0.667s] INFO:colcon.colcon_core.shell:Creating package descriptor '/home/kepler/Documents/Codex/2026-08-14/microsoft-visual-studio-code-stable-vs/outputs/lightning_lm_ws/install/lightning_real/share/lightning_real/package.dsv'
[0.668s] INFO:colcon.colcon_core.shell:Creating package script '/home/kepler/Documents/Codex/2026-08-14/microsoft-visual-studio-code-stable-vs/outputs/lightning_lm_ws/install/lightning_real/share/lightning_real/package.sh'
[0.668s] INFO:colcon.colcon_core.shell:Creating package script '/home/kepler/Documents/Codex/2026-08-14/microsoft-visual-studio-code-stable-vs/outputs/lightning_lm_ws/install/lightning_real/share/lightning_real/package.bash'
[0.668s] INFO:colcon.colcon_core.shell:Creating package script '/home/kepler/Documents/Codex/2026-08-14/microsoft-visual-studio-code-stable-vs/outputs/lightning_lm_ws/install/lightning_real/share/lightning_real/package.zsh'
[0.668s] Level 1:colcon.colcon_core.environment:create_file_with_runtime_dependencies(/home/kepler/Documents/Codex/2026-08-14/microsoft-visual-studio-code-stable-vs/outputs/lightning_lm_ws/install/lightning_real/share/colcon-core/packages/lightning_real)
[0.697s] DEBUG:colcon.colcon_core.event_handler.log_command:Invoked command in '/home/kepler/Documents/Codex/2026-08-14/microsoft-visual-studio-code-stable-vs/outputs/lightning_lm_ws/build/lightning_sim' returned '0': CMAKE_PREFIX_PATH=/home/kepler/Documents/Codex/2026-08-14/microsoft-visual-studio-code-stable-vs/outputs/lightning_lm_ws/install/lightning:/home/kepler/Documents/Codex/2026-08-14/microsoft-visual-studio-code-stable-vs/outputs/lightning_lm_ws/install/xyp_mid360_navigation:/home/kepler/Documents/Codex/2026-08-14/microsoft-visual-studio-code-stable-vs/outputs/lightning_lm_ws/install/lightning_real:/home/kepler/Documents/Codex/2026-08-14/microsoft-visual-studio-code-stable-vs/outputs/lightning_lm_ws/install/livox_ros_driver2:/home/kepler/Documents/Codex/2026-08-14/microsoft-visual-studio-code-stable-vs/outputs/lightning_lm_ws/install/lightning_sim:/opt/ros/humble LD_LIBRARY_PATH=/home/kepler/Documents/Codex/2026-08-14/microsoft-visual-studio-code-stable-vs/outputs/lightning_lm_ws/install/lightning/lib:/home/kepler/Documents/Codex/2026-08-14/microsoft-visual-studio-code-stable-vs/outputs/lightning_lm_ws/install/livox_ros_driver2/lib:/opt/ros/humble/opt/rviz_ogre_vendor/lib:/opt/ros/humble/lib/x86_64-linux-gnu:/opt/ros/humble/lib /usr/bin/cmake --build /home/kepler/Documents/Codex/2026-08-14/microsoft-visual-studio-code-stable-vs/outputs/lightning_lm_ws/build/lightning_sim -- -j28 -l28
[0.699s] DEBUG:colcon.colcon_core.event_handler.log_command:Invoking command in '/home/kepler/Documents/Codex/2026-08-14/microsoft-visual-studio-code-stable-vs/outputs/lightning_lm_ws/build/lightning_sim': CMAKE_PREFIX_PATH=/home/kepler/Documents/Codex/2026-08-14/microsoft-visual-studio-code-stable-vs/outputs/lightning_lm_ws/install/lightning:/home/kepler/Documents/Codex/2026-08-14/microsoft-visual-studio-code-stable-vs/outputs/lightning_lm_ws/install/xyp_mid360_navigation:/home/kepler/Documents/Codex/2026-08-14/microsoft-visual-studio-code-stable-vs/outputs/lightning_lm_ws/install/lightning_real:/home/kepler/Documents/Codex/2026-08-14/microsoft-visual-studio-code-stable-vs/outputs/lightning_lm_ws/install/livox_ros_driver2:/home/kepler/Documents/Codex/2026-08-14/microsoft-visual-studio-code-stable-vs/outputs/lightning_lm_ws/install/lightning_sim:/opt/ros/humble LD_LIBRARY_PATH=/home/kepler/Documents/Codex/2026-08-14/microsoft-visual-studio-code-stable-vs/outputs/lightning_lm_ws/install/lightning/lib:/home/kepler/Documents/Codex/2026-08-14/microsoft-visual-studio-code-stable-vs/outputs/lightning_lm_ws/install/livox_ros_driver2/lib:/opt/ros/humble/opt/rviz_ogre_vendor/lib:/opt/ros/humble/lib/x86_64-linux-gnu:/opt/ros/humble/lib /usr/bin/cmake --install /home/kepler/Documents/Codex/2026-08-14/microsoft-visual-studio-code-stable-vs/outputs/lightning_lm_ws/build/lightning_sim
[0.740s] Level 1:colcon.colcon_core.environment:create_environment_scripts_only(lightning_sim)
[0.740s] DEBUG:colcon.colcon_core.event_handler.log_command:Invoked command in '/home/kepler/Documents/Codex/2026-08-14/microsoft-visual-studio-code-stable-vs/outputs/lightning_lm_ws/build/lightning_sim' returned '0': CMAKE_PREFIX_PATH=/home/kepler/Documents/Codex/2026-08-14/microsoft-visual-studio-code-stable-vs/outputs/lightning_lm_ws/install/lightning:/home/kepler/Documents/Codex/2026-08-14/microsoft-visual-studio-code-stable-vs/outputs/lightning_lm_ws/install/xyp_mid360_navigation:/home/kepler/Documents/Codex/2026-08-14/microsoft-visual-studio-code-stable-vs/outputs/lightning_lm_ws/install/lightning_real:/home/kepler/Documents/Codex/2026-08-14/microsoft-visual-studio-code-stable-vs/outputs/lightning_lm_ws/install/livox_ros_driver2:/home/kepler/Documents/Codex/2026-08-14/microsoft-visual-studio-code-stable-vs/outputs/lightning_lm_ws/install/lightning_sim:/opt/ros/humble LD_LIBRARY_PATH=/home/kepler/Documents/Codex/2026-08-14/microsoft-visual-studio-code-stable-vs/outputs/lightning_lm_ws/install/lightning/lib:/home/kepler/Documents/Codex/2026-08-14/microsoft-visual-studio-code-stable-vs/outputs/lightning_lm_ws/install/livox_ros_driver2/lib:/opt/ros/humble/opt/rviz_ogre_vendor/lib:/opt/ros/humble/lib/x86_64-linux-gnu:/opt/ros/humble/lib /usr/bin/cmake --install /home/kepler/Documents/Codex/2026-08-14/microsoft-visual-studio-code-stable-vs/outputs/lightning_lm_ws/build/lightning_sim
[0.740s] Level 1:colcon.colcon_core.environment:checking '/home/kepler/Documents/Codex/2026-08-14/microsoft-visual-studio-code-stable-vs/outputs/lightning_lm_ws/install/lightning_sim' for CMake module files
[0.741s] Level 1:colcon.colcon_core.environment:checking '/home/kepler/Documents/Codex/2026-08-14/microsoft-visual-studio-code-stable-vs/outputs/lightning_lm_ws/install/lightning_sim' for CMake config files
[0.741s] Level 1:colcon.colcon_core.shell:create_environment_hook('lightning_sim', 'cmake_prefix_path')
[0.741s] INFO:colcon.colcon_core.shell:Creating environment hook '/home/kepler/Documents/Codex/2026-08-14/microsoft-visual-studio-code-stable-vs/outputs/lightning_lm_ws/install/lightning_sim/share/lightning_sim/hook/cmake_prefix_path.ps1'
[0.741s] INFO:colcon.colcon_core.shell:Creating environment descriptor '/home/kepler/Documents/Codex/2026-08-14/microsoft-visual-studio-code-stable-vs/outputs/lightning_lm_ws/install/lightning_sim/share/lightning_sim/hook/cmake_prefix_path.dsv'
[0.742s] INFO:colcon.colcon_core.shell:Creating environment hook '/home/kepler/Documents/Codex/2026-08-14/microsoft-visual-studio-code-stable-vs/outputs/lightning_lm_ws/install/lightning_sim/share/lightning_sim/hook/cmake_prefix_path.sh'
[0.742s] Level 1:colcon.colcon_core.environment:checking '/home/kepler/Documents/Codex/2026-08-14/microsoft-visual-studio-code-stable-vs/outputs/lightning_lm_ws/install/lightning_sim/lib'
[0.742s] Level 1:colcon.colcon_core.environment:checking '/home/kepler/Documents/Codex/2026-08-14/microsoft-visual-studio-code-stable-vs/outputs/lightning_lm_ws/install/lightning_sim/bin'
[0.742s] Level 1:colcon.colcon_core.environment:checking '/home/kepler/Documents/Codex/2026-08-14/microsoft-visual-studio-code-stable-vs/outputs/lightning_lm_ws/install/lightning_sim/lib/pkgconfig/lightning_sim.pc'
[0.742s] Level 1:colcon.colcon_core.environment:checking '/home/kepler/Documents/Codex/2026-08-14/microsoft-visual-studio-code-stable-vs/outputs/lightning_lm_ws/install/lightning_sim/lib/python3.10/site-packages'
[0.742s] Level 1:colcon.colcon_core.environment:checking '/home/kepler/Documents/Codex/2026-08-14/microsoft-visual-studio-code-stable-vs/outputs/lightning_lm_ws/install/lightning_sim/bin'
[0.743s] INFO:colcon.colcon_core.shell:Creating package script '/home/kepler/Documents/Codex/2026-08-14/microsoft-visual-studio-code-stable-vs/outputs/lightning_lm_ws/install/lightning_sim/share/lightning_sim/package.ps1'
[0.743s] INFO:colcon.colcon_core.shell:Creating package descriptor '/home/kepler/Documents/Codex/2026-08-14/microsoft-visual-studio-code-stable-vs/outputs/lightning_lm_ws/install/lightning_sim/share/lightning_sim/package.dsv'
[0.743s] INFO:colcon.colcon_core.shell:Creating package script '/home/kepler/Documents/Codex/2026-08-14/microsoft-visual-studio-code-stable-vs/outputs/lightning_lm_ws/install/lightning_sim/share/lightning_sim/package.sh'
[0.744s] INFO:colcon.colcon_core.shell:Creating package script '/home/kepler/Documents/Codex/2026-08-14/microsoft-visual-studio-code-stable-vs/outputs/lightning_lm_ws/install/lightning_sim/share/lightning_sim/package.bash'
[0.744s] INFO:colcon.colcon_core.shell:Creating package script '/home/kepler/Documents/Codex/2026-08-14/microsoft-visual-studio-code-stable-vs/outputs/lightning_lm_ws/install/lightning_sim/share/lightning_sim/package.zsh'
[0.744s] Level 1:colcon.colcon_core.environment:create_file_with_runtime_dependencies(/home/kepler/Documents/Codex/2026-08-14/microsoft-visual-studio-code-stable-vs/outputs/lightning_lm_ws/install/lightning_sim/share/colcon-core/packages/lightning_sim)
[0.744s] Level 1:colcon.colcon_core.environment:create_environment_scripts_only(lightning_sim)
[0.745s] Level 1:colcon.colcon_core.environment:checking '/home/kepler/Documents/Codex/2026-08-14/microsoft-visual-studio-code-stable-vs/outputs/lightning_lm_ws/install/lightning_sim' for CMake module files
[0.745s] Level 1:colcon.colcon_core.environment:checking '/home/kepler/Documents/Codex/2026-08-14/microsoft-visual-studio-code-stable-vs/outputs/lightning_lm_ws/install/lightning_sim' for CMake config files
[0.745s] Level 1:colcon.colcon_core.shell:create_environment_hook('lightning_sim', 'cmake_prefix_path')
[0.745s] INFO:colcon.colcon_core.shell:Creating environment hook '/home/kepler/Documents/Codex/2026-08-14/microsoft-visual-studio-code-stable-vs/outputs/lightning_lm_ws/install/lightning_sim/share/lightning_sim/hook/cmake_prefix_path.ps1'
[0.746s] INFO:colcon.colcon_core.shell:Creating environment descriptor '/home/kepler/Documents/Codex/2026-08-14/microsoft-visual-studio-code-stable-vs/outputs/lightning_lm_ws/install/lightning_sim/share/lightning_sim/hook/cmake_prefix_path.dsv'
[0.746s] INFO:colcon.colcon_core.shell:Creating environment hook '/home/kepler/Documents/Codex/2026-08-14/microsoft-visual-studio-code-stable-vs/outputs/lightning_lm_ws/install/lightning_sim/share/lightning_sim/hook/cmake_prefix_path.sh'
[0.746s] Level 1:colcon.colcon_core.environment:checking '/home/kepler/Documents/Codex/2026-08-14/microsoft-visual-studio-code-stable-vs/outputs/lightning_lm_ws/install/lightning_sim/lib'
[0.746s] Level 1:colcon.colcon_core.environment:checking '/home/kepler/Documents/Codex/2026-08-14/microsoft-visual-studio-code-stable-vs/outputs/lightning_lm_ws/install/lightning_sim/bin'
[0.747s] Level 1:colcon.colcon_core.environment:checking '/home/kepler/Documents/Codex/2026-08-14/microsoft-visual-studio-code-stable-vs/outputs/lightning_lm_ws/install/lightning_sim/lib/pkgconfig/lightning_sim.pc'
[0.747s] Level 1:colcon.colcon_core.environment:checking '/home/kepler/Documents/Codex/2026-08-14/microsoft-visual-studio-code-stable-vs/outputs/lightning_lm_ws/install/lightning_sim/lib/python3.10/site-packages'
[0.747s] Level 1:colcon.colcon_core.environment:checking '/home/kepler/Documents/Codex/2026-08-14/microsoft-visual-studio-code-stable-vs/outputs/lightning_lm_ws/install/lightning_sim/bin'
[0.747s] INFO:colcon.colcon_core.shell:Creating package script '/home/kepler/Documents/Codex/2026-08-14/microsoft-visual-studio-code-stable-vs/outputs/lightning_lm_ws/install/lightning_sim/share/lightning_sim/package.ps1'
[0.748s] INFO:colcon.colcon_core.shell:Creating package descriptor '/home/kepler/Documents/Codex/2026-08-14/microsoft-visual-studio-code-stable-vs/outputs/lightning_lm_ws/install/lightning_sim/share/lightning_sim/package.dsv'
[0.748s] INFO:colcon.colcon_core.shell:Creating package script '/home/kepler/Documents/Codex/2026-08-14/microsoft-visual-studio-code-stable-vs/outputs/lightning_lm_ws/install/lightning_sim/share/lightning_sim/package.sh'
[0.749s] INFO:colcon.colcon_core.shell:Creating package script '/home/kepler/Documents/Codex/2026-08-14/microsoft-visual-studio-code-stable-vs/outputs/lightning_lm_ws/install/lightning_sim/share/lightning_sim/package.bash'
[0.749s] INFO:colcon.colcon_core.shell:Creating package script '/home/kepler/Documents/Codex/2026-08-14/microsoft-visual-studio-code-stable-vs/outputs/lightning_lm_ws/install/lightning_sim/share/lightning_sim/package.zsh'
[0.750s] Level 1:colcon.colcon_core.environment:create_file_with_runtime_dependencies(/home/kepler/Documents/Codex/2026-08-14/microsoft-visual-studio-code-stable-vs/outputs/lightning_lm_ws/install/lightning_sim/share/colcon-core/packages/lightning_sim)
[0.750s] DEBUG:colcon.colcon_parallel_executor.executor.parallel:closing loop
[0.750s] DEBUG:colcon.colcon_parallel_executor.executor.parallel:loop closed
[0.751s] DEBUG:colcon.colcon_parallel_executor.executor.parallel:run_until_complete finished with '0'
[0.751s] DEBUG:colcon.colcon_core.event_reactor:joining thread
[0.756s] INFO:colcon.colcon_core.plugin_system:Skipping extension 'colcon_notification.desktop_notification.terminal_notifier': Not used on non-Darwin systems
[0.756s] INFO:colcon.colcon_core.plugin_system:Skipping extension 'colcon_notification.desktop_notification.win32': Not used on non-Windows systems
[0.756s] INFO:colcon.colcon_notification.desktop_notification:Sending desktop notification using 'notify2'
[0.771s] DEBUG:colcon.colcon_core.event_reactor:joined thread
[0.772s] INFO:colcon.colcon_core.shell:Creating prefix script '/home/kepler/Documents/Codex/2026-08-14/microsoft-visual-studio-code-stable-vs/outputs/lightning_lm_ws/install/local_setup.ps1'
[0.773s] INFO:colcon.colcon_core.shell:Creating prefix util module '/home/kepler/Documents/Codex/2026-08-14/microsoft-visual-studio-code-stable-vs/outputs/lightning_lm_ws/install/_local_setup_util_ps1.py'
[0.774s] INFO:colcon.colcon_core.shell:Creating prefix chain script '/home/kepler/Documents/Codex/2026-08-14/microsoft-visual-studio-code-stable-vs/outputs/lightning_lm_ws/install/setup.ps1'
[0.775s] INFO:colcon.colcon_core.shell:Creating prefix script '/home/kepler/Documents/Codex/2026-08-14/microsoft-visual-studio-code-stable-vs/outputs/lightning_lm_ws/install/local_setup.sh'
[0.775s] INFO:colcon.colcon_core.shell:Creating prefix util module '/home/kepler/Documents/Codex/2026-08-14/microsoft-visual-studio-code-stable-vs/outputs/lightning_lm_ws/install/_local_setup_util_sh.py'
[0.775s] INFO:colcon.colcon_core.shell:Creating prefix chain script '/home/kepler/Documents/Codex/2026-08-14/microsoft-visual-studio-code-stable-vs/outputs/lightning_lm_ws/install/setup.sh'
[0.776s] INFO:colcon.colcon_core.shell:Creating prefix script '/home/kepler/Documents/Codex/2026-08-14/microsoft-visual-studio-code-stable-vs/outputs/lightning_lm_ws/install/local_setup.bash'
[0.776s] INFO:colcon.colcon_core.shell:Creating prefix chain script '/home/kepler/Documents/Codex/2026-08-14/microsoft-visual-studio-code-stable-vs/outputs/lightning_lm_ws/install/setup.bash'
[0.777s] INFO:colcon.colcon_core.shell:Creating prefix script '/home/kepler/Documents/Codex/2026-08-14/microsoft-visual-studio-code-stable-vs/outputs/lightning_lm_ws/install/local_setup.zsh'
[0.777s] INFO:colcon.colcon_core.shell:Creating prefix chain script '/home/kepler/Documents/Codex/2026-08-14/microsoft-visual-studio-code-stable-vs/outputs/lightning_lm_ws/install/setup.zsh'
